original_uuid,y_true,cough_type,cough_type_consensus,fold,score,sample_count,consensus_group,expert_evaluator_count,dry_vote_count,wet_vote_count,unknown_vote_count,maximum_agreement_count,agreement_ratio,vote_pattern,consensus_reason,y_pred_oof_threshold,y_pred_native_threshold,candidate_key,pca_whiten,gold_multiplier,wet_cost
0029d048-898a-4c70-89c7-0815cdcf7391,0,dry,weak_expert,0,0.3546259442648151,1,weak_1_vote,1,1,0,0,1,1.0,dry1_wet0_unknown0,only_1_evaluator,0,0,logistic_regression__C0.001__pca128__no_whiten__gold1__wetcost1,False,1.0,1.0
006d8d1c-2bf6-46a6-8ef2-1823898a4733,0,dry,weak_expert,0,0.3369527437606238,1,weak_1_vote,1,1,0,0,1,1.0,dry1_wet0_unknown0,only_1_evaluator,0,0,logistic_regression__C0.001__pca128__no_whiten__gold1__wetcost1,False,1.0,1.0
00ddf050-6939-4f33-9e54-fcb309b895ec,0,dry,weak_expert,0,0.10115528795687967,1,weak_1_vote,1,1,0,0,1,1.0,dry1_wet0_unknown0,only_1_evaluator,0,0,logistic_regression__C0.001__pca128__no_whiten__gold1__wetcost1,False,1.0,1.0
03c8796e-547e-4158-ae5f-7c613aaeb02f,0,dry,weak_expert,0,0.40218434023426575,1,weak_1_vote,1,1,0,0,1,1.0,dry1_wet0_unknown0,only_1_evaluator,0,0,logistic_regression__C0.001__pca128__no_whiten__gold1__wetcost1,False,1.0,1.0
05458ac9-b4d3-4558-b6b2-b2bf7036f16c,0,dry,weak_expert,0,0.39837326962401487,1,weak_1_vote,1,1,0,0,1,1.0,dry1_wet0_unknown0,only_1_evaluator,0,0,logistic_regression__C0.001__pca128__no_whiten__gold1__wetcost1,False,1.0,1.0
0593e9bf-e162-46c2-b1d5-3bc34ef1fc6f,0,dry,weak_expert,0,0.5840502483815516,1,weak_1_vote,1,1,0,0,1,1.0,dry1_wet0_unknown0,only_1_evaluator,1,1,logistic_regression__C0.001__pca128__no_whiten__gold1__wetcost1,False,1.0,1.0
062c3a7f-a783-4b43-806e-6db83aa0da15,0,dry,weak_expert,0,0.53319608212174,1,weak_1_vote,1,1,0,0,1,1.0,dry1_wet0_unknown0,only_1_evaluator,0,1,logistic_regression__C0.001__pca128__no_whiten__gold1__wetcost1,False,1.0,1.0
076f59de-0637-4ee1-951c-f2e0784e8a53,0,dry,weak_expert,0,0.5039332730000137,1,weak_1_vote,1,1,0,0,1,1.0,dry1_wet0_unknown0,only_1_evaluator,0,1,logistic_regression__C0.001__pca128__no_whiten__gold1__wetcost1,False,1.0,1.0
08024f8a-88fb-4298-9656-04da97112ae6,0,dry,weak_expert,0,0.28239885359049366,1,weak_1_vote,1,1,0,0,1,1.0,dry1_wet0_unknown0,only_1_evaluator,0,0,logistic_regression__C0.001__pca128__no_whiten__gold1__wetcost1,False,1.0,1.0
089f764a-6620-4554-8519-ac64f833a5d5,0,dry,weak_expert,0,0.3572286145646906,1,weak_1_vote,1,1,0,0,1,1.0,dry1_wet0_unknown0,only_1_evaluator,0,0,logistic_regression__C0.001__pca128__no_whiten__gold1__wetcost1,False,1.0,1.0
08d5d346-6219-4e6d-ac06-ef489f2d186c,0,dry,weak_expert,0,0.8726330014457403,1,weak_1_vote,1,1,0,0,1,1.0,dry1_wet0_unknown0,only_1_evaluator,1,1,logistic_regression__C0.001__pca128__no_whiten__gold1__wetcost1,False,1.0,1.0
0b43fe9d-c9d6-4d0d-abf9-52f6b3712325,0,dry,weak_expert,0,0.3864204304359685,1,weak_1_vote,1,1,0,0,1,1.0,dry1_wet0_unknown0,only_1_evaluator,0,0,logistic_regression__C0.001__pca128__no_whiten__gold1__wetcost1,False,1.0,1.0
0e8c849d-9a13-4d43-b6b5-be14a334b77c,0,dry,weak_expert,0,0.6431449087928935,1,weak_1_vote,1,1,0,0,1,1.0,dry1_wet0_unknown0,only_1_evaluator,1,1,logistic_regression__C0.001__pca128__no_whiten__gold1__wetcost1,False,1.0,1.0
0ef3c0bc-56c3-44da-bea0-dc31a158414a,0,dry,weak_expert,0,0.5552526835791091,1,weak_1_vote,1,1,0,0,1,1.0,dry1_wet0_unknown0,only_1_evaluator,1,1,logistic_regression__C0.001__pca128__no_whiten__gold1__wetcost1,False,1.0,1.0
0f746594-9aa2-4681-addd-bea6230b9027,0,dry,weak_expert,0,0.5527728142119829,1,weak_1_vote,1,1,0,0,1,1.0,dry1_wet0_unknown0,only_1_evaluator,1,1,logistic_regression__C0.001__pca128__no_whiten__gold1__wetcost1,False,1.0,1.0
11237f1a-3eb2-4cf7-80f7-116df4b1699a,0,dry,weak_expert,0,0.3789722961482569,1,weak_1_vote,1,1,0,0,1,1.0,dry1_wet0_unknown0,only_1_evaluator,0,0,logistic_regression__C0.001__pca128__no_whiten__gold1__wetcost1,False,1.0,1.0
12a7d4c8-1dea-4ba3-a9a9-73fbeca9cc96,0,dry,weak_expert,0,0.6146087126797914,1,weak_1_vote,1,1,0,0,1,1.0,dry1_wet0_unknown0,only_1_evaluator,1,1,logistic_regression__C0.001__pca128__no_whiten__gold1__wetcost1,False,1.0,1.0
159c098b-ec97-45cf-aeb7-ff389a98d95c,0,dry,weak_expert,0,0.3117283076454978,1,weak_1_vote,1,1,0,0,1,1.0,dry1_wet0_unknown0,only_1_evaluator,0,0,logistic_regression__C0.001__pca128__no_whiten__gold1__wetcost1,False,1.0,1.0
164ff16d-2af8-4724-9a57-3b3bd7e17839,0,dry,weak_expert,0,0.5852762066507919,1,weak_1_vote,1,1,0,0,1,1.0,dry1_wet0_unknown0,only_1_evaluator,1,1,logistic_regression__C0.001__pca128__no_whiten__gold1__wetcost1,False,1.0,1.0
19654d11-2cef-46ec-8007-4a4c7bea60af,0,dry,weak_expert,0,0.612108936645222,1,weak_1_vote,1,1,0,0,1,1.0,dry1_wet0_unknown0,only_1_evaluator,1,1,logistic_regression__C0.001__pca128__no_whiten__gold1__wetcost1,False,1.0,1.0
1adc614f-9f34-451c-ac33-47a411f0a06d,0,dry,weak_expert,0,0.16687332151587414,1,weak_1_vote,1,1,0,0,1,1.0,dry1_wet0_unknown0,only_1_evaluator,0,0,logistic_regression__C0.001__pca128__no_whiten__gold1__wetcost1,False,1.0,1.0
1d1dd53c-0b98-4ebd-a34b-e168bff6b7da,0,dry,weak_expert,0,0.4170012216077562,1,weak_1_vote,1,1,0,0,1,1.0,dry1_wet0_unknown0,only_1_evaluator,0,0,logistic_regression__C0.001__pca128__no_whiten__gold1__wetcost1,False,1.0,1.0
1fb47adc-d640-4c2b-a6f2-7e1078caad81,0,dry,weak_expert,0,0.4881053664617287,1,weak_1_vote,1,1,0,0,1,1.0,dry1_wet0_unknown0,only_1_evaluator,0,0,logistic_regression__C0.001__pca128__no_whiten__gold1__wetcost1,False,1.0,1.0
24dc7236-522f-4120-b76d-65538ab32b5b,0,dry,weak_expert,0,0.597420699760475,1,weak_1_vote,1,1,0,0,1,1.0,dry1_wet0_unknown0,only_1_evaluator,1,1,logistic_regression__C0.001__pca128__no_whiten__gold1__wetcost1,False,1.0,1.0
25a6fb1b-a42c-4728-a2bf-d0613e17d1d7,0,dry,weak_expert,0,0.5066274071831155,1,weak_1_vote,1,1,0,0,1,1.0,dry1_wet0_unknown0,only_1_evaluator,0,1,logistic_regression__C0.001__pca128__no_whiten__gold1__wetcost1,False,1.0,1.0
26abd7b6-569b-41ed-955e-0481ed0368dd,0,dry,weak_expert,0,0.5668786408480817,1,weak_1_vote,1,1,0,0,1,1.0,dry1_wet0_unknown0,only_1_evaluator,1,1,logistic_regression__C0.001__pca128__no_whiten__gold1__wetcost1,False,1.0,1.0
271dc530-49dd-4f49-913d-28475b4a150b,0,dry,weak_expert,0,0.5600726668409928,1,weak_1_vote,1,1,0,0,1,1.0,dry1_wet0_unknown0,only_1_evaluator,1,1,logistic_regression__C0.001__pca128__no_whiten__gold1__wetcost1,False,1.0,1.0
274fee77-6d89-4b0f-962e-28969658b430,0,dry,weak_expert,0,0.3472426954384355,1,weak_1_vote,1,1,0,0,1,1.0,dry1_wet0_unknown0,only_1_evaluator,0,0,logistic_regression__C0.001__pca128__no_whiten__gold1__wetcost1,False,1.0,1.0
27a23047-925b-4b76-879b-eaeab82e0857,0,dry,weak_expert,0,0.48281347579664957,1,weak_1_vote,1,1,0,0,1,1.0,dry1_wet0_unknown0,only_1_evaluator,0,0,logistic_regression__C0.001__pca128__no_whiten__gold1__wetcost1,False,1.0,1.0
28757e31-b8f6-408c-982e-a016170ab3ef,0,dry,weak_expert,0,0.38984902665340837,1,weak_1_vote,1,1,0,0,1,1.0,dry1_wet0_unknown0,only_1_evaluator,0,0,logistic_regression__C0.001__pca128__no_whiten__gold1__wetcost1,False,1.0,1.0
28c76cca-15d8-490a-a785-9bbb5c21fd26,0,dry,weak_expert,0,0.4392955862584036,1,weak_1_vote,1,1,0,0,1,1.0,dry1_wet0_unknown0,only_1_evaluator,0,0,logistic_regression__C0.001__pca128__no_whiten__gold1__wetcost1,False,1.0,1.0
28de464d-b466-45cc-849d-a1c138c96767,0,dry,weak_expert,0,0.32105774111576724,1,weak_1_vote,1,1,0,0,1,1.0,dry1_wet0_unknown0,only_1_evaluator,0,0,logistic_regression__C0.001__pca128__no_whiten__gold1__wetcost1,False,1.0,1.0
29121026-d6b2-4203-8491-227353a60348,0,dry,weak_expert,0,0.4474396003126563,1,weak_1_vote,1,1,0,0,1,1.0,dry1_wet0_unknown0,only_1_evaluator,0,0,logistic_regression__C0.001__pca128__no_whiten__gold1__wetcost1,False,1.0,1.0
2b243e9c-37f2-4552-ac69-4cdf0e070b9a,0,dry,weak_expert,0,0.24841021580187306,1,weak_1_vote,1,1,0,0,1,1.0,dry1_wet0_unknown0,only_1_evaluator,0,0,logistic_regression__C0.001__pca128__no_whiten__gold1__wetcost1,False,1.0,1.0
2baa4845-c6e6-44a6-b4f3-f239be93bfa7,0,dry,weak_expert,0,0.43367370818599077,1,weak_1_vote,1,1,0,0,1,1.0,dry1_wet0_unknown0,only_1_evaluator,0,0,logistic_regression__C0.001__pca128__no_whiten__gold1__wetcost1,False,1.0,1.0
2bcd2201-d3ec-466d-a0a1-1305a46aa74a,0,dry,weak_expert,0,0.30794385873610153,1,weak_1_vote,1,1,0,0,1,1.0,dry1_wet0_unknown0,only_1_evaluator,0,0,logistic_regression__C0.001__pca128__no_whiten__gold1__wetcost1,False,1.0,1.0
2c148a1a-099b-48dd-97c2-437ecb15d430,0,dry,weak_expert,0,0.4602080780765826,1,weak_1_vote,1,1,0,0,1,1.0,dry1_wet0_unknown0,only_1_evaluator,0,0,logistic_regression__C0.001__pca128__no_whiten__gold1__wetcost1,False,1.0,1.0
2d79341b-2ce5-4c6b-82d0-599626f629d6,0,dry,weak_expert,0,0.6161909952665795,1,weak_1_vote,1,1,0,0,1,1.0,dry1_wet0_unknown0,only_1_evaluator,1,1,logistic_regression__C0.001__pca128__no_whiten__gold1__wetcost1,False,1.0,1.0
2de41de6-fd3d-4948-adca-78ae50b9bb97,0,dry,weak_expert,0,0.3675106995612598,1,weak_1_vote,1,1,0,0,1,1.0,dry1_wet0_unknown0,only_1_evaluator,0,0,logistic_regression__C0.001__pca128__no_whiten__gold1__wetcost1,False,1.0,1.0
2e5be083-a771-4769-99b6-ac9a0473755b,0,dry,weak_expert,0,0.40098327191314287,1,weak_1_vote,1,1,0,0,1,1.0,dry1_wet0_unknown0,only_1_evaluator,0,0,logistic_regression__C0.001__pca128__no_whiten__gold1__wetcost1,False,1.0,1.0
30c7cf4c-a067-4349-99dc-c6fcfea194e0,0,dry,weak_expert,0,0.23991845140885273,1,weak_1_vote,1,1,0,0,1,1.0,dry1_wet0_unknown0,only_1_evaluator,0,0,logistic_regression__C0.001__pca128__no_whiten__gold1__wetcost1,False,1.0,1.0
31a557c8-eaf3-4ab7-b374-5b8b659222c8,0,dry,weak_expert,0,0.2861409683198717,1,weak_1_vote,1,1,0,0,1,1.0,dry1_wet0_unknown0,only_1_evaluator,0,0,logistic_regression__C0.001__pca128__no_whiten__gold1__wetcost1,False,1.0,1.0
31f74e48-2e55-4167-980d-d328138a71a9,0,dry,weak_expert,0,0.472747496000516,1,weak_1_vote,1,1,0,0,1,1.0,dry1_wet0_unknown0,only_1_evaluator,0,0,logistic_regression__C0.001__pca128__no_whiten__gold1__wetcost1,False,1.0,1.0
332ab58f-9728-4cea-9960-c49151120510,0,dry,weak_expert,0,0.2999945253368887,1,weak_1_vote,1,1,0,0,1,1.0,dry1_wet0_unknown0,only_1_evaluator,0,0,logistic_regression__C0.001__pca128__no_whiten__gold1__wetcost1,False,1.0,1.0
338ffa66-a7e2-488a-b5a9-d7b808731922,0,dry,weak_expert,0,0.33091705125338433,1,weak_1_vote,1,1,0,0,1,1.0,dry1_wet0_unknown0,only_1_evaluator,0,0,logistic_regression__C0.001__pca128__no_whiten__gold1__wetcost1,False,1.0,1.0
34191fb6-7fb8-4cbf-a5cf-ea458bf4107b,0,dry,weak_expert,0,0.4363993431724346,1,weak_1_vote,1,1,0,0,1,1.0,dry1_wet0_unknown0,only_1_evaluator,0,0,logistic_regression__C0.001__pca128__no_whiten__gold1__wetcost1,False,1.0,1.0
3483aaf8-14e4-44ac-8b20-6f1a05cfa822,0,dry,weak_expert,0,0.391965280128986,1,weak_1_vote,1,1,0,0,1,1.0,dry1_wet0_unknown0,only_1_evaluator,0,0,logistic_regression__C0.001__pca128__no_whiten__gold1__wetcost1,False,1.0,1.0
349e4ca9-fffa-45ea-95e2-c0843f852555,0,dry,weak_expert,0,0.29171175968472074,1,weak_1_vote,1,1,0,0,1,1.0,dry1_wet0_unknown0,only_1_evaluator,0,0,logistic_regression__C0.001__pca128__no_whiten__gold1__wetcost1,False,1.0,1.0
3722d824-c4bc-489d-8a8f-6bb171129e19,0,dry,weak_expert,0,0.5599714018370191,1,weak_1_vote,1,1,0,0,1,1.0,dry1_wet0_unknown0,only_1_evaluator,1,1,logistic_regression__C0.001__pca128__no_whiten__gold1__wetcost1,False,1.0,1.0
377c3a4c-b901-49c0-9337-e87560b523d4,0,dry,weak_expert,0,0.28606466177614,1,weak_1_vote,1,1,0,0,1,1.0,dry1_wet0_unknown0,only_1_evaluator,0,0,logistic_regression__C0.001__pca128__no_whiten__gold1__wetcost1,False,1.0,1.0
37ac823b-4e39-4e85-a6c1-5e1e79979a13,0,dry,gold_expert,0,0.7019036280945992,1,gold_4_of_4,4,4,0,0,4,1.0,dry4_wet0_unknown0,4_evaluators_unanimous,1,1,logistic_regression__C0.001__pca128__no_whiten__gold1__wetcost1,False,1.0,1.0
3938fac1-ae70-4148-90ea-59abb26459c1,0,dry,weak_expert,0,0.2721532155843232,1,weak_1_vote,1,1,0,0,1,1.0,dry1_wet0_unknown0,only_1_evaluator,0,0,logistic_regression__C0.001__pca128__no_whiten__gold1__wetcost1,False,1.0,1.0
3960bb7b-56e2-4cad-aa5f-8849b99b5bf5,0,dry,weak_expert,0,0.44376361410825516,1,weak_1_vote,1,1,0,0,1,1.0,dry1_wet0_unknown0,only_1_evaluator,0,0,logistic_regression__C0.001__pca128__no_whiten__gold1__wetcost1,False,1.0,1.0
3aac052c-4344-4350-a877-59f8a5270b02,0,dry,weak_expert,0,0.25377648588607016,1,weak_1_vote,1,1,0,0,1,1.0,dry1_wet0_unknown0,only_1_evaluator,0,0,logistic_regression__C0.001__pca128__no_whiten__gold1__wetcost1,False,1.0,1.0
3be5af36-9e52-465a-81a6-da1c60d350f5,0,dry,weak_expert,0,0.5689631137828202,1,weak_1_vote,1,1,0,0,1,1.0,dry1_wet0_unknown0,only_1_evaluator,1,1,logistic_regression__C0.001__pca128__no_whiten__gold1__wetcost1,False,1.0,1.0
3c3e2950-ff3d-4db5-b079-6db5182f3f92,0,dry,weak_expert,0,0.5934600043956317,1,weak_1_vote,1,1,0,0,1,1.0,dry1_wet0_unknown0,only_1_evaluator,1,1,logistic_regression__C0.001__pca128__no_whiten__gold1__wetcost1,False,1.0,1.0
3d74c62a-40cb-4f3f-8851-d3aae9e44b48,0,dry,weak_expert,0,0.392402373473931,1,weak_1_vote,1,1,0,0,1,1.0,dry1_wet0_unknown0,only_1_evaluator,0,0,logistic_regression__C0.001__pca128__no_whiten__gold1__wetcost1,False,1.0,1.0
3e051a0d-5f5e-4ec6-b0e9-6a97c809cc92,0,dry,weak_expert,0,0.27243361909489355,1,weak_1_vote,1,1,0,0,1,1.0,dry1_wet0_unknown0,only_1_evaluator,0,0,logistic_regression__C0.001__pca128__no_whiten__gold1__wetcost1,False,1.0,1.0
3e1be8df-6634-44ef-b0a1-a4ab499f2959,0,dry,weak_expert,0,0.5313729651138345,1,weak_1_vote,1,1,0,0,1,1.0,dry1_wet0_unknown0,only_1_evaluator,0,1,logistic_regression__C0.001__pca128__no_whiten__gold1__wetcost1,False,1.0,1.0
3e80334d-1d97-4dc5-a17a-affd1f06011e,0,dry,weak_expert,0,0.38521665245959297,1,weak_1_vote,1,1,0,0,1,1.0,dry1_wet0_unknown0,only_1_evaluator,0,0,logistic_regression__C0.001__pca128__no_whiten__gold1__wetcost1,False,1.0,1.0
41ef8038-b679-44e0-85f2-da3e81e21091,0,dry,weak_expert,0,0.29741896720441896,1,weak_1_vote,1,1,0,0,1,1.0,dry1_wet0_unknown0,only_1_evaluator,0,0,logistic_regression__C0.001__pca128__no_whiten__gold1__wetcost1,False,1.0,1.0
424784ac-85a8-4b14-8447-fce82be45f62,0,dry,weak_expert,0,0.459703770224415,1,weak_1_vote,1,1,0,0,1,1.0,dry1_wet0_unknown0,only_1_evaluator,0,0,logistic_regression__C0.001__pca128__no_whiten__gold1__wetcost1,False,1.0,1.0
439daf49-ca13-413b-80e8-a8b6928db817,0,dry,weak_expert,0,0.5086004438974128,1,weak_1_vote,1,1,0,0,1,1.0,dry1_wet0_unknown0,only_1_evaluator,0,1,logistic_regression__C0.001__pca128__no_whiten__gold1__wetcost1,False,1.0,1.0
444d9701-cc2f-4dc7-87ff-4f6ada471c3e,0,dry,weak_expert,0,0.517591294941182,1,weak_1_vote,1,1,0,0,1,1.0,dry1_wet0_unknown0,only_1_evaluator,0,1,logistic_regression__C0.001__pca128__no_whiten__gold1__wetcost1,False,1.0,1.0
456005c3-f550-4770-a091-befce2a7d630,0,dry,weak_expert,0,0.5488681673181823,1,weak_1_vote,1,1,0,0,1,1.0,dry1_wet0_unknown0,only_1_evaluator,1,1,logistic_regression__C0.001__pca128__no_whiten__gold1__wetcost1,False,1.0,1.0
4619f7e8-fae5-4477-971c-0568ede350a2,0,dry,weak_expert,0,0.4928820423883007,1,weak_1_vote,1,1,0,0,1,1.0,dry1_wet0_unknown0,only_1_evaluator,0,0,logistic_regression__C0.001__pca128__no_whiten__gold1__wetcost1,False,1.0,1.0
47b47be2-59eb-4ae8-b0ca-e4180f04896c,0,dry,weak_expert,0,0.498352204654488,1,weak_1_vote,1,1,0,0,1,1.0,dry1_wet0_unknown0,only_1_evaluator,0,0,logistic_regression__C0.001__pca128__no_whiten__gold1__wetcost1,False,1.0,1.0
48ff5e27-832e-4450-9ea5-288a0e6967db,0,dry,weak_expert,0,0.3680351822951522,1,weak_1_vote,1,1,0,0,1,1.0,dry1_wet0_unknown0,only_1_evaluator,0,0,logistic_regression__C0.001__pca128__no_whiten__gold1__wetcost1,False,1.0,1.0
491018d6-fe1e-4b24-9c42-70971ec93615,0,dry,weak_expert,0,0.7326133677960097,1,weak_1_vote,1,1,0,0,1,1.0,dry1_wet0_unknown0,only_1_evaluator,1,1,logistic_regression__C0.001__pca128__no_whiten__gold1__wetcost1,False,1.0,1.0
49114698-8b5c-40e3-9645-b6a5223658d8,0,dry,weak_expert,0,0.6509329645976543,1,weak_1_vote,1,1,0,0,1,1.0,dry1_wet0_unknown0,only_1_evaluator,1,1,logistic_regression__C0.001__pca128__no_whiten__gold1__wetcost1,False,1.0,1.0
4b9df238-0be3-43bd-aac2-719cf69c853c,0,dry,weak_expert,0,0.35176180066101015,1,weak_1_vote,1,1,0,0,1,1.0,dry1_wet0_unknown0,only_1_evaluator,0,0,logistic_regression__C0.001__pca128__no_whiten__gold1__wetcost1,False,1.0,1.0
4bc5287f-92ae-400e-93b2-037163281e89,0,dry,weak_expert,0,0.5290814988700366,1,weak_1_vote,1,1,0,0,1,1.0,dry1_wet0_unknown0,only_1_evaluator,0,1,logistic_regression__C0.001__pca128__no_whiten__gold1__wetcost1,False,1.0,1.0
4d6cdc78-b5f1-4568-bea9-ae1a49c34ee7,0,dry,weak_expert,0,0.5824281736775528,1,weak_1_vote,1,1,0,0,1,1.0,dry1_wet0_unknown0,only_1_evaluator,1,1,logistic_regression__C0.001__pca128__no_whiten__gold1__wetcost1,False,1.0,1.0
4dba41ae-c9c3-4bf3-a5fb-8d8d2b8809c9,0,dry,gold_expert,0,0.34562509325000307,1,gold_3_of_4,4,3,1,0,3,0.75,dry3_wet1_unknown0,3_of_4_agree,0,0,logistic_regression__C0.001__pca128__no_whiten__gold1__wetcost1,False,1.0,1.0
545c655f-89ef-41c5-919a-11b2a09b0e49,0,dry,weak_expert,0,0.2439390680916214,1,weak_1_vote,1,1,0,0,1,1.0,dry1_wet0_unknown0,only_1_evaluator,0,0,logistic_regression__C0.001__pca128__no_whiten__gold1__wetcost1,False,1.0,1.0
56db4bed-54ee-4560-b962-cbab7d552621,0,dry,weak_expert,0,0.534455589213119,1,weak_1_vote,1,1,0,0,1,1.0,dry1_wet0_unknown0,only_1_evaluator,0,1,logistic_regression__C0.001__pca128__no_whiten__gold1__wetcost1,False,1.0,1.0
5969183f-bfad-4b72-b11e-5c459b752adc,0,dry,weak_expert,0,0.2909565405440513,1,weak_1_vote,1,1,0,0,1,1.0,dry1_wet0_unknown0,only_1_evaluator,0,0,logistic_regression__C0.001__pca128__no_whiten__gold1__wetcost1,False,1.0,1.0
59ce4d68-d3d6-48c8-9df7-fcd6621899d6,0,dry,weak_expert,0,0.892168756700664,1,weak_1_vote,1,1,0,0,1,1.0,dry1_wet0_unknown0,only_1_evaluator,1,1,logistic_regression__C0.001__pca128__no_whiten__gold1__wetcost1,False,1.0,1.0
5b2342d2-01f8-4ad7-bf13-217601cd3c13,0,dry,weak_expert,0,0.32814042068850136,1,weak_1_vote,1,1,0,0,1,1.0,dry1_wet0_unknown0,only_1_evaluator,0,0,logistic_regression__C0.001__pca128__no_whiten__gold1__wetcost1,False,1.0,1.0
5b306faa-b133-4029-a3b7-26a121ae6a0c,0,dry,weak_expert,0,0.292665963235762,1,weak_1_vote,1,1,0,0,1,1.0,dry1_wet0_unknown0,only_1_evaluator,0,0,logistic_regression__C0.001__pca128__no_whiten__gold1__wetcost1,False,1.0,1.0
5c4b21f1-e8d1-4133-9f78-76b3ef3c5f18,0,dry,weak_expert,0,0.3712836335043418,1,weak_1_vote,1,1,0,0,1,1.0,dry1_wet0_unknown0,only_1_evaluator,0,0,logistic_regression__C0.001__pca128__no_whiten__gold1__wetcost1,False,1.0,1.0
5c4d833f-64ac-4ec0-82d9-3327020c870f,0,dry,weak_expert,0,0.5095200851852063,1,weak_1_vote,1,1,0,0,1,1.0,dry1_wet0_unknown0,only_1_evaluator,0,1,logistic_regression__C0.001__pca128__no_whiten__gold1__wetcost1,False,1.0,1.0
5c8604ef-6403-454a-b8ec-0151a37d6ef6,0,dry,weak_expert,0,0.5650769346604068,1,weak_1_vote,1,1,0,0,1,1.0,dry1_wet0_unknown0,only_1_evaluator,1,1,logistic_regression__C0.001__pca128__no_whiten__gold1__wetcost1,False,1.0,1.0
5cc60202-8998-426d-8e01-e05fc091f7ed,0,dry,weak_expert,0,0.5071745877015348,1,weak_1_vote,1,1,0,0,1,1.0,dry1_wet0_unknown0,only_1_evaluator,0,1,logistic_regression__C0.001__pca128__no_whiten__gold1__wetcost1,False,1.0,1.0
5e0b6e89-d9b6-4cca-984d-cdcae3fdd4c0,0,dry,weak_expert,0,0.4733871651496626,1,weak_1_vote,1,1,0,0,1,1.0,dry1_wet0_unknown0,only_1_evaluator,0,0,logistic_regression__C0.001__pca128__no_whiten__gold1__wetcost1,False,1.0,1.0
5f081467-1e54-4162-8cb2-1c2d11a26edf,0,dry,weak_expert,0,0.28227608520129477,1,weak_1_vote,1,1,0,0,1,1.0,dry1_wet0_unknown0,only_1_evaluator,0,0,logistic_regression__C0.001__pca128__no_whiten__gold1__wetcost1,False,1.0,1.0
5f0a1915-2cd5-41fb-9887-e17ab27b515e,0,dry,weak_expert,0,0.7530531531975699,1,weak_1_vote,1,1,0,0,1,1.0,dry1_wet0_unknown0,only_1_evaluator,1,1,logistic_regression__C0.001__pca128__no_whiten__gold1__wetcost1,False,1.0,1.0
5fe2cece-1061-4f53-b4ac-64a07efc6ba1,0,dry,weak_expert,0,0.3417534040671204,1,weak_1_vote,1,1,0,0,1,1.0,dry1_wet0_unknown0,only_1_evaluator,0,0,logistic_regression__C0.001__pca128__no_whiten__gold1__wetcost1,False,1.0,1.0
60ab1646-c540-4179-ae54-ca83767edff1,0,dry,weak_expert,0,0.5248951915161838,1,weak_1_vote,1,1,0,0,1,1.0,dry1_wet0_unknown0,only_1_evaluator,0,1,logistic_regression__C0.001__pca128__no_whiten__gold1__wetcost1,False,1.0,1.0
611e6287-ba3d-4300-837c-76f185566428,0,dry,weak_expert,0,0.4409734484944119,1,weak_1_vote,1,1,0,0,1,1.0,dry1_wet0_unknown0,only_1_evaluator,0,0,logistic_regression__C0.001__pca128__no_whiten__gold1__wetcost1,False,1.0,1.0
61716d56-8676-4234-8cbc-c2ea724c1405,0,dry,weak_expert,0,0.47565569750582887,1,weak_1_vote,1,1,0,0,1,1.0,dry1_wet0_unknown0,only_1_evaluator,0,0,logistic_regression__C0.001__pca128__no_whiten__gold1__wetcost1,False,1.0,1.0
61f98ca8-54c9-4a7f-90f3-82c1c34ca600,0,dry,weak_expert,0,0.39078640432482087,1,weak_1_vote,1,1,0,0,1,1.0,dry1_wet0_unknown0,only_1_evaluator,0,0,logistic_regression__C0.001__pca128__no_whiten__gold1__wetcost1,False,1.0,1.0
6273e21b-563c-46dd-8cd0-ad353463cbbb,0,dry,weak_expert,0,0.590842216157688,1,weak_1_vote,1,1,0,0,1,1.0,dry1_wet0_unknown0,only_1_evaluator,1,1,logistic_regression__C0.001__pca128__no_whiten__gold1__wetcost1,False,1.0,1.0
62a60e4e-eab7-4574-9f04-c6a3cbfdc6f4,0,dry,weak_expert,0,0.5842456062866974,1,weak_1_vote,1,1,0,0,1,1.0,dry1_wet0_unknown0,only_1_evaluator,1,1,logistic_regression__C0.001__pca128__no_whiten__gold1__wetcost1,False,1.0,1.0
62b3a308-0d2b-428c-954c-60fb4a3315a1,0,dry,weak_expert,0,0.7908580707308422,1,weak_1_vote,1,1,0,0,1,1.0,dry1_wet0_unknown0,only_1_evaluator,1,1,logistic_regression__C0.001__pca128__no_whiten__gold1__wetcost1,False,1.0,1.0
639c0947-16a5-421a-af60-96ddfa896024,0,dry,weak_expert,0,0.6879387734933158,1,weak_1_vote,1,1,0,0,1,1.0,dry1_wet0_unknown0,only_1_evaluator,1,1,logistic_regression__C0.001__pca128__no_whiten__gold1__wetcost1,False,1.0,1.0
647da923-9dfe-4527-9ec6-473b8fb791ca,0,dry,weak_expert,0,0.5135636509467189,1,weak_1_vote,1,1,0,0,1,1.0,dry1_wet0_unknown0,only_1_evaluator,0,1,logistic_regression__C0.001__pca128__no_whiten__gold1__wetcost1,False,1.0,1.0
654a2bab-b45a-4042-bc07-554a59105bbd,0,dry,weak_expert,0,0.4420629684624011,1,weak_1_vote,1,1,0,0,1,1.0,dry1_wet0_unknown0,only_1_evaluator,0,0,logistic_regression__C0.001__pca128__no_whiten__gold1__wetcost1,False,1.0,1.0
658daf16-7fc3-4640-911e-81dac60a2df9,0,dry,weak_expert,0,0.31181883296101726,1,weak_1_vote,1,1,0,0,1,1.0,dry1_wet0_unknown0,only_1_evaluator,0,0,logistic_regression__C0.001__pca128__no_whiten__gold1__wetcost1,False,1.0,1.0
6793221c-3716-4cbb-9eb0-58afe524e8b8,0,dry,weak_expert,0,0.3963314329681074,1,weak_1_vote,1,1,0,0,1,1.0,dry1_wet0_unknown0,only_1_evaluator,0,0,logistic_regression__C0.001__pca128__no_whiten__gold1__wetcost1,False,1.0,1.0
69317fad-cc19-43fe-8537-782fc415ee7c,0,dry,gold_expert,0,0.413859818731939,1,gold_3_of_4,4,3,1,0,3,0.75,dry3_wet1_unknown0,3_of_4_agree,0,0,logistic_regression__C0.001__pca128__no_whiten__gold1__wetcost1,False,1.0,1.0
69e7b5c5-0469-42dd-b68f-9a7f7637425b,0,dry,weak_expert,0,0.8158292457653191,1,weak_1_vote,1,1,0,0,1,1.0,dry1_wet0_unknown0,only_1_evaluator,1,1,logistic_regression__C0.001__pca128__no_whiten__gold1__wetcost1,False,1.0,1.0
6a2ffeef-99c5-4765-8dac-92aec8459d79,0,dry,weak_expert,0,0.6318367614958026,1,weak_1_vote,1,1,0,0,1,1.0,dry1_wet0_unknown0,only_1_evaluator,1,1,logistic_regression__C0.001__pca128__no_whiten__gold1__wetcost1,False,1.0,1.0
6afffb59-71d0-4a4c-b575-cde463c0a24a,0,dry,weak_expert,0,0.3959583894471727,1,weak_1_vote,1,1,0,0,1,1.0,dry1_wet0_unknown0,only_1_evaluator,0,0,logistic_regression__C0.001__pca128__no_whiten__gold1__wetcost1,False,1.0,1.0
6dd2d1e3-e140-489f-905f-007a7f54321c,0,dry,weak_expert,0,0.5417536329036979,1,weak_1_vote,1,1,0,0,1,1.0,dry1_wet0_unknown0,only_1_evaluator,0,1,logistic_regression__C0.001__pca128__no_whiten__gold1__wetcost1,False,1.0,1.0
6dfae390-f7b5-467c-9600-3f13c33f0988,0,dry,weak_expert,0,0.3531124560526429,1,weak_1_vote,1,1,0,0,1,1.0,dry1_wet0_unknown0,only_1_evaluator,0,0,logistic_regression__C0.001__pca128__no_whiten__gold1__wetcost1,False,1.0,1.0
70199b46-18c6-42f7-8a56-ceaa854a6acf,0,dry,weak_expert,0,0.38024655664802626,1,weak_1_vote,1,1,0,0,1,1.0,dry1_wet0_unknown0,only_1_evaluator,0,0,logistic_regression__C0.001__pca128__no_whiten__gold1__wetcost1,False,1.0,1.0
707d9dbf-1621-4eac-a157-1393de750d7b,0,dry,weak_expert,0,0.7349039989860532,1,weak_1_vote,1,1,0,0,1,1.0,dry1_wet0_unknown0,only_1_evaluator,1,1,logistic_regression__C0.001__pca128__no_whiten__gold1__wetcost1,False,1.0,1.0
70b6cbf4-70cd-4f35-874e-9125a59aa0f3,0,dry,weak_expert,0,0.32593415941881043,1,weak_1_vote,1,1,0,0,1,1.0,dry1_wet0_unknown0,only_1_evaluator,0,0,logistic_regression__C0.001__pca128__no_whiten__gold1__wetcost1,False,1.0,1.0
7234b112-4ea3-43ab-89ad-c1fd9aa33a3b,0,dry,weak_expert,0,0.60204140930837,1,weak_1_vote,1,1,0,0,1,1.0,dry1_wet0_unknown0,only_1_evaluator,1,1,logistic_regression__C0.001__pca128__no_whiten__gold1__wetcost1,False,1.0,1.0
72b95c95-1a95-437c-9d52-86b53461b304,0,dry,weak_expert,0,0.3376058741659524,1,weak_1_vote,1,1,0,0,1,1.0,dry1_wet0_unknown0,only_1_evaluator,0,0,logistic_regression__C0.001__pca128__no_whiten__gold1__wetcost1,False,1.0,1.0
73fc1cdd-e291-46f7-9353-4a7b93cd08de,0,dry,weak_expert,0,0.5307344951962283,1,weak_1_vote,1,1,0,0,1,1.0,dry1_wet0_unknown0,only_1_evaluator,0,1,logistic_regression__C0.001__pca128__no_whiten__gold1__wetcost1,False,1.0,1.0
760cb050-4175-4498-817d-a9976e359c52,0,dry,weak_expert,0,0.45305751947891787,1,weak_1_vote,1,1,0,0,1,1.0,dry1_wet0_unknown0,only_1_evaluator,0,0,logistic_regression__C0.001__pca128__no_whiten__gold1__wetcost1,False,1.0,1.0
764d2729-f572-490a-8f22-1397e2e19906,0,dry,weak_expert,0,0.4678415640998349,1,weak_1_vote,1,1,0,0,1,1.0,dry1_wet0_unknown0,only_1_evaluator,0,0,logistic_regression__C0.001__pca128__no_whiten__gold1__wetcost1,False,1.0,1.0
76a03d41-09de-4d00-b1e6-0cedf0b3dbda,0,dry,weak_expert,0,0.2547421939900821,1,weak_1_vote,1,1,0,0,1,1.0,dry1_wet0_unknown0,only_1_evaluator,0,0,logistic_regression__C0.001__pca128__no_whiten__gold1__wetcost1,False,1.0,1.0
77f44d08-0f8a-47e1-97ca-7f791704a951,0,dry,weak_expert,0,0.23700305631133528,1,weak_1_vote,1,1,0,0,1,1.0,dry1_wet0_unknown0,only_1_evaluator,0,0,logistic_regression__C0.001__pca128__no_whiten__gold1__wetcost1,False,1.0,1.0
78c1fbe5-0d8a-4747-b238-bdb66e3fceb2,0,dry,weak_expert,0,0.5994816443666938,1,weak_1_vote,1,1,0,0,1,1.0,dry1_wet0_unknown0,only_1_evaluator,1,1,logistic_regression__C0.001__pca128__no_whiten__gold1__wetcost1,False,1.0,1.0
796748e0-b012-44f0-9725-dea2bf495f2f,0,dry,weak_expert,0,0.5791777653607696,1,weak_1_vote,1,1,0,0,1,1.0,dry1_wet0_unknown0,only_1_evaluator,1,1,logistic_regression__C0.001__pca128__no_whiten__gold1__wetcost1,False,1.0,1.0
7a963229-e38d-49b0-b5af-15d1721667ca,0,dry,weak_expert,0,0.6806877584550921,1,weak_1_vote,1,1,0,0,1,1.0,dry1_wet0_unknown0,only_1_evaluator,1,1,logistic_regression__C0.001__pca128__no_whiten__gold1__wetcost1,False,1.0,1.0
7b423206-e57c-463b-a43b-c82cdb055f26,0,dry,weak_expert,0,0.4059792042069435,1,weak_1_vote,1,1,0,0,1,1.0,dry1_wet0_unknown0,only_1_evaluator,0,0,logistic_regression__C0.001__pca128__no_whiten__gold1__wetcost1,False,1.0,1.0
7bcb0830-15ab-4bbb-9dc4-2f49bd4f2160,0,dry,weak_expert,0,0.3811521653965508,1,weak_1_vote,1,1,0,0,1,1.0,dry1_wet0_unknown0,only_1_evaluator,0,0,logistic_regression__C0.001__pca128__no_whiten__gold1__wetcost1,False,1.0,1.0
7c48edd6-5800-4899-8f0a-c458c1b39e68,0,dry,weak_expert,0,0.27030751530516817,1,weak_1_vote,1,1,0,0,1,1.0,dry1_wet0_unknown0,only_1_evaluator,0,0,logistic_regression__C0.001__pca128__no_whiten__gold1__wetcost1,False,1.0,1.0
7cb4843e-bdf2-4dbc-9956-bf2464cb6c7d,0,dry,weak_expert,0,0.3993104938950951,1,weak_1_vote,1,1,0,0,1,1.0,dry1_wet0_unknown0,only_1_evaluator,0,0,logistic_regression__C0.001__pca128__no_whiten__gold1__wetcost1,False,1.0,1.0
7dc52a58-ffa9-450c-b557-99386ae99915,0,dry,weak_expert,0,0.471259550078616,1,weak_1_vote,1,1,0,0,1,1.0,dry1_wet0_unknown0,only_1_evaluator,0,0,logistic_regression__C0.001__pca128__no_whiten__gold1__wetcost1,False,1.0,1.0
82879368-f357-4032-b87a-5268db64e247,0,dry,weak_expert,0,0.37411896631918246,1,weak_1_vote,1,1,0,0,1,1.0,dry1_wet0_unknown0,only_1_evaluator,0,0,logistic_regression__C0.001__pca128__no_whiten__gold1__wetcost1,False,1.0,1.0
83d26908-f355-426a-b5dc-92dee890482d,0,dry,weak_expert,0,0.5161481066841817,1,weak_4_eval_2_1_1,4,2,1,1,2,0.5,dry2_wet1_unknown1,4_evaluators_2_vs_1_vs_1,0,1,logistic_regression__C0.001__pca128__no_whiten__gold1__wetcost1,False,1.0,1.0
83e76c73-4e06-4e49-ae0d-354e2974745f,0,dry,weak_expert,0,0.30172454096673273,1,weak_1_vote,1,1,0,0,1,1.0,dry1_wet0_unknown0,only_1_evaluator,0,0,logistic_regression__C0.001__pca128__no_whiten__gold1__wetcost1,False,1.0,1.0
86b4b29b-2c0f-40e3-9d37-644b492ea570,0,dry,weak_expert,0,0.621016120436928,1,weak_1_vote,1,1,0,0,1,1.0,dry1_wet0_unknown0,only_1_evaluator,1,1,logistic_regression__C0.001__pca128__no_whiten__gold1__wetcost1,False,1.0,1.0
888f0bc9-1781-494d-9076-a977bc8ae3e1,0,dry,weak_expert,0,0.24511395164725538,1,weak_1_vote,1,1,0,0,1,1.0,dry1_wet0_unknown0,only_1_evaluator,0,0,logistic_regression__C0.001__pca128__no_whiten__gold1__wetcost1,False,1.0,1.0
89385120-2b52-4c61-9e36-05e5b032a8ce,0,dry,weak_expert,0,0.5575736905850818,1,weak_1_vote,1,1,0,0,1,1.0,dry1_wet0_unknown0,only_1_evaluator,1,1,logistic_regression__C0.001__pca128__no_whiten__gold1__wetcost1,False,1.0,1.0
8d553d2b-0679-4122-9502-ac2f14c83513,0,dry,weak_expert,0,0.29027308860931,1,weak_1_vote,1,1,0,0,1,1.0,dry1_wet0_unknown0,only_1_evaluator,0,0,logistic_regression__C0.001__pca128__no_whiten__gold1__wetcost1,False,1.0,1.0
8f71d0b4-c179-44a9-afb5-cc85047aca9d,0,dry,weak_expert,0,0.21633421087168464,1,weak_1_vote,1,1,0,0,1,1.0,dry1_wet0_unknown0,only_1_evaluator,0,0,logistic_regression__C0.001__pca128__no_whiten__gold1__wetcost1,False,1.0,1.0
90120a9b-ee30-4bef-b649-c725c986312e,0,dry,weak_expert,0,0.4706327309019367,1,weak_1_vote,1,1,0,0,1,1.0,dry1_wet0_unknown0,only_1_evaluator,0,0,logistic_regression__C0.001__pca128__no_whiten__gold1__wetcost1,False,1.0,1.0
91e91fae-a111-4143-92c1-46b841db99f8,0,dry,weak_expert,0,0.51452900516793,1,weak_1_vote,1,1,0,0,1,1.0,dry1_wet0_unknown0,only_1_evaluator,0,1,logistic_regression__C0.001__pca128__no_whiten__gold1__wetcost1,False,1.0,1.0
93e121aa-1c8b-4b9a-b446-cbe4ddbcdaf4,0,dry,weak_expert,0,0.26666261332265223,1,weak_1_vote,1,1,0,0,1,1.0,dry1_wet0_unknown0,only_1_evaluator,0,0,logistic_regression__C0.001__pca128__no_whiten__gold1__wetcost1,False,1.0,1.0
942152b1-4a8f-4d9b-a4e6-43f61504e589,0,dry,weak_expert,0,0.5583174995066069,1,weak_1_vote,1,1,0,0,1,1.0,dry1_wet0_unknown0,only_1_evaluator,1,1,logistic_regression__C0.001__pca128__no_whiten__gold1__wetcost1,False,1.0,1.0
94ad74ad-5a8c-406c-9c1a-18e281d53b9d,0,dry,weak_expert,0,0.5943000660948431,1,weak_1_vote,1,1,0,0,1,1.0,dry1_wet0_unknown0,only_1_evaluator,1,1,logistic_regression__C0.001__pca128__no_whiten__gold1__wetcost1,False,1.0,1.0
94c5e62b-3dd7-4586-9705-3eaaaaa68ec9,0,dry,weak_expert,0,0.3352879212838655,1,weak_1_vote,1,1,0,0,1,1.0,dry1_wet0_unknown0,only_1_evaluator,0,0,logistic_regression__C0.001__pca128__no_whiten__gold1__wetcost1,False,1.0,1.0
952475ba-04d5-4885-8e0b-52fe17a059da,0,dry,weak_expert,0,0.767069524904476,1,weak_1_vote,1,1,0,0,1,1.0,dry1_wet0_unknown0,only_1_evaluator,1,1,logistic_regression__C0.001__pca128__no_whiten__gold1__wetcost1,False,1.0,1.0
95e40d65-5398-4dd8-bda8-5da98d06ed80,0,dry,weak_expert,0,0.6016905848787499,1,weak_1_vote,1,1,0,0,1,1.0,dry1_wet0_unknown0,only_1_evaluator,1,1,logistic_regression__C0.001__pca128__no_whiten__gold1__wetcost1,False,1.0,1.0
96f63bc1-4c6d-4dc9-84c3-43d5b69d4a87,0,dry,weak_expert,0,0.24531177442620186,1,weak_1_vote,1,1,0,0,1,1.0,dry1_wet0_unknown0,only_1_evaluator,0,0,logistic_regression__C0.001__pca128__no_whiten__gold1__wetcost1,False,1.0,1.0
96fd8500-a077-4d0a-bcd4-d6d5f747c2da,0,dry,weak_expert,0,0.4791518727525382,1,weak_1_vote,1,1,0,0,1,1.0,dry1_wet0_unknown0,only_1_evaluator,0,0,logistic_regression__C0.001__pca128__no_whiten__gold1__wetcost1,False,1.0,1.0
97c784f1-0322-45e1-9bb3-9a751ce1897b,0,dry,weak_expert,0,0.23707161155862136,1,weak_1_vote,1,1,0,0,1,1.0,dry1_wet0_unknown0,only_1_evaluator,0,0,logistic_regression__C0.001__pca128__no_whiten__gold1__wetcost1,False,1.0,1.0
97d266b1-7856-47f3-9273-224e1f27be4c,0,dry,weak_expert,0,0.34567487127162927,1,weak_1_vote,1,1,0,0,1,1.0,dry1_wet0_unknown0,only_1_evaluator,0,0,logistic_regression__C0.001__pca128__no_whiten__gold1__wetcost1,False,1.0,1.0
98f74976-5070-4f9b-bcb9-b706b04da3cb,0,dry,weak_expert,0,0.865093128671081,1,weak_1_vote,1,1,0,0,1,1.0,dry1_wet0_unknown0,only_1_evaluator,1,1,logistic_regression__C0.001__pca128__no_whiten__gold1__wetcost1,False,1.0,1.0
99b2dc16-7b5f-4d45-99b2-c3768262be3a,0,dry,weak_expert,0,0.5212556072344819,1,weak_1_vote,1,1,0,0,1,1.0,dry1_wet0_unknown0,only_1_evaluator,0,1,logistic_regression__C0.001__pca128__no_whiten__gold1__wetcost1,False,1.0,1.0
9a5b90f0-06d5-4748-a260-e888ace7e53d,0,dry,weak_expert,0,0.9061704678801149,1,weak_1_vote,1,1,0,0,1,1.0,dry1_wet0_unknown0,only_1_evaluator,1,1,logistic_regression__C0.001__pca128__no_whiten__gold1__wetcost1,False,1.0,1.0
9b4f0155-35d2-4868-90e7-a61d2fa473a6,0,dry,weak_expert,0,0.9472429847069196,1,weak_1_vote,1,1,0,0,1,1.0,dry1_wet0_unknown0,only_1_evaluator,1,1,logistic_regression__C0.001__pca128__no_whiten__gold1__wetcost1,False,1.0,1.0
9c1ac649-8b03-4868-9146-e665daa17d7d,0,dry,weak_expert,0,0.4284130781842339,1,weak_1_vote,1,1,0,0,1,1.0,dry1_wet0_unknown0,only_1_evaluator,0,0,logistic_regression__C0.001__pca128__no_whiten__gold1__wetcost1,False,1.0,1.0
9cb306f5-47a1-441c-888a-34ad29f5983c,0,dry,gold_expert,0,0.6793822765856569,1,gold_4_of_4,4,4,0,0,4,1.0,dry4_wet0_unknown0,4_evaluators_unanimous,1,1,logistic_regression__C0.001__pca128__no_whiten__gold1__wetcost1,False,1.0,1.0
9e949ada-abdf-41f2-8d03-bbd3d1ea4754,0,dry,weak_expert,0,0.24890439213877055,1,weak_1_vote,1,1,0,0,1,1.0,dry1_wet0_unknown0,only_1_evaluator,0,0,logistic_regression__C0.001__pca128__no_whiten__gold1__wetcost1,False,1.0,1.0
9ecb18ca-483d-400f-a049-1a078a483c50,0,dry,weak_expert,0,0.5335635461706191,1,weak_1_vote,1,1,0,0,1,1.0,dry1_wet0_unknown0,only_1_evaluator,0,1,logistic_regression__C0.001__pca128__no_whiten__gold1__wetcost1,False,1.0,1.0
9f7c176a-ae7d-407a-88a2-b0ee714858d7,0,dry,weak_expert,0,0.4237565438700555,1,weak_1_vote,1,1,0,0,1,1.0,dry1_wet0_unknown0,only_1_evaluator,0,0,logistic_regression__C0.001__pca128__no_whiten__gold1__wetcost1,False,1.0,1.0
a1182546-5e99-4ba4-b941-351c79866173,0,dry,weak_expert,0,0.4967492474722113,1,weak_1_vote,1,1,0,0,1,1.0,dry1_wet0_unknown0,only_1_evaluator,0,0,logistic_regression__C0.001__pca128__no_whiten__gold1__wetcost1,False,1.0,1.0
a147e909-0e90-442b-adc4-b8487de75504,0,dry,weak_expert,0,0.4487367330214881,1,weak_1_vote,1,1,0,0,1,1.0,dry1_wet0_unknown0,only_1_evaluator,0,0,logistic_regression__C0.001__pca128__no_whiten__gold1__wetcost1,False,1.0,1.0
a14ac807-5cf3-44d8-acd6-830dd0d086ea,0,dry,weak_expert,0,0.38784522461886234,1,weak_1_vote,1,1,0,0,1,1.0,dry1_wet0_unknown0,only_1_evaluator,0,0,logistic_regression__C0.001__pca128__no_whiten__gold1__wetcost1,False,1.0,1.0
a2ae6c67-9ab7-4d42-b4c5-e04d890493b2,0,dry,weak_expert,0,0.7142091027407758,1,weak_1_vote,1,1,0,0,1,1.0,dry1_wet0_unknown0,only_1_evaluator,1,1,logistic_regression__C0.001__pca128__no_whiten__gold1__wetcost1,False,1.0,1.0
a2bd77dd-61f9-494d-b6b5-306ada124f30,0,dry,weak_expert,0,0.5619703231274692,1,weak_1_vote,1,1,0,0,1,1.0,dry1_wet0_unknown0,only_1_evaluator,1,1,logistic_regression__C0.001__pca128__no_whiten__gold1__wetcost1,False,1.0,1.0
a30b1432-29fe-4a4d-953a-fb1edec1b468,0,dry,weak_expert,0,0.2705139011256262,1,weak_1_vote,1,1,0,0,1,1.0,dry1_wet0_unknown0,only_1_evaluator,0,0,logistic_regression__C0.001__pca128__no_whiten__gold1__wetcost1,False,1.0,1.0
a55596ff-f478-4f96-8a86-5ba5a50d9c8e,0,dry,weak_expert,0,0.25066529462729353,1,weak_1_vote,1,1,0,0,1,1.0,dry1_wet0_unknown0,only_1_evaluator,0,0,logistic_regression__C0.001__pca128__no_whiten__gold1__wetcost1,False,1.0,1.0
a583d3cc-ab0f-449a-9692-977714b3050e,0,dry,weak_expert,0,0.35780132755005606,1,weak_1_vote,1,1,0,0,1,1.0,dry1_wet0_unknown0,only_1_evaluator,0,0,logistic_regression__C0.001__pca128__no_whiten__gold1__wetcost1,False,1.0,1.0
a75adc66-7f70-4f0f-91f7-7a2a2eac61e9,0,dry,gold_expert,0,0.3567346782109056,1,gold_4_of_4,4,4,0,0,4,1.0,dry4_wet0_unknown0,4_evaluators_unanimous,0,0,logistic_regression__C0.001__pca128__no_whiten__gold1__wetcost1,False,1.0,1.0
aa27859e-d3a3-4a40-a241-8ebdc849017a,0,dry,weak_expert,0,0.8976281657177525,1,weak_1_vote,1,1,0,0,1,1.0,dry1_wet0_unknown0,only_1_evaluator,1,1,logistic_regression__C0.001__pca128__no_whiten__gold1__wetcost1,False,1.0,1.0
aa3632d1-d3e9-4ce4-9d29-d1f056fa3dfe,0,dry,weak_expert,0,0.35129147609462374,1,weak_1_vote,1,1,0,0,1,1.0,dry1_wet0_unknown0,only_1_evaluator,0,0,logistic_regression__C0.001__pca128__no_whiten__gold1__wetcost1,False,1.0,1.0
aa697a0c-34a2-4257-b1d8-1ebf5dee5be8,0,dry,weak_expert,0,0.4181985047268895,1,weak_1_vote,1,1,0,0,1,1.0,dry1_wet0_unknown0,only_1_evaluator,0,0,logistic_regression__C0.001__pca128__no_whiten__gold1__wetcost1,False,1.0,1.0
ab77c2d6-edf7-4368-8cb1-5d8f1b928cef,0,dry,weak_expert,0,0.2822737255421356,1,weak_1_vote,1,1,0,0,1,1.0,dry1_wet0_unknown0,only_1_evaluator,0,0,logistic_regression__C0.001__pca128__no_whiten__gold1__wetcost1,False,1.0,1.0
abb11855-0da7-468d-844b-91a228cd3eed,0,dry,weak_expert,0,0.26518614986403904,1,weak_1_vote,1,1,0,0,1,1.0,dry1_wet0_unknown0,only_1_evaluator,0,0,logistic_regression__C0.001__pca128__no_whiten__gold1__wetcost1,False,1.0,1.0
abf2af4d-9369-40e9-873b-73dca08ae7a1,0,dry,weak_expert,0,0.7643957372601604,1,weak_1_vote,1,1,0,0,1,1.0,dry1_wet0_unknown0,only_1_evaluator,1,1,logistic_regression__C0.001__pca128__no_whiten__gold1__wetcost1,False,1.0,1.0
acae37ea-edb8-45fe-9a10-5b7af79c17ec,0,dry,weak_expert,0,0.3286652465344671,1,weak_1_vote,1,1,0,0,1,1.0,dry1_wet0_unknown0,only_1_evaluator,0,0,logistic_regression__C0.001__pca128__no_whiten__gold1__wetcost1,False,1.0,1.0
ad627ce9-0279-4e8f-b029-95f5a79f5a0a,0,dry,weak_expert,0,0.6008429394907301,1,weak_1_vote,1,1,0,0,1,1.0,dry1_wet0_unknown0,only_1_evaluator,1,1,logistic_regression__C0.001__pca128__no_whiten__gold1__wetcost1,False,1.0,1.0
adddfa9b-c016-4e58-8275-308501fc13d9,0,dry,weak_expert,0,0.3778282795455205,1,weak_1_vote,1,1,0,0,1,1.0,dry1_wet0_unknown0,only_1_evaluator,0,0,logistic_regression__C0.001__pca128__no_whiten__gold1__wetcost1,False,1.0,1.0
adf406f5-b1bc-432a-ae5a-78c52fc95292,0,dry,weak_expert,0,0.13292768100110292,1,weak_1_vote,1,1,0,0,1,1.0,dry1_wet0_unknown0,only_1_evaluator,0,0,logistic_regression__C0.001__pca128__no_whiten__gold1__wetcost1,False,1.0,1.0
ae4b17b8-7b3f-434a-a894-d4257c7394f5,0,dry,weak_expert,0,0.3380196390754411,1,weak_1_vote,1,1,0,0,1,1.0,dry1_wet0_unknown0,only_1_evaluator,0,0,logistic_regression__C0.001__pca128__no_whiten__gold1__wetcost1,False,1.0,1.0
aeb567c4-529c-43c7-9075-21537e836d4d,0,dry,weak_expert,0,0.42275122733317255,1,weak_1_vote,1,1,0,0,1,1.0,dry1_wet0_unknown0,only_1_evaluator,0,0,logistic_regression__C0.001__pca128__no_whiten__gold1__wetcost1,False,1.0,1.0
aef400f0-6e03-43be-9928-a91660eb3988,0,dry,weak_expert,0,0.5293541155942845,1,weak_1_vote,1,1,0,0,1,1.0,dry1_wet0_unknown0,only_1_evaluator,0,1,logistic_regression__C0.001__pca128__no_whiten__gold1__wetcost1,False,1.0,1.0
b26b3150-4026-442d-b1ac-6b3ab2a991b3,0,dry,weak_expert,0,0.3314938739473971,1,weak_1_vote,1,1,0,0,1,1.0,dry1_wet0_unknown0,only_1_evaluator,0,0,logistic_regression__C0.001__pca128__no_whiten__gold1__wetcost1,False,1.0,1.0
b2b52448-2ff5-4aa3-a43d-a4e3711d85bb,0,dry,weak_expert,0,0.619848228134543,1,weak_1_vote,1,1,0,0,1,1.0,dry1_wet0_unknown0,only_1_evaluator,1,1,logistic_regression__C0.001__pca128__no_whiten__gold1__wetcost1,False,1.0,1.0
b2cb86f2-d182-4a2f-9321-5b19ddadf4f4,0,dry,weak_expert,0,0.29922918779653823,1,weak_1_vote,1,1,0,0,1,1.0,dry1_wet0_unknown0,only_1_evaluator,0,0,logistic_regression__C0.001__pca128__no_whiten__gold1__wetcost1,False,1.0,1.0
b349c0bf-5c56-4ee5-9d0d-d050d8dd9ab6,0,dry,weak_expert,0,0.39302890694380305,1,weak_1_vote,1,1,0,0,1,1.0,dry1_wet0_unknown0,only_1_evaluator,0,0,logistic_regression__C0.001__pca128__no_whiten__gold1__wetcost1,False,1.0,1.0
b374149f-cdc9-4865-9151-e229bb0ab98b,0,dry,weak_expert,0,0.6323251634687768,1,weak_1_vote,1,1,0,0,1,1.0,dry1_wet0_unknown0,only_1_evaluator,1,1,logistic_regression__C0.001__pca128__no_whiten__gold1__wetcost1,False,1.0,1.0
b3bc167c-616b-47e4-a4ff-95e1d40dfdfd,0,dry,weak_expert,0,0.9608343354144562,1,weak_1_vote,1,1,0,0,1,1.0,dry1_wet0_unknown0,only_1_evaluator,1,1,logistic_regression__C0.001__pca128__no_whiten__gold1__wetcost1,False,1.0,1.0
b492f127-ee29-4a55-b479-80e5e3a8a66a,0,dry,weak_expert,0,0.3988539274731864,1,weak_1_vote,1,1,0,0,1,1.0,dry1_wet0_unknown0,only_1_evaluator,0,0,logistic_regression__C0.001__pca128__no_whiten__gold1__wetcost1,False,1.0,1.0
b4b17de3-ac90-415a-8e2c-393d6cc02618,0,dry,weak_expert,0,0.680795532220409,1,weak_1_vote,1,1,0,0,1,1.0,dry1_wet0_unknown0,only_1_evaluator,1,1,logistic_regression__C0.001__pca128__no_whiten__gold1__wetcost1,False,1.0,1.0
b50f238c-3493-4782-b1e3-9c76f751d9e5,0,dry,weak_expert,0,0.43261838894465604,1,weak_1_vote,1,1,0,0,1,1.0,dry1_wet0_unknown0,only_1_evaluator,0,0,logistic_regression__C0.001__pca128__no_whiten__gold1__wetcost1,False,1.0,1.0
b618923d-796d-4adb-ae9e-266ab08f1249,0,dry,gold_expert,0,0.5449593765673544,1,gold_4_of_4,4,4,0,0,4,1.0,dry4_wet0_unknown0,4_evaluators_unanimous,0,1,logistic_regression__C0.001__pca128__no_whiten__gold1__wetcost1,False,1.0,1.0
b8738fc2-42d8-460e-97aa-ee731e15b21d,0,dry,weak_expert,0,0.3162634779532016,1,weak_1_vote,1,1,0,0,1,1.0,dry1_wet0_unknown0,only_1_evaluator,0,0,logistic_regression__C0.001__pca128__no_whiten__gold1__wetcost1,False,1.0,1.0
b97f011c-062b-4fdd-a65d-4f1d8ab1bd09,0,dry,weak_expert,0,0.5455735117860852,1,weak_1_vote,1,1,0,0,1,1.0,dry1_wet0_unknown0,only_1_evaluator,1,1,logistic_regression__C0.001__pca128__no_whiten__gold1__wetcost1,False,1.0,1.0
ba6f354e-2189-4b93-b037-c07ee2e72f40,0,dry,weak_expert,0,0.5238833541955674,1,weak_1_vote,1,1,0,0,1,1.0,dry1_wet0_unknown0,only_1_evaluator,0,1,logistic_regression__C0.001__pca128__no_whiten__gold1__wetcost1,False,1.0,1.0
bab59cef-c297-42f0-9c47-1371e791ea7b,0,dry,weak_expert,0,0.5182207639801806,1,weak_1_vote,1,1,0,0,1,1.0,dry1_wet0_unknown0,only_1_evaluator,0,1,logistic_regression__C0.001__pca128__no_whiten__gold1__wetcost1,False,1.0,1.0
bae0c88f-852c-4f3f-8141-d037c777459e,0,dry,gold_expert,0,0.5176710383980031,1,gold_4_of_4,4,4,0,0,4,1.0,dry4_wet0_unknown0,4_evaluators_unanimous,0,1,logistic_regression__C0.001__pca128__no_whiten__gold1__wetcost1,False,1.0,1.0
bb9766af-74b9-4533-ac93-e0d75f7bd7ba,0,dry,gold_expert,0,0.37798167310688247,1,gold_4_of_4,4,4,0,0,4,1.0,dry4_wet0_unknown0,4_evaluators_unanimous,0,0,logistic_regression__C0.001__pca128__no_whiten__gold1__wetcost1,False,1.0,1.0
bb9cd351-d75d-4bd6-9140-7f88a8209871,0,dry,weak_expert,0,0.6014169031237027,1,weak_1_vote,1,1,0,0,1,1.0,dry1_wet0_unknown0,only_1_evaluator,1,1,logistic_regression__C0.001__pca128__no_whiten__gold1__wetcost1,False,1.0,1.0
bde99a5c-a804-4daf-a4d5-897fb72d5060,0,dry,weak_expert,0,0.5182114288049027,1,weak_1_vote,1,1,0,0,1,1.0,dry1_wet0_unknown0,only_1_evaluator,0,1,logistic_regression__C0.001__pca128__no_whiten__gold1__wetcost1,False,1.0,1.0
be482d71-4ab2-453d-abd8-e1a7fdeedb06,0,dry,weak_expert,0,0.048949033087832716,1,weak_1_vote,1,1,0,0,1,1.0,dry1_wet0_unknown0,only_1_evaluator,0,0,logistic_regression__C0.001__pca128__no_whiten__gold1__wetcost1,False,1.0,1.0
be808b39-ff71-4d98-99c0-97436d1e198a,0,dry,weak_expert,0,0.5858826364761274,1,weak_1_vote,1,1,0,0,1,1.0,dry1_wet0_unknown0,only_1_evaluator,1,1,logistic_regression__C0.001__pca128__no_whiten__gold1__wetcost1,False,1.0,1.0
bf990e0e-bbf6-4233-8578-e77aea74a3b1,0,dry,weak_expert,0,0.5115880456672179,1,weak_1_vote,1,1,0,0,1,1.0,dry1_wet0_unknown0,only_1_evaluator,0,1,logistic_regression__C0.001__pca128__no_whiten__gold1__wetcost1,False,1.0,1.0
bfa6b379-56e3-4144-ac7c-17d7269e9865,0,dry,weak_expert,0,0.44305305726793515,1,weak_1_vote,1,1,0,0,1,1.0,dry1_wet0_unknown0,only_1_evaluator,0,0,logistic_regression__C0.001__pca128__no_whiten__gold1__wetcost1,False,1.0,1.0
c1243982-1f22-433f-b178-a27ebdef63ae,0,dry,weak_expert,0,0.19581736934113483,1,weak_1_vote,1,1,0,0,1,1.0,dry1_wet0_unknown0,only_1_evaluator,0,0,logistic_regression__C0.001__pca128__no_whiten__gold1__wetcost1,False,1.0,1.0
c3382b37-9f19-4379-b488-68f636a6c684,0,dry,gold_expert,0,0.24777087321216323,1,gold_4_of_4,4,4,0,0,4,1.0,dry4_wet0_unknown0,4_evaluators_unanimous,0,0,logistic_regression__C0.001__pca128__no_whiten__gold1__wetcost1,False,1.0,1.0
c4a0fa78-e10b-43bc-896a-329bc997ffe8,0,dry,weak_expert,0,0.32557047902313946,1,weak_1_vote,1,1,0,0,1,1.0,dry1_wet0_unknown0,only_1_evaluator,0,0,logistic_regression__C0.001__pca128__no_whiten__gold1__wetcost1,False,1.0,1.0
c4fbbd15-173c-4440-988c-b091e35aa978,0,dry,weak_expert,0,0.3647081050110263,1,weak_1_vote,1,1,0,0,1,1.0,dry1_wet0_unknown0,only_1_evaluator,0,0,logistic_regression__C0.001__pca128__no_whiten__gold1__wetcost1,False,1.0,1.0
c591e11e-6fdb-4685-8ae1-44576d877831,0,dry,weak_expert,0,0.5291569053982943,1,weak_1_vote,1,1,0,0,1,1.0,dry1_wet0_unknown0,only_1_evaluator,0,1,logistic_regression__C0.001__pca128__no_whiten__gold1__wetcost1,False,1.0,1.0
c6d2eece-2c2b-4192-939e-0096ad9e3332,0,dry,weak_expert,0,0.3766066491323329,1,weak_1_vote,1,1,0,0,1,1.0,dry1_wet0_unknown0,only_1_evaluator,0,0,logistic_regression__C0.001__pca128__no_whiten__gold1__wetcost1,False,1.0,1.0
c7f04242-4649-488a-bf21-72fa488e1c5b,0,dry,weak_expert,0,0.2161247598082027,1,weak_1_vote,1,1,0,0,1,1.0,dry1_wet0_unknown0,only_1_evaluator,0,0,logistic_regression__C0.001__pca128__no_whiten__gold1__wetcost1,False,1.0,1.0
c91f755a-e37e-4106-a90a-bb0672fdfd24,0,dry,weak_expert,0,0.41315574698088076,1,weak_1_vote,1,1,0,0,1,1.0,dry1_wet0_unknown0,only_1_evaluator,0,0,logistic_regression__C0.001__pca128__no_whiten__gold1__wetcost1,False,1.0,1.0
c9c17bea-4fb9-40de-8d10-a45f61420be0,0,dry,weak_expert,0,0.4116606468573844,1,weak_1_vote,1,1,0,0,1,1.0,dry1_wet0_unknown0,only_1_evaluator,0,0,logistic_regression__C0.001__pca128__no_whiten__gold1__wetcost1,False,1.0,1.0
c9c4445b-fbd3-4f4d-9ca2-282a669d79c4,0,dry,weak_expert,0,0.3184283784765459,1,weak_1_vote,1,1,0,0,1,1.0,dry1_wet0_unknown0,only_1_evaluator,0,0,logistic_regression__C0.001__pca128__no_whiten__gold1__wetcost1,False,1.0,1.0
ca8d6795-2841-48a0-9d9b-9e00f9e866c3,0,dry,weak_expert,0,0.42872335285947605,1,weak_1_vote,1,1,0,0,1,1.0,dry1_wet0_unknown0,only_1_evaluator,0,0,logistic_regression__C0.001__pca128__no_whiten__gold1__wetcost1,False,1.0,1.0
cbfd3865-b0fe-4f54-86ba-d93c47feeb2f,0,dry,weak_expert,0,0.34715856694851477,1,weak_1_vote,1,1,0,0,1,1.0,dry1_wet0_unknown0,only_1_evaluator,0,0,logistic_regression__C0.001__pca128__no_whiten__gold1__wetcost1,False,1.0,1.0
ccd3279c-e351-4e6b-a142-fd3f48c3b052,0,dry,weak_expert,0,0.48765455809112784,1,weak_1_vote,1,1,0,0,1,1.0,dry1_wet0_unknown0,only_1_evaluator,0,0,logistic_regression__C0.001__pca128__no_whiten__gold1__wetcost1,False,1.0,1.0
ccdfd92d-e6f1-42ce-8781-ff6d04f7f628,0,dry,weak_expert,0,0.8213173473754256,1,weak_1_vote,1,1,0,0,1,1.0,dry1_wet0_unknown0,only_1_evaluator,1,1,logistic_regression__C0.001__pca128__no_whiten__gold1__wetcost1,False,1.0,1.0
cfbda12e-fdc6-4749-a7ec-3a81c3106317,0,dry,weak_expert,0,0.43142560437754957,1,weak_1_vote,1,1,0,0,1,1.0,dry1_wet0_unknown0,only_1_evaluator,0,0,logistic_regression__C0.001__pca128__no_whiten__gold1__wetcost1,False,1.0,1.0
d293ce7d-1898-4c66-bfd2-c3c329e82408,0,dry,weak_expert,0,0.3541228211228709,1,weak_1_vote,1,1,0,0,1,1.0,dry1_wet0_unknown0,only_1_evaluator,0,0,logistic_regression__C0.001__pca128__no_whiten__gold1__wetcost1,False,1.0,1.0
d57e15cf-e837-4e9e-a777-c3ee24fcb72b,0,dry,weak_expert,0,0.27038832975654375,1,weak_1_vote,1,1,0,0,1,1.0,dry1_wet0_unknown0,only_1_evaluator,0,0,logistic_regression__C0.001__pca128__no_whiten__gold1__wetcost1,False,1.0,1.0
d6ee9da5-ff1d-4677-9ab2-da397e3267c4,0,dry,weak_expert,0,0.5267961237261983,1,weak_1_vote,1,1,0,0,1,1.0,dry1_wet0_unknown0,only_1_evaluator,0,1,logistic_regression__C0.001__pca128__no_whiten__gold1__wetcost1,False,1.0,1.0
d70748e6-0e82-4760-a2fc-d63b01d3c65c,0,dry,weak_expert,0,0.7820861762857825,1,weak_1_vote,1,1,0,0,1,1.0,dry1_wet0_unknown0,only_1_evaluator,1,1,logistic_regression__C0.001__pca128__no_whiten__gold1__wetcost1,False,1.0,1.0
d70f7518-e3e8-46f3-a4fe-fa43363f16ca,0,dry,weak_expert,0,0.5021930946183026,1,weak_1_vote,1,1,0,0,1,1.0,dry1_wet0_unknown0,only_1_evaluator,0,1,logistic_regression__C0.001__pca128__no_whiten__gold1__wetcost1,False,1.0,1.0
d81a9166-5e95-4654-b0d3-66f14ddbe8ae,0,dry,weak_expert,0,0.5696137664879651,1,weak_1_vote,1,1,0,0,1,1.0,dry1_wet0_unknown0,only_1_evaluator,1,1,logistic_regression__C0.001__pca128__no_whiten__gold1__wetcost1,False,1.0,1.0
d82590cb-e28c-4a04-8406-416a86e15c86,0,dry,weak_expert,0,0.2964107409025999,1,weak_1_vote,1,1,0,0,1,1.0,dry1_wet0_unknown0,only_1_evaluator,0,0,logistic_regression__C0.001__pca128__no_whiten__gold1__wetcost1,False,1.0,1.0
d89c7657-6010-4137-9ec1-c152c46790c9,0,dry,weak_expert,0,0.20629810506369722,1,weak_1_vote,1,1,0,0,1,1.0,dry1_wet0_unknown0,only_1_evaluator,0,0,logistic_regression__C0.001__pca128__no_whiten__gold1__wetcost1,False,1.0,1.0
dacc51e7-099f-48b3-9462-d9ef5c8c9d3d,0,dry,weak_expert,0,0.49280820768178474,1,weak_1_vote,1,1,0,0,1,1.0,dry1_wet0_unknown0,only_1_evaluator,0,0,logistic_regression__C0.001__pca128__no_whiten__gold1__wetcost1,False,1.0,1.0
db72efa4-78a9-40e7-a450-0affcd4c96b6,0,dry,weak_expert,0,0.527423356989309,1,weak_1_vote,1,1,0,0,1,1.0,dry1_wet0_unknown0,only_1_evaluator,0,1,logistic_regression__C0.001__pca128__no_whiten__gold1__wetcost1,False,1.0,1.0
dddb1a55-d976-40bc-ad41-cdc713623e03,0,dry,gold_expert,0,0.4836571021913381,1,gold_3_of_4,4,3,1,0,3,0.75,dry3_wet1_unknown0,3_of_4_agree,0,0,logistic_regression__C0.001__pca128__no_whiten__gold1__wetcost1,False,1.0,1.0
de7b422a-c5cb-4b9a-9bbd-1c4545ead02c,0,dry,weak_expert,0,0.7443730805117443,1,weak_1_vote,1,1,0,0,1,1.0,dry1_wet0_unknown0,only_1_evaluator,1,1,logistic_regression__C0.001__pca128__no_whiten__gold1__wetcost1,False,1.0,1.0
df35b241-5aff-4f49-80f6-4ef5fabc115c,0,dry,weak_expert,0,0.6073207121342421,1,weak_1_vote,1,1,0,0,1,1.0,dry1_wet0_unknown0,only_1_evaluator,1,1,logistic_regression__C0.001__pca128__no_whiten__gold1__wetcost1,False,1.0,1.0
e0bd94ad-3476-4149-a368-f13f68f56fbc,0,dry,weak_expert,0,0.2646050839265035,1,weak_1_vote,1,1,0,0,1,1.0,dry1_wet0_unknown0,only_1_evaluator,0,0,logistic_regression__C0.001__pca128__no_whiten__gold1__wetcost1,False,1.0,1.0
e0f90aa2-e38a-446a-aade-19b461eb2bf8,0,dry,weak_expert,0,0.31064260602308486,1,weak_1_vote,1,1,0,0,1,1.0,dry1_wet0_unknown0,only_1_evaluator,0,0,logistic_regression__C0.001__pca128__no_whiten__gold1__wetcost1,False,1.0,1.0
e3bc1069-6c55-448f-8d73-8d6b8aaa715a,0,dry,weak_expert,0,0.579208431288768,1,weak_1_vote,1,1,0,0,1,1.0,dry1_wet0_unknown0,only_1_evaluator,1,1,logistic_regression__C0.001__pca128__no_whiten__gold1__wetcost1,False,1.0,1.0
e5afc038-4511-49d8-9540-07e27a990096,0,dry,weak_expert,0,0.3865490070040323,1,weak_1_vote,1,1,0,0,1,1.0,dry1_wet0_unknown0,only_1_evaluator,0,0,logistic_regression__C0.001__pca128__no_whiten__gold1__wetcost1,False,1.0,1.0
e5e9bc03-88b3-432f-b8d1-ca8891b72912,0,dry,weak_expert,0,0.25179654954240804,1,weak_1_vote,1,1,0,0,1,1.0,dry1_wet0_unknown0,only_1_evaluator,0,0,logistic_regression__C0.001__pca128__no_whiten__gold1__wetcost1,False,1.0,1.0
e84454f0-c5a0-4447-a20e-661620e7623d,0,dry,weak_expert,0,0.6828415985017328,1,weak_1_vote,1,1,0,0,1,1.0,dry1_wet0_unknown0,only_1_evaluator,1,1,logistic_regression__C0.001__pca128__no_whiten__gold1__wetcost1,False,1.0,1.0
e8527a0e-96c9-4026-96c2-3b3a3508f3ee,0,dry,weak_expert,0,0.4717165563045142,1,weak_1_vote,1,1,0,0,1,1.0,dry1_wet0_unknown0,only_1_evaluator,0,0,logistic_regression__C0.001__pca128__no_whiten__gold1__wetcost1,False,1.0,1.0
ea550a6f-3b55-4beb-9aa3-1325feed86ab,0,dry,weak_expert,0,0.48402838508137347,1,weak_1_vote,1,1,0,0,1,1.0,dry1_wet0_unknown0,only_1_evaluator,0,0,logistic_regression__C0.001__pca128__no_whiten__gold1__wetcost1,False,1.0,1.0
ea783521-7fe9-4e65-9dd1-ba4d30126bae,0,dry,weak_expert,0,0.2923130808079615,1,weak_1_vote,1,1,0,0,1,1.0,dry1_wet0_unknown0,only_1_evaluator,0,0,logistic_regression__C0.001__pca128__no_whiten__gold1__wetcost1,False,1.0,1.0
ec53685a-d497-492f-a753-2e0418ee6e1d,0,dry,weak_expert,0,0.30999508290389666,1,weak_1_vote,1,1,0,0,1,1.0,dry1_wet0_unknown0,only_1_evaluator,0,0,logistic_regression__C0.001__pca128__no_whiten__gold1__wetcost1,False,1.0,1.0
ee81db75-dd90-45fc-a2a4-3dfb689f2fbd,0,dry,weak_expert,0,0.7676044232966122,1,weak_1_vote,1,1,0,0,1,1.0,dry1_wet0_unknown0,only_1_evaluator,1,1,logistic_regression__C0.001__pca128__no_whiten__gold1__wetcost1,False,1.0,1.0
f0be2916-492b-4de5-9061-015407dfe010,0,dry,weak_expert,0,0.7041129081669437,1,weak_1_vote,1,1,0,0,1,1.0,dry1_wet0_unknown0,only_1_evaluator,1,1,logistic_regression__C0.001__pca128__no_whiten__gold1__wetcost1,False,1.0,1.0
f25876a9-e307-41a9-bd78-7ab345f9925e,0,dry,weak_expert,0,0.46410451355570065,1,weak_1_vote,1,1,0,0,1,1.0,dry1_wet0_unknown0,only_1_evaluator,0,0,logistic_regression__C0.001__pca128__no_whiten__gold1__wetcost1,False,1.0,1.0
f2d57d35-d8f6-480d-bb64-58a5676ed09c,0,dry,weak_expert,0,0.48571582782745076,1,weak_1_vote,1,1,0,0,1,1.0,dry1_wet0_unknown0,only_1_evaluator,0,0,logistic_regression__C0.001__pca128__no_whiten__gold1__wetcost1,False,1.0,1.0
f4748a2e-b4b7-4b87-be75-8352db1c9b25,0,dry,weak_expert,0,0.2836044632728779,1,weak_1_vote,1,1,0,0,1,1.0,dry1_wet0_unknown0,only_1_evaluator,0,0,logistic_regression__C0.001__pca128__no_whiten__gold1__wetcost1,False,1.0,1.0
f4eaf2ba-b2e3-4755-893e-6ddb786189c9,0,dry,gold_expert,0,0.36347268985243136,1,gold_4_of_4,4,4,0,0,4,1.0,dry4_wet0_unknown0,4_evaluators_unanimous,0,0,logistic_regression__C0.001__pca128__no_whiten__gold1__wetcost1,False,1.0,1.0
f5a661dc-8161-4842-b1c3-cd7265896101,0,dry,weak_expert,0,0.4238270884180375,1,weak_1_vote,1,1,0,0,1,1.0,dry1_wet0_unknown0,only_1_evaluator,0,0,logistic_regression__C0.001__pca128__no_whiten__gold1__wetcost1,False,1.0,1.0
f6205ed8-a1cc-4685-aadc-c5bf8cc87490,0,dry,weak_expert,0,0.42430901287885264,1,weak_1_vote,1,1,0,0,1,1.0,dry1_wet0_unknown0,only_1_evaluator,0,0,logistic_regression__C0.001__pca128__no_whiten__gold1__wetcost1,False,1.0,1.0
f98206a8-8669-4527-b3c8-7064c9aa929e,0,dry,weak_expert,0,0.3592161108227869,1,weak_1_vote,1,1,0,0,1,1.0,dry1_wet0_unknown0,only_1_evaluator,0,0,logistic_regression__C0.001__pca128__no_whiten__gold1__wetcost1,False,1.0,1.0
f9b7c88c-63c0-489e-80c7-75ac6b11c182,0,dry,weak_expert,0,0.36115724794624565,1,weak_1_vote,1,1,0,0,1,1.0,dry1_wet0_unknown0,only_1_evaluator,0,0,logistic_regression__C0.001__pca128__no_whiten__gold1__wetcost1,False,1.0,1.0
fcc3203a-cc1f-4eb8-a652-39a43311f598,0,dry,weak_expert,0,0.3673111792327102,1,weak_1_vote,1,1,0,0,1,1.0,dry1_wet0_unknown0,only_1_evaluator,0,0,logistic_regression__C0.001__pca128__no_whiten__gold1__wetcost1,False,1.0,1.0
febc1922-0a6f-4667-8f5a-d28efdcd993d,0,dry,weak_expert,0,0.8043395791062404,1,weak_1_vote,1,1,0,0,1,1.0,dry1_wet0_unknown0,only_1_evaluator,1,1,logistic_regression__C0.001__pca128__no_whiten__gold1__wetcost1,False,1.0,1.0
ff8363d2-016d-4738-9499-4c62480886fb,0,dry,weak_expert,0,0.7580438458213071,1,weak_1_vote,1,1,0,0,1,1.0,dry1_wet0_unknown0,only_1_evaluator,1,1,logistic_regression__C0.001__pca128__no_whiten__gold1__wetcost1,False,1.0,1.0
ffedc843-bfc2-4ad6-a749-2bc86bdac84a,0,dry,weak_expert,0,0.5337031936601838,1,weak_1_vote,1,1,0,0,1,1.0,dry1_wet0_unknown0,only_1_evaluator,0,1,logistic_regression__C0.001__pca128__no_whiten__gold1__wetcost1,False,1.0,1.0
034aa6d3-6673-47a1-a319-325aa9be44a2,1,wet,weak_expert,0,0.5646194651272196,1,weak_1_vote,1,0,1,0,1,1.0,dry0_wet1_unknown0,only_1_evaluator,1,1,logistic_regression__C0.001__pca128__no_whiten__gold1__wetcost1,False,1.0,1.0
0a03da19-eb19-4f51-9860-78ad95fa8cb5,1,wet,weak_expert,0,0.299000634241526,1,weak_1_vote,1,0,1,0,1,1.0,dry0_wet1_unknown0,only_1_evaluator,0,0,logistic_regression__C0.001__pca128__no_whiten__gold1__wetcost1,False,1.0,1.0
0b0d7e10-8353-4124-a16b-bf96e405f63c,1,wet,weak_expert,0,0.5685079938358693,1,weak_1_vote,1,0,1,0,1,1.0,dry0_wet1_unknown0,only_1_evaluator,1,1,logistic_regression__C0.001__pca128__no_whiten__gold1__wetcost1,False,1.0,1.0
0b467189-37bc-488a-bf88-43611762fea8,1,wet,weak_expert,0,0.27688343129644394,1,weak_1_vote,1,0,1,0,1,1.0,dry0_wet1_unknown0,only_1_evaluator,0,0,logistic_regression__C0.001__pca128__no_whiten__gold1__wetcost1,False,1.0,1.0
0bbac203-c99f-4895-ad6a-85202f1d93a2,1,wet,weak_expert,0,0.6099793311504055,1,weak_1_vote,1,0,1,0,1,1.0,dry0_wet1_unknown0,only_1_evaluator,1,1,logistic_regression__C0.001__pca128__no_whiten__gold1__wetcost1,False,1.0,1.0
0ed0f24e-8e57-4183-9b9f-837a701f87df,1,wet,weak_expert,0,0.45878547211800674,1,weak_1_vote,1,0,1,0,1,1.0,dry0_wet1_unknown0,only_1_evaluator,0,0,logistic_regression__C0.001__pca128__no_whiten__gold1__wetcost1,False,1.0,1.0
13bbc1cd-358b-4e90-9a35-31428809eb2a,1,wet,weak_expert,0,0.2279914066902118,1,weak_1_vote,1,0,1,0,1,1.0,dry0_wet1_unknown0,only_1_evaluator,0,0,logistic_regression__C0.001__pca128__no_whiten__gold1__wetcost1,False,1.0,1.0
18722fbe-d240-457a-a0fc-2d9d09bfbcc8,1,wet,weak_expert,0,0.5703178379455979,1,weak_1_vote,1,0,1,0,1,1.0,dry0_wet1_unknown0,only_1_evaluator,1,1,logistic_regression__C0.001__pca128__no_whiten__gold1__wetcost1,False,1.0,1.0
191dca0e-7951-4aa3-9764-2761bd511955,1,wet,weak_expert,0,0.4338668781473593,1,weak_1_vote,1,0,1,0,1,1.0,dry0_wet1_unknown0,only_1_evaluator,0,0,logistic_regression__C0.001__pca128__no_whiten__gold1__wetcost1,False,1.0,1.0
1c21cb68-6ea8-4aa1-af22-2e64007554d7,1,wet,weak_expert,0,0.3820906907537004,1,weak_1_vote,1,0,1,0,1,1.0,dry0_wet1_unknown0,only_1_evaluator,0,0,logistic_regression__C0.001__pca128__no_whiten__gold1__wetcost1,False,1.0,1.0
2295a6f8-08d5-467f-8534-8329c9083f28,1,wet,weak_expert,0,0.5853806936707023,1,weak_1_vote,1,0,1,0,1,1.0,dry0_wet1_unknown0,only_1_evaluator,1,1,logistic_regression__C0.001__pca128__no_whiten__gold1__wetcost1,False,1.0,1.0
2499bd0e-4221-449a-8184-ee15e1c80b35,1,wet,weak_expert,0,0.490251035012651,1,weak_1_vote,1,0,1,0,1,1.0,dry0_wet1_unknown0,only_1_evaluator,0,0,logistic_regression__C0.001__pca128__no_whiten__gold1__wetcost1,False,1.0,1.0
255387fa-5934-4b9b-8c6d-9de47c3841b0,1,wet,weak_expert,0,0.309430584405831,1,weak_1_vote,1,0,1,0,1,1.0,dry0_wet1_unknown0,only_1_evaluator,0,0,logistic_regression__C0.001__pca128__no_whiten__gold1__wetcost1,False,1.0,1.0
2af862d9-7cac-4270-97de-ae4b4c293d07,1,wet,weak_expert,0,0.8057521256942528,1,weak_1_vote,1,0,1,0,1,1.0,dry0_wet1_unknown0,only_1_evaluator,1,1,logistic_regression__C0.001__pca128__no_whiten__gold1__wetcost1,False,1.0,1.0
2de3fb8f-20a6-4fa5-8428-11cad3338d37,1,wet,weak_expert,0,0.4441179285574757,1,weak_1_vote,1,0,1,0,1,1.0,dry0_wet1_unknown0,only_1_evaluator,0,0,logistic_regression__C0.001__pca128__no_whiten__gold1__wetcost1,False,1.0,1.0
332d696d-74bf-49ef-998a-764316780ee5,1,wet,weak_expert,0,0.494594522030359,1,weak_1_vote,1,0,1,0,1,1.0,dry0_wet1_unknown0,only_1_evaluator,0,0,logistic_regression__C0.001__pca128__no_whiten__gold1__wetcost1,False,1.0,1.0
338f9eb0-d1eb-4448-b183-15d75afece8c,1,wet,weak_expert,0,0.6867034628393003,1,weak_1_vote,1,0,1,0,1,1.0,dry0_wet1_unknown0,only_1_evaluator,1,1,logistic_regression__C0.001__pca128__no_whiten__gold1__wetcost1,False,1.0,1.0
3481b694-34fe-4b03-a529-88ef085815fd,1,wet,weak_expert,0,0.7285179282327957,1,weak_1_vote,1,0,1,0,1,1.0,dry0_wet1_unknown0,only_1_evaluator,1,1,logistic_regression__C0.001__pca128__no_whiten__gold1__wetcost1,False,1.0,1.0
34e4c711-fd77-4f76-babf-76437885227e,1,wet,weak_expert,0,0.5341019161100834,1,weak_1_vote,1,0,1,0,1,1.0,dry0_wet1_unknown0,only_1_evaluator,0,1,logistic_regression__C0.001__pca128__no_whiten__gold1__wetcost1,False,1.0,1.0
35647ec0-1566-4df0-ae5d-27b0357ece7c,1,wet,weak_expert,0,0.4693146800141275,1,weak_1_vote,1,0,1,0,1,1.0,dry0_wet1_unknown0,only_1_evaluator,0,0,logistic_regression__C0.001__pca128__no_whiten__gold1__wetcost1,False,1.0,1.0
38c23848-68c1-41a6-b8c8-5d0685dc0246,1,wet,weak_expert,0,0.7636052092102333,1,weak_1_vote,1,0,1,0,1,1.0,dry0_wet1_unknown0,only_1_evaluator,1,1,logistic_regression__C0.001__pca128__no_whiten__gold1__wetcost1,False,1.0,1.0
3c0efb34-6a14-4b8f-b759-b6e8f2a3c479,1,wet,weak_expert,0,0.6013356992725994,1,weak_1_vote,1,0,1,0,1,1.0,dry0_wet1_unknown0,only_1_evaluator,1,1,logistic_regression__C0.001__pca128__no_whiten__gold1__wetcost1,False,1.0,1.0
3d1a50bb-5d38-459e-91a0-e57c3ac04e45,1,wet,weak_expert,0,0.5177059069881971,1,weak_1_vote,1,0,1,0,1,1.0,dry0_wet1_unknown0,only_1_evaluator,0,1,logistic_regression__C0.001__pca128__no_whiten__gold1__wetcost1,False,1.0,1.0
3ecfa0a9-d972-4958-9e46-44dcf980601f,1,wet,weak_expert,0,0.37005108125871,1,weak_1_vote,1,0,1,0,1,1.0,dry0_wet1_unknown0,only_1_evaluator,0,0,logistic_regression__C0.001__pca128__no_whiten__gold1__wetcost1,False,1.0,1.0
42dcff9d-b2e1-4b9e-bd93-81a0a100d232,1,wet,weak_expert,0,0.5508785695893984,1,weak_1_vote,1,0,1,0,1,1.0,dry0_wet1_unknown0,only_1_evaluator,1,1,logistic_regression__C0.001__pca128__no_whiten__gold1__wetcost1,False,1.0,1.0
43d84d62-8837-479b-bcb6-30effd9ecbc3,1,wet,weak_expert,0,0.7872203632013324,1,weak_1_vote,1,0,1,0,1,1.0,dry0_wet1_unknown0,only_1_evaluator,1,1,logistic_regression__C0.001__pca128__no_whiten__gold1__wetcost1,False,1.0,1.0
44e9099f-aac3-4669-a80c-2ee40d65faef,1,wet,weak_expert,0,0.6316099264681868,1,weak_1_vote,1,0,1,0,1,1.0,dry0_wet1_unknown0,only_1_evaluator,1,1,logistic_regression__C0.001__pca128__no_whiten__gold1__wetcost1,False,1.0,1.0
494f9956-42e9-4cbf-803a-796e3bff2844,1,wet,weak_expert,0,0.2338394334138651,1,weak_1_vote,1,0,1,0,1,1.0,dry0_wet1_unknown0,only_1_evaluator,0,0,logistic_regression__C0.001__pca128__no_whiten__gold1__wetcost1,False,1.0,1.0
4b03a48f-c4d7-41c6-9567-678141df90e1,1,wet,weak_expert,0,0.7942738755880488,1,weak_1_vote,1,0,1,0,1,1.0,dry0_wet1_unknown0,only_1_evaluator,1,1,logistic_regression__C0.001__pca128__no_whiten__gold1__wetcost1,False,1.0,1.0
4c56d691-9cda-499c-8613-59a9c5659003,1,wet,weak_expert,0,0.548555392039405,1,weak_1_vote,1,0,1,0,1,1.0,dry0_wet1_unknown0,only_1_evaluator,1,1,logistic_regression__C0.001__pca128__no_whiten__gold1__wetcost1,False,1.0,1.0
4ca22143-61f2-4f7a-a73e-6304d31a3871,1,wet,weak_expert,0,0.5629169966921913,1,weak_1_vote,1,0,1,0,1,1.0,dry0_wet1_unknown0,only_1_evaluator,1,1,logistic_regression__C0.001__pca128__no_whiten__gold1__wetcost1,False,1.0,1.0
4fcf0262-b38d-438e-8253-c4f45d20071d,1,wet,weak_expert,0,0.6575261688822639,1,weak_1_vote,1,0,1,0,1,1.0,dry0_wet1_unknown0,only_1_evaluator,1,1,logistic_regression__C0.001__pca128__no_whiten__gold1__wetcost1,False,1.0,1.0
4ff8d59c-1714-4de5-bdd0-15e6f5bafb6b,1,wet,weak_expert,0,0.3214079163628423,1,weak_1_vote,1,0,1,0,1,1.0,dry0_wet1_unknown0,only_1_evaluator,0,0,logistic_regression__C0.001__pca128__no_whiten__gold1__wetcost1,False,1.0,1.0
56da1f04-fe81-4928-a1de-0f3b9d333c12,1,wet,weak_expert,0,0.5958544224743786,1,weak_1_vote,1,0,1,0,1,1.0,dry0_wet1_unknown0,only_1_evaluator,1,1,logistic_regression__C0.001__pca128__no_whiten__gold1__wetcost1,False,1.0,1.0
5ab08ae7-0124-4a60-a2dc-d4a0845cc55b,1,wet,weak_expert,0,0.7629366214833644,1,weak_1_vote,1,0,1,0,1,1.0,dry0_wet1_unknown0,only_1_evaluator,1,1,logistic_regression__C0.001__pca128__no_whiten__gold1__wetcost1,False,1.0,1.0
5b3b1fd8-70c2-4b40-b759-e2cad6fe9a97,1,wet,weak_expert,0,0.37852649823695467,1,weak_1_vote,1,0,1,0,1,1.0,dry0_wet1_unknown0,only_1_evaluator,0,0,logistic_regression__C0.001__pca128__no_whiten__gold1__wetcost1,False,1.0,1.0
6462d540-48bc-410b-b08e-cdf0b45ee118,1,wet,gold_expert,0,0.3909837686957856,1,gold_3_of_4,4,0,3,1,3,0.75,dry0_wet3_unknown1,3_of_4_agree,0,0,logistic_regression__C0.001__pca128__no_whiten__gold1__wetcost1,False,1.0,1.0
6ad6d999-71c0-409b-970e-03aee3078306,1,wet,weak_expert,0,0.3690304787956973,1,weak_1_vote,1,0,1,0,1,1.0,dry0_wet1_unknown0,only_1_evaluator,0,0,logistic_regression__C0.001__pca128__no_whiten__gold1__wetcost1,False,1.0,1.0
6ea6af0c-0f77-46d6-a65b-8df3a925d231,1,wet,weak_expert,0,0.47624627759128035,1,weak_1_vote,1,0,1,0,1,1.0,dry0_wet1_unknown0,only_1_evaluator,0,0,logistic_regression__C0.001__pca128__no_whiten__gold1__wetcost1,False,1.0,1.0
706b1acc-0e61-499e-abb1-43de015eef46,1,wet,weak_expert,0,0.5119186343555848,1,weak_1_vote,1,0,1,0,1,1.0,dry0_wet1_unknown0,only_1_evaluator,0,1,logistic_regression__C0.001__pca128__no_whiten__gold1__wetcost1,False,1.0,1.0
73786652-bf01-4a78-8e04-7c44a77d5108,1,wet,weak_expert,0,0.652498271775473,1,weak_1_vote,1,0,1,0,1,1.0,dry0_wet1_unknown0,only_1_evaluator,1,1,logistic_regression__C0.001__pca128__no_whiten__gold1__wetcost1,False,1.0,1.0
752cd126-1698-4d9d-9649-a1177196d769,1,wet,weak_expert,0,0.313479321936893,1,weak_1_vote,1,0,1,0,1,1.0,dry0_wet1_unknown0,only_1_evaluator,0,0,logistic_regression__C0.001__pca128__no_whiten__gold1__wetcost1,False,1.0,1.0
7667763a-3a74-4a29-b5f3-67b626922e05,1,wet,weak_expert,0,0.3732842986684537,1,weak_1_vote,1,0,1,0,1,1.0,dry0_wet1_unknown0,only_1_evaluator,0,0,logistic_regression__C0.001__pca128__no_whiten__gold1__wetcost1,False,1.0,1.0
7b5698cb-b713-4f6d-bb5f-6142b6f509a3,1,wet,weak_expert,0,0.29274830407093205,1,weak_1_vote,1,0,1,0,1,1.0,dry0_wet1_unknown0,only_1_evaluator,0,0,logistic_regression__C0.001__pca128__no_whiten__gold1__wetcost1,False,1.0,1.0
80cb70ea-369c-44aa-b304-b72b5fe3d07b,1,wet,weak_expert,0,0.7304601197677356,1,weak_1_vote,1,0,1,0,1,1.0,dry0_wet1_unknown0,only_1_evaluator,1,1,logistic_regression__C0.001__pca128__no_whiten__gold1__wetcost1,False,1.0,1.0
88e12b5e-5946-4d70-b2e2-20fc2d8d7d0f,1,wet,weak_expert,0,0.7864534881758339,1,weak_1_vote,1,0,1,0,1,1.0,dry0_wet1_unknown0,only_1_evaluator,1,1,logistic_regression__C0.001__pca128__no_whiten__gold1__wetcost1,False,1.0,1.0
8960f83e-bc0f-48f9-b913-a905b11378d8,1,wet,weak_expert,0,0.7639975145969462,1,weak_1_vote,1,0,1,0,1,1.0,dry0_wet1_unknown0,only_1_evaluator,1,1,logistic_regression__C0.001__pca128__no_whiten__gold1__wetcost1,False,1.0,1.0
8a7a47d9-7bcc-4eb2-9b93-bf2bf0eccba8,1,wet,weak_expert,0,0.24624669234562085,1,weak_1_vote,1,0,1,0,1,1.0,dry0_wet1_unknown0,only_1_evaluator,0,0,logistic_regression__C0.001__pca128__no_whiten__gold1__wetcost1,False,1.0,1.0
8e40d48d-8f5d-4892-8103-451b2679283f,1,wet,weak_expert,0,0.4968668354838625,1,weak_1_vote,1,0,1,0,1,1.0,dry0_wet1_unknown0,only_1_evaluator,0,0,logistic_regression__C0.001__pca128__no_whiten__gold1__wetcost1,False,1.0,1.0
906c93d3-6615-478b-a7a1-803a5a15d360,1,wet,weak_expert,0,0.6966035836341791,1,weak_1_vote,1,0,1,0,1,1.0,dry0_wet1_unknown0,only_1_evaluator,1,1,logistic_regression__C0.001__pca128__no_whiten__gold1__wetcost1,False,1.0,1.0
93711a18-72ba-4e31-a846-73e3baf84128,1,wet,weak_expert,0,0.8286732087070577,1,weak_1_vote,1,0,1,0,1,1.0,dry0_wet1_unknown0,only_1_evaluator,1,1,logistic_regression__C0.001__pca128__no_whiten__gold1__wetcost1,False,1.0,1.0
980be57b-b54c-4e5e-871f-41ef7785dae5,1,wet,weak_expert,0,0.31316262404117445,1,weak_1_vote,1,0,1,0,1,1.0,dry0_wet1_unknown0,only_1_evaluator,0,0,logistic_regression__C0.001__pca128__no_whiten__gold1__wetcost1,False,1.0,1.0
9aad0bb1-3d4e-430b-964f-2a8b27a20143,1,wet,weak_expert,0,0.5133769156959815,1,weak_1_vote,1,0,1,0,1,1.0,dry0_wet1_unknown0,only_1_evaluator,0,1,logistic_regression__C0.001__pca128__no_whiten__gold1__wetcost1,False,1.0,1.0
9f671ce6-784b-4e64-bcd9-086a4f2db274,1,wet,weak_expert,0,0.8111235806191286,1,weak_1_vote,1,0,1,0,1,1.0,dry0_wet1_unknown0,only_1_evaluator,1,1,logistic_regression__C0.001__pca128__no_whiten__gold1__wetcost1,False,1.0,1.0
a03baece-440f-4026-9705-4fcb2bc9e065,1,wet,weak_expert,0,0.9777606635031698,1,weak_1_vote,1,0,1,0,1,1.0,dry0_wet1_unknown0,only_1_evaluator,1,1,logistic_regression__C0.001__pca128__no_whiten__gold1__wetcost1,False,1.0,1.0
a6645b1d-dadc-4258-b03b-c5b3f05d519d,1,wet,weak_expert,0,0.8385871892674718,1,weak_1_vote,1,0,1,0,1,1.0,dry0_wet1_unknown0,only_1_evaluator,1,1,logistic_regression__C0.001__pca128__no_whiten__gold1__wetcost1,False,1.0,1.0
a8b75ca3-e846-415b-809b-5a7c2c9024eb,1,wet,weak_expert,0,0.7164000559716865,1,weak_1_vote,1,0,1,0,1,1.0,dry0_wet1_unknown0,only_1_evaluator,1,1,logistic_regression__C0.001__pca128__no_whiten__gold1__wetcost1,False,1.0,1.0
a9910dca-8898-4eed-90ed-1371a22c64e6,1,wet,weak_expert,0,0.35576450000096005,1,weak_1_vote,1,0,1,0,1,1.0,dry0_wet1_unknown0,only_1_evaluator,0,0,logistic_regression__C0.001__pca128__no_whiten__gold1__wetcost1,False,1.0,1.0
b5314535-17c1-407c-9028-f6c63f83e362,1,wet,weak_expert,0,0.7699864730978843,1,weak_1_vote,1,0,1,0,1,1.0,dry0_wet1_unknown0,only_1_evaluator,1,1,logistic_regression__C0.001__pca128__no_whiten__gold1__wetcost1,False,1.0,1.0
bb84b88b-acd0-4975-8d43-0d0ebbf071f3,1,wet,weak_expert,0,0.4710375985936129,1,weak_1_vote,1,0,1,0,1,1.0,dry0_wet1_unknown0,only_1_evaluator,0,0,logistic_regression__C0.001__pca128__no_whiten__gold1__wetcost1,False,1.0,1.0
bc74e39c-ab99-475d-932c-289473b9de54,1,wet,weak_expert,0,0.37670253891534955,1,weak_1_vote,1,0,1,0,1,1.0,dry0_wet1_unknown0,only_1_evaluator,0,0,logistic_regression__C0.001__pca128__no_whiten__gold1__wetcost1,False,1.0,1.0
bfb9c86e-eead-44ac-8969-ea42e869a3a3,1,wet,weak_expert,0,0.6561984824843063,1,weak_1_vote,1,0,1,0,1,1.0,dry0_wet1_unknown0,only_1_evaluator,1,1,logistic_regression__C0.001__pca128__no_whiten__gold1__wetcost1,False,1.0,1.0
c73c0e08-c880-4f04-a432-150d9c955b0c,1,wet,weak_expert,0,0.8023233114220909,1,weak_1_vote,1,0,1,0,1,1.0,dry0_wet1_unknown0,only_1_evaluator,1,1,logistic_regression__C0.001__pca128__no_whiten__gold1__wetcost1,False,1.0,1.0
cafcbee4-cfe7-4bac-8bbe-ba98da2b9179,1,wet,weak_expert,0,0.5666061062359123,1,weak_1_vote,1,0,1,0,1,1.0,dry0_wet1_unknown0,only_1_evaluator,1,1,logistic_regression__C0.001__pca128__no_whiten__gold1__wetcost1,False,1.0,1.0
cbdd4f1b-a67e-46e3-8f1a-a52da5689294,1,wet,weak_expert,0,0.8619898052875613,1,weak_1_vote,1,0,1,0,1,1.0,dry0_wet1_unknown0,only_1_evaluator,1,1,logistic_regression__C0.001__pca128__no_whiten__gold1__wetcost1,False,1.0,1.0
d50fb043-08aa-4960-94f7-e9bbc690e70d,1,wet,weak_expert,0,0.30529709130448685,1,weak_1_vote,1,0,1,0,1,1.0,dry0_wet1_unknown0,only_1_evaluator,0,0,logistic_regression__C0.001__pca128__no_whiten__gold1__wetcost1,False,1.0,1.0
d9b4a30f-682d-4889-b65f-b359f4ebc74d,1,wet,gold_expert,0,0.5995619928190082,1,gold_4_of_4,4,0,4,0,4,1.0,dry0_wet4_unknown0,4_evaluators_unanimous,1,1,logistic_regression__C0.001__pca128__no_whiten__gold1__wetcost1,False,1.0,1.0
dccd10ed-751e-462c-9513-340d89510ea6,1,wet,weak_expert,0,0.28959377737889774,1,weak_1_vote,1,0,1,0,1,1.0,dry0_wet1_unknown0,only_1_evaluator,0,0,logistic_regression__C0.001__pca128__no_whiten__gold1__wetcost1,False,1.0,1.0
dd26e157-4b48-45b4-9d57-90ed5ed1d06b,1,wet,weak_expert,0,0.47064533632141864,1,weak_1_vote,1,0,1,0,1,1.0,dry0_wet1_unknown0,only_1_evaluator,0,0,logistic_regression__C0.001__pca128__no_whiten__gold1__wetcost1,False,1.0,1.0
e16268c9-dc19-43d9-b55b-b01258603ae5,1,wet,weak_expert,0,0.4905694194274148,1,weak_1_vote,1,0,1,0,1,1.0,dry0_wet1_unknown0,only_1_evaluator,0,0,logistic_regression__C0.001__pca128__no_whiten__gold1__wetcost1,False,1.0,1.0
e35305cb-6b8a-4c37-a216-3857fab648e7,1,wet,weak_expert,0,0.6880469723369962,1,weak_1_vote,1,0,1,0,1,1.0,dry0_wet1_unknown0,only_1_evaluator,1,1,logistic_regression__C0.001__pca128__no_whiten__gold1__wetcost1,False,1.0,1.0
ec1c43c9-5043-4735-9f66-905e47e22b48,1,wet,weak_expert,0,0.9441956057845312,1,weak_1_vote,1,0,1,0,1,1.0,dry0_wet1_unknown0,only_1_evaluator,1,1,logistic_regression__C0.001__pca128__no_whiten__gold1__wetcost1,False,1.0,1.0
f347e2ac-a8f0-4eb1-8d14-088345ca7a7b,1,wet,weak_expert,0,0.5278422845846685,1,weak_1_vote,1,0,1,0,1,1.0,dry0_wet1_unknown0,only_1_evaluator,0,1,logistic_regression__C0.001__pca128__no_whiten__gold1__wetcost1,False,1.0,1.0
f5608979-5563-4e30-804a-901f50270c60,1,wet,weak_expert,0,0.7084219573182234,1,weak_1_vote,1,0,1,0,1,1.0,dry0_wet1_unknown0,only_1_evaluator,1,1,logistic_regression__C0.001__pca128__no_whiten__gold1__wetcost1,False,1.0,1.0
fbd52f87-029f-4bd9-86ed-4743018722e8,1,wet,weak_expert,0,0.4810961689424997,1,weak_1_vote,1,0,1,0,1,1.0,dry0_wet1_unknown0,only_1_evaluator,0,0,logistic_regression__C0.001__pca128__no_whiten__gold1__wetcost1,False,1.0,1.0
fd59bf10-ea8f-4401-a6d9-a9cce4e8303f,1,wet,weak_expert,0,0.699474317967131,1,weak_1_vote,1,0,1,0,1,1.0,dry0_wet1_unknown0,only_1_evaluator,1,1,logistic_regression__C0.001__pca128__no_whiten__gold1__wetcost1,False,1.0,1.0
00ce5b06-c302-4387-bbd7-86355a4a8c12,0,dry,weak_expert,1,0.8183395187080589,1,weak_1_vote,1,1,0,0,1,1.0,dry1_wet0_unknown0,only_1_evaluator,1,1,logistic_regression__C0.001__pca128__no_whiten__gold1__wetcost1,False,1.0,1.0
0177b817-0ba3-498a-bc05-48bc66cc91b8,0,dry,weak_expert,1,0.3377276048931671,1,weak_1_vote,1,1,0,0,1,1.0,dry1_wet0_unknown0,only_1_evaluator,0,0,logistic_regression__C0.001__pca128__no_whiten__gold1__wetcost1,False,1.0,1.0
036d875c-d39b-45f1-a17f-7f7badf0aa42,0,dry,weak_expert,1,0.6352469865193138,1,weak_1_vote,1,1,0,0,1,1.0,dry1_wet0_unknown0,only_1_evaluator,1,1,logistic_regression__C0.001__pca128__no_whiten__gold1__wetcost1,False,1.0,1.0
0379c586-c500-483c-83a6-95b63afe6931,0,dry,weak_expert,1,0.5846429962816043,1,weak_1_vote,1,1,0,0,1,1.0,dry1_wet0_unknown0,only_1_evaluator,1,1,logistic_regression__C0.001__pca128__no_whiten__gold1__wetcost1,False,1.0,1.0
03fca101-9ce7-4eb9-aeae-a6f8d4ee5599,0,dry,weak_expert,1,0.27538147223406967,1,weak_1_vote,1,1,0,0,1,1.0,dry1_wet0_unknown0,only_1_evaluator,0,0,logistic_regression__C0.001__pca128__no_whiten__gold1__wetcost1,False,1.0,1.0
07e33d6b-560d-4c16-8d7e-ecd5ddb3b195,0,dry,weak_expert,1,0.603384781433137,1,weak_1_vote,1,1,0,0,1,1.0,dry1_wet0_unknown0,only_1_evaluator,1,1,logistic_regression__C0.001__pca128__no_whiten__gold1__wetcost1,False,1.0,1.0
07f95718-2edc-4baa-9e18-3c6e04eb6e39,0,dry,weak_expert,1,0.5628257498185603,1,weak_1_vote,1,1,0,0,1,1.0,dry1_wet0_unknown0,only_1_evaluator,1,1,logistic_regression__C0.001__pca128__no_whiten__gold1__wetcost1,False,1.0,1.0
0c35e382-31cd-42cb-bc87-8a84b9c52a41,0,dry,weak_expert,1,0.7030697325947339,1,weak_1_vote,1,1,0,0,1,1.0,dry1_wet0_unknown0,only_1_evaluator,1,1,logistic_regression__C0.001__pca128__no_whiten__gold1__wetcost1,False,1.0,1.0
0eba0c0a-5609-4777-903d-b15292798250,0,dry,weak_expert,1,0.5043397562613877,1,weak_1_vote,1,1,0,0,1,1.0,dry1_wet0_unknown0,only_1_evaluator,0,1,logistic_regression__C0.001__pca128__no_whiten__gold1__wetcost1,False,1.0,1.0
0f38cc71-e212-481e-ad6f-7ab087eb3cdb,0,dry,weak_expert,1,0.5103333524754449,1,weak_1_vote,1,1,0,0,1,1.0,dry1_wet0_unknown0,only_1_evaluator,0,1,logistic_regression__C0.001__pca128__no_whiten__gold1__wetcost1,False,1.0,1.0
0f87635c-4a6c-4c84-aaae-34afc236c22b,0,dry,weak_expert,1,0.5861950454630139,1,weak_1_vote,1,1,0,0,1,1.0,dry1_wet0_unknown0,only_1_evaluator,1,1,logistic_regression__C0.001__pca128__no_whiten__gold1__wetcost1,False,1.0,1.0
100fa960-30ee-4dfd-9364-38cf878709a0,0,dry,weak_expert,1,0.32027721530243203,1,weak_1_vote,1,1,0,0,1,1.0,dry1_wet0_unknown0,only_1_evaluator,0,0,logistic_regression__C0.001__pca128__no_whiten__gold1__wetcost1,False,1.0,1.0
11e0ed82-8f65-4a71-81cf-20fed63f9e51,0,dry,weak_expert,1,0.4421394675691943,1,weak_1_vote,1,1,0,0,1,1.0,dry1_wet0_unknown0,only_1_evaluator,0,0,logistic_regression__C0.001__pca128__no_whiten__gold1__wetcost1,False,1.0,1.0
13606b20-6081-484b-93e2-dd80648bfe06,0,dry,weak_expert,1,0.6061767404422348,1,weak_1_vote,1,1,0,0,1,1.0,dry1_wet0_unknown0,only_1_evaluator,1,1,logistic_regression__C0.001__pca128__no_whiten__gold1__wetcost1,False,1.0,1.0
13db4f04-6a75-4ae6-a8ed-45efb08cd0a3,0,dry,weak_expert,1,0.35469311530434444,1,weak_1_vote,1,1,0,0,1,1.0,dry1_wet0_unknown0,only_1_evaluator,0,0,logistic_regression__C0.001__pca128__no_whiten__gold1__wetcost1,False,1.0,1.0
154161ff-1243-49c0-a377-72992b6954e3,0,dry,weak_expert,1,0.5946888394123397,1,weak_1_vote,1,1,0,0,1,1.0,dry1_wet0_unknown0,only_1_evaluator,1,1,logistic_regression__C0.001__pca128__no_whiten__gold1__wetcost1,False,1.0,1.0
15a88a65-a01f-4d31-9cb3-a8b46bb8b780,0,dry,weak_expert,1,0.47123145463959476,1,weak_1_vote,1,1,0,0,1,1.0,dry1_wet0_unknown0,only_1_evaluator,0,0,logistic_regression__C0.001__pca128__no_whiten__gold1__wetcost1,False,1.0,1.0
161d1ac7-7dc1-440e-96e1-fa091f76d828,0,dry,weak_expert,1,0.4587244269629757,1,weak_1_vote,1,1,0,0,1,1.0,dry1_wet0_unknown0,only_1_evaluator,0,0,logistic_regression__C0.001__pca128__no_whiten__gold1__wetcost1,False,1.0,1.0
16527cdc-bf15-4805-8f8d-28b11175ff5d,0,dry,weak_expert,1,0.6702979859024545,1,weak_1_vote,1,1,0,0,1,1.0,dry1_wet0_unknown0,only_1_evaluator,1,1,logistic_regression__C0.001__pca128__no_whiten__gold1__wetcost1,False,1.0,1.0
16f9b161-86c6-4af1-99cb-0ab327f10fed,0,dry,weak_expert,1,0.345427213425811,1,weak_1_vote,1,1,0,0,1,1.0,dry1_wet0_unknown0,only_1_evaluator,0,0,logistic_regression__C0.001__pca128__no_whiten__gold1__wetcost1,False,1.0,1.0
18736769-dad3-4fa6-88d5-6e8dfc951008,0,dry,weak_expert,1,0.725604362695362,1,weak_1_vote,1,1,0,0,1,1.0,dry1_wet0_unknown0,only_1_evaluator,1,1,logistic_regression__C0.001__pca128__no_whiten__gold1__wetcost1,False,1.0,1.0
1ba36c5a-542c-4164-aa43-b1f01f23f94d,0,dry,weak_expert,1,0.5028485267897322,1,weak_1_vote,1,1,0,0,1,1.0,dry1_wet0_unknown0,only_1_evaluator,0,1,logistic_regression__C0.001__pca128__no_whiten__gold1__wetcost1,False,1.0,1.0
1cc88f3a-3529-4cb8-a167-fc0cb5b0bfb6,0,dry,weak_expert,1,0.7141832374363835,1,weak_1_vote,1,1,0,0,1,1.0,dry1_wet0_unknown0,only_1_evaluator,1,1,logistic_regression__C0.001__pca128__no_whiten__gold1__wetcost1,False,1.0,1.0
1d19775f-175d-4fdd-8dfe-c080a0c8de45,0,dry,weak_expert,1,0.42360290364292386,1,weak_1_vote,1,1,0,0,1,1.0,dry1_wet0_unknown0,only_1_evaluator,0,0,logistic_regression__C0.001__pca128__no_whiten__gold1__wetcost1,False,1.0,1.0
2018bfea-0071-4aca-8d45-18dac4d65199,0,dry,weak_expert,1,0.36404601591165847,1,weak_1_vote,1,1,0,0,1,1.0,dry1_wet0_unknown0,only_1_evaluator,0,0,logistic_regression__C0.001__pca128__no_whiten__gold1__wetcost1,False,1.0,1.0
20602da6-a92f-40ad-81d2-1688f5f1fcde,0,dry,weak_expert,1,0.6294872614677605,1,weak_1_vote,1,1,0,0,1,1.0,dry1_wet0_unknown0,only_1_evaluator,1,1,logistic_regression__C0.001__pca128__no_whiten__gold1__wetcost1,False,1.0,1.0
2089c2bd-d408-429e-9f15-138343a5cc9c,0,dry,weak_expert,1,0.7246859884574699,1,weak_1_vote,1,1,0,0,1,1.0,dry1_wet0_unknown0,only_1_evaluator,1,1,logistic_regression__C0.001__pca128__no_whiten__gold1__wetcost1,False,1.0,1.0
20c748f1-3eba-47dd-84fa-b9160e4a1ac6,0,dry,weak_expert,1,0.6644350301985487,1,weak_1_vote,1,1,0,0,1,1.0,dry1_wet0_unknown0,only_1_evaluator,1,1,logistic_regression__C0.001__pca128__no_whiten__gold1__wetcost1,False,1.0,1.0
2137ce12-072a-499e-bf8d-5ef099aa4b6b,0,dry,weak_expert,1,0.5579021907801228,1,weak_1_vote,1,1,0,0,1,1.0,dry1_wet0_unknown0,only_1_evaluator,1,1,logistic_regression__C0.001__pca128__no_whiten__gold1__wetcost1,False,1.0,1.0
2519f0bc-6606-4537-acc2-b8fdec0ee15c,0,dry,weak_expert,1,0.5114964277969639,1,weak_1_vote,1,1,0,0,1,1.0,dry1_wet0_unknown0,only_1_evaluator,0,1,logistic_regression__C0.001__pca128__no_whiten__gold1__wetcost1,False,1.0,1.0
25b750e5-8a76-4c13-9fd8-851e45d1b5ed,0,dry,weak_expert,1,0.3296096374770391,1,weak_1_vote,1,1,0,0,1,1.0,dry1_wet0_unknown0,only_1_evaluator,0,0,logistic_regression__C0.001__pca128__no_whiten__gold1__wetcost1,False,1.0,1.0
27c2cc15-dd1e-455a-8bca-59794d2fe98f,0,dry,weak_expert,1,0.36810585150349695,1,weak_1_vote,1,1,0,0,1,1.0,dry1_wet0_unknown0,only_1_evaluator,0,0,logistic_regression__C0.001__pca128__no_whiten__gold1__wetcost1,False,1.0,1.0
296446a3-d81c-4aaa-897f-d80c849b95b0,0,dry,weak_expert,1,0.31556091264573455,1,weak_1_vote,1,1,0,0,1,1.0,dry1_wet0_unknown0,only_1_evaluator,0,0,logistic_regression__C0.001__pca128__no_whiten__gold1__wetcost1,False,1.0,1.0
29c56cde-7a9f-44dd-a1d6-f6e4878e33de,0,dry,weak_expert,1,0.4018149757445702,1,weak_1_vote,1,1,0,0,1,1.0,dry1_wet0_unknown0,only_1_evaluator,0,0,logistic_regression__C0.001__pca128__no_whiten__gold1__wetcost1,False,1.0,1.0
2aa1d5be-0191-4540-9159-77ec1faa4094,0,dry,weak_expert,1,0.31227738277847467,1,weak_1_vote,1,1,0,0,1,1.0,dry1_wet0_unknown0,only_1_evaluator,0,0,logistic_regression__C0.001__pca128__no_whiten__gold1__wetcost1,False,1.0,1.0
2cc2fd2e-6314-424a-977b-7237f935fb65,0,dry,gold_expert,1,0.29826225726590644,1,gold_3_of_4,4,3,1,0,3,0.75,dry3_wet1_unknown0,3_of_4_agree,0,0,logistic_regression__C0.001__pca128__no_whiten__gold1__wetcost1,False,1.0,1.0
2cfd466b-baa2-43f2-be7a-be2fb0e6dd66,0,dry,weak_expert,1,0.3141159640364481,1,weak_1_vote,1,1,0,0,1,1.0,dry1_wet0_unknown0,only_1_evaluator,0,0,logistic_regression__C0.001__pca128__no_whiten__gold1__wetcost1,False,1.0,1.0
2d090ab6-346d-4168-a8aa-57296bcaf6e0,0,dry,weak_expert,1,0.41144427153187413,1,weak_1_vote,1,1,0,0,1,1.0,dry1_wet0_unknown0,only_1_evaluator,0,0,logistic_regression__C0.001__pca128__no_whiten__gold1__wetcost1,False,1.0,1.0
2df9d90f-7616-482f-ae5a-e0c8d3ee4289,0,dry,weak_expert,1,0.3829345496520019,1,weak_1_vote,1,1,0,0,1,1.0,dry1_wet0_unknown0,only_1_evaluator,0,0,logistic_regression__C0.001__pca128__no_whiten__gold1__wetcost1,False,1.0,1.0
2f9750bf-c157-4326-b12f-b0fd5b6ec229,0,dry,weak_expert,1,0.37096257803951116,1,weak_1_vote,1,1,0,0,1,1.0,dry1_wet0_unknown0,only_1_evaluator,0,0,logistic_regression__C0.001__pca128__no_whiten__gold1__wetcost1,False,1.0,1.0
3245eebf-f4d3-4a72-ba74-26a5af5da2d1,0,dry,weak_expert,1,0.49906193221336986,1,weak_1_vote,1,1,0,0,1,1.0,dry1_wet0_unknown0,only_1_evaluator,0,0,logistic_regression__C0.001__pca128__no_whiten__gold1__wetcost1,False,1.0,1.0
39791f26-0507-4862-ada4-369e28225207,0,dry,weak_expert,1,0.40265156039945343,1,weak_1_vote,1,1,0,0,1,1.0,dry1_wet0_unknown0,only_1_evaluator,0,0,logistic_regression__C0.001__pca128__no_whiten__gold1__wetcost1,False,1.0,1.0
3ad08dbf-1d9e-4055-83fa-9a0e0bb45d34,0,dry,weak_expert,1,0.564531130900878,1,weak_1_vote,1,1,0,0,1,1.0,dry1_wet0_unknown0,only_1_evaluator,1,1,logistic_regression__C0.001__pca128__no_whiten__gold1__wetcost1,False,1.0,1.0
3b1db132-ba86-43e2-a35b-9638b5fce854,0,dry,weak_expert,1,0.5394320852357799,1,weak_1_vote,1,1,0,0,1,1.0,dry1_wet0_unknown0,only_1_evaluator,0,1,logistic_regression__C0.001__pca128__no_whiten__gold1__wetcost1,False,1.0,1.0
3b8e6988-cee6-4836-8c59-7ea1258b99b5,0,dry,weak_expert,1,0.6187655374871187,1,weak_1_vote,1,1,0,0,1,1.0,dry1_wet0_unknown0,only_1_evaluator,1,1,logistic_regression__C0.001__pca128__no_whiten__gold1__wetcost1,False,1.0,1.0
3bc2b14b-0b81-40bc-b6db-6f8864ede96a,0,dry,weak_expert,1,0.530922056661212,1,weak_1_vote,1,1,0,0,1,1.0,dry1_wet0_unknown0,only_1_evaluator,0,1,logistic_regression__C0.001__pca128__no_whiten__gold1__wetcost1,False,1.0,1.0
3e6c4fe1-b681-48d7-a576-5c4ddee41c70,0,dry,weak_expert,1,5.350213820160432e-08,1,weak_1_vote,1,1,0,0,1,1.0,dry1_wet0_unknown0,only_1_evaluator,0,0,logistic_regression__C0.001__pca128__no_whiten__gold1__wetcost1,False,1.0,1.0
3eadfa75-5906-4695-91fb-5726a24e02cd,0,dry,weak_expert,1,0.48425272037445277,1,weak_1_vote,1,1,0,0,1,1.0,dry1_wet0_unknown0,only_1_evaluator,0,0,logistic_regression__C0.001__pca128__no_whiten__gold1__wetcost1,False,1.0,1.0
3f2c6f57-c361-4fe7-ada8-5f47b6e8ee60,0,dry,weak_expert,1,0.3489924393753597,1,weak_1_vote,1,1,0,0,1,1.0,dry1_wet0_unknown0,only_1_evaluator,0,0,logistic_regression__C0.001__pca128__no_whiten__gold1__wetcost1,False,1.0,1.0
3f423152-d7aa-4c49-8c24-1fedcd4eb636,0,dry,weak_expert,1,0.2574092860891213,1,weak_1_vote,1,1,0,0,1,1.0,dry1_wet0_unknown0,only_1_evaluator,0,0,logistic_regression__C0.001__pca128__no_whiten__gold1__wetcost1,False,1.0,1.0
3fbe6119-b6d0-4aeb-beb8-19d1751ce190,0,dry,weak_expert,1,0.3748729395140673,1,weak_1_vote,1,1,0,0,1,1.0,dry1_wet0_unknown0,only_1_evaluator,0,0,logistic_regression__C0.001__pca128__no_whiten__gold1__wetcost1,False,1.0,1.0
408817b5-bd76-496d-9997-19cd7d36c45e,0,dry,weak_expert,1,0.3191608354791362,1,weak_1_vote,1,1,0,0,1,1.0,dry1_wet0_unknown0,only_1_evaluator,0,0,logistic_regression__C0.001__pca128__no_whiten__gold1__wetcost1,False,1.0,1.0
41793be3-8eb0-467d-b9a2-f09f6678fc4e,0,dry,weak_expert,1,0.3657902109282103,1,weak_1_vote,1,1,0,0,1,1.0,dry1_wet0_unknown0,only_1_evaluator,0,0,logistic_regression__C0.001__pca128__no_whiten__gold1__wetcost1,False,1.0,1.0
41bb08e9-6d43-41bc-bca2-a465f7dcf2f3,0,dry,weak_expert,1,0.2811454980642464,1,weak_1_vote,1,1,0,0,1,1.0,dry1_wet0_unknown0,only_1_evaluator,0,0,logistic_regression__C0.001__pca128__no_whiten__gold1__wetcost1,False,1.0,1.0
422a71b9-7343-4d2f-9170-8976d2dc532b,0,dry,weak_expert,1,0.5781084691312577,1,weak_1_vote,1,1,0,0,1,1.0,dry1_wet0_unknown0,only_1_evaluator,1,1,logistic_regression__C0.001__pca128__no_whiten__gold1__wetcost1,False,1.0,1.0
43517c5a-e8ee-49a1-9b28-c2d224300996,0,dry,weak_expert,1,0.9850428637661163,1,weak_1_vote,1,1,0,0,1,1.0,dry1_wet0_unknown0,only_1_evaluator,1,1,logistic_regression__C0.001__pca128__no_whiten__gold1__wetcost1,False,1.0,1.0
447f49c5-43e7-48a9-9a82-1afefd22725b,0,dry,weak_expert,1,0.5352680216997043,1,weak_1_vote,1,1,0,0,1,1.0,dry1_wet0_unknown0,only_1_evaluator,0,1,logistic_regression__C0.001__pca128__no_whiten__gold1__wetcost1,False,1.0,1.0
44d6d275-b422-4338-bda2-2d0cc203f72b,0,dry,weak_expert,1,0.36799790879074196,1,weak_1_vote,1,1,0,0,1,1.0,dry1_wet0_unknown0,only_1_evaluator,0,0,logistic_regression__C0.001__pca128__no_whiten__gold1__wetcost1,False,1.0,1.0
4564ccce-b037-4509-ac0b-a7c59a2a262a,0,dry,weak_expert,1,0.45286976091780834,1,weak_1_vote,1,1,0,0,1,1.0,dry1_wet0_unknown0,only_1_evaluator,0,0,logistic_regression__C0.001__pca128__no_whiten__gold1__wetcost1,False,1.0,1.0
4624e4da-10f1-44b0-855e-a7ac857fbc82,0,dry,weak_expert,1,0.2809213239638467,1,weak_1_vote,1,1,0,0,1,1.0,dry1_wet0_unknown0,only_1_evaluator,0,0,logistic_regression__C0.001__pca128__no_whiten__gold1__wetcost1,False,1.0,1.0
47298691-1737-4d18-b301-b3526e935c1e,0,dry,weak_expert,1,0.32636470620930536,1,weak_1_vote,1,1,0,0,1,1.0,dry1_wet0_unknown0,only_1_evaluator,0,0,logistic_regression__C0.001__pca128__no_whiten__gold1__wetcost1,False,1.0,1.0
49064a01-6e0f-45bd-8b1d-853438414e93,0,dry,weak_expert,1,0.4442107898194603,1,weak_1_vote,1,1,0,0,1,1.0,dry1_wet0_unknown0,only_1_evaluator,0,0,logistic_regression__C0.001__pca128__no_whiten__gold1__wetcost1,False,1.0,1.0
4c9ce6f7-8ca8-41b9-8e18-8cd3de335c48,0,dry,weak_expert,1,0.3015110135590937,1,weak_1_vote,1,1,0,0,1,1.0,dry1_wet0_unknown0,only_1_evaluator,0,0,logistic_regression__C0.001__pca128__no_whiten__gold1__wetcost1,False,1.0,1.0
4d230bec-1056-49ca-b274-c0825b924824,0,dry,weak_expert,1,0.6470591138266615,1,weak_1_vote,1,1,0,0,1,1.0,dry1_wet0_unknown0,only_1_evaluator,1,1,logistic_regression__C0.001__pca128__no_whiten__gold1__wetcost1,False,1.0,1.0
4e47612c-6c09-4580-a9b6-2eb6bf2ab40c,0,dry,weak_expert,1,0.32939437347853584,1,weak_1_vote,1,1,0,0,1,1.0,dry1_wet0_unknown0,only_1_evaluator,0,0,logistic_regression__C0.001__pca128__no_whiten__gold1__wetcost1,False,1.0,1.0
4e9f4130-2954-4d29-adf5-d26768d3ead3,0,dry,weak_expert,1,0.4513843183547268,1,weak_1_vote,1,1,0,0,1,1.0,dry1_wet0_unknown0,only_1_evaluator,0,0,logistic_regression__C0.001__pca128__no_whiten__gold1__wetcost1,False,1.0,1.0
4f468032-6c4f-438b-9f19-219859552c5d,0,dry,weak_expert,1,0.5615840648392771,1,weak_1_vote,1,1,0,0,1,1.0,dry1_wet0_unknown0,only_1_evaluator,1,1,logistic_regression__C0.001__pca128__no_whiten__gold1__wetcost1,False,1.0,1.0
4f5a4b71-46a6-42d8-aecd-7e0cc23d7d70,0,dry,weak_expert,1,0.44359357690313417,1,weak_1_vote,1,1,0,0,1,1.0,dry1_wet0_unknown0,only_1_evaluator,0,0,logistic_regression__C0.001__pca128__no_whiten__gold1__wetcost1,False,1.0,1.0
52f6838a-4033-4a71-84bb-81cbb4e64ab7,0,dry,gold_expert,1,0.2834777850826013,1,gold_4_of_4,4,4,0,0,4,1.0,dry4_wet0_unknown0,4_evaluators_unanimous,0,0,logistic_regression__C0.001__pca128__no_whiten__gold1__wetcost1,False,1.0,1.0
53325adb-0ff2-480a-8af0-fd9da2a10322,0,dry,weak_expert,1,0.6709707906414694,1,weak_1_vote,1,1,0,0,1,1.0,dry1_wet0_unknown0,only_1_evaluator,1,1,logistic_regression__C0.001__pca128__no_whiten__gold1__wetcost1,False,1.0,1.0
552dda14-3fea-4473-b39a-f409eb6a08f7,0,dry,weak_expert,1,0.4209054392852951,1,weak_1_vote,1,1,0,0,1,1.0,dry1_wet0_unknown0,only_1_evaluator,0,0,logistic_regression__C0.001__pca128__no_whiten__gold1__wetcost1,False,1.0,1.0
5607860e-70fd-4fab-8e93-158ecedabdaa,0,dry,weak_expert,1,0.7075619240342086,1,weak_1_vote,1,1,0,0,1,1.0,dry1_wet0_unknown0,only_1_evaluator,1,1,logistic_regression__C0.001__pca128__no_whiten__gold1__wetcost1,False,1.0,1.0
56e28407-7719-45a2-93a3-9dc34f6e2560,0,dry,weak_expert,1,0.36650076780065166,1,weak_1_vote,1,1,0,0,1,1.0,dry1_wet0_unknown0,only_1_evaluator,0,0,logistic_regression__C0.001__pca128__no_whiten__gold1__wetcost1,False,1.0,1.0
5729ad12-0130-4b4f-8865-159fbf93018a,0,dry,weak_expert,1,0.6405351537847203,1,weak_1_vote,1,1,0,0,1,1.0,dry1_wet0_unknown0,only_1_evaluator,1,1,logistic_regression__C0.001__pca128__no_whiten__gold1__wetcost1,False,1.0,1.0
5806ea47-6382-4268-bc3b-2be28a600e15,0,dry,weak_expert,1,0.4073743820665659,1,weak_1_vote,1,1,0,0,1,1.0,dry1_wet0_unknown0,only_1_evaluator,0,0,logistic_regression__C0.001__pca128__no_whiten__gold1__wetcost1,False,1.0,1.0
5874af96-541d-443c-878d-996bd7bfa1cf,0,dry,weak_expert,1,0.4085366468434438,1,weak_1_vote,1,1,0,0,1,1.0,dry1_wet0_unknown0,only_1_evaluator,0,0,logistic_regression__C0.001__pca128__no_whiten__gold1__wetcost1,False,1.0,1.0
5ab4d303-64be-4ea4-a65e-8681659e8e5f,0,dry,weak_expert,1,0.5932301789601632,1,weak_1_vote,1,1,0,0,1,1.0,dry1_wet0_unknown0,only_1_evaluator,1,1,logistic_regression__C0.001__pca128__no_whiten__gold1__wetcost1,False,1.0,1.0
5bcb66a6-ed26-45fc-a0a1-c7286a01de66,0,dry,weak_expert,1,0.2494836828967302,1,weak_1_vote,1,1,0,0,1,1.0,dry1_wet0_unknown0,only_1_evaluator,0,0,logistic_regression__C0.001__pca128__no_whiten__gold1__wetcost1,False,1.0,1.0
5d29532f-943b-4726-aca8-21191eeba327,0,dry,weak_expert,1,0.4669969904629771,1,weak_1_vote,1,1,0,0,1,1.0,dry1_wet0_unknown0,only_1_evaluator,0,0,logistic_regression__C0.001__pca128__no_whiten__gold1__wetcost1,False,1.0,1.0
5e2dd52b-f9f1-4647-ac69-858dcb6f7611,0,dry,weak_expert,1,0.2781818998808111,1,weak_1_vote,1,1,0,0,1,1.0,dry1_wet0_unknown0,only_1_evaluator,0,0,logistic_regression__C0.001__pca128__no_whiten__gold1__wetcost1,False,1.0,1.0
64522664-f2f7-4141-9b74-ba0b9d181c31,0,dry,weak_expert,1,0.6948901541239462,1,weak_1_vote,1,1,0,0,1,1.0,dry1_wet0_unknown0,only_1_evaluator,1,1,logistic_regression__C0.001__pca128__no_whiten__gold1__wetcost1,False,1.0,1.0
64d7d0e6-715c-4fd2-a0e8-334122b61ff2,0,dry,weak_expert,1,0.20728393105996648,1,weak_1_vote,1,1,0,0,1,1.0,dry1_wet0_unknown0,only_1_evaluator,0,0,logistic_regression__C0.001__pca128__no_whiten__gold1__wetcost1,False,1.0,1.0
64e6a399-4aff-4758-a7a1-68f5460bd320,0,dry,weak_expert,1,0.9116504088286123,1,weak_1_vote,1,1,0,0,1,1.0,dry1_wet0_unknown0,only_1_evaluator,1,1,logistic_regression__C0.001__pca128__no_whiten__gold1__wetcost1,False,1.0,1.0
65be7822-e7c7-4fdc-9549-bf3fac30f919,0,dry,weak_expert,1,0.37138637500110133,1,weak_1_vote,1,1,0,0,1,1.0,dry1_wet0_unknown0,only_1_evaluator,0,0,logistic_regression__C0.001__pca128__no_whiten__gold1__wetcost1,False,1.0,1.0
6604cf63-454a-4b13-9fc9-95eb74566e8e,0,dry,weak_expert,1,0.47809787507242674,1,weak_1_vote,1,1,0,0,1,1.0,dry1_wet0_unknown0,only_1_evaluator,0,0,logistic_regression__C0.001__pca128__no_whiten__gold1__wetcost1,False,1.0,1.0
662fb840-9285-4fed-a114-633a324dc49f,0,dry,weak_expert,1,0.5803535799837006,1,weak_1_vote,1,1,0,0,1,1.0,dry1_wet0_unknown0,only_1_evaluator,1,1,logistic_regression__C0.001__pca128__no_whiten__gold1__wetcost1,False,1.0,1.0
67b0eab5-c09a-406b-9d1f-17562da9a7dd,0,dry,weak_expert,1,0.47186151219227795,1,weak_1_vote,1,1,0,0,1,1.0,dry1_wet0_unknown0,only_1_evaluator,0,0,logistic_regression__C0.001__pca128__no_whiten__gold1__wetcost1,False,1.0,1.0
68d5215b-afdb-4b7a-81d3-fbd5677de7b4,0,dry,weak_expert,1,0.3845878984290817,1,weak_1_vote,1,1,0,0,1,1.0,dry1_wet0_unknown0,only_1_evaluator,0,0,logistic_regression__C0.001__pca128__no_whiten__gold1__wetcost1,False,1.0,1.0
69101dc9-dfd5-43b5-b063-54a2e634e021,0,dry,weak_expert,1,0.5198089775782637,1,weak_1_vote,1,1,0,0,1,1.0,dry1_wet0_unknown0,only_1_evaluator,0,1,logistic_regression__C0.001__pca128__no_whiten__gold1__wetcost1,False,1.0,1.0
6a15ea48-771c-4a7f-bab6-d348dcc6aabd,0,dry,weak_expert,1,0.7546635972368948,1,weak_1_vote,1,1,0,0,1,1.0,dry1_wet0_unknown0,only_1_evaluator,1,1,logistic_regression__C0.001__pca128__no_whiten__gold1__wetcost1,False,1.0,1.0
6aa04a12-6e9a-4b9c-80da-a9fa01fc1757,0,dry,weak_expert,1,0.12576725619011173,1,weak_1_vote,1,1,0,0,1,1.0,dry1_wet0_unknown0,only_1_evaluator,0,0,logistic_regression__C0.001__pca128__no_whiten__gold1__wetcost1,False,1.0,1.0
6d194cdc-ba5a-40ba-8232-5bf150026c67,0,dry,weak_expert,1,0.49850036149904287,1,weak_1_vote,1,1,0,0,1,1.0,dry1_wet0_unknown0,only_1_evaluator,0,0,logistic_regression__C0.001__pca128__no_whiten__gold1__wetcost1,False,1.0,1.0
6d528de2-cf20-4caa-a22e-ffc588c0bacb,0,dry,weak_expert,1,0.6039730794511264,1,weak_1_vote,1,1,0,0,1,1.0,dry1_wet0_unknown0,only_1_evaluator,1,1,logistic_regression__C0.001__pca128__no_whiten__gold1__wetcost1,False,1.0,1.0
6e348474-0779-49fa-afdf-49420f8ad6b2,0,dry,weak_expert,1,0.41610187758824424,1,weak_1_vote,1,1,0,0,1,1.0,dry1_wet0_unknown0,only_1_evaluator,0,0,logistic_regression__C0.001__pca128__no_whiten__gold1__wetcost1,False,1.0,1.0
7023acad-4e24-444b-b0a6-a3aa54bd321b,0,dry,weak_expert,1,0.7525753018072824,1,weak_1_vote,1,1,0,0,1,1.0,dry1_wet0_unknown0,only_1_evaluator,1,1,logistic_regression__C0.001__pca128__no_whiten__gold1__wetcost1,False,1.0,1.0
7117304a-e59b-42c9-bea9-3c6f17b0d30e,0,dry,weak_expert,1,0.3290322613803903,1,weak_1_vote,1,1,0,0,1,1.0,dry1_wet0_unknown0,only_1_evaluator,0,0,logistic_regression__C0.001__pca128__no_whiten__gold1__wetcost1,False,1.0,1.0
72418df9-2a0a-4da5-922d-7a1d5d12ab80,0,dry,weak_expert,1,0.36642306736514485,1,weak_1_vote,1,1,0,0,1,1.0,dry1_wet0_unknown0,only_1_evaluator,0,0,logistic_regression__C0.001__pca128__no_whiten__gold1__wetcost1,False,1.0,1.0
74048b34-b37a-46c1-bd4c-ccd169c37784,0,dry,weak_expert,1,0.3560762152822428,1,weak_1_vote,1,1,0,0,1,1.0,dry1_wet0_unknown0,only_1_evaluator,0,0,logistic_regression__C0.001__pca128__no_whiten__gold1__wetcost1,False,1.0,1.0
75135933-89b0-4d43-9d75-688453353f56,0,dry,weak_expert,1,0.4710613269967454,1,weak_1_vote,1,1,0,0,1,1.0,dry1_wet0_unknown0,only_1_evaluator,0,0,logistic_regression__C0.001__pca128__no_whiten__gold1__wetcost1,False,1.0,1.0
7630638c-1d22-4852-be07-5a27af3c1e49,0,dry,weak_expert,1,0.29270201371198723,1,weak_1_vote,1,1,0,0,1,1.0,dry1_wet0_unknown0,only_1_evaluator,0,0,logistic_regression__C0.001__pca128__no_whiten__gold1__wetcost1,False,1.0,1.0
76f9d2cf-0ee1-4c38-9f49-02e59b8d6fb3,0,dry,weak_expert,1,0.4501496179077378,1,weak_1_vote,1,1,0,0,1,1.0,dry1_wet0_unknown0,only_1_evaluator,0,0,logistic_regression__C0.001__pca128__no_whiten__gold1__wetcost1,False,1.0,1.0
7717442d-d687-4821-a55f-a89b524ff17b,0,dry,weak_expert,1,0.3911297101817778,1,weak_1_vote,1,1,0,0,1,1.0,dry1_wet0_unknown0,only_1_evaluator,0,0,logistic_regression__C0.001__pca128__no_whiten__gold1__wetcost1,False,1.0,1.0
79a12ab8-7497-4a70-871f-5486c6699f45,0,dry,weak_expert,1,0.657816981590235,1,weak_1_vote,1,1,0,0,1,1.0,dry1_wet0_unknown0,only_1_evaluator,1,1,logistic_regression__C0.001__pca128__no_whiten__gold1__wetcost1,False,1.0,1.0
7a20fe3e-5701-451c-b5c9-b8daf5b328e3,0,dry,weak_expert,1,0.5813458124542037,1,weak_1_vote,1,1,0,0,1,1.0,dry1_wet0_unknown0,only_1_evaluator,1,1,logistic_regression__C0.001__pca128__no_whiten__gold1__wetcost1,False,1.0,1.0
7ae1ffe1-2259-411f-8ead-6c107e01e824,0,dry,gold_expert,1,0.5397824687762159,1,gold_3_of_4,4,3,0,1,3,0.75,dry3_wet0_unknown1,3_of_4_agree,0,1,logistic_regression__C0.001__pca128__no_whiten__gold1__wetcost1,False,1.0,1.0
7bc3c521-b422-45dd-bafc-0282abe03030,0,dry,weak_expert,1,0.8792088618633024,1,weak_1_vote,1,1,0,0,1,1.0,dry1_wet0_unknown0,only_1_evaluator,1,1,logistic_regression__C0.001__pca128__no_whiten__gold1__wetcost1,False,1.0,1.0
7d0f7c10-c2fb-4a0b-8917-00c1bbfa9ba9,0,dry,weak_expert,1,0.3985190364851653,1,weak_1_vote,1,1,0,0,1,1.0,dry1_wet0_unknown0,only_1_evaluator,0,0,logistic_regression__C0.001__pca128__no_whiten__gold1__wetcost1,False,1.0,1.0
7f58cd54-3414-4b3d-a418-8438d549df31,0,dry,weak_expert,1,0.48179126886579665,1,weak_1_vote,1,1,0,0,1,1.0,dry1_wet0_unknown0,only_1_evaluator,0,0,logistic_regression__C0.001__pca128__no_whiten__gold1__wetcost1,False,1.0,1.0
7fc329ed-814a-44da-823c-ec2dc47a8228,0,dry,weak_expert,1,0.8016587398384377,1,weak_1_vote,1,1,0,0,1,1.0,dry1_wet0_unknown0,only_1_evaluator,1,1,logistic_regression__C0.001__pca128__no_whiten__gold1__wetcost1,False,1.0,1.0
81a75de7-dc30-4c6b-9722-c238feebf447,0,dry,weak_expert,1,0.4464850490946425,1,weak_4_eval_2_1_1,4,2,1,1,2,0.5,dry2_wet1_unknown1,4_evaluators_2_vs_1_vs_1,0,0,logistic_regression__C0.001__pca128__no_whiten__gold1__wetcost1,False,1.0,1.0
81ddff28-05de-4669-bb99-8408895de7ab,0,dry,weak_expert,1,0.6244790424238642,1,weak_1_vote,1,1,0,0,1,1.0,dry1_wet0_unknown0,only_1_evaluator,1,1,logistic_regression__C0.001__pca128__no_whiten__gold1__wetcost1,False,1.0,1.0
824a8cf9-1199-48bf-aad5-65539d6d2011,0,dry,gold_expert,1,0.36671092087007,1,gold_3_of_4,4,3,1,0,3,0.75,dry3_wet1_unknown0,3_of_4_agree,0,0,logistic_regression__C0.001__pca128__no_whiten__gold1__wetcost1,False,1.0,1.0
836a340f-3e5c-4ea7-8817-1586d27a7f7a,0,dry,weak_expert,1,0.7209167777857571,1,weak_1_vote,1,1,0,0,1,1.0,dry1_wet0_unknown0,only_1_evaluator,1,1,logistic_regression__C0.001__pca128__no_whiten__gold1__wetcost1,False,1.0,1.0
839ad7ed-cc68-4689-b29e-7c8af17d3067,0,dry,weak_expert,1,0.45273986285817,1,weak_1_vote,1,1,0,0,1,1.0,dry1_wet0_unknown0,only_1_evaluator,0,0,logistic_regression__C0.001__pca128__no_whiten__gold1__wetcost1,False,1.0,1.0
851d3141-589e-4a63-a81f-837b85585ee7,0,dry,weak_expert,1,0.3947673012803064,1,weak_1_vote,1,1,0,0,1,1.0,dry1_wet0_unknown0,only_1_evaluator,0,0,logistic_regression__C0.001__pca128__no_whiten__gold1__wetcost1,False,1.0,1.0
861d08d1-8b10-40e3-afa0-710451936f11,0,dry,weak_expert,1,0.29868933968075295,1,weak_1_vote,1,1,0,0,1,1.0,dry1_wet0_unknown0,only_1_evaluator,0,0,logistic_regression__C0.001__pca128__no_whiten__gold1__wetcost1,False,1.0,1.0
88df2ab1-8056-48de-a7a8-f2649d9cab4a,0,dry,weak_expert,1,0.28133942919247323,1,weak_1_vote,1,1,0,0,1,1.0,dry1_wet0_unknown0,only_1_evaluator,0,0,logistic_regression__C0.001__pca128__no_whiten__gold1__wetcost1,False,1.0,1.0
8a37026e-32a9-4505-85f9-3c9dabccc284,0,dry,weak_expert,1,0.4116606841764356,1,weak_1_vote,1,1,0,0,1,1.0,dry1_wet0_unknown0,only_1_evaluator,0,0,logistic_regression__C0.001__pca128__no_whiten__gold1__wetcost1,False,1.0,1.0
8b04c1fa-4fbe-45f3-9b4a-5cc6a450c43c,0,dry,weak_expert,1,0.45010322358070504,1,weak_1_vote,1,1,0,0,1,1.0,dry1_wet0_unknown0,only_1_evaluator,0,0,logistic_regression__C0.001__pca128__no_whiten__gold1__wetcost1,False,1.0,1.0
8b197bc0-2f11-4971-b643-1524cf030a2b,0,dry,weak_expert,1,0.6017354671134407,1,weak_1_vote,1,1,0,0,1,1.0,dry1_wet0_unknown0,only_1_evaluator,1,1,logistic_regression__C0.001__pca128__no_whiten__gold1__wetcost1,False,1.0,1.0
8b427718-43ee-418f-b8f1-6807b3d6ed0e,0,dry,weak_expert,1,0.492767497732229,1,weak_1_vote,1,1,0,0,1,1.0,dry1_wet0_unknown0,only_1_evaluator,0,0,logistic_regression__C0.001__pca128__no_whiten__gold1__wetcost1,False,1.0,1.0
8c631f0e-6973-4d8e-a42d-b1d0bf1ffe1d,0,dry,weak_expert,1,0.5563547621354826,1,weak_1_vote,1,1,0,0,1,1.0,dry1_wet0_unknown0,only_1_evaluator,1,1,logistic_regression__C0.001__pca128__no_whiten__gold1__wetcost1,False,1.0,1.0
8e72293b-1ab4-44d4-b5be-0b51038d2304,0,dry,weak_expert,1,0.6603886109021264,1,weak_1_vote,1,1,0,0,1,1.0,dry1_wet0_unknown0,only_1_evaluator,1,1,logistic_regression__C0.001__pca128__no_whiten__gold1__wetcost1,False,1.0,1.0
8fafcc7b-1d75-4172-a93b-dfc06ac33b10,0,dry,weak_expert,1,0.4801354415046613,1,weak_1_vote,1,1,0,0,1,1.0,dry1_wet0_unknown0,only_1_evaluator,0,0,logistic_regression__C0.001__pca128__no_whiten__gold1__wetcost1,False,1.0,1.0
914cd0fc-3623-4424-bc67-759743a0c593,0,dry,weak_expert,1,0.35710854990421453,1,weak_1_vote,1,1,0,0,1,1.0,dry1_wet0_unknown0,only_1_evaluator,0,0,logistic_regression__C0.001__pca128__no_whiten__gold1__wetcost1,False,1.0,1.0
91d9c321-7371-4a0c-af3d-398542cb9c4c,0,dry,weak_expert,1,0.3843928567133736,1,weak_1_vote,1,1,0,0,1,1.0,dry1_wet0_unknown0,only_1_evaluator,0,0,logistic_regression__C0.001__pca128__no_whiten__gold1__wetcost1,False,1.0,1.0
922fd4da-e8ce-4ef5-b9a8-56921dfa9328,0,dry,gold_expert,1,0.45123318310633376,1,gold_3_of_4,4,3,1,0,3,0.75,dry3_wet1_unknown0,3_of_4_agree,0,0,logistic_regression__C0.001__pca128__no_whiten__gold1__wetcost1,False,1.0,1.0
928ce384-ca55-4419-acab-516b2647a77d,0,dry,weak_expert,1,0.41376558522933365,1,weak_1_vote,1,1,0,0,1,1.0,dry1_wet0_unknown0,only_1_evaluator,0,0,logistic_regression__C0.001__pca128__no_whiten__gold1__wetcost1,False,1.0,1.0
93d51cf7-6dee-49e5-b434-fa81a7595132,0,dry,weak_expert,1,0.37921365840500215,1,weak_1_vote,1,1,0,0,1,1.0,dry1_wet0_unknown0,only_1_evaluator,0,0,logistic_regression__C0.001__pca128__no_whiten__gold1__wetcost1,False,1.0,1.0
94a33ac9-c166-4795-9665-f7dd4f0caace,0,dry,weak_expert,1,0.46345062479057175,1,weak_1_vote,1,1,0,0,1,1.0,dry1_wet0_unknown0,only_1_evaluator,0,0,logistic_regression__C0.001__pca128__no_whiten__gold1__wetcost1,False,1.0,1.0
952eafc4-38d9-468b-b46d-c9a5f6b3d620,0,dry,weak_expert,1,0.2844871834030909,1,weak_1_vote,1,1,0,0,1,1.0,dry1_wet0_unknown0,only_1_evaluator,0,0,logistic_regression__C0.001__pca128__no_whiten__gold1__wetcost1,False,1.0,1.0
96678e97-6a39-4932-9c5d-13981167bbd8,0,dry,weak_expert,1,0.38439626152584433,1,weak_1_vote,1,1,0,0,1,1.0,dry1_wet0_unknown0,only_1_evaluator,0,0,logistic_regression__C0.001__pca128__no_whiten__gold1__wetcost1,False,1.0,1.0
9810b72b-79ca-474b-9b66-41079f892c79,0,dry,weak_expert,1,0.4323808470194619,1,weak_1_vote,1,1,0,0,1,1.0,dry1_wet0_unknown0,only_1_evaluator,0,0,logistic_regression__C0.001__pca128__no_whiten__gold1__wetcost1,False,1.0,1.0
981441a4-89d8-43c5-8e43-3768968fa614,0,dry,weak_expert,1,0.6037603361191013,1,weak_1_vote,1,1,0,0,1,1.0,dry1_wet0_unknown0,only_1_evaluator,1,1,logistic_regression__C0.001__pca128__no_whiten__gold1__wetcost1,False,1.0,1.0
98fb6294-d339-4c83-8ff5-2bbcf82e35e0,0,dry,gold_expert,1,0.33528586366594204,1,gold_3_of_4,4,3,0,1,3,0.75,dry3_wet0_unknown1,3_of_4_agree,0,0,logistic_regression__C0.001__pca128__no_whiten__gold1__wetcost1,False,1.0,1.0
99ca2bde-0950-4e1d-8e9a-cbd0d70981bd,0,dry,weak_expert,1,0.6447091145936988,1,weak_1_vote,1,1,0,0,1,1.0,dry1_wet0_unknown0,only_1_evaluator,1,1,logistic_regression__C0.001__pca128__no_whiten__gold1__wetcost1,False,1.0,1.0
9cefcba6-bea1-4131-a905-3d28e567344b,0,dry,weak_expert,1,0.5329537851785001,1,weak_1_vote,1,1,0,0,1,1.0,dry1_wet0_unknown0,only_1_evaluator,0,1,logistic_regression__C0.001__pca128__no_whiten__gold1__wetcost1,False,1.0,1.0
9eb1894a-8201-431d-a923-79dc88945ebb,0,dry,weak_expert,1,0.5089644112798419,1,weak_1_vote,1,1,0,0,1,1.0,dry1_wet0_unknown0,only_1_evaluator,0,1,logistic_regression__C0.001__pca128__no_whiten__gold1__wetcost1,False,1.0,1.0
a02e0fa5-1a29-4e3f-817e-15047e79e744,0,dry,weak_expert,1,0.25132775629802634,1,weak_1_vote,1,1,0,0,1,1.0,dry1_wet0_unknown0,only_1_evaluator,0,0,logistic_regression__C0.001__pca128__no_whiten__gold1__wetcost1,False,1.0,1.0
a084b953-189d-422d-a40a-b545b4f01618,0,dry,weak_expert,1,0.4667005261165625,1,weak_1_vote,1,1,0,0,1,1.0,dry1_wet0_unknown0,only_1_evaluator,0,0,logistic_regression__C0.001__pca128__no_whiten__gold1__wetcost1,False,1.0,1.0
a08b86d5-4573-4a42-9a84-f75f5e50351a,0,dry,weak_expert,1,0.5165133052006023,1,weak_1_vote,1,1,0,0,1,1.0,dry1_wet0_unknown0,only_1_evaluator,0,1,logistic_regression__C0.001__pca128__no_whiten__gold1__wetcost1,False,1.0,1.0
a20c7e61-024c-491f-807c-fd01dc856bbd,0,dry,weak_expert,1,0.783139261531835,1,weak_1_vote,1,1,0,0,1,1.0,dry1_wet0_unknown0,only_1_evaluator,1,1,logistic_regression__C0.001__pca128__no_whiten__gold1__wetcost1,False,1.0,1.0
a2c4999f-df6f-42a7-b733-3d10536b6d03,0,dry,weak_expert,1,0.3241537629444508,1,weak_1_vote,1,1,0,0,1,1.0,dry1_wet0_unknown0,only_1_evaluator,0,0,logistic_regression__C0.001__pca128__no_whiten__gold1__wetcost1,False,1.0,1.0
a46654b3-b91b-4f95-8a69-3dcd1d428ea0,0,dry,weak_expert,1,0.6160127620111463,1,weak_1_vote,1,1,0,0,1,1.0,dry1_wet0_unknown0,only_1_evaluator,1,1,logistic_regression__C0.001__pca128__no_whiten__gold1__wetcost1,False,1.0,1.0
a5aeaa95-ed25-452b-b112-62c042c21b33,0,dry,weak_expert,1,0.519787612477372,1,weak_1_vote,1,1,0,0,1,1.0,dry1_wet0_unknown0,only_1_evaluator,0,1,logistic_regression__C0.001__pca128__no_whiten__gold1__wetcost1,False,1.0,1.0
a6417792-0dfe-46da-b820-3c047f15ad9a,0,dry,weak_expert,1,0.7186544630518729,1,weak_1_vote,1,1,0,0,1,1.0,dry1_wet0_unknown0,only_1_evaluator,1,1,logistic_regression__C0.001__pca128__no_whiten__gold1__wetcost1,False,1.0,1.0
a6b7aeb5-6b58-4bea-9e2d-6ee573cd1aab,0,dry,weak_expert,1,0.5769704922982661,1,weak_1_vote,1,1,0,0,1,1.0,dry1_wet0_unknown0,only_1_evaluator,1,1,logistic_regression__C0.001__pca128__no_whiten__gold1__wetcost1,False,1.0,1.0
a9108704-75af-4d2c-afb2-5c8ca33cb9e0,0,dry,weak_expert,1,0.28551091937231654,1,weak_1_vote,1,1,0,0,1,1.0,dry1_wet0_unknown0,only_1_evaluator,0,0,logistic_regression__C0.001__pca128__no_whiten__gold1__wetcost1,False,1.0,1.0
adc24bde-023b-457e-9be7-9fadbad0b155,0,dry,weak_expert,1,0.53719232892791,1,weak_1_vote,1,1,0,0,1,1.0,dry1_wet0_unknown0,only_1_evaluator,0,1,logistic_regression__C0.001__pca128__no_whiten__gold1__wetcost1,False,1.0,1.0
ae7f3e27-5c50-48bd-ba50-4b52ddfc6b8f,0,dry,weak_expert,1,0.41707557073505286,1,weak_1_vote,1,1,0,0,1,1.0,dry1_wet0_unknown0,only_1_evaluator,0,0,logistic_regression__C0.001__pca128__no_whiten__gold1__wetcost1,False,1.0,1.0
aeb63eba-7261-4d5a-9cf5-4f31357bcd57,0,dry,weak_expert,1,0.422148221126549,1,weak_1_vote,1,1,0,0,1,1.0,dry1_wet0_unknown0,only_1_evaluator,0,0,logistic_regression__C0.001__pca128__no_whiten__gold1__wetcost1,False,1.0,1.0
af89b4c6-a942-4dbd-9efb-cc0ae79a9acf,0,dry,weak_expert,1,0.26583912673556404,1,weak_1_vote,1,1,0,0,1,1.0,dry1_wet0_unknown0,only_1_evaluator,0,0,logistic_regression__C0.001__pca128__no_whiten__gold1__wetcost1,False,1.0,1.0
afdcc1b1-befc-4eac-bf4b-328a7a21261e,0,dry,weak_expert,1,0.5610355646171241,1,weak_1_vote,1,1,0,0,1,1.0,dry1_wet0_unknown0,only_1_evaluator,1,1,logistic_regression__C0.001__pca128__no_whiten__gold1__wetcost1,False,1.0,1.0
b08bd7a4-a123-4f28-b659-bbb5ea70fb6f,0,dry,weak_expert,1,0.42119483502103083,1,weak_1_vote,1,1,0,0,1,1.0,dry1_wet0_unknown0,only_1_evaluator,0,0,logistic_regression__C0.001__pca128__no_whiten__gold1__wetcost1,False,1.0,1.0
b2cb680f-2b1f-4daf-824c-c83952cd639c,0,dry,weak_expert,1,0.4952472107857031,1,weak_1_vote,1,1,0,0,1,1.0,dry1_wet0_unknown0,only_1_evaluator,0,0,logistic_regression__C0.001__pca128__no_whiten__gold1__wetcost1,False,1.0,1.0
b35c9f6c-4e1d-4c3f-a733-5905c3ee387d,0,dry,weak_expert,1,0.5825350734968423,1,weak_1_vote,1,1,0,0,1,1.0,dry1_wet0_unknown0,only_1_evaluator,1,1,logistic_regression__C0.001__pca128__no_whiten__gold1__wetcost1,False,1.0,1.0
b38e69f2-01f9-47ac-b94f-cf7b5eb764b3,0,dry,weak_expert,1,0.4770426301330053,1,weak_1_vote,1,1,0,0,1,1.0,dry1_wet0_unknown0,only_1_evaluator,0,0,logistic_regression__C0.001__pca128__no_whiten__gold1__wetcost1,False,1.0,1.0
b5808d67-b898-4d8b-b74c-6d3ef7085be4,0,dry,weak_expert,1,0.44052551280368224,1,weak_1_vote,1,1,0,0,1,1.0,dry1_wet0_unknown0,only_1_evaluator,0,0,logistic_regression__C0.001__pca128__no_whiten__gold1__wetcost1,False,1.0,1.0
b6165d05-e841-44cc-bb13-a59d6ceed6ed,0,dry,weak_expert,1,0.4633598374125736,1,weak_1_vote,1,1,0,0,1,1.0,dry1_wet0_unknown0,only_1_evaluator,0,0,logistic_regression__C0.001__pca128__no_whiten__gold1__wetcost1,False,1.0,1.0
b61f41d5-8a12-44de-a8c7-f7ab67f35ab7,0,dry,weak_expert,1,0.7223469317320426,1,weak_1_vote,1,1,0,0,1,1.0,dry1_wet0_unknown0,only_1_evaluator,1,1,logistic_regression__C0.001__pca128__no_whiten__gold1__wetcost1,False,1.0,1.0
b7825dc8-a17f-4171-863b-2c0b346cfcd0,0,dry,weak_expert,1,0.48723063673599265,1,weak_1_vote,1,1,0,0,1,1.0,dry1_wet0_unknown0,only_1_evaluator,0,0,logistic_regression__C0.001__pca128__no_whiten__gold1__wetcost1,False,1.0,1.0
b95b4d94-e665-41d0-bd0e-4fb9d4684e65,0,dry,weak_expert,1,0.1276611239896437,1,weak_1_vote,1,1,0,0,1,1.0,dry1_wet0_unknown0,only_1_evaluator,0,0,logistic_regression__C0.001__pca128__no_whiten__gold1__wetcost1,False,1.0,1.0
ba21cefd-7209-47e8-87ff-e12e3d0ed4dc,0,dry,weak_expert,1,0.19964078690518605,1,weak_1_vote,1,1,0,0,1,1.0,dry1_wet0_unknown0,only_1_evaluator,0,0,logistic_regression__C0.001__pca128__no_whiten__gold1__wetcost1,False,1.0,1.0
ba5ade2c-45fc-41e5-b111-86c08ea8609b,0,dry,weak_expert,1,0.27823884389274856,1,weak_1_vote,1,1,0,0,1,1.0,dry1_wet0_unknown0,only_1_evaluator,0,0,logistic_regression__C0.001__pca128__no_whiten__gold1__wetcost1,False,1.0,1.0
bb5fd4d8-a36d-4918-931f-c6bd2adcc20d,0,dry,weak_expert,1,0.4019050562893034,1,weak_1_vote,1,1,0,0,1,1.0,dry1_wet0_unknown0,only_1_evaluator,0,0,logistic_regression__C0.001__pca128__no_whiten__gold1__wetcost1,False,1.0,1.0
bb94e3f4-831c-4c04-b528-617cf04ab8c7,0,dry,weak_expert,1,0.5038383882965958,1,weak_1_vote,1,1,0,0,1,1.0,dry1_wet0_unknown0,only_1_evaluator,0,1,logistic_regression__C0.001__pca128__no_whiten__gold1__wetcost1,False,1.0,1.0
bc24d4d9-b66b-4429-8228-6645de25622f,0,dry,weak_expert,1,0.4956071845394151,1,weak_1_vote,1,1,0,0,1,1.0,dry1_wet0_unknown0,only_1_evaluator,0,0,logistic_regression__C0.001__pca128__no_whiten__gold1__wetcost1,False,1.0,1.0
bc27b4fb-a820-4296-a776-0f0943ba1455,0,dry,weak_expert,1,0.8064787923767847,1,weak_1_vote,1,1,0,0,1,1.0,dry1_wet0_unknown0,only_1_evaluator,1,1,logistic_regression__C0.001__pca128__no_whiten__gold1__wetcost1,False,1.0,1.0
bcb90b43-185a-4420-a4ca-dafe8f914682,0,dry,weak_expert,1,0.5856333145280425,1,weak_1_vote,1,1,0,0,1,1.0,dry1_wet0_unknown0,only_1_evaluator,1,1,logistic_regression__C0.001__pca128__no_whiten__gold1__wetcost1,False,1.0,1.0
bd11b513-12a1-44be-82f6-4fbeea1fbda0,0,dry,weak_expert,1,0.5255318993259801,1,weak_1_vote,1,1,0,0,1,1.0,dry1_wet0_unknown0,only_1_evaluator,0,1,logistic_regression__C0.001__pca128__no_whiten__gold1__wetcost1,False,1.0,1.0
bd205be0-24a4-4a28-8262-30bc14bf1faa,0,dry,weak_expert,1,0.44411644691224383,1,weak_1_vote,1,1,0,0,1,1.0,dry1_wet0_unknown0,only_1_evaluator,0,0,logistic_regression__C0.001__pca128__no_whiten__gold1__wetcost1,False,1.0,1.0
be0fe831-c469-4a13-961f-e3bd6dda0633,0,dry,weak_expert,1,0.5117162895541462,1,weak_1_vote,1,1,0,0,1,1.0,dry1_wet0_unknown0,only_1_evaluator,0,1,logistic_regression__C0.001__pca128__no_whiten__gold1__wetcost1,False,1.0,1.0
be2d9024-401a-42a0-91fd-194567b1d4c1,0,dry,weak_expert,1,0.3171536510751185,1,weak_1_vote,1,1,0,0,1,1.0,dry1_wet0_unknown0,only_1_evaluator,0,0,logistic_regression__C0.001__pca128__no_whiten__gold1__wetcost1,False,1.0,1.0
be5f63f3-2be9-448b-b57e-fa118eddc2e2,0,dry,weak_expert,1,0.48860456925257245,1,weak_1_vote,1,1,0,0,1,1.0,dry1_wet0_unknown0,only_1_evaluator,0,0,logistic_regression__C0.001__pca128__no_whiten__gold1__wetcost1,False,1.0,1.0
be920126-b1e2-4117-84e2-461b2230e46e,0,dry,weak_expert,1,0.2925739551990907,1,weak_1_vote,1,1,0,0,1,1.0,dry1_wet0_unknown0,only_1_evaluator,0,0,logistic_regression__C0.001__pca128__no_whiten__gold1__wetcost1,False,1.0,1.0
beb9eff3-e2c7-4f53-981b-0abc09158dec,0,dry,weak_expert,1,0.8054271748779448,1,weak_1_vote,1,1,0,0,1,1.0,dry1_wet0_unknown0,only_1_evaluator,1,1,logistic_regression__C0.001__pca128__no_whiten__gold1__wetcost1,False,1.0,1.0
bf4ca169-aab4-466f-8e14-63631e0b3ea0,0,dry,weak_expert,1,0.7262090646143023,1,weak_1_vote,1,1,0,0,1,1.0,dry1_wet0_unknown0,only_1_evaluator,1,1,logistic_regression__C0.001__pca128__no_whiten__gold1__wetcost1,False,1.0,1.0
bf5901da-d580-4034-88b0-19bd18778f5a,0,dry,weak_expert,1,0.5447520481487979,1,weak_1_vote,1,1,0,0,1,1.0,dry1_wet0_unknown0,only_1_evaluator,0,1,logistic_regression__C0.001__pca128__no_whiten__gold1__wetcost1,False,1.0,1.0
bf7f0dd3-eaef-4912-8edc-c919fd98df62,0,dry,weak_expert,1,0.3497891570026965,1,weak_1_vote,1,1,0,0,1,1.0,dry1_wet0_unknown0,only_1_evaluator,0,0,logistic_regression__C0.001__pca128__no_whiten__gold1__wetcost1,False,1.0,1.0
c0643c65-15f1-4f25-9f4e-d42541cca1b8,0,dry,weak_expert,1,0.3936398622644423,1,weak_1_vote,1,1,0,0,1,1.0,dry1_wet0_unknown0,only_1_evaluator,0,0,logistic_regression__C0.001__pca128__no_whiten__gold1__wetcost1,False,1.0,1.0
c16f96bf-dc05-445b-aed6-5758aa0ec5c8,0,dry,weak_expert,1,0.5000337386887634,1,weak_1_vote,1,1,0,0,1,1.0,dry1_wet0_unknown0,only_1_evaluator,0,1,logistic_regression__C0.001__pca128__no_whiten__gold1__wetcost1,False,1.0,1.0
c2795c09-691f-421d-87eb-60d11ef0a776,0,dry,weak_expert,1,0.5357793264310536,1,weak_1_vote,1,1,0,0,1,1.0,dry1_wet0_unknown0,only_1_evaluator,0,1,logistic_regression__C0.001__pca128__no_whiten__gold1__wetcost1,False,1.0,1.0
c2d24716-5e15-4066-855a-2a0c0b7566f6,0,dry,weak_expert,1,0.7426826252371984,1,weak_1_vote,1,1,0,0,1,1.0,dry1_wet0_unknown0,only_1_evaluator,1,1,logistic_regression__C0.001__pca128__no_whiten__gold1__wetcost1,False,1.0,1.0
c2e033f0-5e2f-4793-be75-afa9ae7d3f8f,0,dry,weak_expert,1,0.22179007217561522,1,weak_1_vote,1,1,0,0,1,1.0,dry1_wet0_unknown0,only_1_evaluator,0,0,logistic_regression__C0.001__pca128__no_whiten__gold1__wetcost1,False,1.0,1.0
c34d6285-a7d7-4357-9036-cb4a5caec6f6,0,dry,weak_expert,1,0.700317856713809,1,weak_1_vote,1,1,0,0,1,1.0,dry1_wet0_unknown0,only_1_evaluator,1,1,logistic_regression__C0.001__pca128__no_whiten__gold1__wetcost1,False,1.0,1.0
c3b9dca7-67eb-4438-b6aa-dd6b2aca1432,0,dry,gold_expert,1,0.5547343721945694,1,gold_3_of_4,4,3,0,1,3,0.75,dry3_wet0_unknown1,3_of_4_agree,1,1,logistic_regression__C0.001__pca128__no_whiten__gold1__wetcost1,False,1.0,1.0
c3d0135b-83ef-4aba-b98c-2c8fe50ffeff,0,dry,weak_expert,1,0.3598351939715097,1,weak_1_vote,1,1,0,0,1,1.0,dry1_wet0_unknown0,only_1_evaluator,0,0,logistic_regression__C0.001__pca128__no_whiten__gold1__wetcost1,False,1.0,1.0
c4961eda-91f5-4fbc-bd90-92f56f7f4deb,0,dry,weak_expert,1,0.5837166166443494,1,weak_1_vote,1,1,0,0,1,1.0,dry1_wet0_unknown0,only_1_evaluator,1,1,logistic_regression__C0.001__pca128__no_whiten__gold1__wetcost1,False,1.0,1.0
c8983507-264a-4bbb-8926-8a06afb36bff,0,dry,weak_expert,1,0.8046269725080434,1,weak_1_vote,1,1,0,0,1,1.0,dry1_wet0_unknown0,only_1_evaluator,1,1,logistic_regression__C0.001__pca128__no_whiten__gold1__wetcost1,False,1.0,1.0
c961a082-77cf-412a-ba8a-66fff0b7bc82,0,dry,weak_expert,1,0.5025991747688834,1,weak_1_vote,1,1,0,0,1,1.0,dry1_wet0_unknown0,only_1_evaluator,0,1,logistic_regression__C0.001__pca128__no_whiten__gold1__wetcost1,False,1.0,1.0
c9fa0d4d-76d1-41c4-863c-b83bb8908140,0,dry,gold_expert,1,0.5875071023423188,1,gold_4_of_4,4,4,0,0,4,1.0,dry4_wet0_unknown0,4_evaluators_unanimous,1,1,logistic_regression__C0.001__pca128__no_whiten__gold1__wetcost1,False,1.0,1.0
cb5c6410-8b55-4c33-932d-fc72e5cac22c,0,dry,weak_expert,1,0.5059731057198292,1,weak_1_vote,1,1,0,0,1,1.0,dry1_wet0_unknown0,only_1_evaluator,0,1,logistic_regression__C0.001__pca128__no_whiten__gold1__wetcost1,False,1.0,1.0
cbbbe2c4-51c4-48e3-807d-5ad37ad220e4,0,dry,weak_expert,1,0.3696756540962942,1,weak_1_vote,1,1,0,0,1,1.0,dry1_wet0_unknown0,only_1_evaluator,0,0,logistic_regression__C0.001__pca128__no_whiten__gold1__wetcost1,False,1.0,1.0
ce3f9e37-b553-4c23-b341-8da601f7468e,0,dry,weak_expert,1,0.38069593841809485,1,weak_1_vote,1,1,0,0,1,1.0,dry1_wet0_unknown0,only_1_evaluator,0,0,logistic_regression__C0.001__pca128__no_whiten__gold1__wetcost1,False,1.0,1.0
cefb99ae-7dda-4397-8b65-77e3fc0c7739,0,dry,weak_expert,1,0.49986702524824694,1,weak_1_vote,1,1,0,0,1,1.0,dry1_wet0_unknown0,only_1_evaluator,0,0,logistic_regression__C0.001__pca128__no_whiten__gold1__wetcost1,False,1.0,1.0
d0d4e84a-3692-46e2-a168-463896fb9d31,0,dry,weak_expert,1,0.40832543525852916,1,weak_1_vote,1,1,0,0,1,1.0,dry1_wet0_unknown0,only_1_evaluator,0,0,logistic_regression__C0.001__pca128__no_whiten__gold1__wetcost1,False,1.0,1.0
d101742f-52a3-4ed3-a4bb-46f65d02fc2a,0,dry,weak_expert,1,0.5220984545150871,1,weak_1_vote,1,1,0,0,1,1.0,dry1_wet0_unknown0,only_1_evaluator,0,1,logistic_regression__C0.001__pca128__no_whiten__gold1__wetcost1,False,1.0,1.0
d1c3a8a6-742e-4677-aa79-92b9b217be75,0,dry,weak_expert,1,0.4713624993141855,1,weak_1_vote,1,1,0,0,1,1.0,dry1_wet0_unknown0,only_1_evaluator,0,0,logistic_regression__C0.001__pca128__no_whiten__gold1__wetcost1,False,1.0,1.0
d2a55629-24e2-4460-8a0a-b7065927ee07,0,dry,weak_expert,1,0.41333605170222726,1,weak_1_vote,1,1,0,0,1,1.0,dry1_wet0_unknown0,only_1_evaluator,0,0,logistic_regression__C0.001__pca128__no_whiten__gold1__wetcost1,False,1.0,1.0
d3ea88bd-d578-44dd-aadd-391f8559bdc5,0,dry,weak_expert,1,0.478062854401945,1,weak_1_vote,1,1,0,0,1,1.0,dry1_wet0_unknown0,only_1_evaluator,0,0,logistic_regression__C0.001__pca128__no_whiten__gold1__wetcost1,False,1.0,1.0
d505b939-4d86-4713-8bba-987cde761118,0,dry,weak_expert,1,0.3782057958610448,1,weak_1_vote,1,1,0,0,1,1.0,dry1_wet0_unknown0,only_1_evaluator,0,0,logistic_regression__C0.001__pca128__no_whiten__gold1__wetcost1,False,1.0,1.0
d551a262-676b-4856-ae36-5b6334c6b586,0,dry,weak_expert,1,0.40203576421561477,1,weak_1_vote,1,1,0,0,1,1.0,dry1_wet0_unknown0,only_1_evaluator,0,0,logistic_regression__C0.001__pca128__no_whiten__gold1__wetcost1,False,1.0,1.0
d57d4c31-4f34-41cd-9fdf-84e4df3f2dcc,0,dry,weak_expert,1,0.5786580168993237,1,weak_1_vote,1,1,0,0,1,1.0,dry1_wet0_unknown0,only_1_evaluator,1,1,logistic_regression__C0.001__pca128__no_whiten__gold1__wetcost1,False,1.0,1.0
d5e56f55-97a1-417d-a724-04d6ef10830e,0,dry,weak_expert,1,0.41846993429732743,1,weak_1_vote,1,1,0,0,1,1.0,dry1_wet0_unknown0,only_1_evaluator,0,0,logistic_regression__C0.001__pca128__no_whiten__gold1__wetcost1,False,1.0,1.0
d6d50155-5eb2-421e-9da1-8ad5faa275a1,0,dry,weak_expert,1,0.26222908790070876,1,weak_1_vote,1,1,0,0,1,1.0,dry1_wet0_unknown0,only_1_evaluator,0,0,logistic_regression__C0.001__pca128__no_whiten__gold1__wetcost1,False,1.0,1.0
d789e459-6db1-4481-af44-db7427304108,0,dry,weak_expert,1,0.38540193907784637,1,weak_1_vote,1,1,0,0,1,1.0,dry1_wet0_unknown0,only_1_evaluator,0,0,logistic_regression__C0.001__pca128__no_whiten__gold1__wetcost1,False,1.0,1.0
db234c88-9a58-4947-a852-d7f2584128ef,0,dry,weak_expert,1,0.4740075013800018,1,weak_1_vote,1,1,0,0,1,1.0,dry1_wet0_unknown0,only_1_evaluator,0,0,logistic_regression__C0.001__pca128__no_whiten__gold1__wetcost1,False,1.0,1.0
dbc6f669-469e-4306-acdc-f46039006148,0,dry,weak_expert,1,0.3618851574602021,1,weak_1_vote,1,1,0,0,1,1.0,dry1_wet0_unknown0,only_1_evaluator,0,0,logistic_regression__C0.001__pca128__no_whiten__gold1__wetcost1,False,1.0,1.0
dc17e768-40f6-462e-99ad-80292586ac3a,0,dry,weak_expert,1,0.3983824566274069,1,weak_1_vote,1,1,0,0,1,1.0,dry1_wet0_unknown0,only_1_evaluator,0,0,logistic_regression__C0.001__pca128__no_whiten__gold1__wetcost1,False,1.0,1.0
dcd6359c-4fbc-44ea-93b0-f1da55eb3a75,0,dry,weak_expert,1,0.4471995960979634,1,weak_1_vote,1,1,0,0,1,1.0,dry1_wet0_unknown0,only_1_evaluator,0,0,logistic_regression__C0.001__pca128__no_whiten__gold1__wetcost1,False,1.0,1.0
dd235b59-b0df-4eb7-9024-3b11e1515888,0,dry,weak_expert,1,0.3108802471128345,1,weak_1_vote,1,1,0,0,1,1.0,dry1_wet0_unknown0,only_1_evaluator,0,0,logistic_regression__C0.001__pca128__no_whiten__gold1__wetcost1,False,1.0,1.0
dd489c88-affc-4142-ac56-752c3a433991,0,dry,weak_expert,1,0.6883538766724295,1,weak_1_vote,1,1,0,0,1,1.0,dry1_wet0_unknown0,only_1_evaluator,1,1,logistic_regression__C0.001__pca128__no_whiten__gold1__wetcost1,False,1.0,1.0
dd7e32e6-a949-4c92-a5b1-628edbb65144,0,dry,weak_expert,1,0.40792477227561175,1,weak_1_vote,1,1,0,0,1,1.0,dry1_wet0_unknown0,only_1_evaluator,0,0,logistic_regression__C0.001__pca128__no_whiten__gold1__wetcost1,False,1.0,1.0
dd80d0c6-76ec-43b1-9611-23ea269cec57,0,dry,weak_expert,1,0.6907741707816211,1,weak_1_vote,1,1,0,0,1,1.0,dry1_wet0_unknown0,only_1_evaluator,1,1,logistic_regression__C0.001__pca128__no_whiten__gold1__wetcost1,False,1.0,1.0
de67d064-eff4-40c4-ab46-b115d0691e1f,0,dry,weak_expert,1,0.2973640854242142,1,weak_1_vote,1,1,0,0,1,1.0,dry1_wet0_unknown0,only_1_evaluator,0,0,logistic_regression__C0.001__pca128__no_whiten__gold1__wetcost1,False,1.0,1.0
dec024bb-bb3f-49ba-8a42-b1420d56a2e0,0,dry,weak_expert,1,0.23727847594602275,1,weak_1_vote,1,1,0,0,1,1.0,dry1_wet0_unknown0,only_1_evaluator,0,0,logistic_regression__C0.001__pca128__no_whiten__gold1__wetcost1,False,1.0,1.0
df6cf29a-fcf8-4b96-ab4f-19e018c3b297,0,dry,weak_expert,1,0.46144967297337647,1,weak_1_vote,1,1,0,0,1,1.0,dry1_wet0_unknown0,only_1_evaluator,0,0,logistic_regression__C0.001__pca128__no_whiten__gold1__wetcost1,False,1.0,1.0
dfb0a442-3453-4d42-b355-b68eda2a9865,0,dry,weak_expert,1,0.47690935310572624,1,weak_1_vote,1,1,0,0,1,1.0,dry1_wet0_unknown0,only_1_evaluator,0,0,logistic_regression__C0.001__pca128__no_whiten__gold1__wetcost1,False,1.0,1.0
dfe7b783-c80f-4357-b72e-63e875bf9ec3,0,dry,weak_expert,1,0.37513566438153234,1,weak_1_vote,1,1,0,0,1,1.0,dry1_wet0_unknown0,only_1_evaluator,0,0,logistic_regression__C0.001__pca128__no_whiten__gold1__wetcost1,False,1.0,1.0
e0107451-503c-48b0-9a9e-675a3a0c834e,0,dry,weak_expert,1,0.6411302618462306,1,weak_1_vote,1,1,0,0,1,1.0,dry1_wet0_unknown0,only_1_evaluator,1,1,logistic_regression__C0.001__pca128__no_whiten__gold1__wetcost1,False,1.0,1.0
e23b7ef4-c268-4179-b234-c45702001252,0,dry,weak_expert,1,0.335671156988352,1,weak_1_vote,1,1,0,0,1,1.0,dry1_wet0_unknown0,only_1_evaluator,0,0,logistic_regression__C0.001__pca128__no_whiten__gold1__wetcost1,False,1.0,1.0
e4242c29-1213-4960-b792-565fae299403,0,dry,weak_expert,1,0.3325553532851665,1,weak_1_vote,1,1,0,0,1,1.0,dry1_wet0_unknown0,only_1_evaluator,0,0,logistic_regression__C0.001__pca128__no_whiten__gold1__wetcost1,False,1.0,1.0
e4bbd7fa-3767-48e3-97cf-c5e14881314f,0,dry,weak_expert,1,0.471797805572263,1,weak_1_vote,1,1,0,0,1,1.0,dry1_wet0_unknown0,only_1_evaluator,0,0,logistic_regression__C0.001__pca128__no_whiten__gold1__wetcost1,False,1.0,1.0
e56ea219-e97c-45c4-8222-5ecf168445b5,0,dry,gold_expert,1,0.35926340695418124,1,gold_4_of_4,4,4,0,0,4,1.0,dry4_wet0_unknown0,4_evaluators_unanimous,0,0,logistic_regression__C0.001__pca128__no_whiten__gold1__wetcost1,False,1.0,1.0
e5a8a140-d910-47da-b3d6-96941e084028,0,dry,weak_expert,1,0.8974568542224847,1,weak_1_vote,1,1,0,0,1,1.0,dry1_wet0_unknown0,only_1_evaluator,1,1,logistic_regression__C0.001__pca128__no_whiten__gold1__wetcost1,False,1.0,1.0
e6448323-4be3-4fac-ba98-33aee0de0817,0,dry,gold_expert,1,0.2382210221272199,1,gold_3_of_4,4,3,0,1,3,0.75,dry3_wet0_unknown1,3_of_4_agree,0,0,logistic_regression__C0.001__pca128__no_whiten__gold1__wetcost1,False,1.0,1.0
e667faac-9ba9-472e-8a97-ad47887d5108,0,dry,weak_expert,1,0.6954363897428754,1,weak_1_vote,1,1,0,0,1,1.0,dry1_wet0_unknown0,only_1_evaluator,1,1,logistic_regression__C0.001__pca128__no_whiten__gold1__wetcost1,False,1.0,1.0
e6a6d19c-2ff0-4c1a-aa5f-f432c9a8b55e,0,dry,weak_expert,1,0.3200983397177762,1,weak_1_vote,1,1,0,0,1,1.0,dry1_wet0_unknown0,only_1_evaluator,0,0,logistic_regression__C0.001__pca128__no_whiten__gold1__wetcost1,False,1.0,1.0
e6d07d7b-cd63-4f81-8dbd-3ab87104fbf0,0,dry,weak_expert,1,0.3407427456605709,1,weak_1_vote,1,1,0,0,1,1.0,dry1_wet0_unknown0,only_1_evaluator,0,0,logistic_regression__C0.001__pca128__no_whiten__gold1__wetcost1,False,1.0,1.0
e9650512-35f6-4872-acca-c8aca7cd228b,0,dry,weak_expert,1,0.37868971216568403,1,weak_1_vote,1,1,0,0,1,1.0,dry1_wet0_unknown0,only_1_evaluator,0,0,logistic_regression__C0.001__pca128__no_whiten__gold1__wetcost1,False,1.0,1.0
e9cc9a65-15c2-4acf-8412-4cffc98eb56f,0,dry,weak_expert,1,0.5057353599983552,1,weak_1_vote,1,1,0,0,1,1.0,dry1_wet0_unknown0,only_1_evaluator,0,1,logistic_regression__C0.001__pca128__no_whiten__gold1__wetcost1,False,1.0,1.0
eb74838f-26b9-457e-a4f6-3fff63ebc270,0,dry,weak_expert,1,0.4707810037341273,1,weak_1_vote,1,1,0,0,1,1.0,dry1_wet0_unknown0,only_1_evaluator,0,0,logistic_regression__C0.001__pca128__no_whiten__gold1__wetcost1,False,1.0,1.0
ec86b666-9979-4799-a06f-9773eba8927f,0,dry,weak_expert,1,0.10742125275052379,1,weak_1_vote,1,1,0,0,1,1.0,dry1_wet0_unknown0,only_1_evaluator,0,0,logistic_regression__C0.001__pca128__no_whiten__gold1__wetcost1,False,1.0,1.0
ecc957af-3001-4a29-935a-32db98540746,0,dry,weak_expert,1,0.4359765216685972,1,weak_1_vote,1,1,0,0,1,1.0,dry1_wet0_unknown0,only_1_evaluator,0,0,logistic_regression__C0.001__pca128__no_whiten__gold1__wetcost1,False,1.0,1.0
edcadaac-51d0-44d1-99c6-efbbc41dd4bd,0,dry,weak_expert,1,0.7732981385379891,1,weak_1_vote,1,1,0,0,1,1.0,dry1_wet0_unknown0,only_1_evaluator,1,1,logistic_regression__C0.001__pca128__no_whiten__gold1__wetcost1,False,1.0,1.0
eeaa9780-b73a-4e0f-b075-4dc5fbb54080,0,dry,weak_expert,1,0.27015765701104044,1,weak_1_vote,1,1,0,0,1,1.0,dry1_wet0_unknown0,only_1_evaluator,0,0,logistic_regression__C0.001__pca128__no_whiten__gold1__wetcost1,False,1.0,1.0
ef458365-a016-45ff-842a-7388a89ed774,0,dry,weak_expert,1,0.38598161706213147,1,weak_1_vote,1,1,0,0,1,1.0,dry1_wet0_unknown0,only_1_evaluator,0,0,logistic_regression__C0.001__pca128__no_whiten__gold1__wetcost1,False,1.0,1.0
ef6d35f9-347a-4aad-9e4d-e37bd0f417f9,0,dry,weak_expert,1,0.8441024734275319,1,weak_1_vote,1,1,0,0,1,1.0,dry1_wet0_unknown0,only_1_evaluator,1,1,logistic_regression__C0.001__pca128__no_whiten__gold1__wetcost1,False,1.0,1.0
f0bcf37a-4766-4cc0-a4d3-13a6e1343103,0,dry,weak_expert,1,0.3982043880751749,1,weak_1_vote,1,1,0,0,1,1.0,dry1_wet0_unknown0,only_1_evaluator,0,0,logistic_regression__C0.001__pca128__no_whiten__gold1__wetcost1,False,1.0,1.0
f18097f1-d7d5-4566-a7f1-dce0f2e8da87,0,dry,weak_expert,1,0.2619125989661375,1,weak_1_vote,1,1,0,0,1,1.0,dry1_wet0_unknown0,only_1_evaluator,0,0,logistic_regression__C0.001__pca128__no_whiten__gold1__wetcost1,False,1.0,1.0
f3ef7d3e-56e1-496b-8a46-b593e33d25d6,0,dry,weak_expert,1,0.4325570411852802,1,weak_1_vote,1,1,0,0,1,1.0,dry1_wet0_unknown0,only_1_evaluator,0,0,logistic_regression__C0.001__pca128__no_whiten__gold1__wetcost1,False,1.0,1.0
f5531d66-e612-41c3-b7c1-658fe7922f34,0,dry,weak_expert,1,0.6012580496687681,1,weak_1_vote,1,1,0,0,1,1.0,dry1_wet0_unknown0,only_1_evaluator,1,1,logistic_regression__C0.001__pca128__no_whiten__gold1__wetcost1,False,1.0,1.0
f64f33a5-b6e1-4d5c-ab1b-8d48dd826440,0,dry,weak_expert,1,0.5242975448883163,1,weak_1_vote,1,1,0,0,1,1.0,dry1_wet0_unknown0,only_1_evaluator,0,1,logistic_regression__C0.001__pca128__no_whiten__gold1__wetcost1,False,1.0,1.0
f66386d5-f2e2-4b9b-8f00-35e51858446b,0,dry,weak_expert,1,0.5440928037384448,1,weak_1_vote,1,1,0,0,1,1.0,dry1_wet0_unknown0,only_1_evaluator,0,1,logistic_regression__C0.001__pca128__no_whiten__gold1__wetcost1,False,1.0,1.0
f6fd67d0-eb9d-47b4-9fc7-1e4af068d05b,0,dry,weak_expert,1,0.4367781519161606,1,weak_1_vote,1,1,0,0,1,1.0,dry1_wet0_unknown0,only_1_evaluator,0,0,logistic_regression__C0.001__pca128__no_whiten__gold1__wetcost1,False,1.0,1.0
f9f521ef-bcba-461f-8dcc-b4df6f6beb2f,0,dry,weak_expert,1,0.3963339615349838,1,weak_1_vote,1,1,0,0,1,1.0,dry1_wet0_unknown0,only_1_evaluator,0,0,logistic_regression__C0.001__pca128__no_whiten__gold1__wetcost1,False,1.0,1.0
fafbe64d-8da4-4901-95a2-e0025771f446,0,dry,weak_expert,1,0.39655949934859375,1,weak_1_vote,1,1,0,0,1,1.0,dry1_wet0_unknown0,only_1_evaluator,0,0,logistic_regression__C0.001__pca128__no_whiten__gold1__wetcost1,False,1.0,1.0
fe3ddef6-cf4c-4adf-b12d-bf5c5b79a5f4,0,dry,weak_expert,1,0.5185393446292228,1,weak_1_vote,1,1,0,0,1,1.0,dry1_wet0_unknown0,only_1_evaluator,0,1,logistic_regression__C0.001__pca128__no_whiten__gold1__wetcost1,False,1.0,1.0
fed255ec-4829-4f4a-b22d-9bb23f2dd89f,0,dry,gold_expert,1,0.4103724505184942,1,gold_4_of_4,4,4,0,0,4,1.0,dry4_wet0_unknown0,4_evaluators_unanimous,0,0,logistic_regression__C0.001__pca128__no_whiten__gold1__wetcost1,False,1.0,1.0
ff8435f6-76b5-42c1-8f4c-7479710e71bf,0,dry,weak_expert,1,0.3647548114703394,1,weak_1_vote,1,1,0,0,1,1.0,dry1_wet0_unknown0,only_1_evaluator,0,0,logistic_regression__C0.001__pca128__no_whiten__gold1__wetcost1,False,1.0,1.0
01614a4a-947f-43ca-a609-fc2787509f6f,1,wet,weak_expert,1,0.5039267687886063,1,weak_1_vote,1,0,1,0,1,1.0,dry0_wet1_unknown0,only_1_evaluator,0,1,logistic_regression__C0.001__pca128__no_whiten__gold1__wetcost1,False,1.0,1.0
0837bd59-09c5-4098-afe3-4bcbfb0fb0e2,1,wet,weak_expert,1,0.8031978339185122,1,weak_1_vote,1,0,1,0,1,1.0,dry0_wet1_unknown0,only_1_evaluator,1,1,logistic_regression__C0.001__pca128__no_whiten__gold1__wetcost1,False,1.0,1.0
08f05aa0-7c3d-40be-a8ae-ab6bc6d41be3,1,wet,weak_expert,1,0.6153117333153726,1,weak_1_vote,1,0,1,0,1,1.0,dry0_wet1_unknown0,only_1_evaluator,1,1,logistic_regression__C0.001__pca128__no_whiten__gold1__wetcost1,False,1.0,1.0
0b6f8543-c5e3-414c-a4f3-020e56e8ec60,1,wet,weak_expert,1,0.6397312140723043,1,weak_1_vote,1,0,1,0,1,1.0,dry0_wet1_unknown0,only_1_evaluator,1,1,logistic_regression__C0.001__pca128__no_whiten__gold1__wetcost1,False,1.0,1.0
0b72bbdf-fe74-4c76-8c9a-9e4a60a7b9f9,1,wet,weak_expert,1,0.5264238959254482,1,weak_1_vote,1,0,1,0,1,1.0,dry0_wet1_unknown0,only_1_evaluator,0,1,logistic_regression__C0.001__pca128__no_whiten__gold1__wetcost1,False,1.0,1.0
0f8d80f9-700e-4069-924d-e15f29d7c19a,1,wet,gold_expert,1,0.5452817752488235,1,gold_3_of_4,4,0,3,1,3,0.75,dry0_wet3_unknown1,3_of_4_agree,1,1,logistic_regression__C0.001__pca128__no_whiten__gold1__wetcost1,False,1.0,1.0
13cc16ff-2b44-4740-b7f4-e80cf7404d30,1,wet,weak_expert,1,0.874008643122155,1,weak_1_vote,1,0,1,0,1,1.0,dry0_wet1_unknown0,only_1_evaluator,1,1,logistic_regression__C0.001__pca128__no_whiten__gold1__wetcost1,False,1.0,1.0
16af8331-f890-4f2e-bf49-2b42985d379e,1,wet,weak_expert,1,0.5904325842884689,1,weak_1_vote,1,0,1,0,1,1.0,dry0_wet1_unknown0,only_1_evaluator,1,1,logistic_regression__C0.001__pca128__no_whiten__gold1__wetcost1,False,1.0,1.0
16b16ff5-e875-4f0f-ad76-bd7ba27faca6,1,wet,weak_expert,1,0.520768295690175,1,weak_1_vote,1,0,1,0,1,1.0,dry0_wet1_unknown0,only_1_evaluator,0,1,logistic_regression__C0.001__pca128__no_whiten__gold1__wetcost1,False,1.0,1.0
182246b0-9f77-4c40-976e-3c9342619819,1,wet,weak_expert,1,0.6262577168195018,1,weak_1_vote,1,0,1,0,1,1.0,dry0_wet1_unknown0,only_1_evaluator,1,1,logistic_regression__C0.001__pca128__no_whiten__gold1__wetcost1,False,1.0,1.0
1b1f2c9b-7cfa-4eb5-837d-36ae3d647c92,1,wet,weak_expert,1,0.5487387737224311,1,weak_1_vote,1,0,1,0,1,1.0,dry0_wet1_unknown0,only_1_evaluator,1,1,logistic_regression__C0.001__pca128__no_whiten__gold1__wetcost1,False,1.0,1.0
1de44182-c6f6-4059-bb54-1e8552999e03,1,wet,weak_expert,1,0.28809342089075635,1,weak_1_vote,1,0,1,0,1,1.0,dry0_wet1_unknown0,only_1_evaluator,0,0,logistic_regression__C0.001__pca128__no_whiten__gold1__wetcost1,False,1.0,1.0
1e3025cb-d921-485b-a08c-c2966fc4f730,1,wet,weak_expert,1,0.6836982849594666,1,weak_1_vote,1,0,1,0,1,1.0,dry0_wet1_unknown0,only_1_evaluator,1,1,logistic_regression__C0.001__pca128__no_whiten__gold1__wetcost1,False,1.0,1.0
20638b85-0ab9-45cc-b257-9ce9986946de,1,wet,weak_expert,1,0.8027079052316627,1,weak_1_vote,1,0,1,0,1,1.0,dry0_wet1_unknown0,only_1_evaluator,1,1,logistic_regression__C0.001__pca128__no_whiten__gold1__wetcost1,False,1.0,1.0
21c16c1c-46fc-4b80-b941-65d7c6e87555,1,wet,weak_expert,1,0.39946789682347916,1,weak_1_vote,1,0,1,0,1,1.0,dry0_wet1_unknown0,only_1_evaluator,0,0,logistic_regression__C0.001__pca128__no_whiten__gold1__wetcost1,False,1.0,1.0
25e59482-9d33-4a0c-bfbf-5438b9c0c9ea,1,wet,weak_expert,1,0.43610031758408085,1,weak_1_vote,1,0,1,0,1,1.0,dry0_wet1_unknown0,only_1_evaluator,0,0,logistic_regression__C0.001__pca128__no_whiten__gold1__wetcost1,False,1.0,1.0
28b30c43-8b77-436a-a181-9b36ec9f0553,1,wet,weak_expert,1,0.6090924730990309,1,weak_1_vote,1,0,1,0,1,1.0,dry0_wet1_unknown0,only_1_evaluator,1,1,logistic_regression__C0.001__pca128__no_whiten__gold1__wetcost1,False,1.0,1.0
2e41a2bd-6462-407d-8078-9f7b86a54f52,1,wet,weak_expert,1,0.9203564822880906,1,weak_1_vote,1,0,1,0,1,1.0,dry0_wet1_unknown0,only_1_evaluator,1,1,logistic_regression__C0.001__pca128__no_whiten__gold1__wetcost1,False,1.0,1.0
32eea255-502c-4bb2-9160-12aa16912ea9,1,wet,weak_expert,1,0.7062557395265433,1,weak_1_vote,1,0,1,0,1,1.0,dry0_wet1_unknown0,only_1_evaluator,1,1,logistic_regression__C0.001__pca128__no_whiten__gold1__wetcost1,False,1.0,1.0
380bc7f0-d950-450c-9f5e-43c7c3f4c132,1,wet,weak_expert,1,0.7294350592440577,1,weak_1_vote,1,0,1,0,1,1.0,dry0_wet1_unknown0,only_1_evaluator,1,1,logistic_regression__C0.001__pca128__no_whiten__gold1__wetcost1,False,1.0,1.0
3c903e81-9634-4d62-90f0-f09b95f382f7,1,wet,weak_expert,1,0.3752909045651261,1,weak_1_vote,1,0,1,0,1,1.0,dry0_wet1_unknown0,only_1_evaluator,0,0,logistic_regression__C0.001__pca128__no_whiten__gold1__wetcost1,False,1.0,1.0
4122c8f7-07e5-4c74-8993-c17157bd6c1b,1,wet,weak_expert,1,0.421606816221027,1,weak_1_vote,1,0,1,0,1,1.0,dry0_wet1_unknown0,only_1_evaluator,0,0,logistic_regression__C0.001__pca128__no_whiten__gold1__wetcost1,False,1.0,1.0
4a19eff2-8302-4aa6-9164-ae5a9d2d824f,1,wet,weak_expert,1,0.31225021376068673,1,weak_1_vote,1,0,1,0,1,1.0,dry0_wet1_unknown0,only_1_evaluator,0,0,logistic_regression__C0.001__pca128__no_whiten__gold1__wetcost1,False,1.0,1.0
4eab6d7e-32c1-4a7f-be8c-b1cbcffe2420,1,wet,weak_expert,1,0.9349213181790643,1,weak_1_vote,1,0,1,0,1,1.0,dry0_wet1_unknown0,only_1_evaluator,1,1,logistic_regression__C0.001__pca128__no_whiten__gold1__wetcost1,False,1.0,1.0
4f95a31d-9302-47bb-a0b6-cdd8b13c0aab,1,wet,weak_expert,1,0.2866381656592062,1,weak_1_vote,1,0,1,0,1,1.0,dry0_wet1_unknown0,only_1_evaluator,0,0,logistic_regression__C0.001__pca128__no_whiten__gold1__wetcost1,False,1.0,1.0
5322ecad-3152-4fab-8f66-8552c0ebd4c2,1,wet,weak_expert,1,0.6424731027882107,1,weak_1_vote,1,0,1,0,1,1.0,dry0_wet1_unknown0,only_1_evaluator,1,1,logistic_regression__C0.001__pca128__no_whiten__gold1__wetcost1,False,1.0,1.0
55534e14-5e4e-4102-8bb0-2011ca1c371a,1,wet,weak_expert,1,0.47436131492895284,1,weak_4_eval_2_1_1,4,1,2,1,2,0.5,dry1_wet2_unknown1,4_evaluators_2_vs_1_vs_1,0,0,logistic_regression__C0.001__pca128__no_whiten__gold1__wetcost1,False,1.0,1.0
5790906b-44f0-4b59-8052-1f3d7927decd,1,wet,weak_expert,1,0.8923456802033619,1,weak_1_vote,1,0,1,0,1,1.0,dry0_wet1_unknown0,only_1_evaluator,1,1,logistic_regression__C0.001__pca128__no_whiten__gold1__wetcost1,False,1.0,1.0
618fc43a-4d9d-4dad-8b68-2714b584ccc4,1,wet,weak_expert,1,0.2520949285578343,1,weak_1_vote,1,0,1,0,1,1.0,dry0_wet1_unknown0,only_1_evaluator,0,0,logistic_regression__C0.001__pca128__no_whiten__gold1__wetcost1,False,1.0,1.0
641a25a8-413c-4a45-b74f-a46edc276724,1,wet,weak_expert,1,0.38967029025550337,1,weak_1_vote,1,0,1,0,1,1.0,dry0_wet1_unknown0,only_1_evaluator,0,0,logistic_regression__C0.001__pca128__no_whiten__gold1__wetcost1,False,1.0,1.0
6647b629-2246-48c9-83ad-c3ad4795c891,1,wet,weak_expert,1,0.7659411837483814,1,weak_1_vote,1,0,1,0,1,1.0,dry0_wet1_unknown0,only_1_evaluator,1,1,logistic_regression__C0.001__pca128__no_whiten__gold1__wetcost1,False,1.0,1.0
66636b7b-3e0e-4613-9f1f-4ec16fb313c3,1,wet,weak_expert,1,0.42026099141309076,1,weak_1_vote,1,0,1,0,1,1.0,dry0_wet1_unknown0,only_1_evaluator,0,0,logistic_regression__C0.001__pca128__no_whiten__gold1__wetcost1,False,1.0,1.0
66bd4211-2034-4cde-82ad-59aeff6e7eb8,1,wet,weak_expert,1,0.3862927990598069,1,weak_1_vote,1,0,1,0,1,1.0,dry0_wet1_unknown0,only_1_evaluator,0,0,logistic_regression__C0.001__pca128__no_whiten__gold1__wetcost1,False,1.0,1.0
6fbee7bd-2530-404b-80e2-bb2d1317d7c5,1,wet,weak_expert,1,0.4589066745314441,1,weak_1_vote,1,0,1,0,1,1.0,dry0_wet1_unknown0,only_1_evaluator,0,0,logistic_regression__C0.001__pca128__no_whiten__gold1__wetcost1,False,1.0,1.0
78637ec8-6570-4b6a-b8fd-a1610022c413,1,wet,weak_expert,1,0.4893748215030747,1,weak_1_vote,1,0,1,0,1,1.0,dry0_wet1_unknown0,only_1_evaluator,0,0,logistic_regression__C0.001__pca128__no_whiten__gold1__wetcost1,False,1.0,1.0
7872c598-46e9-4bc5-804b-47c71b4be1ac,1,wet,weak_expert,1,0.3807088875431542,1,weak_1_vote,1,0,1,0,1,1.0,dry0_wet1_unknown0,only_1_evaluator,0,0,logistic_regression__C0.001__pca128__no_whiten__gold1__wetcost1,False,1.0,1.0
811d96a7-e63f-4a8e-afc8-d8cef7bec7aa,1,wet,weak_expert,1,0.6780204581497299,1,weak_1_vote,1,0,1,0,1,1.0,dry0_wet1_unknown0,only_1_evaluator,1,1,logistic_regression__C0.001__pca128__no_whiten__gold1__wetcost1,False,1.0,1.0
821f8448-26e5-4f74-acbf-e5d5058eaa93,1,wet,weak_expert,1,0.6081811977651386,1,weak_1_vote,1,0,1,0,1,1.0,dry0_wet1_unknown0,only_1_evaluator,1,1,logistic_regression__C0.001__pca128__no_whiten__gold1__wetcost1,False,1.0,1.0
8475da17-5c32-415c-ba77-6dfad5ee5f9b,1,wet,weak_expert,1,0.42613896459037004,1,weak_1_vote,1,0,1,0,1,1.0,dry0_wet1_unknown0,only_1_evaluator,0,0,logistic_regression__C0.001__pca128__no_whiten__gold1__wetcost1,False,1.0,1.0
868d1ace-2365-4f81-bc7e-0fbe8214f5d7,1,wet,weak_expert,1,0.6296746957259926,1,weak_1_vote,1,0,1,0,1,1.0,dry0_wet1_unknown0,only_1_evaluator,1,1,logistic_regression__C0.001__pca128__no_whiten__gold1__wetcost1,False,1.0,1.0
8b96d238-8053-4b15-86b6-a31f448dda73,1,wet,weak_expert,1,0.2143097740941605,1,weak_1_vote,1,0,1,0,1,1.0,dry0_wet1_unknown0,only_1_evaluator,0,0,logistic_regression__C0.001__pca128__no_whiten__gold1__wetcost1,False,1.0,1.0
8cdd0367-1661-4524-830d-2bd69aa6dee7,1,wet,weak_expert,1,0.5706739822704711,1,weak_1_vote,1,0,1,0,1,1.0,dry0_wet1_unknown0,only_1_evaluator,1,1,logistic_regression__C0.001__pca128__no_whiten__gold1__wetcost1,False,1.0,1.0
91678983-1d96-4390-8f09-55df6a75bb36,1,wet,weak_expert,1,0.5646142748056877,1,weak_1_vote,1,0,1,0,1,1.0,dry0_wet1_unknown0,only_1_evaluator,1,1,logistic_regression__C0.001__pca128__no_whiten__gold1__wetcost1,False,1.0,1.0
9420ab0f-61bd-4567-a229-e93ff115785b,1,wet,weak_expert,1,0.45866858582558073,1,weak_1_vote,1,0,1,0,1,1.0,dry0_wet1_unknown0,only_1_evaluator,0,0,logistic_regression__C0.001__pca128__no_whiten__gold1__wetcost1,False,1.0,1.0
99de245e-7797-4b68-8b4e-7be2c3600f49,1,wet,weak_expert,1,0.6738099738651546,1,weak_1_vote,1,0,1,0,1,1.0,dry0_wet1_unknown0,only_1_evaluator,1,1,logistic_regression__C0.001__pca128__no_whiten__gold1__wetcost1,False,1.0,1.0
9c121206-2d76-40b1-bbd0-4b1f483adada,1,wet,weak_expert,1,0.4379919098124223,1,weak_1_vote,1,0,1,0,1,1.0,dry0_wet1_unknown0,only_1_evaluator,0,0,logistic_regression__C0.001__pca128__no_whiten__gold1__wetcost1,False,1.0,1.0
9e41c672-ffbd-4a9b-919b-3fdfd4771f63,1,wet,weak_expert,1,0.5165330757731467,1,weak_1_vote,1,0,1,0,1,1.0,dry0_wet1_unknown0,only_1_evaluator,0,1,logistic_regression__C0.001__pca128__no_whiten__gold1__wetcost1,False,1.0,1.0
a1f69db9-81f4-4a07-9808-dd1c99053125,1,wet,weak_expert,1,0.4755180752482724,1,weak_1_vote,1,0,1,0,1,1.0,dry0_wet1_unknown0,only_1_evaluator,0,0,logistic_regression__C0.001__pca128__no_whiten__gold1__wetcost1,False,1.0,1.0
a5115a55-1187-4983-b9d6-4e423d92f981,1,wet,weak_expert,1,0.5985899220775328,1,weak_1_vote,1,0,1,0,1,1.0,dry0_wet1_unknown0,only_1_evaluator,1,1,logistic_regression__C0.001__pca128__no_whiten__gold1__wetcost1,False,1.0,1.0
aa78817e-f5e3-470b-b516-6006c59fb1fa,1,wet,weak_expert,1,0.3397056364640158,1,weak_1_vote,1,0,1,0,1,1.0,dry0_wet1_unknown0,only_1_evaluator,0,0,logistic_regression__C0.001__pca128__no_whiten__gold1__wetcost1,False,1.0,1.0
b392ae80-f91a-4a78-bad3-2e8a8c8130d2,1,wet,weak_expert,1,0.8332236906290506,1,weak_1_vote,1,0,1,0,1,1.0,dry0_wet1_unknown0,only_1_evaluator,1,1,logistic_regression__C0.001__pca128__no_whiten__gold1__wetcost1,False,1.0,1.0
b689a94c-70d7-4fec-a237-b5ded63ca518,1,wet,weak_expert,1,0.6255647052039895,1,weak_1_vote,1,0,1,0,1,1.0,dry0_wet1_unknown0,only_1_evaluator,1,1,logistic_regression__C0.001__pca128__no_whiten__gold1__wetcost1,False,1.0,1.0
b7f60904-a2e1-4068-9854-523ebe8d8c04,1,wet,weak_expert,1,0.8699775457129052,1,weak_1_vote,1,0,1,0,1,1.0,dry0_wet1_unknown0,only_1_evaluator,1,1,logistic_regression__C0.001__pca128__no_whiten__gold1__wetcost1,False,1.0,1.0
bcc118e3-39f2-45f9-8dae-46650d962729,1,wet,weak_expert,1,0.8513830806685455,1,weak_1_vote,1,0,1,0,1,1.0,dry0_wet1_unknown0,only_1_evaluator,1,1,logistic_regression__C0.001__pca128__no_whiten__gold1__wetcost1,False,1.0,1.0
bd14922a-f88e-4b99-a338-360789a40b69,1,wet,weak_expert,1,0.8382820936169276,1,weak_1_vote,1,0,1,0,1,1.0,dry0_wet1_unknown0,only_1_evaluator,1,1,logistic_regression__C0.001__pca128__no_whiten__gold1__wetcost1,False,1.0,1.0
c34dae42-797d-41cd-815d-b10d23d8844d,1,wet,weak_expert,1,0.3803419233036212,1,weak_1_vote,1,0,1,0,1,1.0,dry0_wet1_unknown0,only_1_evaluator,0,0,logistic_regression__C0.001__pca128__no_whiten__gold1__wetcost1,False,1.0,1.0
c3c69ce2-8617-4329-8f39-7f7b16daafed,1,wet,weak_expert,1,0.37965531844395095,1,weak_1_vote,1,0,1,0,1,1.0,dry0_wet1_unknown0,only_1_evaluator,0,0,logistic_regression__C0.001__pca128__no_whiten__gold1__wetcost1,False,1.0,1.0
c9d68f80-c9ee-4cb3-885b-f4f46fa1c8bd,1,wet,weak_expert,1,0.4217436868267549,1,weak_1_vote,1,0,1,0,1,1.0,dry0_wet1_unknown0,only_1_evaluator,0,0,logistic_regression__C0.001__pca128__no_whiten__gold1__wetcost1,False,1.0,1.0
cc5b8aa6-355a-4f4c-bc88-4f1d5bafc5ad,1,wet,weak_expert,1,0.6837044508772657,1,weak_1_vote,1,0,1,0,1,1.0,dry0_wet1_unknown0,only_1_evaluator,1,1,logistic_regression__C0.001__pca128__no_whiten__gold1__wetcost1,False,1.0,1.0
dc994f21-ea5e-4236-bc48-2fd980feb2f8,1,wet,weak_expert,1,0.5241567578376697,1,weak_1_vote,1,0,1,0,1,1.0,dry0_wet1_unknown0,only_1_evaluator,0,1,logistic_regression__C0.001__pca128__no_whiten__gold1__wetcost1,False,1.0,1.0
dff83863-6ceb-416a-9846-26b13bab1bfa,1,wet,weak_expert,1,0.36705363517949524,1,weak_1_vote,1,0,1,0,1,1.0,dry0_wet1_unknown0,only_1_evaluator,0,0,logistic_regression__C0.001__pca128__no_whiten__gold1__wetcost1,False,1.0,1.0
e048aa97-7313-48f8-99f7-0f2795bf4a48,1,wet,weak_expert,1,0.6547769225232473,1,weak_1_vote,1,0,1,0,1,1.0,dry0_wet1_unknown0,only_1_evaluator,1,1,logistic_regression__C0.001__pca128__no_whiten__gold1__wetcost1,False,1.0,1.0
e272246a-5c0e-4549-83b0-8330cfce867e,1,wet,weak_expert,1,0.3677819489115233,1,weak_1_vote,1,0,1,0,1,1.0,dry0_wet1_unknown0,only_1_evaluator,0,0,logistic_regression__C0.001__pca128__no_whiten__gold1__wetcost1,False,1.0,1.0
e292ff84-85b8-486e-984a-91ecceef4b90,1,wet,weak_expert,1,0.5911425234654667,1,weak_1_vote,1,0,1,0,1,1.0,dry0_wet1_unknown0,only_1_evaluator,1,1,logistic_regression__C0.001__pca128__no_whiten__gold1__wetcost1,False,1.0,1.0
e39dac66-46e0-4d6f-b09c-58026674c71f,1,wet,weak_expert,1,0.5463579112032545,1,weak_1_vote,1,0,1,0,1,1.0,dry0_wet1_unknown0,only_1_evaluator,1,1,logistic_regression__C0.001__pca128__no_whiten__gold1__wetcost1,False,1.0,1.0
e6788288-778c-46d3-9d83-c4c2eb6f707d,1,wet,weak_expert,1,0.49308571739226453,1,weak_1_vote,1,0,1,0,1,1.0,dry0_wet1_unknown0,only_1_evaluator,0,0,logistic_regression__C0.001__pca128__no_whiten__gold1__wetcost1,False,1.0,1.0
e89a2e55-e5ad-4774-950c-ae4e84b444f8,1,wet,weak_expert,1,0.5846148255593804,1,weak_1_vote,1,0,1,0,1,1.0,dry0_wet1_unknown0,only_1_evaluator,1,1,logistic_regression__C0.001__pca128__no_whiten__gold1__wetcost1,False,1.0,1.0
ea3553b7-8fc4-4889-bc48-9318dfc1c9f5,1,wet,weak_expert,1,0.4244695892958125,1,weak_1_vote,1,0,1,0,1,1.0,dry0_wet1_unknown0,only_1_evaluator,0,0,logistic_regression__C0.001__pca128__no_whiten__gold1__wetcost1,False,1.0,1.0
ed5f5776-506b-42ac-85f6-021619d319b9,1,wet,weak_expert,1,0.5993944049081856,1,weak_1_vote,1,0,1,0,1,1.0,dry0_wet1_unknown0,only_1_evaluator,1,1,logistic_regression__C0.001__pca128__no_whiten__gold1__wetcost1,False,1.0,1.0
ee82b8a5-39ed-41da-a927-7be42bb86ec7,1,wet,weak_expert,1,0.8222695875927122,1,weak_1_vote,1,0,1,0,1,1.0,dry0_wet1_unknown0,only_1_evaluator,1,1,logistic_regression__C0.001__pca128__no_whiten__gold1__wetcost1,False,1.0,1.0
f33560fd-1e3f-4117-b759-b2151dfb7eab,1,wet,weak_expert,1,0.42476142662998456,1,weak_1_vote,1,0,1,0,1,1.0,dry0_wet1_unknown0,only_1_evaluator,0,0,logistic_regression__C0.001__pca128__no_whiten__gold1__wetcost1,False,1.0,1.0
f3a3af59-0ebf-4644-a38b-32e36a70b876,1,wet,weak_expert,1,0.3761866500174328,1,weak_1_vote,1,0,1,0,1,1.0,dry0_wet1_unknown0,only_1_evaluator,0,0,logistic_regression__C0.001__pca128__no_whiten__gold1__wetcost1,False,1.0,1.0
f8c27e97-5b6b-4437-a8ae-236074a31b98,1,wet,weak_expert,1,0.1958668256284994,1,weak_1_vote,1,0,1,0,1,1.0,dry0_wet1_unknown0,only_1_evaluator,0,0,logistic_regression__C0.001__pca128__no_whiten__gold1__wetcost1,False,1.0,1.0
f9144621-a450-411a-b4f6-9a29e617358f,1,wet,weak_expert,1,0.5621728026731567,1,weak_1_vote,1,0,1,0,1,1.0,dry0_wet1_unknown0,only_1_evaluator,1,1,logistic_regression__C0.001__pca128__no_whiten__gold1__wetcost1,False,1.0,1.0
fd0859a7-9b11-405f-b151-6f21048f50bd,1,wet,weak_expert,1,0.573693391320857,1,weak_1_vote,1,0,1,0,1,1.0,dry0_wet1_unknown0,only_1_evaluator,1,1,logistic_regression__C0.001__pca128__no_whiten__gold1__wetcost1,False,1.0,1.0
059ae242-fffd-44c7-b821-9d73f93449aa,0,dry,weak_expert,2,0.3332008676006926,1,weak_1_vote,1,1,0,0,1,1.0,dry1_wet0_unknown0,only_1_evaluator,0,0,logistic_regression__C0.001__pca128__no_whiten__gold1__wetcost1,False,1.0,1.0
06ad9cc8-27ff-4d9e-bfec-f88a660d9253,0,dry,weak_expert,2,0.4177803488952485,1,weak_1_vote,1,1,0,0,1,1.0,dry1_wet0_unknown0,only_1_evaluator,0,0,logistic_regression__C0.001__pca128__no_whiten__gold1__wetcost1,False,1.0,1.0
06b49798-22b7-4570-85b9-1390947ff34d,0,dry,weak_expert,2,0.37651542627893897,1,weak_1_vote,1,1,0,0,1,1.0,dry1_wet0_unknown0,only_1_evaluator,0,0,logistic_regression__C0.001__pca128__no_whiten__gold1__wetcost1,False,1.0,1.0
0b35d226-9927-4ddc-b5ea-cca273d43f66,0,dry,weak_expert,2,0.42832290528206696,1,weak_1_vote,1,1,0,0,1,1.0,dry1_wet0_unknown0,only_1_evaluator,0,0,logistic_regression__C0.001__pca128__no_whiten__gold1__wetcost1,False,1.0,1.0
0b60a771-1dde-49b8-a46d-d049b1791ca4,0,dry,weak_expert,2,0.7289052592469921,1,weak_1_vote,1,1,0,0,1,1.0,dry1_wet0_unknown0,only_1_evaluator,1,1,logistic_regression__C0.001__pca128__no_whiten__gold1__wetcost1,False,1.0,1.0
0ebcd337-e754-4955-a935-f7b3f04ec5ff,0,dry,weak_expert,2,0.30229716114769867,1,weak_1_vote,1,1,0,0,1,1.0,dry1_wet0_unknown0,only_1_evaluator,0,0,logistic_regression__C0.001__pca128__no_whiten__gold1__wetcost1,False,1.0,1.0
12a1f8a8-d986-477c-a186-501247d38869,0,dry,weak_expert,2,0.5576796871258388,1,weak_1_vote,1,1,0,0,1,1.0,dry1_wet0_unknown0,only_1_evaluator,1,1,logistic_regression__C0.001__pca128__no_whiten__gold1__wetcost1,False,1.0,1.0
139d0f69-4c1c-416c-933e-ab45ea42ff93,0,dry,weak_expert,2,0.37045118693035956,1,weak_1_vote,1,1,0,0,1,1.0,dry1_wet0_unknown0,only_1_evaluator,0,0,logistic_regression__C0.001__pca128__no_whiten__gold1__wetcost1,False,1.0,1.0
13ec7c23-9c3d-42a7-90e7-ca621e8e2c33,0,dry,weak_expert,2,0.38653105466288284,1,weak_1_vote,1,1,0,0,1,1.0,dry1_wet0_unknown0,only_1_evaluator,0,0,logistic_regression__C0.001__pca128__no_whiten__gold1__wetcost1,False,1.0,1.0
15a0a034-354e-4637-b74c-9653763e0862,0,dry,weak_expert,2,0.3300398129241736,1,weak_1_vote,1,1,0,0,1,1.0,dry1_wet0_unknown0,only_1_evaluator,0,0,logistic_regression__C0.001__pca128__no_whiten__gold1__wetcost1,False,1.0,1.0
1645e119-c9ee-4cf8-9a87-31bcc8b025bb,0,dry,weak_expert,2,0.49936689490159364,1,weak_1_vote,1,1,0,0,1,1.0,dry1_wet0_unknown0,only_1_evaluator,0,0,logistic_regression__C0.001__pca128__no_whiten__gold1__wetcost1,False,1.0,1.0
167b1c65-40e6-4330-8dc7-d51d735ccdab,0,dry,weak_expert,2,0.3464212482343916,1,weak_1_vote,1,1,0,0,1,1.0,dry1_wet0_unknown0,only_1_evaluator,0,0,logistic_regression__C0.001__pca128__no_whiten__gold1__wetcost1,False,1.0,1.0
1853c64d-a058-471d-8409-84fd2afb5edd,0,dry,weak_expert,2,0.308435193484422,1,weak_1_vote,1,1,0,0,1,1.0,dry1_wet0_unknown0,only_1_evaluator,0,0,logistic_regression__C0.001__pca128__no_whiten__gold1__wetcost1,False,1.0,1.0
1add9b29-ef49-4a03-b38f-c9391161e7bf,0,dry,weak_expert,2,0.3292022874813292,1,weak_1_vote,1,1,0,0,1,1.0,dry1_wet0_unknown0,only_1_evaluator,0,0,logistic_regression__C0.001__pca128__no_whiten__gold1__wetcost1,False,1.0,1.0
1c13288a-9ef9-4027-9ca6-06472a106fb1,0,dry,weak_expert,2,0.49002091374660994,1,weak_1_vote,1,1,0,0,1,1.0,dry1_wet0_unknown0,only_1_evaluator,0,0,logistic_regression__C0.001__pca128__no_whiten__gold1__wetcost1,False,1.0,1.0
1c4c4928-4a83-4fae-be54-48a557fb7739,0,dry,weak_expert,2,0.36162416786018714,1,weak_1_vote,1,1,0,0,1,1.0,dry1_wet0_unknown0,only_1_evaluator,0,0,logistic_regression__C0.001__pca128__no_whiten__gold1__wetcost1,False,1.0,1.0
1cef13ee-037d-49cb-bbd3-bbb44328cd91,0,dry,weak_expert,2,0.5293956323642923,1,weak_1_vote,1,1,0,0,1,1.0,dry1_wet0_unknown0,only_1_evaluator,0,1,logistic_regression__C0.001__pca128__no_whiten__gold1__wetcost1,False,1.0,1.0
1e2fb96c-cc9c-450d-9474-b363b22adfe8,0,dry,weak_expert,2,0.3262476295504473,1,weak_1_vote,1,1,0,0,1,1.0,dry1_wet0_unknown0,only_1_evaluator,0,0,logistic_regression__C0.001__pca128__no_whiten__gold1__wetcost1,False,1.0,1.0
1e35ccdb-4d0c-4a40-884d-500fa21dae26,0,dry,weak_expert,2,0.2480153445508319,1,weak_1_vote,1,1,0,0,1,1.0,dry1_wet0_unknown0,only_1_evaluator,0,0,logistic_regression__C0.001__pca128__no_whiten__gold1__wetcost1,False,1.0,1.0
1f02c230-3a22-4ee1-81e4-7e7237b36c03,0,dry,weak_expert,2,0.32006202055569916,1,weak_4_eval_2_1_1,4,2,1,1,2,0.5,dry2_wet1_unknown1,4_evaluators_2_vs_1_vs_1,0,0,logistic_regression__C0.001__pca128__no_whiten__gold1__wetcost1,False,1.0,1.0
21601275-9606-4574-869d-1cec6120d3e1,0,dry,weak_expert,2,0.36417627234961164,1,weak_1_vote,1,1,0,0,1,1.0,dry1_wet0_unknown0,only_1_evaluator,0,0,logistic_regression__C0.001__pca128__no_whiten__gold1__wetcost1,False,1.0,1.0
218f522f-d3b0-4370-a93f-e8a70d958950,0,dry,gold_expert,2,0.3961121602768462,1,gold_3_of_4,4,3,1,0,3,0.75,dry3_wet1_unknown0,3_of_4_agree,0,0,logistic_regression__C0.001__pca128__no_whiten__gold1__wetcost1,False,1.0,1.0
21d95211-da92-44a9-83c7-30f8d4c6d670,0,dry,weak_expert,2,0.402719378673259,1,weak_1_vote,1,1,0,0,1,1.0,dry1_wet0_unknown0,only_1_evaluator,0,0,logistic_regression__C0.001__pca128__no_whiten__gold1__wetcost1,False,1.0,1.0
22cb791b-2eba-480f-9eb3-69018bd25a04,0,dry,weak_expert,2,0.3595521794759133,1,weak_1_vote,1,1,0,0,1,1.0,dry1_wet0_unknown0,only_1_evaluator,0,0,logistic_regression__C0.001__pca128__no_whiten__gold1__wetcost1,False,1.0,1.0
23757c39-1cc1-4c17-bdda-b8b44c42a68e,0,dry,weak_expert,2,0.4405015458574356,1,weak_1_vote,1,1,0,0,1,1.0,dry1_wet0_unknown0,only_1_evaluator,0,0,logistic_regression__C0.001__pca128__no_whiten__gold1__wetcost1,False,1.0,1.0
23b27f73-bbcc-4856-a5bd-8a9719e471db,0,dry,weak_expert,2,0.595780402108451,1,weak_1_vote,1,1,0,0,1,1.0,dry1_wet0_unknown0,only_1_evaluator,1,1,logistic_regression__C0.001__pca128__no_whiten__gold1__wetcost1,False,1.0,1.0
24526b28-3377-4f1e-942f-8e3f6d38e44b,0,dry,weak_expert,2,0.35325693421528354,1,weak_1_vote,1,1,0,0,1,1.0,dry1_wet0_unknown0,only_1_evaluator,0,0,logistic_regression__C0.001__pca128__no_whiten__gold1__wetcost1,False,1.0,1.0
26194021-bc50-4a4f-b49e-e36a01041b49,0,dry,weak_expert,2,0.3270363752097068,1,weak_1_vote,1,1,0,0,1,1.0,dry1_wet0_unknown0,only_1_evaluator,0,0,logistic_regression__C0.001__pca128__no_whiten__gold1__wetcost1,False,1.0,1.0
26b079a2-0954-4ca4-a494-1ef64e7d93f9,0,dry,weak_expert,2,0.3977088543946156,1,weak_1_vote,1,1,0,0,1,1.0,dry1_wet0_unknown0,only_1_evaluator,0,0,logistic_regression__C0.001__pca128__no_whiten__gold1__wetcost1,False,1.0,1.0
27bfbb49-3141-4d9e-9746-0e830e859907,0,dry,weak_expert,2,0.4143835112285012,1,weak_1_vote,1,1,0,0,1,1.0,dry1_wet0_unknown0,only_1_evaluator,0,0,logistic_regression__C0.001__pca128__no_whiten__gold1__wetcost1,False,1.0,1.0
28ccfa17-8a60-43b1-b0b0-2db7042c088e,0,dry,weak_expert,2,0.513651707927601,1,weak_1_vote,1,1,0,0,1,1.0,dry1_wet0_unknown0,only_1_evaluator,0,1,logistic_regression__C0.001__pca128__no_whiten__gold1__wetcost1,False,1.0,1.0
2c38b55e-7a52-4b23-a4a5-f0da83cd2cba,0,dry,weak_expert,2,0.7123145033546071,1,weak_1_vote,1,1,0,0,1,1.0,dry1_wet0_unknown0,only_1_evaluator,1,1,logistic_regression__C0.001__pca128__no_whiten__gold1__wetcost1,False,1.0,1.0
2e4456dd-bb47-45f7-b2ef-7b2d2f2859c6,0,dry,gold_expert,2,0.20055939146822688,1,gold_4_of_4,4,4,0,0,4,1.0,dry4_wet0_unknown0,4_evaluators_unanimous,0,0,logistic_regression__C0.001__pca128__no_whiten__gold1__wetcost1,False,1.0,1.0
30f89651-4d57-4de3-8575-ab68725eccef,0,dry,weak_expert,2,0.24318139355104054,1,weak_1_vote,1,1,0,0,1,1.0,dry1_wet0_unknown0,only_1_evaluator,0,0,logistic_regression__C0.001__pca128__no_whiten__gold1__wetcost1,False,1.0,1.0
32233260-588c-4431-a326-4a0ea6c669c5,0,dry,weak_expert,2,0.3881643203181449,1,weak_1_vote,1,1,0,0,1,1.0,dry1_wet0_unknown0,only_1_evaluator,0,0,logistic_regression__C0.001__pca128__no_whiten__gold1__wetcost1,False,1.0,1.0
32ba514c-b6e5-45a5-a62d-a4555084e3ed,0,dry,weak_expert,2,0.4820430097203198,1,weak_1_vote,1,1,0,0,1,1.0,dry1_wet0_unknown0,only_1_evaluator,0,0,logistic_regression__C0.001__pca128__no_whiten__gold1__wetcost1,False,1.0,1.0
335a56cc-66bf-4dd0-a60b-f7a596e43c08,0,dry,weak_expert,2,0.4307948579895241,1,weak_1_vote,1,1,0,0,1,1.0,dry1_wet0_unknown0,only_1_evaluator,0,0,logistic_regression__C0.001__pca128__no_whiten__gold1__wetcost1,False,1.0,1.0
33ed7ec5-c28f-4397-90ac-f64af5d0393e,0,dry,weak_expert,2,0.902248342435612,1,weak_1_vote,1,1,0,0,1,1.0,dry1_wet0_unknown0,only_1_evaluator,1,1,logistic_regression__C0.001__pca128__no_whiten__gold1__wetcost1,False,1.0,1.0
341ff20f-b75f-4d5a-8ee9-38ba198ed6ec,0,dry,weak_expert,2,0.5226396359353453,1,weak_1_vote,1,1,0,0,1,1.0,dry1_wet0_unknown0,only_1_evaluator,0,1,logistic_regression__C0.001__pca128__no_whiten__gold1__wetcost1,False,1.0,1.0
34fa8ed4-a911-4def-9272-d26e56dd05d2,0,dry,weak_expert,2,0.3510810443275647,1,weak_1_vote,1,1,0,0,1,1.0,dry1_wet0_unknown0,only_1_evaluator,0,0,logistic_regression__C0.001__pca128__no_whiten__gold1__wetcost1,False,1.0,1.0
353bb06f-a51c-4646-b890-d7fd3529e0e2,0,dry,weak_expert,2,0.604428629043043,1,weak_1_vote,1,1,0,0,1,1.0,dry1_wet0_unknown0,only_1_evaluator,1,1,logistic_regression__C0.001__pca128__no_whiten__gold1__wetcost1,False,1.0,1.0
35ee826c-b4e1-40ae-9873-7df156071b7b,0,dry,weak_expert,2,0.4618850434798465,1,weak_1_vote,1,1,0,0,1,1.0,dry1_wet0_unknown0,only_1_evaluator,0,0,logistic_regression__C0.001__pca128__no_whiten__gold1__wetcost1,False,1.0,1.0
362c55e4-0bb0-4295-9dc3-be1e1e7e95a4,0,dry,weak_expert,2,0.3860482560396593,1,weak_1_vote,1,1,0,0,1,1.0,dry1_wet0_unknown0,only_1_evaluator,0,0,logistic_regression__C0.001__pca128__no_whiten__gold1__wetcost1,False,1.0,1.0
37347587-048a-4a1c-a100-7cf820711428,0,dry,weak_expert,2,0.5291493084021216,1,weak_1_vote,1,1,0,0,1,1.0,dry1_wet0_unknown0,only_1_evaluator,0,1,logistic_regression__C0.001__pca128__no_whiten__gold1__wetcost1,False,1.0,1.0
38578eb5-eef4-4c69-9e08-cbda1065b9d0,0,dry,weak_expert,2,0.3431943230559241,1,weak_1_vote,1,1,0,0,1,1.0,dry1_wet0_unknown0,only_1_evaluator,0,0,logistic_regression__C0.001__pca128__no_whiten__gold1__wetcost1,False,1.0,1.0
3a3e7613-0749-40ca-bec3-fbe8070a9719,0,dry,weak_expert,2,0.3559385052857923,1,weak_1_vote,1,1,0,0,1,1.0,dry1_wet0_unknown0,only_1_evaluator,0,0,logistic_regression__C0.001__pca128__no_whiten__gold1__wetcost1,False,1.0,1.0
3a6d3a21-4c29-47a9-9146-913edb738bca,0,dry,weak_expert,2,0.6642618296942303,1,weak_1_vote,1,1,0,0,1,1.0,dry1_wet0_unknown0,only_1_evaluator,1,1,logistic_regression__C0.001__pca128__no_whiten__gold1__wetcost1,False,1.0,1.0
3b6a0157-04a2-46cd-b5a7-299595293a2d,0,dry,weak_expert,2,0.5724414761270071,1,weak_1_vote,1,1,0,0,1,1.0,dry1_wet0_unknown0,only_1_evaluator,1,1,logistic_regression__C0.001__pca128__no_whiten__gold1__wetcost1,False,1.0,1.0
3b917045-a264-4e3c-9a70-491e49448c36,0,dry,weak_expert,2,0.4004986897184366,1,weak_1_vote,1,1,0,0,1,1.0,dry1_wet0_unknown0,only_1_evaluator,0,0,logistic_regression__C0.001__pca128__no_whiten__gold1__wetcost1,False,1.0,1.0
3cb4dbb6-d191-4331-bcdb-eec0f100484a,0,dry,weak_expert,2,0.5661871396287111,1,weak_1_vote,1,1,0,0,1,1.0,dry1_wet0_unknown0,only_1_evaluator,1,1,logistic_regression__C0.001__pca128__no_whiten__gold1__wetcost1,False,1.0,1.0
3d8a71a7-e94f-425c-8b92-09aceddcd063,0,dry,weak_expert,2,0.22083876204485114,1,weak_1_vote,1,1,0,0,1,1.0,dry1_wet0_unknown0,only_1_evaluator,0,0,logistic_regression__C0.001__pca128__no_whiten__gold1__wetcost1,False,1.0,1.0
3e231461-a679-4e96-8fcc-07480b6309c1,0,dry,weak_expert,2,0.30225028175779484,1,weak_1_vote,1,1,0,0,1,1.0,dry1_wet0_unknown0,only_1_evaluator,0,0,logistic_regression__C0.001__pca128__no_whiten__gold1__wetcost1,False,1.0,1.0
3ef8a638-8f4c-4018-8e25-dfd817979599,0,dry,weak_expert,2,0.32854271782775213,1,weak_1_vote,1,1,0,0,1,1.0,dry1_wet0_unknown0,only_1_evaluator,0,0,logistic_regression__C0.001__pca128__no_whiten__gold1__wetcost1,False,1.0,1.0
41c95439-7a27-4f01-8aba-4a0640b4683e,0,dry,weak_expert,2,0.5854315220336546,1,weak_1_vote,1,1,0,0,1,1.0,dry1_wet0_unknown0,only_1_evaluator,1,1,logistic_regression__C0.001__pca128__no_whiten__gold1__wetcost1,False,1.0,1.0
4260e6fd-0a12-48de-9bfd-1b8644c2186b,0,dry,gold_expert,2,0.4934100528948149,1,gold_4_of_4,4,4,0,0,4,1.0,dry4_wet0_unknown0,4_evaluators_unanimous,0,0,logistic_regression__C0.001__pca128__no_whiten__gold1__wetcost1,False,1.0,1.0
4376cf7a-db13-4730-b2bd-890bd5e5cb8b,0,dry,weak_expert,2,0.44538455125544507,1,weak_1_vote,1,1,0,0,1,1.0,dry1_wet0_unknown0,only_1_evaluator,0,0,logistic_regression__C0.001__pca128__no_whiten__gold1__wetcost1,False,1.0,1.0
43e83454-4324-4f0d-8ff5-02c53b4781c8,0,dry,weak_expert,2,0.6744425494735419,1,weak_1_vote,1,1,0,0,1,1.0,dry1_wet0_unknown0,only_1_evaluator,1,1,logistic_regression__C0.001__pca128__no_whiten__gold1__wetcost1,False,1.0,1.0
449b3a31-6ec1-4e6a-bb90-4cf63b07c8be,0,dry,weak_expert,2,0.8696999495389157,1,weak_1_vote,1,1,0,0,1,1.0,dry1_wet0_unknown0,only_1_evaluator,1,1,logistic_regression__C0.001__pca128__no_whiten__gold1__wetcost1,False,1.0,1.0
44c16fe2-1d25-4964-b32d-61ce832599c1,0,dry,weak_expert,2,0.4525842635823083,1,weak_1_vote,1,1,0,0,1,1.0,dry1_wet0_unknown0,only_1_evaluator,0,0,logistic_regression__C0.001__pca128__no_whiten__gold1__wetcost1,False,1.0,1.0
47041a03-16e8-4a03-b343-8d5e69afcd5c,0,dry,weak_expert,2,0.49918009259330764,1,weak_1_vote,1,1,0,0,1,1.0,dry1_wet0_unknown0,only_1_evaluator,0,0,logistic_regression__C0.001__pca128__no_whiten__gold1__wetcost1,False,1.0,1.0
4763797e-e24f-4af4-a449-d60bbc9079cb,0,dry,weak_expert,2,0.3476330339462363,1,weak_1_vote,1,1,0,0,1,1.0,dry1_wet0_unknown0,only_1_evaluator,0,0,logistic_regression__C0.001__pca128__no_whiten__gold1__wetcost1,False,1.0,1.0
47edb277-7f3c-426d-8e14-a0385f3c1b77,0,dry,weak_expert,2,0.42103435482404367,1,weak_1_vote,1,1,0,0,1,1.0,dry1_wet0_unknown0,only_1_evaluator,0,0,logistic_regression__C0.001__pca128__no_whiten__gold1__wetcost1,False,1.0,1.0
486dd43d-63a6-4ad6-8a00-2787b31c245e,0,dry,weak_expert,2,0.27741415816321524,1,weak_1_vote,1,1,0,0,1,1.0,dry1_wet0_unknown0,only_1_evaluator,0,0,logistic_regression__C0.001__pca128__no_whiten__gold1__wetcost1,False,1.0,1.0
48d28621-e417-47ae-ab2b-54e659e9df04,0,dry,weak_expert,2,0.3777901851878149,1,weak_1_vote,1,1,0,0,1,1.0,dry1_wet0_unknown0,only_1_evaluator,0,0,logistic_regression__C0.001__pca128__no_whiten__gold1__wetcost1,False,1.0,1.0
48f84033-8615-4805-b2a5-d84050d3951b,0,dry,weak_expert,2,0.3886106173653603,1,weak_1_vote,1,1,0,0,1,1.0,dry1_wet0_unknown0,only_1_evaluator,0,0,logistic_regression__C0.001__pca128__no_whiten__gold1__wetcost1,False,1.0,1.0
49f7f1de-5199-4291-b906-f058a8dc74d9,0,dry,weak_expert,2,0.20547919369213438,1,weak_1_vote,1,1,0,0,1,1.0,dry1_wet0_unknown0,only_1_evaluator,0,0,logistic_regression__C0.001__pca128__no_whiten__gold1__wetcost1,False,1.0,1.0
4a39216d-fdac-4a28-b2cc-367e39d098aa,0,dry,weak_expert,2,0.5387919843225041,1,weak_1_vote,1,1,0,0,1,1.0,dry1_wet0_unknown0,only_1_evaluator,0,1,logistic_regression__C0.001__pca128__no_whiten__gold1__wetcost1,False,1.0,1.0
4afa3822-6de3-4877-b5ee-2e4e7ffb9081,0,dry,weak_expert,2,0.32839079188034587,1,weak_1_vote,1,1,0,0,1,1.0,dry1_wet0_unknown0,only_1_evaluator,0,0,logistic_regression__C0.001__pca128__no_whiten__gold1__wetcost1,False,1.0,1.0
4e052563-ff5b-47b1-92c2-dc4ba0ac8fbc,0,dry,weak_expert,2,0.502160968447927,1,weak_1_vote,1,1,0,0,1,1.0,dry1_wet0_unknown0,only_1_evaluator,0,1,logistic_regression__C0.001__pca128__no_whiten__gold1__wetcost1,False,1.0,1.0
4f51059b-0e34-4ae8-8ea8-66630d9b147b,0,dry,weak_expert,2,0.785821245362398,1,weak_1_vote,1,1,0,0,1,1.0,dry1_wet0_unknown0,only_1_evaluator,1,1,logistic_regression__C0.001__pca128__no_whiten__gold1__wetcost1,False,1.0,1.0
4fa3ac8d-f252-40d6-bccd-24aa5e35556c,0,dry,weak_expert,2,0.26237953927551716,1,weak_1_vote,1,1,0,0,1,1.0,dry1_wet0_unknown0,only_1_evaluator,0,0,logistic_regression__C0.001__pca128__no_whiten__gold1__wetcost1,False,1.0,1.0
506b5606-cecb-4fba-8723-c4a2bfb8b038,0,dry,weak_expert,2,0.383487186953635,1,weak_1_vote,1,1,0,0,1,1.0,dry1_wet0_unknown0,only_1_evaluator,0,0,logistic_regression__C0.001__pca128__no_whiten__gold1__wetcost1,False,1.0,1.0
510640bb-d6db-483f-a754-c5fa1eaaa388,0,dry,gold_expert,2,0.676247494994935,1,gold_4_of_4,4,4,0,0,4,1.0,dry4_wet0_unknown0,4_evaluators_unanimous,1,1,logistic_regression__C0.001__pca128__no_whiten__gold1__wetcost1,False,1.0,1.0
5132cf1f-33ea-489a-83c4-9e428f1646a7,0,dry,weak_expert,2,0.36506798136181184,1,weak_1_vote,1,1,0,0,1,1.0,dry1_wet0_unknown0,only_1_evaluator,0,0,logistic_regression__C0.001__pca128__no_whiten__gold1__wetcost1,False,1.0,1.0
51e2e40b-f1cd-45ba-ad05-8219c595235c,0,dry,weak_expert,2,0.4835398462139827,1,weak_1_vote,1,1,0,0,1,1.0,dry1_wet0_unknown0,only_1_evaluator,0,0,logistic_regression__C0.001__pca128__no_whiten__gold1__wetcost1,False,1.0,1.0
52047339-5625-493f-903a-e0c1950353b3,0,dry,weak_expert,2,0.40521153691093853,1,weak_1_vote,1,1,0,0,1,1.0,dry1_wet0_unknown0,only_1_evaluator,0,0,logistic_regression__C0.001__pca128__no_whiten__gold1__wetcost1,False,1.0,1.0
522a43ec-3d80-43e4-97c9-c21ceb8b7a63,0,dry,weak_expert,2,0.31089348632145986,1,weak_1_vote,1,1,0,0,1,1.0,dry1_wet0_unknown0,only_1_evaluator,0,0,logistic_regression__C0.001__pca128__no_whiten__gold1__wetcost1,False,1.0,1.0
539a8ff2-b70e-4d5d-9799-53bf23cf3acf,0,dry,weak_expert,2,0.2586769105322663,1,weak_1_vote,1,1,0,0,1,1.0,dry1_wet0_unknown0,only_1_evaluator,0,0,logistic_regression__C0.001__pca128__no_whiten__gold1__wetcost1,False,1.0,1.0
5402221a-1b2a-4472-ba3e-f5cfc04f18f0,0,dry,weak_expert,2,0.5990498645185622,1,weak_1_vote,1,1,0,0,1,1.0,dry1_wet0_unknown0,only_1_evaluator,1,1,logistic_regression__C0.001__pca128__no_whiten__gold1__wetcost1,False,1.0,1.0
55cb1a15-6513-4602-8f59-ecdb5681248c,0,dry,weak_expert,2,0.43033290670867247,1,weak_1_vote,1,1,0,0,1,1.0,dry1_wet0_unknown0,only_1_evaluator,0,0,logistic_regression__C0.001__pca128__no_whiten__gold1__wetcost1,False,1.0,1.0
55d0ed26-a7a2-418d-b326-d0bd29a3f19c,0,dry,weak_expert,2,0.18597215702573014,1,weak_1_vote,1,1,0,0,1,1.0,dry1_wet0_unknown0,only_1_evaluator,0,0,logistic_regression__C0.001__pca128__no_whiten__gold1__wetcost1,False,1.0,1.0
5683cd42-347e-4fbf-8cd5-aa60c3e5b6cc,0,dry,weak_expert,2,0.4881603034513693,1,weak_1_vote,1,1,0,0,1,1.0,dry1_wet0_unknown0,only_1_evaluator,0,0,logistic_regression__C0.001__pca128__no_whiten__gold1__wetcost1,False,1.0,1.0
57c25c39-f510-44e3-9ca0-0f694c81a440,0,dry,weak_expert,2,0.7583453423217666,1,weak_1_vote,1,1,0,0,1,1.0,dry1_wet0_unknown0,only_1_evaluator,1,1,logistic_regression__C0.001__pca128__no_whiten__gold1__wetcost1,False,1.0,1.0
57e1df06-5e7a-451e-8ffa-6aeaeb732192,0,dry,weak_expert,2,0.454883027284985,1,weak_1_vote,1,1,0,0,1,1.0,dry1_wet0_unknown0,only_1_evaluator,0,0,logistic_regression__C0.001__pca128__no_whiten__gold1__wetcost1,False,1.0,1.0
583bcee8-db16-4027-b767-cd74e9433cba,0,dry,weak_expert,2,0.41836721199816673,1,weak_1_vote,1,1,0,0,1,1.0,dry1_wet0_unknown0,only_1_evaluator,0,0,logistic_regression__C0.001__pca128__no_whiten__gold1__wetcost1,False,1.0,1.0
58970bd3-2993-4762-8b21-0c5a2937c16b,0,dry,weak_expert,2,0.37786228847713427,1,weak_1_vote,1,1,0,0,1,1.0,dry1_wet0_unknown0,only_1_evaluator,0,0,logistic_regression__C0.001__pca128__no_whiten__gold1__wetcost1,False,1.0,1.0
5ac1a9c3-b135-4589-95dc-cf2a222265f8,0,dry,weak_expert,2,0.330584200842224,1,weak_1_vote,1,1,0,0,1,1.0,dry1_wet0_unknown0,only_1_evaluator,0,0,logistic_regression__C0.001__pca128__no_whiten__gold1__wetcost1,False,1.0,1.0
5be10c89-4c9a-495e-8671-f445f51a3fe0,0,dry,gold_expert,2,0.8044557607184626,1,gold_3_of_4,4,3,0,1,3,0.75,dry3_wet0_unknown1,3_of_4_agree,1,1,logistic_regression__C0.001__pca128__no_whiten__gold1__wetcost1,False,1.0,1.0
5e232ea7-d639-4ec9-99b2-1829528cdf1c,0,dry,weak_expert,2,0.8870170887909988,1,weak_1_vote,1,1,0,0,1,1.0,dry1_wet0_unknown0,only_1_evaluator,1,1,logistic_regression__C0.001__pca128__no_whiten__gold1__wetcost1,False,1.0,1.0
5e6d9fe2-f660-49d8-8258-96fc6518187d,0,dry,weak_expert,2,0.6253050880086074,1,weak_1_vote,1,1,0,0,1,1.0,dry1_wet0_unknown0,only_1_evaluator,1,1,logistic_regression__C0.001__pca128__no_whiten__gold1__wetcost1,False,1.0,1.0
5ef9fa57-cf7d-4964-a001-05fd72063add,0,dry,weak_expert,2,0.5737836355666568,1,weak_1_vote,1,1,0,0,1,1.0,dry1_wet0_unknown0,only_1_evaluator,1,1,logistic_regression__C0.001__pca128__no_whiten__gold1__wetcost1,False,1.0,1.0
60c3afcc-fe9b-4d91-b713-0ab357d5c825,0,dry,weak_expert,2,0.47950652483486705,1,weak_1_vote,1,1,0,0,1,1.0,dry1_wet0_unknown0,only_1_evaluator,0,0,logistic_regression__C0.001__pca128__no_whiten__gold1__wetcost1,False,1.0,1.0
6208f70a-1cd0-4428-a68e-b3db1bc8abf7,0,dry,weak_expert,2,0.8656531055165547,1,weak_1_vote,1,1,0,0,1,1.0,dry1_wet0_unknown0,only_1_evaluator,1,1,logistic_regression__C0.001__pca128__no_whiten__gold1__wetcost1,False,1.0,1.0
6308a83f-58f0-4cd8-be25-5c75b8883126,0,dry,weak_expert,2,0.3468496609300125,1,weak_1_vote,1,1,0,0,1,1.0,dry1_wet0_unknown0,only_1_evaluator,0,0,logistic_regression__C0.001__pca128__no_whiten__gold1__wetcost1,False,1.0,1.0
639c6225-edd2-4f9c-8c7f-5fedd57ef73f,0,dry,weak_expert,2,0.34336925010355457,1,weak_1_vote,1,1,0,0,1,1.0,dry1_wet0_unknown0,only_1_evaluator,0,0,logistic_regression__C0.001__pca128__no_whiten__gold1__wetcost1,False,1.0,1.0
668c6e03-edc6-45aa-98d1-429fe5bd92fa,0,dry,weak_expert,2,0.5932027439149042,1,weak_1_vote,1,1,0,0,1,1.0,dry1_wet0_unknown0,only_1_evaluator,1,1,logistic_regression__C0.001__pca128__no_whiten__gold1__wetcost1,False,1.0,1.0
67b68c39-caf5-46b1-b8da-7f2fd9068a5a,0,dry,weak_expert,2,0.5064067807691193,1,weak_1_vote,1,1,0,0,1,1.0,dry1_wet0_unknown0,only_1_evaluator,0,1,logistic_regression__C0.001__pca128__no_whiten__gold1__wetcost1,False,1.0,1.0
6868da77-a36a-4fb4-afa5-aba26bd2bbd5,0,dry,weak_expert,2,0.587526571667506,1,weak_1_vote,1,1,0,0,1,1.0,dry1_wet0_unknown0,only_1_evaluator,1,1,logistic_regression__C0.001__pca128__no_whiten__gold1__wetcost1,False,1.0,1.0
70bd76c5-bfc6-4a4d-9942-47588699c714,0,dry,weak_expert,2,0.3881808003070592,1,weak_1_vote,1,1,0,0,1,1.0,dry1_wet0_unknown0,only_1_evaluator,0,0,logistic_regression__C0.001__pca128__no_whiten__gold1__wetcost1,False,1.0,1.0
724ff070-52ab-48e8-8e85-f6431a9d2869,0,dry,weak_expert,2,0.49528313442327837,1,weak_1_vote,1,1,0,0,1,1.0,dry1_wet0_unknown0,only_1_evaluator,0,0,logistic_regression__C0.001__pca128__no_whiten__gold1__wetcost1,False,1.0,1.0
729d23d1-9abd-44df-8b05-22217b1ffbdf,0,dry,weak_expert,2,0.40762037389155115,1,weak_1_vote,1,1,0,0,1,1.0,dry1_wet0_unknown0,only_1_evaluator,0,0,logistic_regression__C0.001__pca128__no_whiten__gold1__wetcost1,False,1.0,1.0
7336b77f-6873-4e2c-837d-2ef925a3d33e,0,dry,weak_expert,2,0.5326078545505417,1,weak_1_vote,1,1,0,0,1,1.0,dry1_wet0_unknown0,only_1_evaluator,0,1,logistic_regression__C0.001__pca128__no_whiten__gold1__wetcost1,False,1.0,1.0
74c47154-dc42-4f14-8285-b5a507ef9463,0,dry,weak_expert,2,0.3844765768411913,1,weak_1_vote,1,1,0,0,1,1.0,dry1_wet0_unknown0,only_1_evaluator,0,0,logistic_regression__C0.001__pca128__no_whiten__gold1__wetcost1,False,1.0,1.0
751c4649-2d74-46f1-a873-b0d40946e145,0,dry,weak_expert,2,0.7215908135213854,1,weak_1_vote,1,1,0,0,1,1.0,dry1_wet0_unknown0,only_1_evaluator,1,1,logistic_regression__C0.001__pca128__no_whiten__gold1__wetcost1,False,1.0,1.0
756d7aa4-e12a-4eb3-b119-2b8a7db0abb6,0,dry,weak_expert,2,0.46041194714807987,1,weak_1_vote,1,1,0,0,1,1.0,dry1_wet0_unknown0,only_1_evaluator,0,0,logistic_regression__C0.001__pca128__no_whiten__gold1__wetcost1,False,1.0,1.0
76521f70-dec6-4d64-8378-a0dbb1f5c724,0,dry,weak_expert,2,0.4690326949533612,1,weak_1_vote,1,1,0,0,1,1.0,dry1_wet0_unknown0,only_1_evaluator,0,0,logistic_regression__C0.001__pca128__no_whiten__gold1__wetcost1,False,1.0,1.0
7668e116-b279-4ee0-90f6-dff5be2df938,0,dry,weak_expert,2,0.43232928544944943,1,weak_1_vote,1,1,0,0,1,1.0,dry1_wet0_unknown0,only_1_evaluator,0,0,logistic_regression__C0.001__pca128__no_whiten__gold1__wetcost1,False,1.0,1.0
7672fa5b-277c-40e4-98e7-bca978acfe9e,0,dry,weak_expert,2,0.3686506175150086,1,weak_1_vote,1,1,0,0,1,1.0,dry1_wet0_unknown0,only_1_evaluator,0,0,logistic_regression__C0.001__pca128__no_whiten__gold1__wetcost1,False,1.0,1.0
76779311-1f9c-40b5-845d-bde19b0d9c0e,0,dry,weak_expert,2,0.5651888547536734,1,weak_1_vote,1,1,0,0,1,1.0,dry1_wet0_unknown0,only_1_evaluator,1,1,logistic_regression__C0.001__pca128__no_whiten__gold1__wetcost1,False,1.0,1.0
78bba857-d1c8-4a56-86d5-650911bad154,0,dry,weak_expert,2,0.5076244077843728,1,weak_1_vote,1,1,0,0,1,1.0,dry1_wet0_unknown0,only_1_evaluator,0,1,logistic_regression__C0.001__pca128__no_whiten__gold1__wetcost1,False,1.0,1.0
7a92755e-90c8-4491-a7ec-36b3d9a74ceb,0,dry,weak_expert,2,0.4169263388914932,1,weak_1_vote,1,1,0,0,1,1.0,dry1_wet0_unknown0,only_1_evaluator,0,0,logistic_regression__C0.001__pca128__no_whiten__gold1__wetcost1,False,1.0,1.0
7a94b3ae-2fd8-48f3-b15d-34c157c21e8f,0,dry,weak_expert,2,0.4579711912847976,1,weak_1_vote,1,1,0,0,1,1.0,dry1_wet0_unknown0,only_1_evaluator,0,0,logistic_regression__C0.001__pca128__no_whiten__gold1__wetcost1,False,1.0,1.0
7e4cf3ef-9c9a-43ff-8e0e-527eddeff067,0,dry,weak_expert,2,0.44156243198263734,1,weak_1_vote,1,1,0,0,1,1.0,dry1_wet0_unknown0,only_1_evaluator,0,0,logistic_regression__C0.001__pca128__no_whiten__gold1__wetcost1,False,1.0,1.0
7ec311f3-c48a-4b46-81dd-de4ffca3610c,0,dry,weak_expert,2,0.4389352246256406,1,weak_1_vote,1,1,0,0,1,1.0,dry1_wet0_unknown0,only_1_evaluator,0,0,logistic_regression__C0.001__pca128__no_whiten__gold1__wetcost1,False,1.0,1.0
7f64a4ba-035c-41e1-a7d0-34f60d160648,0,dry,weak_expert,2,0.6699948886549585,1,weak_1_vote,1,1,0,0,1,1.0,dry1_wet0_unknown0,only_1_evaluator,1,1,logistic_regression__C0.001__pca128__no_whiten__gold1__wetcost1,False,1.0,1.0
80ef7fb3-fa42-4539-8109-bac59586b80d,0,dry,weak_expert,2,0.3657968642419912,1,weak_1_vote,1,1,0,0,1,1.0,dry1_wet0_unknown0,only_1_evaluator,0,0,logistic_regression__C0.001__pca128__no_whiten__gold1__wetcost1,False,1.0,1.0
818197ee-acaf-48e1-8776-1c70942a4ced,0,dry,gold_expert,2,0.48872774254812873,1,gold_3_of_4,4,3,0,1,3,0.75,dry3_wet0_unknown1,3_of_4_agree,0,0,logistic_regression__C0.001__pca128__no_whiten__gold1__wetcost1,False,1.0,1.0
82a7bdf0-56fb-426c-9dc6-7811ee82ece2,0,dry,weak_expert,2,0.4798045965386641,1,weak_1_vote,1,1,0,0,1,1.0,dry1_wet0_unknown0,only_1_evaluator,0,0,logistic_regression__C0.001__pca128__no_whiten__gold1__wetcost1,False,1.0,1.0
8395f784-e828-4c74-a856-e49cdb1074ef,0,dry,weak_expert,2,0.43222473680034074,1,weak_1_vote,1,1,0,0,1,1.0,dry1_wet0_unknown0,only_1_evaluator,0,0,logistic_regression__C0.001__pca128__no_whiten__gold1__wetcost1,False,1.0,1.0
84f7f9eb-ce07-4ace-8c02-d83360a25db4,0,dry,weak_expert,2,0.417357738746212,1,weak_1_vote,1,1,0,0,1,1.0,dry1_wet0_unknown0,only_1_evaluator,0,0,logistic_regression__C0.001__pca128__no_whiten__gold1__wetcost1,False,1.0,1.0
86154e17-8089-4f5a-9dfb-427f4e5a9583,0,dry,weak_expert,2,0.4788405832607002,1,weak_1_vote,1,1,0,0,1,1.0,dry1_wet0_unknown0,only_1_evaluator,0,0,logistic_regression__C0.001__pca128__no_whiten__gold1__wetcost1,False,1.0,1.0
880d7516-b583-45c9-9012-949148905250,0,dry,weak_expert,2,0.5978394167182156,1,weak_1_vote,1,1,0,0,1,1.0,dry1_wet0_unknown0,only_1_evaluator,1,1,logistic_regression__C0.001__pca128__no_whiten__gold1__wetcost1,False,1.0,1.0
885278b4-30ed-4dd7-a813-f0e2706a12ba,0,dry,weak_expert,2,0.5416541915907974,1,weak_1_vote,1,1,0,0,1,1.0,dry1_wet0_unknown0,only_1_evaluator,0,1,logistic_regression__C0.001__pca128__no_whiten__gold1__wetcost1,False,1.0,1.0
88571a5b-7d25-4373-86f8-f784dbceabec,0,dry,gold_expert,2,0.32931993367634216,1,gold_3_of_4,4,3,0,1,3,0.75,dry3_wet0_unknown1,3_of_4_agree,0,0,logistic_regression__C0.001__pca128__no_whiten__gold1__wetcost1,False,1.0,1.0
89a9d33a-38ac-4927-914b-79d448519c72,0,dry,weak_expert,2,0.6307924806858767,1,weak_1_vote,1,1,0,0,1,1.0,dry1_wet0_unknown0,only_1_evaluator,1,1,logistic_regression__C0.001__pca128__no_whiten__gold1__wetcost1,False,1.0,1.0
8a4486c3-9d2f-47cf-82ec-998b7f59e8f2,0,dry,weak_expert,2,0.905028570698203,1,weak_1_vote,1,1,0,0,1,1.0,dry1_wet0_unknown0,only_1_evaluator,1,1,logistic_regression__C0.001__pca128__no_whiten__gold1__wetcost1,False,1.0,1.0
8b50115d-5e51-4fa0-9521-f6ecc0b6527d,0,dry,weak_expert,2,0.8426423434431208,1,weak_1_vote,1,1,0,0,1,1.0,dry1_wet0_unknown0,only_1_evaluator,1,1,logistic_regression__C0.001__pca128__no_whiten__gold1__wetcost1,False,1.0,1.0
8c509a42-be60-4f6c-b5a8-5f304d5caff7,0,dry,weak_expert,2,0.40581123459563073,1,weak_1_vote,1,1,0,0,1,1.0,dry1_wet0_unknown0,only_1_evaluator,0,0,logistic_regression__C0.001__pca128__no_whiten__gold1__wetcost1,False,1.0,1.0
8e381f25-6bc9-4b5e-b221-f92e340e71b9,0,dry,weak_expert,2,0.4007872780943998,1,weak_1_vote,1,1,0,0,1,1.0,dry1_wet0_unknown0,only_1_evaluator,0,0,logistic_regression__C0.001__pca128__no_whiten__gold1__wetcost1,False,1.0,1.0
8e9e20cd-78c6-414d-91fb-c99092255bd6,0,dry,weak_expert,2,0.6821910166932528,1,weak_1_vote,1,1,0,0,1,1.0,dry1_wet0_unknown0,only_1_evaluator,1,1,logistic_regression__C0.001__pca128__no_whiten__gold1__wetcost1,False,1.0,1.0
8ef63129-6889-4095-8e2f-562ddee8069e,0,dry,weak_expert,2,0.260092787544108,1,weak_1_vote,1,1,0,0,1,1.0,dry1_wet0_unknown0,only_1_evaluator,0,0,logistic_regression__C0.001__pca128__no_whiten__gold1__wetcost1,False,1.0,1.0
8f71aa36-4f94-4726-9def-b98b63f03a27,0,dry,weak_expert,2,0.4621792782521936,1,weak_1_vote,1,1,0,0,1,1.0,dry1_wet0_unknown0,only_1_evaluator,0,0,logistic_regression__C0.001__pca128__no_whiten__gold1__wetcost1,False,1.0,1.0
900e0342-6ad8-48f0-8cbc-e8f1950541df,0,dry,weak_expert,2,0.4423711619281407,1,weak_1_vote,1,1,0,0,1,1.0,dry1_wet0_unknown0,only_1_evaluator,0,0,logistic_regression__C0.001__pca128__no_whiten__gold1__wetcost1,False,1.0,1.0
90df4728-8750-4646-a0a4-027f2c9cd544,0,dry,weak_expert,2,0.24745026778155116,1,weak_1_vote,1,1,0,0,1,1.0,dry1_wet0_unknown0,only_1_evaluator,0,0,logistic_regression__C0.001__pca128__no_whiten__gold1__wetcost1,False,1.0,1.0
9255b8a3-43a2-4c4d-a858-9ddc45bb506b,0,dry,weak_expert,2,0.3666946347197473,1,weak_1_vote,1,1,0,0,1,1.0,dry1_wet0_unknown0,only_1_evaluator,0,0,logistic_regression__C0.001__pca128__no_whiten__gold1__wetcost1,False,1.0,1.0
92d33463-e1bd-490e-8a8d-adb7bfb0b24e,0,dry,weak_expert,2,0.4033047540351969,1,weak_1_vote,1,1,0,0,1,1.0,dry1_wet0_unknown0,only_1_evaluator,0,0,logistic_regression__C0.001__pca128__no_whiten__gold1__wetcost1,False,1.0,1.0
9333c624-ef59-44f6-9643-fa9b2485c173,0,dry,gold_expert,2,0.4744419557905664,1,gold_3_of_4,4,3,1,0,3,0.75,dry3_wet1_unknown0,3_of_4_agree,0,0,logistic_regression__C0.001__pca128__no_whiten__gold1__wetcost1,False,1.0,1.0
93d85777-43fb-4fbf-a63b-95434133437b,0,dry,weak_expert,2,0.33123686030290883,1,weak_1_vote,1,1,0,0,1,1.0,dry1_wet0_unknown0,only_1_evaluator,0,0,logistic_regression__C0.001__pca128__no_whiten__gold1__wetcost1,False,1.0,1.0
977592cb-c1f2-4b5e-bad1-6132b5cd2ad0,0,dry,weak_expert,2,0.42344908581546015,1,weak_1_vote,1,1,0,0,1,1.0,dry1_wet0_unknown0,only_1_evaluator,0,0,logistic_regression__C0.001__pca128__no_whiten__gold1__wetcost1,False,1.0,1.0
9b1454f3-7e95-4b04-9369-ba923145c84c,0,dry,weak_expert,2,0.4877899029540831,1,weak_1_vote,1,1,0,0,1,1.0,dry1_wet0_unknown0,only_1_evaluator,0,0,logistic_regression__C0.001__pca128__no_whiten__gold1__wetcost1,False,1.0,1.0
9cc8c2de-8733-4e5b-a18d-5bf9a5166c85,0,dry,weak_expert,2,0.5023846688277291,1,weak_1_vote,1,1,0,0,1,1.0,dry1_wet0_unknown0,only_1_evaluator,0,1,logistic_regression__C0.001__pca128__no_whiten__gold1__wetcost1,False,1.0,1.0
9d03d2b0-dde8-4a31-b4a8-7bb87e98750f,0,dry,weak_expert,2,0.3403480681599099,1,weak_1_vote,1,1,0,0,1,1.0,dry1_wet0_unknown0,only_1_evaluator,0,0,logistic_regression__C0.001__pca128__no_whiten__gold1__wetcost1,False,1.0,1.0
9dc66677-d2a0-4c56-8a4d-74177f49ba1e,0,dry,weak_expert,2,0.6914537474857606,1,weak_1_vote,1,1,0,0,1,1.0,dry1_wet0_unknown0,only_1_evaluator,1,1,logistic_regression__C0.001__pca128__no_whiten__gold1__wetcost1,False,1.0,1.0
9e4f4e7b-541e-4e88-80c8-458f62c12825,0,dry,weak_expert,2,0.3299314695832866,1,weak_1_vote,1,1,0,0,1,1.0,dry1_wet0_unknown0,only_1_evaluator,0,0,logistic_regression__C0.001__pca128__no_whiten__gold1__wetcost1,False,1.0,1.0
9f2e5d96-7ac5-4b6b-8d67-afebd051d2e1,0,dry,weak_expert,2,0.7019166059935817,1,weak_1_vote,1,1,0,0,1,1.0,dry1_wet0_unknown0,only_1_evaluator,1,1,logistic_regression__C0.001__pca128__no_whiten__gold1__wetcost1,False,1.0,1.0
9f4dfad5-c175-4a75-b3ac-cdc08e72b98c,0,dry,weak_expert,2,0.5149303228464138,1,weak_1_vote,1,1,0,0,1,1.0,dry1_wet0_unknown0,only_1_evaluator,0,1,logistic_regression__C0.001__pca128__no_whiten__gold1__wetcost1,False,1.0,1.0
a08ada1f-32e6-40cf-9513-57cf411cf97d,0,dry,weak_expert,2,0.7749178416195688,1,weak_1_vote,1,1,0,0,1,1.0,dry1_wet0_unknown0,only_1_evaluator,1,1,logistic_regression__C0.001__pca128__no_whiten__gold1__wetcost1,False,1.0,1.0
a0bd7465-ae76-40cd-903b-3591ed9595db,0,dry,weak_expert,2,0.17393019439527668,1,weak_1_vote,1,1,0,0,1,1.0,dry1_wet0_unknown0,only_1_evaluator,0,0,logistic_regression__C0.001__pca128__no_whiten__gold1__wetcost1,False,1.0,1.0
a1ffec02-864d-4739-8725-1f7487fee29c,0,dry,weak_expert,2,0.4925523288457088,1,weak_1_vote,1,1,0,0,1,1.0,dry1_wet0_unknown0,only_1_evaluator,0,0,logistic_regression__C0.001__pca128__no_whiten__gold1__wetcost1,False,1.0,1.0
a286fb10-67fa-432e-80b1-e3f3992f4f95,0,dry,weak_expert,2,0.45361172322075066,1,weak_1_vote,1,1,0,0,1,1.0,dry1_wet0_unknown0,only_1_evaluator,0,0,logistic_regression__C0.001__pca128__no_whiten__gold1__wetcost1,False,1.0,1.0
a28776b5-b876-47ac-8973-9ca280156608,0,dry,weak_expert,2,0.35557817374730355,1,weak_1_vote,1,1,0,0,1,1.0,dry1_wet0_unknown0,only_1_evaluator,0,0,logistic_regression__C0.001__pca128__no_whiten__gold1__wetcost1,False,1.0,1.0
a2f3af55-0c64-4b6a-af94-35566bbdcf74,0,dry,weak_expert,2,0.3923259986622396,1,weak_1_vote,1,1,0,0,1,1.0,dry1_wet0_unknown0,only_1_evaluator,0,0,logistic_regression__C0.001__pca128__no_whiten__gold1__wetcost1,False,1.0,1.0
a3a67ea5-43d5-4b74-8176-0230d2281efb,0,dry,weak_expert,2,0.3453332884499251,1,weak_1_vote,1,1,0,0,1,1.0,dry1_wet0_unknown0,only_1_evaluator,0,0,logistic_regression__C0.001__pca128__no_whiten__gold1__wetcost1,False,1.0,1.0
a3f71947-b7ec-4fd4-a091-987a2859d5e1,0,dry,weak_expert,2,0.6663301301425044,1,weak_1_vote,1,1,0,0,1,1.0,dry1_wet0_unknown0,only_1_evaluator,1,1,logistic_regression__C0.001__pca128__no_whiten__gold1__wetcost1,False,1.0,1.0
a426cca7-528f-41d3-aba4-b717699e45d5,0,dry,weak_expert,2,0.281745674550054,1,weak_1_vote,1,1,0,0,1,1.0,dry1_wet0_unknown0,only_1_evaluator,0,0,logistic_regression__C0.001__pca128__no_whiten__gold1__wetcost1,False,1.0,1.0
a523b86d-a88a-450b-a778-bb131e1e0865,0,dry,weak_expert,2,0.4985767015738812,1,weak_1_vote,1,1,0,0,1,1.0,dry1_wet0_unknown0,only_1_evaluator,0,0,logistic_regression__C0.001__pca128__no_whiten__gold1__wetcost1,False,1.0,1.0
a5e352b6-3f84-4374-9551-15e14383c27b,0,dry,weak_expert,2,0.6040422790231572,1,weak_1_vote,1,1,0,0,1,1.0,dry1_wet0_unknown0,only_1_evaluator,1,1,logistic_regression__C0.001__pca128__no_whiten__gold1__wetcost1,False,1.0,1.0
a684a1c0-e2de-4ae2-b1a1-cca613005bd5,0,dry,weak_expert,2,0.40105605962402274,1,weak_1_vote,1,1,0,0,1,1.0,dry1_wet0_unknown0,only_1_evaluator,0,0,logistic_regression__C0.001__pca128__no_whiten__gold1__wetcost1,False,1.0,1.0
a6c4aa4b-eaa9-457f-a077-98eba5b8ad0e,0,dry,weak_expert,2,0.5569096943186131,1,weak_1_vote,1,1,0,0,1,1.0,dry1_wet0_unknown0,only_1_evaluator,1,1,logistic_regression__C0.001__pca128__no_whiten__gold1__wetcost1,False,1.0,1.0
a8eeb6e9-2034-4c15-8fea-525fdfb3ef3c,0,dry,weak_expert,2,0.49563806959349316,1,weak_1_vote,1,1,0,0,1,1.0,dry1_wet0_unknown0,only_1_evaluator,0,0,logistic_regression__C0.001__pca128__no_whiten__gold1__wetcost1,False,1.0,1.0
aa0d68d2-690e-4341-9a83-c041c6abfcea,0,dry,weak_expert,2,0.4366319957125225,1,weak_1_vote,1,1,0,0,1,1.0,dry1_wet0_unknown0,only_1_evaluator,0,0,logistic_regression__C0.001__pca128__no_whiten__gold1__wetcost1,False,1.0,1.0
aa4877b2-4820-422b-affe-c3d31c1fc70a,0,dry,weak_expert,2,0.2974678756320801,1,weak_1_vote,1,1,0,0,1,1.0,dry1_wet0_unknown0,only_1_evaluator,0,0,logistic_regression__C0.001__pca128__no_whiten__gold1__wetcost1,False,1.0,1.0
abb1586c-6a06-4667-8407-5574b4cc78e3,0,dry,weak_expert,2,0.3026520292948693,1,weak_1_vote,1,1,0,0,1,1.0,dry1_wet0_unknown0,only_1_evaluator,0,0,logistic_regression__C0.001__pca128__no_whiten__gold1__wetcost1,False,1.0,1.0
acaf0afa-64f0-4c09-b764-24f8b3f5dff0,0,dry,weak_expert,2,0.7973142263531886,1,weak_1_vote,1,1,0,0,1,1.0,dry1_wet0_unknown0,only_1_evaluator,1,1,logistic_regression__C0.001__pca128__no_whiten__gold1__wetcost1,False,1.0,1.0
acd3adc4-4f5c-4144-8dd6-3ea2063845db,0,dry,weak_expert,2,0.3176714856146083,1,weak_1_vote,1,1,0,0,1,1.0,dry1_wet0_unknown0,only_1_evaluator,0,0,logistic_regression__C0.001__pca128__no_whiten__gold1__wetcost1,False,1.0,1.0
ae24d283-6e7d-4677-a6c0-c8de2fc87422,0,dry,weak_expert,2,0.3949952628502994,1,weak_1_vote,1,1,0,0,1,1.0,dry1_wet0_unknown0,only_1_evaluator,0,0,logistic_regression__C0.001__pca128__no_whiten__gold1__wetcost1,False,1.0,1.0
ae5dcf74-bf11-47a3-b0d6-c668a0794d8a,0,dry,weak_expert,2,0.3291998279194827,1,weak_1_vote,1,1,0,0,1,1.0,dry1_wet0_unknown0,only_1_evaluator,0,0,logistic_regression__C0.001__pca128__no_whiten__gold1__wetcost1,False,1.0,1.0
b010f28f-e601-49de-9293-fb65fdad2dd4,0,dry,gold_expert,2,0.2899822667890152,1,gold_4_of_4,4,4,0,0,4,1.0,dry4_wet0_unknown0,4_evaluators_unanimous,0,0,logistic_regression__C0.001__pca128__no_whiten__gold1__wetcost1,False,1.0,1.0
b05935c3-68d7-4a28-aea9-f92fbe295c6c,0,dry,gold_expert,2,0.29539507311010177,1,gold_3_of_4,4,3,0,1,3,0.75,dry3_wet0_unknown1,3_of_4_agree,0,0,logistic_regression__C0.001__pca128__no_whiten__gold1__wetcost1,False,1.0,1.0
b0f208f9-2bb8-4de3-b144-ecc04a5e10d3,0,dry,weak_expert,2,0.8008664498401895,1,weak_1_vote,1,1,0,0,1,1.0,dry1_wet0_unknown0,only_1_evaluator,1,1,logistic_regression__C0.001__pca128__no_whiten__gold1__wetcost1,False,1.0,1.0
b2880c03-b9df-4fab-b2cf-a82eb3ab97f8,0,dry,weak_expert,2,0.6690172536817429,1,weak_1_vote,1,1,0,0,1,1.0,dry1_wet0_unknown0,only_1_evaluator,1,1,logistic_regression__C0.001__pca128__no_whiten__gold1__wetcost1,False,1.0,1.0
b3889822-bf4c-4655-8d72-69593a4abda4,0,dry,weak_expert,2,0.5617152288723696,1,weak_1_vote,1,1,0,0,1,1.0,dry1_wet0_unknown0,only_1_evaluator,1,1,logistic_regression__C0.001__pca128__no_whiten__gold1__wetcost1,False,1.0,1.0
b4538358-d704-49f4-81a6-2888dfc4b309,0,dry,weak_expert,2,0.22703981756832406,1,weak_1_vote,1,1,0,0,1,1.0,dry1_wet0_unknown0,only_1_evaluator,0,0,logistic_regression__C0.001__pca128__no_whiten__gold1__wetcost1,False,1.0,1.0
b4d64d96-8bf9-413d-a165-e6deed6c4dba,0,dry,weak_expert,2,0.36681104701668377,1,weak_1_vote,1,1,0,0,1,1.0,dry1_wet0_unknown0,only_1_evaluator,0,0,logistic_regression__C0.001__pca128__no_whiten__gold1__wetcost1,False,1.0,1.0
b5880de4-b63e-4b27-9a51-35a5a6667af3,0,dry,weak_expert,2,0.34327713329651627,1,weak_1_vote,1,1,0,0,1,1.0,dry1_wet0_unknown0,only_1_evaluator,0,0,logistic_regression__C0.001__pca128__no_whiten__gold1__wetcost1,False,1.0,1.0
b5ec57dd-28bb-428d-a420-6617f7749a9a,0,dry,weak_expert,2,0.3637164701346783,1,weak_1_vote,1,1,0,0,1,1.0,dry1_wet0_unknown0,only_1_evaluator,0,0,logistic_regression__C0.001__pca128__no_whiten__gold1__wetcost1,False,1.0,1.0
b694763f-70c6-4f29-bb00-0e8d7d7c9a0f,0,dry,weak_expert,2,0.5179130505025279,1,weak_1_vote,1,1,0,0,1,1.0,dry1_wet0_unknown0,only_1_evaluator,0,1,logistic_regression__C0.001__pca128__no_whiten__gold1__wetcost1,False,1.0,1.0
b6ad6b8e-d647-4a31-a414-3c79a1006e80,0,dry,weak_expert,2,0.2652174129167419,1,weak_1_vote,1,1,0,0,1,1.0,dry1_wet0_unknown0,only_1_evaluator,0,0,logistic_regression__C0.001__pca128__no_whiten__gold1__wetcost1,False,1.0,1.0
b74176fe-cc78-4daa-8541-10ba8968439d,0,dry,weak_expert,2,0.5931467440066479,1,weak_1_vote,1,1,0,0,1,1.0,dry1_wet0_unknown0,only_1_evaluator,1,1,logistic_regression__C0.001__pca128__no_whiten__gold1__wetcost1,False,1.0,1.0
b8d76cc3-378a-4ac6-9aef-0640c8473e7e,0,dry,weak_expert,2,0.582423354675933,1,weak_1_vote,1,1,0,0,1,1.0,dry1_wet0_unknown0,only_1_evaluator,1,1,logistic_regression__C0.001__pca128__no_whiten__gold1__wetcost1,False,1.0,1.0
b986fda8-71e3-4de9-8702-5cc2c82b5faa,0,dry,weak_expert,2,0.48660368268654597,1,weak_1_vote,1,1,0,0,1,1.0,dry1_wet0_unknown0,only_1_evaluator,0,0,logistic_regression__C0.001__pca128__no_whiten__gold1__wetcost1,False,1.0,1.0
bb6ce694-ca5a-4b1a-9460-8c4cbae05826,0,dry,weak_expert,2,0.5331298187183552,1,weak_1_vote,1,1,0,0,1,1.0,dry1_wet0_unknown0,only_1_evaluator,0,1,logistic_regression__C0.001__pca128__no_whiten__gold1__wetcost1,False,1.0,1.0
bbb221cc-8c5c-407d-9ae1-ae8ebd842504,0,dry,weak_expert,2,0.650014951216049,1,weak_1_vote,1,1,0,0,1,1.0,dry1_wet0_unknown0,only_1_evaluator,1,1,logistic_regression__C0.001__pca128__no_whiten__gold1__wetcost1,False,1.0,1.0
bbd87814-fc8c-493a-907c-aeb18acf8e44,0,dry,weak_expert,2,0.5376841631524943,1,weak_1_vote,1,1,0,0,1,1.0,dry1_wet0_unknown0,only_1_evaluator,0,1,logistic_regression__C0.001__pca128__no_whiten__gold1__wetcost1,False,1.0,1.0
be9d7901-a0ae-4ef1-83f6-d58c5263cd96,0,dry,weak_expert,2,0.6112626029559114,1,weak_1_vote,1,1,0,0,1,1.0,dry1_wet0_unknown0,only_1_evaluator,1,1,logistic_regression__C0.001__pca128__no_whiten__gold1__wetcost1,False,1.0,1.0
bed17bfe-d49d-44a1-a3d1-40ae3249ec52,0,dry,weak_expert,2,0.4710057026813341,1,weak_1_vote,1,1,0,0,1,1.0,dry1_wet0_unknown0,only_1_evaluator,0,0,logistic_regression__C0.001__pca128__no_whiten__gold1__wetcost1,False,1.0,1.0
c07875ca-5e1a-4263-9a47-4c06f2b0fbe3,0,dry,weak_expert,2,0.4558864825329269,1,weak_1_vote,1,1,0,0,1,1.0,dry1_wet0_unknown0,only_1_evaluator,0,0,logistic_regression__C0.001__pca128__no_whiten__gold1__wetcost1,False,1.0,1.0
c1281451-b74b-4659-beb7-11669297e022,0,dry,weak_expert,2,0.6031968917602519,1,weak_1_vote,1,1,0,0,1,1.0,dry1_wet0_unknown0,only_1_evaluator,1,1,logistic_regression__C0.001__pca128__no_whiten__gold1__wetcost1,False,1.0,1.0
c29f01d2-870f-4aac-94ec-3699fc0ee32a,0,dry,weak_expert,2,0.4579606942770724,1,weak_1_vote,1,1,0,0,1,1.0,dry1_wet0_unknown0,only_1_evaluator,0,0,logistic_regression__C0.001__pca128__no_whiten__gold1__wetcost1,False,1.0,1.0
c5470e5f-81fd-4586-bfdb-7e94e7cce348,0,dry,weak_expert,2,0.6670389608769028,1,weak_1_vote,1,1,0,0,1,1.0,dry1_wet0_unknown0,only_1_evaluator,1,1,logistic_regression__C0.001__pca128__no_whiten__gold1__wetcost1,False,1.0,1.0
c5868d6c-a411-4f12-b563-0a418224c376,0,dry,weak_expert,2,0.7592008753712048,1,weak_1_vote,1,1,0,0,1,1.0,dry1_wet0_unknown0,only_1_evaluator,1,1,logistic_regression__C0.001__pca128__no_whiten__gold1__wetcost1,False,1.0,1.0
c587c70a-7489-4c3b-9696-ce1b715168ec,0,dry,weak_expert,2,0.2593454812750361,1,weak_1_vote,1,1,0,0,1,1.0,dry1_wet0_unknown0,only_1_evaluator,0,0,logistic_regression__C0.001__pca128__no_whiten__gold1__wetcost1,False,1.0,1.0
c5f4b9fe-04cd-441b-801f-ae24db6b2fc7,0,dry,weak_expert,2,0.357425037773621,1,weak_1_vote,1,1,0,0,1,1.0,dry1_wet0_unknown0,only_1_evaluator,0,0,logistic_regression__C0.001__pca128__no_whiten__gold1__wetcost1,False,1.0,1.0
c66b8483-8310-437c-9e6d-ab3fc0aa5e98,0,dry,weak_expert,2,0.3031193985187172,1,weak_1_vote,1,1,0,0,1,1.0,dry1_wet0_unknown0,only_1_evaluator,0,0,logistic_regression__C0.001__pca128__no_whiten__gold1__wetcost1,False,1.0,1.0
c903ddd6-d205-411d-923a-60550e6aab1e,0,dry,weak_expert,2,0.6863786703983814,1,weak_1_vote,1,1,0,0,1,1.0,dry1_wet0_unknown0,only_1_evaluator,1,1,logistic_regression__C0.001__pca128__no_whiten__gold1__wetcost1,False,1.0,1.0
c91f0ba5-6d0e-415a-a27f-b9753d758533,0,dry,weak_expert,2,0.423602365455418,1,weak_1_vote,1,1,0,0,1,1.0,dry1_wet0_unknown0,only_1_evaluator,0,0,logistic_regression__C0.001__pca128__no_whiten__gold1__wetcost1,False,1.0,1.0
ca4c3587-d044-4242-81e1-7a51e68db6a7,0,dry,weak_expert,2,0.4964866574239668,1,weak_1_vote,1,1,0,0,1,1.0,dry1_wet0_unknown0,only_1_evaluator,0,0,logistic_regression__C0.001__pca128__no_whiten__gold1__wetcost1,False,1.0,1.0
cbbef439-96c8-4dca-b3ff-f8491b7c8653,0,dry,weak_expert,2,0.255194489542922,1,weak_1_vote,1,1,0,0,1,1.0,dry1_wet0_unknown0,only_1_evaluator,0,0,logistic_regression__C0.001__pca128__no_whiten__gold1__wetcost1,False,1.0,1.0
cd05d1d9-ed06-4fa7-b0d7-3e43c89eb45b,0,dry,weak_expert,2,0.38601698083234876,1,weak_1_vote,1,1,0,0,1,1.0,dry1_wet0_unknown0,only_1_evaluator,0,0,logistic_regression__C0.001__pca128__no_whiten__gold1__wetcost1,False,1.0,1.0
ce2634a4-1ad5-4e79-bb90-905c03e52afb,0,dry,weak_expert,2,0.5446239551369513,1,weak_1_vote,1,1,0,0,1,1.0,dry1_wet0_unknown0,only_1_evaluator,0,1,logistic_regression__C0.001__pca128__no_whiten__gold1__wetcost1,False,1.0,1.0
ce29aef9-0a86-42e6-ab49-258b8a6b1a5e,0,dry,weak_expert,2,0.40203964216371624,1,weak_1_vote,1,1,0,0,1,1.0,dry1_wet0_unknown0,only_1_evaluator,0,0,logistic_regression__C0.001__pca128__no_whiten__gold1__wetcost1,False,1.0,1.0
ce468c06-5a71-4498-8b0d-4d75551094b3,0,dry,weak_expert,2,0.4956483539913049,1,weak_1_vote,1,1,0,0,1,1.0,dry1_wet0_unknown0,only_1_evaluator,0,0,logistic_regression__C0.001__pca128__no_whiten__gold1__wetcost1,False,1.0,1.0
ce8ccb5f-c7a3-48e1-839a-a9c4cd71ab3a,0,dry,weak_expert,2,0.4292098436000701,1,weak_1_vote,1,1,0,0,1,1.0,dry1_wet0_unknown0,only_1_evaluator,0,0,logistic_regression__C0.001__pca128__no_whiten__gold1__wetcost1,False,1.0,1.0
d037aca5-7fce-402a-871e-d25601a69a8c,0,dry,weak_expert,2,0.7501653673774453,1,weak_1_vote,1,1,0,0,1,1.0,dry1_wet0_unknown0,only_1_evaluator,1,1,logistic_regression__C0.001__pca128__no_whiten__gold1__wetcost1,False,1.0,1.0
d2c91dbb-f9d3-4d93-ac4d-1b0245631c82,0,dry,weak_expert,2,0.37918093723293533,1,weak_1_vote,1,1,0,0,1,1.0,dry1_wet0_unknown0,only_1_evaluator,0,0,logistic_regression__C0.001__pca128__no_whiten__gold1__wetcost1,False,1.0,1.0
d7e71034-14a0-4ebb-870c-11bffb7d80d4,0,dry,gold_expert,2,0.4764291074546352,1,gold_4_of_4,4,4,0,0,4,1.0,dry4_wet0_unknown0,4_evaluators_unanimous,0,0,logistic_regression__C0.001__pca128__no_whiten__gold1__wetcost1,False,1.0,1.0
d801aaa2-a086-4213-a552-7dd6fbf53943,0,dry,weak_expert,2,0.33680593252095986,1,weak_1_vote,1,1,0,0,1,1.0,dry1_wet0_unknown0,only_1_evaluator,0,0,logistic_regression__C0.001__pca128__no_whiten__gold1__wetcost1,False,1.0,1.0
d86c823a-3599-4b67-8ec5-85546f1abb16,0,dry,weak_expert,2,0.47231495263483453,1,weak_1_vote,1,1,0,0,1,1.0,dry1_wet0_unknown0,only_1_evaluator,0,0,logistic_regression__C0.001__pca128__no_whiten__gold1__wetcost1,False,1.0,1.0
d92e70af-5bec-4d14-a60e-5a3806e24e75,0,dry,weak_expert,2,0.5395854330677784,1,weak_1_vote,1,1,0,0,1,1.0,dry1_wet0_unknown0,only_1_evaluator,0,1,logistic_regression__C0.001__pca128__no_whiten__gold1__wetcost1,False,1.0,1.0
d9bbd789-3516-4bd1-982f-040ffd01eddf,0,dry,weak_expert,2,0.5359734627506956,1,weak_1_vote,1,1,0,0,1,1.0,dry1_wet0_unknown0,only_1_evaluator,0,1,logistic_regression__C0.001__pca128__no_whiten__gold1__wetcost1,False,1.0,1.0
da46c7ee-5342-4f0f-8326-fae957cdfcdf,0,dry,weak_expert,2,0.3211124474641957,1,weak_1_vote,1,1,0,0,1,1.0,dry1_wet0_unknown0,only_1_evaluator,0,0,logistic_regression__C0.001__pca128__no_whiten__gold1__wetcost1,False,1.0,1.0
dc245a1e-cce1-47f4-914f-e4fa8dbd9917,0,dry,weak_expert,2,0.4629835816526759,1,weak_1_vote,1,1,0,0,1,1.0,dry1_wet0_unknown0,only_1_evaluator,0,0,logistic_regression__C0.001__pca128__no_whiten__gold1__wetcost1,False,1.0,1.0
dc2d0ff1-8f06-4deb-a95f-bdac66488319,0,dry,weak_expert,2,0.1953846783772699,1,weak_1_vote,1,1,0,0,1,1.0,dry1_wet0_unknown0,only_1_evaluator,0,0,logistic_regression__C0.001__pca128__no_whiten__gold1__wetcost1,False,1.0,1.0
dc82a3d2-e9bb-40d2-8451-16ad60e188f2,0,dry,weak_expert,2,0.8139131737907729,1,weak_1_vote,1,1,0,0,1,1.0,dry1_wet0_unknown0,only_1_evaluator,1,1,logistic_regression__C0.001__pca128__no_whiten__gold1__wetcost1,False,1.0,1.0
deca9f96-463f-4198-baf0-19c42446ec19,0,dry,weak_expert,2,0.5264303351684733,1,weak_1_vote,1,1,0,0,1,1.0,dry1_wet0_unknown0,only_1_evaluator,0,1,logistic_regression__C0.001__pca128__no_whiten__gold1__wetcost1,False,1.0,1.0
dee8c009-e2f7-4258-9c17-98f8ef49345d,0,dry,weak_expert,2,0.4465004848348461,1,weak_1_vote,1,1,0,0,1,1.0,dry1_wet0_unknown0,only_1_evaluator,0,0,logistic_regression__C0.001__pca128__no_whiten__gold1__wetcost1,False,1.0,1.0
e0c631a6-5e7e-4f5a-8a07-d27f0ecbfb65,0,dry,weak_expert,2,0.37740080982826923,1,weak_1_vote,1,1,0,0,1,1.0,dry1_wet0_unknown0,only_1_evaluator,0,0,logistic_regression__C0.001__pca128__no_whiten__gold1__wetcost1,False,1.0,1.0
e1259ecf-0b60-4106-9852-61c945065ab1,0,dry,weak_expert,2,0.4688120522341096,1,weak_1_vote,1,1,0,0,1,1.0,dry1_wet0_unknown0,only_1_evaluator,0,0,logistic_regression__C0.001__pca128__no_whiten__gold1__wetcost1,False,1.0,1.0
e2719794-cda2-484d-9147-7d526bd86148,0,dry,weak_expert,2,0.5226321862413675,1,weak_1_vote,1,1,0,0,1,1.0,dry1_wet0_unknown0,only_1_evaluator,0,1,logistic_regression__C0.001__pca128__no_whiten__gold1__wetcost1,False,1.0,1.0
e4740bf9-f9ea-47f9-9fbd-1a285654a9de,0,dry,weak_expert,2,0.3066430921903187,1,weak_1_vote,1,1,0,0,1,1.0,dry1_wet0_unknown0,only_1_evaluator,0,0,logistic_regression__C0.001__pca128__no_whiten__gold1__wetcost1,False,1.0,1.0
e5309e82-43fc-4aac-9bd7-200c3b4e926d,0,dry,weak_expert,2,0.42481513280947303,1,weak_1_vote,1,1,0,0,1,1.0,dry1_wet0_unknown0,only_1_evaluator,0,0,logistic_regression__C0.001__pca128__no_whiten__gold1__wetcost1,False,1.0,1.0
e586aff4-968f-4299-b092-3e9a59472689,0,dry,weak_expert,2,0.39354957880507124,1,weak_1_vote,1,1,0,0,1,1.0,dry1_wet0_unknown0,only_1_evaluator,0,0,logistic_regression__C0.001__pca128__no_whiten__gold1__wetcost1,False,1.0,1.0
e614bfdf-0264-4094-8585-a1cd4068f503,0,dry,weak_expert,2,0.5092470966560498,1,weak_1_vote,1,1,0,0,1,1.0,dry1_wet0_unknown0,only_1_evaluator,0,1,logistic_regression__C0.001__pca128__no_whiten__gold1__wetcost1,False,1.0,1.0
e695a385-83cf-48d7-9595-ab9cf8923359,0,dry,weak_expert,2,0.37327928463623383,1,weak_1_vote,1,1,0,0,1,1.0,dry1_wet0_unknown0,only_1_evaluator,0,0,logistic_regression__C0.001__pca128__no_whiten__gold1__wetcost1,False,1.0,1.0
e6aa50ad-6ca4-4187-aca1-6e5915e1d691,0,dry,weak_expert,2,0.5016407163444104,1,weak_1_vote,1,1,0,0,1,1.0,dry1_wet0_unknown0,only_1_evaluator,0,1,logistic_regression__C0.001__pca128__no_whiten__gold1__wetcost1,False,1.0,1.0
e83d9943-0a3b-4492-a260-25dffff666b2,0,dry,weak_expert,2,0.5250321119357428,1,weak_1_vote,1,1,0,0,1,1.0,dry1_wet0_unknown0,only_1_evaluator,0,1,logistic_regression__C0.001__pca128__no_whiten__gold1__wetcost1,False,1.0,1.0
e8fe6b8b-a7be-404d-95a5-5da7f4efe0e8,0,dry,weak_expert,2,0.5477462683241551,1,weak_1_vote,1,1,0,0,1,1.0,dry1_wet0_unknown0,only_1_evaluator,1,1,logistic_regression__C0.001__pca128__no_whiten__gold1__wetcost1,False,1.0,1.0
e9d0b8ba-4bb5-46c6-a1a6-3d3f68fc0c19,0,dry,weak_expert,2,0.4950272920137079,1,weak_1_vote,1,1,0,0,1,1.0,dry1_wet0_unknown0,only_1_evaluator,0,0,logistic_regression__C0.001__pca128__no_whiten__gold1__wetcost1,False,1.0,1.0
eb8828a2-ec95-4e4d-883d-7795322a0079,0,dry,weak_expert,2,0.3603208657450151,1,weak_1_vote,1,1,0,0,1,1.0,dry1_wet0_unknown0,only_1_evaluator,0,0,logistic_regression__C0.001__pca128__no_whiten__gold1__wetcost1,False,1.0,1.0
ed19d797-397f-4218-8412-14d7f5c25780,0,dry,weak_expert,2,0.8532032274090973,1,weak_1_vote,1,1,0,0,1,1.0,dry1_wet0_unknown0,only_1_evaluator,1,1,logistic_regression__C0.001__pca128__no_whiten__gold1__wetcost1,False,1.0,1.0
ed988dfa-0bc8-409d-adea-4b44350ad946,0,dry,weak_expert,2,0.27197130300125544,1,weak_1_vote,1,1,0,0,1,1.0,dry1_wet0_unknown0,only_1_evaluator,0,0,logistic_regression__C0.001__pca128__no_whiten__gold1__wetcost1,False,1.0,1.0
edd0f863-340f-4e5b-b4ce-a0ef86db8d9a,0,dry,weak_expert,2,0.3886014313666808,1,weak_1_vote,1,1,0,0,1,1.0,dry1_wet0_unknown0,only_1_evaluator,0,0,logistic_regression__C0.001__pca128__no_whiten__gold1__wetcost1,False,1.0,1.0
ee675fea-3d85-4c06-acec-3c69d26986e7,0,dry,weak_expert,2,0.505764628267542,1,weak_1_vote,1,1,0,0,1,1.0,dry1_wet0_unknown0,only_1_evaluator,0,1,logistic_regression__C0.001__pca128__no_whiten__gold1__wetcost1,False,1.0,1.0
efe41fcb-0a86-4fd3-ad6c-e85f4cde8550,0,dry,weak_expert,2,0.3233105452951424,1,weak_1_vote,1,1,0,0,1,1.0,dry1_wet0_unknown0,only_1_evaluator,0,0,logistic_regression__C0.001__pca128__no_whiten__gold1__wetcost1,False,1.0,1.0
f028405b-2f4f-4379-ba3e-acc7a69f90be,0,dry,weak_expert,2,0.9636538987174377,1,weak_1_vote,1,1,0,0,1,1.0,dry1_wet0_unknown0,only_1_evaluator,1,1,logistic_regression__C0.001__pca128__no_whiten__gold1__wetcost1,False,1.0,1.0
f06dc4f4-26ec-4743-940c-505fb4dea0cb,0,dry,weak_expert,2,0.31869646734020635,1,weak_1_vote,1,1,0,0,1,1.0,dry1_wet0_unknown0,only_1_evaluator,0,0,logistic_regression__C0.001__pca128__no_whiten__gold1__wetcost1,False,1.0,1.0
f3032d2e-cfa8-4725-88dd-1e3ca0b563f8,0,dry,weak_expert,2,0.4997698008238596,1,weak_1_vote,1,1,0,0,1,1.0,dry1_wet0_unknown0,only_1_evaluator,0,0,logistic_regression__C0.001__pca128__no_whiten__gold1__wetcost1,False,1.0,1.0
f3f25a4e-536f-4fe4-b038-7428fc916411,0,dry,weak_expert,2,0.5288003247518249,1,weak_1_vote,1,1,0,0,1,1.0,dry1_wet0_unknown0,only_1_evaluator,0,1,logistic_regression__C0.001__pca128__no_whiten__gold1__wetcost1,False,1.0,1.0
f4e86ede-7444-4325-bcf8-bfd540e8ce43,0,dry,weak_expert,2,0.3916405499735476,1,weak_1_vote,1,1,0,0,1,1.0,dry1_wet0_unknown0,only_1_evaluator,0,0,logistic_regression__C0.001__pca128__no_whiten__gold1__wetcost1,False,1.0,1.0
f4ea2005-309b-4c9a-84b2-6ed938532d05,0,dry,weak_expert,2,0.4889320588833195,1,weak_1_vote,1,1,0,0,1,1.0,dry1_wet0_unknown0,only_1_evaluator,0,0,logistic_regression__C0.001__pca128__no_whiten__gold1__wetcost1,False,1.0,1.0
f6dc47c2-d5f1-4153-b9a9-7ee1419cbae5,0,dry,weak_expert,2,0.5103263908226389,1,weak_1_vote,1,1,0,0,1,1.0,dry1_wet0_unknown0,only_1_evaluator,0,1,logistic_regression__C0.001__pca128__no_whiten__gold1__wetcost1,False,1.0,1.0
f7d1f28a-e3a8-4dd9-b7ec-93e04ee023a0,0,dry,weak_expert,2,0.5405811496911509,1,weak_1_vote,1,1,0,0,1,1.0,dry1_wet0_unknown0,only_1_evaluator,0,1,logistic_regression__C0.001__pca128__no_whiten__gold1__wetcost1,False,1.0,1.0
f9dd0931-616e-426c-85cb-c431ddf06e7d,0,dry,weak_expert,2,0.45933797506408425,1,weak_1_vote,1,1,0,0,1,1.0,dry1_wet0_unknown0,only_1_evaluator,0,0,logistic_regression__C0.001__pca128__no_whiten__gold1__wetcost1,False,1.0,1.0
fa3cbbd0-dcbb-4ce7-a658-d87644a69946,0,dry,weak_expert,2,0.4009039081126405,1,weak_1_vote,1,1,0,0,1,1.0,dry1_wet0_unknown0,only_1_evaluator,0,0,logistic_regression__C0.001__pca128__no_whiten__gold1__wetcost1,False,1.0,1.0
fb0971e2-8ebf-459c-972d-b09d28ae0ca6,0,dry,weak_expert,2,0.35990181987050696,1,weak_1_vote,1,1,0,0,1,1.0,dry1_wet0_unknown0,only_1_evaluator,0,0,logistic_regression__C0.001__pca128__no_whiten__gold1__wetcost1,False,1.0,1.0
fb8f5c0b-93e0-4403-baea-26673d650b42,0,dry,weak_expert,2,0.4212583432759989,1,weak_1_vote,1,1,0,0,1,1.0,dry1_wet0_unknown0,only_1_evaluator,0,0,logistic_regression__C0.001__pca128__no_whiten__gold1__wetcost1,False,1.0,1.0
fd849b72-f4bf-4852-9bc2-fd9becc9571e,0,dry,weak_expert,2,0.43813695481319354,1,weak_1_vote,1,1,0,0,1,1.0,dry1_wet0_unknown0,only_1_evaluator,0,0,logistic_regression__C0.001__pca128__no_whiten__gold1__wetcost1,False,1.0,1.0
fd9c0574-c559-4301-bab9-bbf45e64ed40,0,dry,weak_expert,2,0.5796334845103198,1,weak_1_vote,1,1,0,0,1,1.0,dry1_wet0_unknown0,only_1_evaluator,1,1,logistic_regression__C0.001__pca128__no_whiten__gold1__wetcost1,False,1.0,1.0
ffd18a56-096d-40fc-9862-e5c5a8ca1fcd,0,dry,weak_expert,2,0.5721306906821934,1,weak_1_vote,1,1,0,0,1,1.0,dry1_wet0_unknown0,only_1_evaluator,1,1,logistic_regression__C0.001__pca128__no_whiten__gold1__wetcost1,False,1.0,1.0
008ba489-31ad-44d8-856b-fcf72369dc46,1,wet,weak_expert,2,0.4160206480019196,1,weak_1_vote,1,0,1,0,1,1.0,dry0_wet1_unknown0,only_1_evaluator,0,0,logistic_regression__C0.001__pca128__no_whiten__gold1__wetcost1,False,1.0,1.0
00bf9f83-2e8f-47cf-a4f2-97f2beceebc1,1,wet,weak_expert,2,0.5626554278139552,1,weak_1_vote,1,0,1,0,1,1.0,dry0_wet1_unknown0,only_1_evaluator,1,1,logistic_regression__C0.001__pca128__no_whiten__gold1__wetcost1,False,1.0,1.0
14a3c119-bee8-435a-9193-d2ce7cb84a03,1,wet,weak_expert,2,0.5491953529248665,1,weak_1_vote,1,0,1,0,1,1.0,dry0_wet1_unknown0,only_1_evaluator,1,1,logistic_regression__C0.001__pca128__no_whiten__gold1__wetcost1,False,1.0,1.0
1510dd92-a632-48ad-b5e7-1853a9e8e61d,1,wet,weak_expert,2,0.77137440550891,1,weak_1_vote,1,0,1,0,1,1.0,dry0_wet1_unknown0,only_1_evaluator,1,1,logistic_regression__C0.001__pca128__no_whiten__gold1__wetcost1,False,1.0,1.0
1d120109-bee0-4597-8fc6-c8eaf97cab5c,1,wet,weak_expert,2,0.5853313865280778,1,weak_1_vote,1,0,1,0,1,1.0,dry0_wet1_unknown0,only_1_evaluator,1,1,logistic_regression__C0.001__pca128__no_whiten__gold1__wetcost1,False,1.0,1.0
21aee478-6d13-45ea-be4d-4f29fd244798,1,wet,weak_expert,2,0.37297444889426973,1,weak_4_eval_2_1_1,4,1,2,1,2,0.5,dry1_wet2_unknown1,4_evaluators_2_vs_1_vs_1,0,0,logistic_regression__C0.001__pca128__no_whiten__gold1__wetcost1,False,1.0,1.0
224ee66d-7c74-474d-8123-360b75ed739c,1,wet,weak_expert,2,0.5749540804303427,1,weak_1_vote,1,0,1,0,1,1.0,dry0_wet1_unknown0,only_1_evaluator,1,1,logistic_regression__C0.001__pca128__no_whiten__gold1__wetcost1,False,1.0,1.0
22975528-762e-4bd7-9f73-a3da0b485cb4,1,wet,weak_expert,2,0.5022620643672169,1,weak_1_vote,1,0,1,0,1,1.0,dry0_wet1_unknown0,only_1_evaluator,0,1,logistic_regression__C0.001__pca128__no_whiten__gold1__wetcost1,False,1.0,1.0
28d4e487-0d9d-4911-951d-5de7fcb5c986,1,wet,weak_expert,2,0.4303737196129692,1,weak_1_vote,1,0,1,0,1,1.0,dry0_wet1_unknown0,only_1_evaluator,0,0,logistic_regression__C0.001__pca128__no_whiten__gold1__wetcost1,False,1.0,1.0
30a6ca1c-0b72-4ad2-9226-e9bb06add48d,1,wet,weak_expert,2,0.5258557202614587,1,weak_1_vote,1,0,1,0,1,1.0,dry0_wet1_unknown0,only_1_evaluator,0,1,logistic_regression__C0.001__pca128__no_whiten__gold1__wetcost1,False,1.0,1.0
3278e364-afdd-4c39-9126-b8b4a4caf1c5,1,wet,gold_expert,2,0.7300975890279773,1,gold_4_of_4,4,0,4,0,4,1.0,dry0_wet4_unknown0,4_evaluators_unanimous,1,1,logistic_regression__C0.001__pca128__no_whiten__gold1__wetcost1,False,1.0,1.0
36d918eb-8f0c-4ab2-a7de-7aa27f58800c,1,wet,weak_expert,2,0.602956515471062,1,weak_1_vote,1,0,1,0,1,1.0,dry0_wet1_unknown0,only_1_evaluator,1,1,logistic_regression__C0.001__pca128__no_whiten__gold1__wetcost1,False,1.0,1.0
3bd63a44-a443-4a3f-a1ec-ffc2540f7ed0,1,wet,weak_expert,2,0.5779445923136256,1,weak_1_vote,1,0,1,0,1,1.0,dry0_wet1_unknown0,only_1_evaluator,1,1,logistic_regression__C0.001__pca128__no_whiten__gold1__wetcost1,False,1.0,1.0
3f9a82e6-93b5-4d80-b8ae-09d36929d437,1,wet,weak_expert,2,0.8165607153773323,1,weak_1_vote,1,0,1,0,1,1.0,dry0_wet1_unknown0,only_1_evaluator,1,1,logistic_regression__C0.001__pca128__no_whiten__gold1__wetcost1,False,1.0,1.0
44276123-82cf-4aa0-abb6-a483c83b9852,1,wet,weak_expert,2,0.40316108297208575,1,weak_1_vote,1,0,1,0,1,1.0,dry0_wet1_unknown0,only_1_evaluator,0,0,logistic_regression__C0.001__pca128__no_whiten__gold1__wetcost1,False,1.0,1.0
459c949d-1074-4687-a911-e1b61753643c,1,wet,weak_expert,2,0.4518897533188708,1,weak_1_vote,1,0,1,0,1,1.0,dry0_wet1_unknown0,only_1_evaluator,0,0,logistic_regression__C0.001__pca128__no_whiten__gold1__wetcost1,False,1.0,1.0
4811b9fb-5369-478e-91ac-a6eb9a72005e,1,wet,weak_expert,2,0.4574096181850388,1,weak_1_vote,1,0,1,0,1,1.0,dry0_wet1_unknown0,only_1_evaluator,0,0,logistic_regression__C0.001__pca128__no_whiten__gold1__wetcost1,False,1.0,1.0
48834369-72f5-4bbb-847c-5636af5a6882,1,wet,weak_expert,2,0.3591270046495388,1,weak_1_vote,1,0,1,0,1,1.0,dry0_wet1_unknown0,only_1_evaluator,0,0,logistic_regression__C0.001__pca128__no_whiten__gold1__wetcost1,False,1.0,1.0
48bcd9fe-f974-46cc-910a-1b0307eaa336,1,wet,weak_expert,2,0.5554550381790727,1,weak_1_vote,1,0,1,0,1,1.0,dry0_wet1_unknown0,only_1_evaluator,1,1,logistic_regression__C0.001__pca128__no_whiten__gold1__wetcost1,False,1.0,1.0
48d078a6-6e5c-4e34-a562-3bd57d7688d6,1,wet,weak_expert,2,0.77484911169868,1,weak_1_vote,1,0,1,0,1,1.0,dry0_wet1_unknown0,only_1_evaluator,1,1,logistic_regression__C0.001__pca128__no_whiten__gold1__wetcost1,False,1.0,1.0
4e8a8b2b-3437-4358-a1fc-407c04c51a0d,1,wet,weak_expert,2,0.6349340136750755,1,weak_1_vote,1,0,1,0,1,1.0,dry0_wet1_unknown0,only_1_evaluator,1,1,logistic_regression__C0.001__pca128__no_whiten__gold1__wetcost1,False,1.0,1.0
52339446-0c26-4d66-a776-9894b8bd196f,1,wet,weak_expert,2,0.5464723459083222,1,weak_1_vote,1,0,1,0,1,1.0,dry0_wet1_unknown0,only_1_evaluator,1,1,logistic_regression__C0.001__pca128__no_whiten__gold1__wetcost1,False,1.0,1.0
5ac60a58-ed8d-4b77-8338-fbefe993ad6e,1,wet,weak_expert,2,0.7866870094292836,1,weak_1_vote,1,0,1,0,1,1.0,dry0_wet1_unknown0,only_1_evaluator,1,1,logistic_regression__C0.001__pca128__no_whiten__gold1__wetcost1,False,1.0,1.0
5c434e8c-d6cc-4011-b4e8-013fc8183324,1,wet,weak_expert,2,0.4115027778798275,1,weak_1_vote,1,0,1,0,1,1.0,dry0_wet1_unknown0,only_1_evaluator,0,0,logistic_regression__C0.001__pca128__no_whiten__gold1__wetcost1,False,1.0,1.0
5e5bbcfe-9901-4fd8-9be7-d51ea7251cbe,1,wet,weak_expert,2,0.6243095254469166,1,weak_1_vote,1,0,1,0,1,1.0,dry0_wet1_unknown0,only_1_evaluator,1,1,logistic_regression__C0.001__pca128__no_whiten__gold1__wetcost1,False,1.0,1.0
5fdfbf5f-b4db-42ad-8971-275b616bcc72,1,wet,weak_expert,2,0.5723529025697608,1,weak_1_vote,1,0,1,0,1,1.0,dry0_wet1_unknown0,only_1_evaluator,1,1,logistic_regression__C0.001__pca128__no_whiten__gold1__wetcost1,False,1.0,1.0
616464a2-ee80-48e0-a96b-cd4464445162,1,wet,weak_expert,2,0.36089982509168134,1,weak_1_vote,1,0,1,0,1,1.0,dry0_wet1_unknown0,only_1_evaluator,0,0,logistic_regression__C0.001__pca128__no_whiten__gold1__wetcost1,False,1.0,1.0
64da4ad6-4280-49a1-bd37-e35efd7837c6,1,wet,weak_expert,2,0.6242516837293104,1,weak_1_vote,1,0,1,0,1,1.0,dry0_wet1_unknown0,only_1_evaluator,1,1,logistic_regression__C0.001__pca128__no_whiten__gold1__wetcost1,False,1.0,1.0
6a4726f8-f69e-423c-86be-f8d0c4975d4f,1,wet,weak_expert,2,0.3586460522944303,1,weak_1_vote,1,0,1,0,1,1.0,dry0_wet1_unknown0,only_1_evaluator,0,0,logistic_regression__C0.001__pca128__no_whiten__gold1__wetcost1,False,1.0,1.0
6d485342-6c82-4d58-8a54-d8777ceeca9b,1,wet,weak_expert,2,0.4050671193718507,1,weak_1_vote,1,0,1,0,1,1.0,dry0_wet1_unknown0,only_1_evaluator,0,0,logistic_regression__C0.001__pca128__no_whiten__gold1__wetcost1,False,1.0,1.0
71e56426-e99f-4c1a-b39a-55d7c687704c,1,wet,weak_expert,2,0.5093018772623344,1,weak_1_vote,1,0,1,0,1,1.0,dry0_wet1_unknown0,only_1_evaluator,0,1,logistic_regression__C0.001__pca128__no_whiten__gold1__wetcost1,False,1.0,1.0
72af1dd5-618e-47f2-a11f-f3a61d9b396f,1,wet,weak_expert,2,0.6681150794899839,1,weak_1_vote,1,0,1,0,1,1.0,dry0_wet1_unknown0,only_1_evaluator,1,1,logistic_regression__C0.001__pca128__no_whiten__gold1__wetcost1,False,1.0,1.0
77f4b676-9d1f-49d4-b694-49f2edb225bd,1,wet,weak_expert,2,0.5881690473237319,1,weak_1_vote,1,0,1,0,1,1.0,dry0_wet1_unknown0,only_1_evaluator,1,1,logistic_regression__C0.001__pca128__no_whiten__gold1__wetcost1,False,1.0,1.0
7b4e2b37-d42a-4184-a06a-d824c89fe264,1,wet,weak_expert,2,0.47803462517923623,1,weak_1_vote,1,0,1,0,1,1.0,dry0_wet1_unknown0,only_1_evaluator,0,0,logistic_regression__C0.001__pca128__no_whiten__gold1__wetcost1,False,1.0,1.0
7e5e71f2-c060-4f4c-9d80-1524981eadc5,1,wet,weak_expert,2,0.5687749984856001,1,weak_1_vote,1,0,1,0,1,1.0,dry0_wet1_unknown0,only_1_evaluator,1,1,logistic_regression__C0.001__pca128__no_whiten__gold1__wetcost1,False,1.0,1.0
805d5c82-a503-44a6-b69d-41532ebb859c,1,wet,weak_expert,2,0.39438260091177973,1,weak_1_vote,1,0,1,0,1,1.0,dry0_wet1_unknown0,only_1_evaluator,0,0,logistic_regression__C0.001__pca128__no_whiten__gold1__wetcost1,False,1.0,1.0
826697aa-c314-45d2-9a09-b726571ca407,1,wet,weak_expert,2,0.5573432058153367,1,weak_1_vote,1,0,1,0,1,1.0,dry0_wet1_unknown0,only_1_evaluator,1,1,logistic_regression__C0.001__pca128__no_whiten__gold1__wetcost1,False,1.0,1.0
864b3b33-c30b-4215-a6ad-66be69c07197,1,wet,weak_expert,2,0.5408990290128853,1,weak_1_vote,1,0,1,0,1,1.0,dry0_wet1_unknown0,only_1_evaluator,0,1,logistic_regression__C0.001__pca128__no_whiten__gold1__wetcost1,False,1.0,1.0
86bd5780-9af3-4e33-86ba-c0105ecd408e,1,wet,weak_expert,2,0.5711923325470109,1,weak_1_vote,1,0,1,0,1,1.0,dry0_wet1_unknown0,only_1_evaluator,1,1,logistic_regression__C0.001__pca128__no_whiten__gold1__wetcost1,False,1.0,1.0
88a9b00f-205e-4fbc-9cda-1793f2c7600b,1,wet,weak_expert,2,0.5820138929130858,1,weak_1_vote,1,0,1,0,1,1.0,dry0_wet1_unknown0,only_1_evaluator,1,1,logistic_regression__C0.001__pca128__no_whiten__gold1__wetcost1,False,1.0,1.0
8905d5ea-2412-4222-93f8-95cd4455f8e4,1,wet,weak_expert,2,0.9531902167795245,1,weak_4_eval_2_1_1,4,1,2,1,2,0.5,dry1_wet2_unknown1,4_evaluators_2_vs_1_vs_1,1,1,logistic_regression__C0.001__pca128__no_whiten__gold1__wetcost1,False,1.0,1.0
8ac2ef46-05fb-4f68-bb2d-ca5b1e51ed7f,1,wet,weak_expert,2,0.5738402937500097,1,weak_1_vote,1,0,1,0,1,1.0,dry0_wet1_unknown0,only_1_evaluator,1,1,logistic_regression__C0.001__pca128__no_whiten__gold1__wetcost1,False,1.0,1.0
8bb8315c-9afe-4205-911f-222c912f980e,1,wet,weak_expert,2,0.44777971993500465,1,weak_1_vote,1,0,1,0,1,1.0,dry0_wet1_unknown0,only_1_evaluator,0,0,logistic_regression__C0.001__pca128__no_whiten__gold1__wetcost1,False,1.0,1.0
8c48edec-8c1f-4e36-b8a4-10576bf6f301,1,wet,weak_expert,2,0.7904434143943466,1,weak_1_vote,1,0,1,0,1,1.0,dry0_wet1_unknown0,only_1_evaluator,1,1,logistic_regression__C0.001__pca128__no_whiten__gold1__wetcost1,False,1.0,1.0
912af762-44df-4648-b48d-beba3435a401,1,wet,weak_expert,2,0.47538420125776115,1,weak_1_vote,1,0,1,0,1,1.0,dry0_wet1_unknown0,only_1_evaluator,0,0,logistic_regression__C0.001__pca128__no_whiten__gold1__wetcost1,False,1.0,1.0
9535fedb-ad1d-4d0d-969f-63b6400ebcb3,1,wet,weak_expert,2,0.7375395122715245,1,weak_1_vote,1,0,1,0,1,1.0,dry0_wet1_unknown0,only_1_evaluator,1,1,logistic_regression__C0.001__pca128__no_whiten__gold1__wetcost1,False,1.0,1.0
9caf2c7a-bc24-48c1-abbf-6a371dfc8d18,1,wet,weak_expert,2,0.6104323792121343,1,weak_1_vote,1,0,1,0,1,1.0,dry0_wet1_unknown0,only_1_evaluator,1,1,logistic_regression__C0.001__pca128__no_whiten__gold1__wetcost1,False,1.0,1.0
9ea4d87d-e60f-4a02-94be-20d345222a84,1,wet,weak_expert,2,0.3725772541681361,1,weak_1_vote,1,0,1,0,1,1.0,dry0_wet1_unknown0,only_1_evaluator,0,0,logistic_regression__C0.001__pca128__no_whiten__gold1__wetcost1,False,1.0,1.0
9fa0f414-5e2c-4ae7-bbbc-0330decc929e,1,wet,weak_expert,2,0.7248465942024997,1,weak_1_vote,1,0,1,0,1,1.0,dry0_wet1_unknown0,only_1_evaluator,1,1,logistic_regression__C0.001__pca128__no_whiten__gold1__wetcost1,False,1.0,1.0
9fc30462-4e90-4b05-a9d4-f25b775d1794,1,wet,weak_expert,2,0.06906310331682002,1,weak_1_vote,1,0,1,0,1,1.0,dry0_wet1_unknown0,only_1_evaluator,0,0,logistic_regression__C0.001__pca128__no_whiten__gold1__wetcost1,False,1.0,1.0
ae0381a3-914d-42a2-8d3c-58a45db1be36,1,wet,weak_expert,2,0.5952290232722868,1,weak_1_vote,1,0,1,0,1,1.0,dry0_wet1_unknown0,only_1_evaluator,1,1,logistic_regression__C0.001__pca128__no_whiten__gold1__wetcost1,False,1.0,1.0
b9579f63-24fd-4e2f-8444-c087556984ea,1,wet,weak_expert,2,0.6840928206847185,1,weak_1_vote,1,0,1,0,1,1.0,dry0_wet1_unknown0,only_1_evaluator,1,1,logistic_regression__C0.001__pca128__no_whiten__gold1__wetcost1,False,1.0,1.0
bd132860-47c0-4ada-ab34-fa8b6b551685,1,wet,weak_expert,2,0.4481977255686073,1,weak_1_vote,1,0,1,0,1,1.0,dry0_wet1_unknown0,only_1_evaluator,0,0,logistic_regression__C0.001__pca128__no_whiten__gold1__wetcost1,False,1.0,1.0
bd64a8e8-ad6e-4062-8e99-99ef5caab05b,1,wet,weak_expert,2,0.8146329807149489,1,weak_1_vote,1,0,1,0,1,1.0,dry0_wet1_unknown0,only_1_evaluator,1,1,logistic_regression__C0.001__pca128__no_whiten__gold1__wetcost1,False,1.0,1.0
c3bcea97-1dfc-4978-88a2-654bd8303244,1,wet,weak_expert,2,0.3689351560385237,1,weak_1_vote,1,0,1,0,1,1.0,dry0_wet1_unknown0,only_1_evaluator,0,0,logistic_regression__C0.001__pca128__no_whiten__gold1__wetcost1,False,1.0,1.0
cf59244a-576d-471e-b853-9871be627fa8,1,wet,weak_expert,2,0.7631273433607842,1,weak_1_vote,1,0,1,0,1,1.0,dry0_wet1_unknown0,only_1_evaluator,1,1,logistic_regression__C0.001__pca128__no_whiten__gold1__wetcost1,False,1.0,1.0
d014a758-b70b-4474-9de5-63f7061f95a6,1,wet,weak_expert,2,0.9269474903245509,1,weak_1_vote,1,0,1,0,1,1.0,dry0_wet1_unknown0,only_1_evaluator,1,1,logistic_regression__C0.001__pca128__no_whiten__gold1__wetcost1,False,1.0,1.0
d11e501c-6f48-4028-8198-9075c67ce238,1,wet,weak_expert,2,0.7621147271557489,1,weak_1_vote,1,0,1,0,1,1.0,dry0_wet1_unknown0,only_1_evaluator,1,1,logistic_regression__C0.001__pca128__no_whiten__gold1__wetcost1,False,1.0,1.0
d4e4b900-939e-48e9-ad9f-bf9eee425303,1,wet,weak_expert,2,0.7347509893240245,1,weak_1_vote,1,0,1,0,1,1.0,dry0_wet1_unknown0,only_1_evaluator,1,1,logistic_regression__C0.001__pca128__no_whiten__gold1__wetcost1,False,1.0,1.0
d5b05c83-3dab-4fc9-8db7-9f46bcb06cac,1,wet,weak_expert,2,0.5455754298368793,1,weak_1_vote,1,0,1,0,1,1.0,dry0_wet1_unknown0,only_1_evaluator,1,1,logistic_regression__C0.001__pca128__no_whiten__gold1__wetcost1,False,1.0,1.0
df17949b-3eb0-45a5-801b-7a7f3985031e,1,wet,weak_expert,2,0.5488350875175911,1,weak_1_vote,1,0,1,0,1,1.0,dry0_wet1_unknown0,only_1_evaluator,1,1,logistic_regression__C0.001__pca128__no_whiten__gold1__wetcost1,False,1.0,1.0
dfa97006-e494-4c73-ba46-2fe805aec1cd,1,wet,weak_expert,2,0.7245785073065448,1,weak_1_vote,1,0,1,0,1,1.0,dry0_wet1_unknown0,only_1_evaluator,1,1,logistic_regression__C0.001__pca128__no_whiten__gold1__wetcost1,False,1.0,1.0
e23dd9bb-9e34-4cc8-b3ba-cfa5222d9fd8,1,wet,weak_expert,2,0.4028222596703835,1,weak_1_vote,1,0,1,0,1,1.0,dry0_wet1_unknown0,only_1_evaluator,0,0,logistic_regression__C0.001__pca128__no_whiten__gold1__wetcost1,False,1.0,1.0
e247085a-cf34-45be-b3c1-3c609c7d2bf1,1,wet,weak_expert,2,0.2800875737200274,1,weak_1_vote,1,0,1,0,1,1.0,dry0_wet1_unknown0,only_1_evaluator,0,0,logistic_regression__C0.001__pca128__no_whiten__gold1__wetcost1,False,1.0,1.0
e2a72896-8aac-4254-81f4-97812b05d4d4,1,wet,weak_expert,2,0.8551861765324514,1,weak_1_vote,1,0,1,0,1,1.0,dry0_wet1_unknown0,only_1_evaluator,1,1,logistic_regression__C0.001__pca128__no_whiten__gold1__wetcost1,False,1.0,1.0
e31a34d6-2e8f-42b1-b633-7569897a8dc8,1,wet,weak_expert,2,0.424092856821996,1,weak_1_vote,1,0,1,0,1,1.0,dry0_wet1_unknown0,only_1_evaluator,0,0,logistic_regression__C0.001__pca128__no_whiten__gold1__wetcost1,False,1.0,1.0
e3a0e232-dc03-478b-9f8c-b6d928cd01ab,1,wet,weak_expert,2,0.7205280714977331,1,weak_1_vote,1,0,1,0,1,1.0,dry0_wet1_unknown0,only_1_evaluator,1,1,logistic_regression__C0.001__pca128__no_whiten__gold1__wetcost1,False,1.0,1.0
e95fa8ec-64e5-4fb1-afdc-b70bac309dec,1,wet,weak_expert,2,0.4423935085693322,1,weak_1_vote,1,0,1,0,1,1.0,dry0_wet1_unknown0,only_1_evaluator,0,0,logistic_regression__C0.001__pca128__no_whiten__gold1__wetcost1,False,1.0,1.0
f19c0f7f-037c-4fbf-8f3a-5426894b232d,1,wet,weak_expert,2,0.7442874710951427,1,weak_1_vote,1,0,1,0,1,1.0,dry0_wet1_unknown0,only_1_evaluator,1,1,logistic_regression__C0.001__pca128__no_whiten__gold1__wetcost1,False,1.0,1.0
f23ee4be-d96c-43ff-a06c-99e1050b7ffe,1,wet,weak_expert,2,0.810050779607914,1,weak_1_vote,1,0,1,0,1,1.0,dry0_wet1_unknown0,only_1_evaluator,1,1,logistic_regression__C0.001__pca128__no_whiten__gold1__wetcost1,False,1.0,1.0
f46c5215-8097-4891-bbd4-d4ac017c224c,1,wet,weak_expert,2,0.5508947235505612,1,weak_1_vote,1,0,1,0,1,1.0,dry0_wet1_unknown0,only_1_evaluator,1,1,logistic_regression__C0.001__pca128__no_whiten__gold1__wetcost1,False,1.0,1.0
f6171954-10f5-4991-9278-c54776d937ef,1,wet,weak_expert,2,0.5569699306463207,1,weak_1_vote,1,0,1,0,1,1.0,dry0_wet1_unknown0,only_1_evaluator,1,1,logistic_regression__C0.001__pca128__no_whiten__gold1__wetcost1,False,1.0,1.0
fe40afee-154b-4092-8626-baf91e2860ff,1,wet,weak_expert,2,0.640991851729264,1,weak_1_vote,1,0,1,0,1,1.0,dry0_wet1_unknown0,only_1_evaluator,1,1,logistic_regression__C0.001__pca128__no_whiten__gold1__wetcost1,False,1.0,1.0
fed03a5c-6329-488c-a031-213ccdceabcf,1,wet,weak_expert,2,0.4619512355065558,1,weak_1_vote,1,0,1,0,1,1.0,dry0_wet1_unknown0,only_1_evaluator,0,0,logistic_regression__C0.001__pca128__no_whiten__gold1__wetcost1,False,1.0,1.0
ff49f6b7-fa54-4780-a4be-b0594e628aae,1,wet,weak_expert,2,0.4975718896796478,1,weak_1_vote,1,0,1,0,1,1.0,dry0_wet1_unknown0,only_1_evaluator,0,0,logistic_regression__C0.001__pca128__no_whiten__gold1__wetcost1,False,1.0,1.0
01820f7c-b953-4faf-aa13-978cfda6b08e,0,dry,weak_expert,3,0.6526752317360557,1,weak_1_vote,1,1,0,0,1,1.0,dry1_wet0_unknown0,only_1_evaluator,1,1,logistic_regression__C0.001__pca128__no_whiten__gold1__wetcost1,False,1.0,1.0
02805b36-5361-41f5-b41e-583ec496eff6,0,dry,weak_expert,3,0.4016028508039178,1,weak_1_vote,1,1,0,0,1,1.0,dry1_wet0_unknown0,only_1_evaluator,0,0,logistic_regression__C0.001__pca128__no_whiten__gold1__wetcost1,False,1.0,1.0
03430d6b-4554-4ffe-8c82-507832dc1d52,0,dry,weak_expert,3,0.33638235636918495,1,weak_1_vote,1,1,0,0,1,1.0,dry1_wet0_unknown0,only_1_evaluator,0,0,logistic_regression__C0.001__pca128__no_whiten__gold1__wetcost1,False,1.0,1.0
03cfc75c-88a0-4ca9-8ca4-4aa61e2dec37,0,dry,weak_expert,3,0.6241365563670601,1,weak_1_vote,1,1,0,0,1,1.0,dry1_wet0_unknown0,only_1_evaluator,1,1,logistic_regression__C0.001__pca128__no_whiten__gold1__wetcost1,False,1.0,1.0
06e9197b-9b40-4bde-bde8-9e78242a60ac,0,dry,weak_expert,3,0.5726368163557098,1,weak_1_vote,1,1,0,0,1,1.0,dry1_wet0_unknown0,only_1_evaluator,1,1,logistic_regression__C0.001__pca128__no_whiten__gold1__wetcost1,False,1.0,1.0
07c16495-d19c-47ad-ba39-d2e24f31d6e4,0,dry,weak_expert,3,0.57606125527997,1,weak_1_vote,1,1,0,0,1,1.0,dry1_wet0_unknown0,only_1_evaluator,1,1,logistic_regression__C0.001__pca128__no_whiten__gold1__wetcost1,False,1.0,1.0
0aec66e3-47a5-4f3f-bec6-ad38d090b219,0,dry,weak_expert,3,0.36203155089154065,1,weak_1_vote,1,1,0,0,1,1.0,dry1_wet0_unknown0,only_1_evaluator,0,0,logistic_regression__C0.001__pca128__no_whiten__gold1__wetcost1,False,1.0,1.0
0b14b4fa-edf0-4595-89af-d4a69208205b,0,dry,weak_expert,3,0.3918872148319111,1,weak_1_vote,1,1,0,0,1,1.0,dry1_wet0_unknown0,only_1_evaluator,0,0,logistic_regression__C0.001__pca128__no_whiten__gold1__wetcost1,False,1.0,1.0
0b618a49-9562-4fa5-afb7-fce583b5a444,0,dry,weak_expert,3,0.3786496327340972,1,weak_1_vote,1,1,0,0,1,1.0,dry1_wet0_unknown0,only_1_evaluator,0,0,logistic_regression__C0.001__pca128__no_whiten__gold1__wetcost1,False,1.0,1.0
0c01c4ac-cfbf-45b9-80db-492f334aaf30,0,dry,weak_expert,3,0.5621435347658117,1,weak_1_vote,1,1,0,0,1,1.0,dry1_wet0_unknown0,only_1_evaluator,1,1,logistic_regression__C0.001__pca128__no_whiten__gold1__wetcost1,False,1.0,1.0
0f04746a-08e0-40a2-9431-2f57f9166720,0,dry,weak_expert,3,0.7668858648660883,1,weak_1_vote,1,1,0,0,1,1.0,dry1_wet0_unknown0,only_1_evaluator,1,1,logistic_regression__C0.001__pca128__no_whiten__gold1__wetcost1,False,1.0,1.0
0f1d05f5-1d1f-452c-be28-fb0c7b8085c4,0,dry,weak_expert,3,0.29655926988967735,1,weak_1_vote,1,1,0,0,1,1.0,dry1_wet0_unknown0,only_1_evaluator,0,0,logistic_regression__C0.001__pca128__no_whiten__gold1__wetcost1,False,1.0,1.0
0f79324e-9dc6-4f6c-8c13-2a3041f044d1,0,dry,weak_expert,3,0.3253168209534285,1,weak_1_vote,1,1,0,0,1,1.0,dry1_wet0_unknown0,only_1_evaluator,0,0,logistic_regression__C0.001__pca128__no_whiten__gold1__wetcost1,False,1.0,1.0
1080b72c-f243-4e5d-96e5-a9c12c0eaed0,0,dry,weak_expert,3,0.5568438100066083,1,weak_1_vote,1,1,0,0,1,1.0,dry1_wet0_unknown0,only_1_evaluator,1,1,logistic_regression__C0.001__pca128__no_whiten__gold1__wetcost1,False,1.0,1.0
125243ce-cda2-4412-a38c-474dd3875d1f,0,dry,weak_expert,3,0.6324931360647618,1,weak_1_vote,1,1,0,0,1,1.0,dry1_wet0_unknown0,only_1_evaluator,1,1,logistic_regression__C0.001__pca128__no_whiten__gold1__wetcost1,False,1.0,1.0
13b55d58-ad6d-4cb4-933e-80622a4ff240,0,dry,weak_expert,3,0.6536691177695183,1,weak_1_vote,1,1,0,0,1,1.0,dry1_wet0_unknown0,only_1_evaluator,1,1,logistic_regression__C0.001__pca128__no_whiten__gold1__wetcost1,False,1.0,1.0
13ddcdda-6ec1-458f-938c-9f0515a9b642,0,dry,weak_expert,3,0.500020326738878,1,weak_1_vote,1,1,0,0,1,1.0,dry1_wet0_unknown0,only_1_evaluator,0,1,logistic_regression__C0.001__pca128__no_whiten__gold1__wetcost1,False,1.0,1.0
178f39e2-a261-4ec6-a8fb-3f89c3c795bb,0,dry,weak_expert,3,0.5634349574685756,1,weak_1_vote,1,1,0,0,1,1.0,dry1_wet0_unknown0,only_1_evaluator,1,1,logistic_regression__C0.001__pca128__no_whiten__gold1__wetcost1,False,1.0,1.0
195f9381-cf35-45da-b0ae-cc4ed04e9283,0,dry,weak_expert,3,0.6090809169218825,1,weak_1_vote,1,1,0,0,1,1.0,dry1_wet0_unknown0,only_1_evaluator,1,1,logistic_regression__C0.001__pca128__no_whiten__gold1__wetcost1,False,1.0,1.0
1adbbc78-5322-4410-aa61-4048e5578325,0,dry,weak_expert,3,0.5090973322481397,1,weak_1_vote,1,1,0,0,1,1.0,dry1_wet0_unknown0,only_1_evaluator,0,1,logistic_regression__C0.001__pca128__no_whiten__gold1__wetcost1,False,1.0,1.0
1c34e7b6-708b-412c-b934-4af1e2990f67,0,dry,weak_expert,3,0.427961826990414,1,weak_1_vote,1,1,0,0,1,1.0,dry1_wet0_unknown0,only_1_evaluator,0,0,logistic_regression__C0.001__pca128__no_whiten__gold1__wetcost1,False,1.0,1.0
1c5bbc80-5166-427b-8204-298b5ef8a0f9,0,dry,weak_expert,3,0.6637132561397714,1,weak_1_vote,1,1,0,0,1,1.0,dry1_wet0_unknown0,only_1_evaluator,1,1,logistic_regression__C0.001__pca128__no_whiten__gold1__wetcost1,False,1.0,1.0
1ca49e1b-7b7a-4442-8603-a41083fc49e3,0,dry,weak_expert,3,0.4925902008222809,1,weak_1_vote,1,1,0,0,1,1.0,dry1_wet0_unknown0,only_1_evaluator,0,0,logistic_regression__C0.001__pca128__no_whiten__gold1__wetcost1,False,1.0,1.0
1cd13fe6-9d35-4a86-82ff-a9af6b90d70b,0,dry,weak_expert,3,0.49137901692852326,1,weak_1_vote,1,1,0,0,1,1.0,dry1_wet0_unknown0,only_1_evaluator,0,0,logistic_regression__C0.001__pca128__no_whiten__gold1__wetcost1,False,1.0,1.0
1d1b2daf-5b26-4176-b826-c521d25ee5c5,0,dry,weak_expert,3,0.36654495310580626,1,weak_1_vote,1,1,0,0,1,1.0,dry1_wet0_unknown0,only_1_evaluator,0,0,logistic_regression__C0.001__pca128__no_whiten__gold1__wetcost1,False,1.0,1.0
1dd3b212-e969-4ede-a9d9-f24b711e2028,0,dry,gold_expert,3,0.39447573613347175,1,gold_4_of_4,4,4,0,0,4,1.0,dry4_wet0_unknown0,4_evaluators_unanimous,0,0,logistic_regression__C0.001__pca128__no_whiten__gold1__wetcost1,False,1.0,1.0
1e13bf2c-1de7-4855-99a3-ec339694b7f2,0,dry,weak_expert,3,0.36053806877362604,1,weak_1_vote,1,1,0,0,1,1.0,dry1_wet0_unknown0,only_1_evaluator,0,0,logistic_regression__C0.001__pca128__no_whiten__gold1__wetcost1,False,1.0,1.0
1ed2eced-cfd7-4f12-917d-a59b7b024d01,0,dry,weak_expert,3,0.3861501377817606,1,weak_1_vote,1,1,0,0,1,1.0,dry1_wet0_unknown0,only_1_evaluator,0,0,logistic_regression__C0.001__pca128__no_whiten__gold1__wetcost1,False,1.0,1.0
21519b33-26a1-48ab-95e9-290188d9d7ed,0,dry,weak_expert,3,0.49327144930649136,1,weak_1_vote,1,1,0,0,1,1.0,dry1_wet0_unknown0,only_1_evaluator,0,0,logistic_regression__C0.001__pca128__no_whiten__gold1__wetcost1,False,1.0,1.0
21582038-eca3-4517-a16f-c34db540341b,0,dry,weak_expert,3,0.5840511135129056,1,weak_1_vote,1,1,0,0,1,1.0,dry1_wet0_unknown0,only_1_evaluator,1,1,logistic_regression__C0.001__pca128__no_whiten__gold1__wetcost1,False,1.0,1.0
217f4053-74b3-4e1b-92f3-24004064066b,0,dry,weak_expert,3,0.418806022102739,1,weak_1_vote,1,1,0,0,1,1.0,dry1_wet0_unknown0,only_1_evaluator,0,0,logistic_regression__C0.001__pca128__no_whiten__gold1__wetcost1,False,1.0,1.0
22ac9dc4-858e-4db5-886e-792d7553e67f,0,dry,weak_expert,3,0.5833920621461137,1,weak_1_vote,1,1,0,0,1,1.0,dry1_wet0_unknown0,only_1_evaluator,1,1,logistic_regression__C0.001__pca128__no_whiten__gold1__wetcost1,False,1.0,1.0
23180623-c32f-4fa7-85db-2aaf72438824,0,dry,weak_expert,3,0.6652682001636148,1,weak_1_vote,1,1,0,0,1,1.0,dry1_wet0_unknown0,only_1_evaluator,1,1,logistic_regression__C0.001__pca128__no_whiten__gold1__wetcost1,False,1.0,1.0
239862c9-653a-46c7-ba74-2511aab54340,0,dry,weak_expert,3,0.3752360562618142,1,weak_1_vote,1,1,0,0,1,1.0,dry1_wet0_unknown0,only_1_evaluator,0,0,logistic_regression__C0.001__pca128__no_whiten__gold1__wetcost1,False,1.0,1.0
2532b7ae-20da-4dde-ab4e-46ffe1fdbe77,0,dry,weak_expert,3,0.4519094174665755,1,weak_1_vote,1,1,0,0,1,1.0,dry1_wet0_unknown0,only_1_evaluator,0,0,logistic_regression__C0.001__pca128__no_whiten__gold1__wetcost1,False,1.0,1.0
2561c0c9-c4d4-4d63-8c8a-610d6eafe593,0,dry,weak_expert,3,0.8932527680837955,1,weak_1_vote,1,1,0,0,1,1.0,dry1_wet0_unknown0,only_1_evaluator,1,1,logistic_regression__C0.001__pca128__no_whiten__gold1__wetcost1,False,1.0,1.0
25d5e8bc-0203-4909-aebb-00df700417b9,0,dry,weak_expert,3,0.4822448130812112,1,weak_1_vote,1,1,0,0,1,1.0,dry1_wet0_unknown0,only_1_evaluator,0,0,logistic_regression__C0.001__pca128__no_whiten__gold1__wetcost1,False,1.0,1.0
2989f5c7-1b1c-42aa-9f44-05e8d6fea729,0,dry,weak_expert,3,0.5264179089381805,1,weak_1_vote,1,1,0,0,1,1.0,dry1_wet0_unknown0,only_1_evaluator,0,1,logistic_regression__C0.001__pca128__no_whiten__gold1__wetcost1,False,1.0,1.0
29b6542b-6a40-474c-9eb1-787ebfbab90d,0,dry,weak_expert,3,0.19331866301642636,1,weak_1_vote,1,1,0,0,1,1.0,dry1_wet0_unknown0,only_1_evaluator,0,0,logistic_regression__C0.001__pca128__no_whiten__gold1__wetcost1,False,1.0,1.0
2a7328f9-4c7b-461e-8975-0809d0c49de9,0,dry,weak_expert,3,0.609053793193296,1,weak_1_vote,1,1,0,0,1,1.0,dry1_wet0_unknown0,only_1_evaluator,1,1,logistic_regression__C0.001__pca128__no_whiten__gold1__wetcost1,False,1.0,1.0
2b22a1b8-5dc4-4674-9ebc-99d6a06e999c,0,dry,weak_expert,3,0.2918521914507055,1,weak_1_vote,1,1,0,0,1,1.0,dry1_wet0_unknown0,only_1_evaluator,0,0,logistic_regression__C0.001__pca128__no_whiten__gold1__wetcost1,False,1.0,1.0
2bb66cf8-ae01-4f8d-93d2-3bc4b08c08f8,0,dry,weak_expert,3,0.28566903694076573,1,weak_1_vote,1,1,0,0,1,1.0,dry1_wet0_unknown0,only_1_evaluator,0,0,logistic_regression__C0.001__pca128__no_whiten__gold1__wetcost1,False,1.0,1.0
2c333872-8c6f-4818-a011-7a5efb063509,0,dry,weak_expert,3,0.532474078825186,1,weak_1_vote,1,1,0,0,1,1.0,dry1_wet0_unknown0,only_1_evaluator,0,1,logistic_regression__C0.001__pca128__no_whiten__gold1__wetcost1,False,1.0,1.0
2c802186-571e-41ff-8d7e-a273a68329da,0,dry,weak_expert,3,0.3066565386981988,1,weak_1_vote,1,1,0,0,1,1.0,dry1_wet0_unknown0,only_1_evaluator,0,0,logistic_regression__C0.001__pca128__no_whiten__gold1__wetcost1,False,1.0,1.0
2ca9e925-859f-417e-838b-681d77639839,0,dry,weak_expert,3,0.5782615231350063,1,weak_1_vote,1,1,0,0,1,1.0,dry1_wet0_unknown0,only_1_evaluator,1,1,logistic_regression__C0.001__pca128__no_whiten__gold1__wetcost1,False,1.0,1.0
2d945d23-990e-4f00-91a6-b4de59fcb2a6,0,dry,weak_expert,3,0.5050173288056081,1,weak_1_vote,1,1,0,0,1,1.0,dry1_wet0_unknown0,only_1_evaluator,0,1,logistic_regression__C0.001__pca128__no_whiten__gold1__wetcost1,False,1.0,1.0
2dd7dcf1-1065-4779-98ae-7e152ca3b1d5,0,dry,weak_expert,3,0.08554873367645582,1,weak_1_vote,1,1,0,0,1,1.0,dry1_wet0_unknown0,only_1_evaluator,0,0,logistic_regression__C0.001__pca128__no_whiten__gold1__wetcost1,False,1.0,1.0
2e0e732f-3cf5-4fb6-9762-aae4ab603d4d,0,dry,weak_expert,3,0.37940788049545343,1,weak_1_vote,1,1,0,0,1,1.0,dry1_wet0_unknown0,only_1_evaluator,0,0,logistic_regression__C0.001__pca128__no_whiten__gold1__wetcost1,False,1.0,1.0
2e687a52-6e9b-4343-9688-b96132f52f87,0,dry,weak_expert,3,0.6006962954122883,1,weak_1_vote,1,1,0,0,1,1.0,dry1_wet0_unknown0,only_1_evaluator,1,1,logistic_regression__C0.001__pca128__no_whiten__gold1__wetcost1,False,1.0,1.0
2e704c72-6b85-4241-b680-f74c2ab70ca7,0,dry,weak_expert,3,0.5124644088947705,1,weak_1_vote,1,1,0,0,1,1.0,dry1_wet0_unknown0,only_1_evaluator,0,1,logistic_regression__C0.001__pca128__no_whiten__gold1__wetcost1,False,1.0,1.0
2ee095c2-4dee-4696-9f85-5452bf9fc28f,0,dry,weak_expert,3,0.3652627412425516,1,weak_1_vote,1,1,0,0,1,1.0,dry1_wet0_unknown0,only_1_evaluator,0,0,logistic_regression__C0.001__pca128__no_whiten__gold1__wetcost1,False,1.0,1.0
2ef79bd0-5d88-4583-a45d-a6570dfbd4c7,0,dry,weak_expert,3,0.38177084123813076,1,weak_1_vote,1,1,0,0,1,1.0,dry1_wet0_unknown0,only_1_evaluator,0,0,logistic_regression__C0.001__pca128__no_whiten__gold1__wetcost1,False,1.0,1.0
2f7f0c1b-782b-4b90-9f0b-ed60edfeab89,0,dry,weak_expert,3,0.2782326065255079,1,weak_1_vote,1,1,0,0,1,1.0,dry1_wet0_unknown0,only_1_evaluator,0,0,logistic_regression__C0.001__pca128__no_whiten__gold1__wetcost1,False,1.0,1.0
30d927be-7a71-4e50-b8cf-ed9ff6f8dca4,0,dry,weak_expert,3,0.3650580295037859,1,weak_1_vote,1,1,0,0,1,1.0,dry1_wet0_unknown0,only_1_evaluator,0,0,logistic_regression__C0.001__pca128__no_whiten__gold1__wetcost1,False,1.0,1.0
30f275f4-7248-4909-9753-f9d7b294d3bd,0,dry,weak_expert,3,0.249625661463073,1,weak_1_vote,1,1,0,0,1,1.0,dry1_wet0_unknown0,only_1_evaluator,0,0,logistic_regression__C0.001__pca128__no_whiten__gold1__wetcost1,False,1.0,1.0
30fa4631-eba2-44d7-ba44-4ef930092d45,0,dry,weak_expert,3,0.8413634072215126,1,weak_1_vote,1,1,0,0,1,1.0,dry1_wet0_unknown0,only_1_evaluator,1,1,logistic_regression__C0.001__pca128__no_whiten__gold1__wetcost1,False,1.0,1.0
3169ae75-df07-48b3-a04c-b33cd3b10b30,0,dry,weak_expert,3,0.3196253279754761,1,weak_1_vote,1,1,0,0,1,1.0,dry1_wet0_unknown0,only_1_evaluator,0,0,logistic_regression__C0.001__pca128__no_whiten__gold1__wetcost1,False,1.0,1.0
333ca4a1-557a-4be5-b2e3-9e572b3132ff,0,dry,weak_expert,3,0.5591959174821127,1,weak_1_vote,1,1,0,0,1,1.0,dry1_wet0_unknown0,only_1_evaluator,1,1,logistic_regression__C0.001__pca128__no_whiten__gold1__wetcost1,False,1.0,1.0
33dd938d-7654-4238-a207-cbc3fad63349,0,dry,weak_expert,3,0.3902984015328626,1,weak_1_vote,1,1,0,0,1,1.0,dry1_wet0_unknown0,only_1_evaluator,0,0,logistic_regression__C0.001__pca128__no_whiten__gold1__wetcost1,False,1.0,1.0
344f10c7-9219-421e-8d2a-906111988422,0,dry,weak_expert,3,0.34235846819605864,1,weak_1_vote,1,1,0,0,1,1.0,dry1_wet0_unknown0,only_1_evaluator,0,0,logistic_regression__C0.001__pca128__no_whiten__gold1__wetcost1,False,1.0,1.0
34b77763-a4a4-4beb-aeaa-02ef8298ef31,0,dry,weak_expert,3,0.6512078751052678,1,weak_1_vote,1,1,0,0,1,1.0,dry1_wet0_unknown0,only_1_evaluator,1,1,logistic_regression__C0.001__pca128__no_whiten__gold1__wetcost1,False,1.0,1.0
34fd00ad-788a-433c-a0b8-b603b33a589c,0,dry,weak_expert,3,0.29604665487645276,1,weak_1_vote,1,1,0,0,1,1.0,dry1_wet0_unknown0,only_1_evaluator,0,0,logistic_regression__C0.001__pca128__no_whiten__gold1__wetcost1,False,1.0,1.0
35811251-f9e5-49e9-8ee9-d4ca1afa08f8,0,dry,weak_expert,3,0.39727948229809223,1,weak_1_vote,1,1,0,0,1,1.0,dry1_wet0_unknown0,only_1_evaluator,0,0,logistic_regression__C0.001__pca128__no_whiten__gold1__wetcost1,False,1.0,1.0
3714de53-8471-4b14-be82-58c918b7fb1b,0,dry,weak_expert,3,0.4658921939946559,1,weak_1_vote,1,1,0,0,1,1.0,dry1_wet0_unknown0,only_1_evaluator,0,0,logistic_regression__C0.001__pca128__no_whiten__gold1__wetcost1,False,1.0,1.0
39460774-2d87-4c17-9015-5ca9d6328744,0,dry,weak_expert,3,0.4921322350254935,1,weak_1_vote,1,1,0,0,1,1.0,dry1_wet0_unknown0,only_1_evaluator,0,0,logistic_regression__C0.001__pca128__no_whiten__gold1__wetcost1,False,1.0,1.0
3bc13005-f63f-4ca4-9ee7-92b40b511eb8,0,dry,weak_expert,3,0.4681803947359098,1,weak_1_vote,1,1,0,0,1,1.0,dry1_wet0_unknown0,only_1_evaluator,0,0,logistic_regression__C0.001__pca128__no_whiten__gold1__wetcost1,False,1.0,1.0
3f582004-aa52-4a2b-bba8-cb76352ddf44,0,dry,weak_expert,3,0.4269156932372767,1,weak_1_vote,1,1,0,0,1,1.0,dry1_wet0_unknown0,only_1_evaluator,0,0,logistic_regression__C0.001__pca128__no_whiten__gold1__wetcost1,False,1.0,1.0
41fc7925-0b48-4555-b55e-49ce9290addf,0,dry,weak_expert,3,0.5307500135099479,1,weak_1_vote,1,1,0,0,1,1.0,dry1_wet0_unknown0,only_1_evaluator,0,1,logistic_regression__C0.001__pca128__no_whiten__gold1__wetcost1,False,1.0,1.0
43795e89-f72e-4d3e-877d-a157fb169949,0,dry,weak_expert,3,0.6178865568376297,1,weak_1_vote,1,1,0,0,1,1.0,dry1_wet0_unknown0,only_1_evaluator,1,1,logistic_regression__C0.001__pca128__no_whiten__gold1__wetcost1,False,1.0,1.0
43cfe07c-cf76-4d97-914a-b1a1ec2c9759,0,dry,weak_expert,3,0.4340638428934472,1,weak_1_vote,1,1,0,0,1,1.0,dry1_wet0_unknown0,only_1_evaluator,0,0,logistic_regression__C0.001__pca128__no_whiten__gold1__wetcost1,False,1.0,1.0
462c8d00-d349-40b3-ad60-440fc5746b6d,0,dry,weak_expert,3,0.4546043103338141,1,weak_1_vote,1,1,0,0,1,1.0,dry1_wet0_unknown0,only_1_evaluator,0,0,logistic_regression__C0.001__pca128__no_whiten__gold1__wetcost1,False,1.0,1.0
47566b56-c2aa-48d5-a0be-92506fc53eab,0,dry,weak_expert,3,0.5415796421653708,1,weak_1_vote,1,1,0,0,1,1.0,dry1_wet0_unknown0,only_1_evaluator,0,1,logistic_regression__C0.001__pca128__no_whiten__gold1__wetcost1,False,1.0,1.0
477d5eb0-f5a4-4c97-9f00-03ace4fbf876,0,dry,weak_expert,3,0.4001016438845016,1,weak_1_vote,1,1,0,0,1,1.0,dry1_wet0_unknown0,only_1_evaluator,0,0,logistic_regression__C0.001__pca128__no_whiten__gold1__wetcost1,False,1.0,1.0
478090b5-f194-46a2-96be-4a0ba30ad3b0,0,dry,weak_expert,3,0.2882215475993932,1,weak_1_vote,1,1,0,0,1,1.0,dry1_wet0_unknown0,only_1_evaluator,0,0,logistic_regression__C0.001__pca128__no_whiten__gold1__wetcost1,False,1.0,1.0
4a54513d-cdcf-4ea6-8139-b0f1d33d41d8,0,dry,weak_expert,3,0.4440099359542618,1,weak_1_vote,1,1,0,0,1,1.0,dry1_wet0_unknown0,only_1_evaluator,0,0,logistic_regression__C0.001__pca128__no_whiten__gold1__wetcost1,False,1.0,1.0
4c40ace0-7967-4090-9d2c-51248d38bdda,0,dry,weak_expert,3,0.33915762773441704,1,weak_1_vote,1,1,0,0,1,1.0,dry1_wet0_unknown0,only_1_evaluator,0,0,logistic_regression__C0.001__pca128__no_whiten__gold1__wetcost1,False,1.0,1.0
4c86e76d-0476-4016-b26d-00e3b8a0dc01,0,dry,weak_expert,3,0.5442991545119964,1,weak_1_vote,1,1,0,0,1,1.0,dry1_wet0_unknown0,only_1_evaluator,0,1,logistic_regression__C0.001__pca128__no_whiten__gold1__wetcost1,False,1.0,1.0
4d35b416-d0b0-4fca-bd40-420da86ab4e2,0,dry,weak_expert,3,0.46502855214702493,1,weak_1_vote,1,1,0,0,1,1.0,dry1_wet0_unknown0,only_1_evaluator,0,0,logistic_regression__C0.001__pca128__no_whiten__gold1__wetcost1,False,1.0,1.0
4d72142f-9932-47f4-8d86-29757ea3f78d,0,dry,weak_expert,3,0.22919970235173898,1,weak_1_vote,1,1,0,0,1,1.0,dry1_wet0_unknown0,only_1_evaluator,0,0,logistic_regression__C0.001__pca128__no_whiten__gold1__wetcost1,False,1.0,1.0
4e39ad3e-5257-4356-b854-7fb48c6cd1f0,0,dry,weak_expert,3,0.4873230280722984,1,weak_1_vote,1,1,0,0,1,1.0,dry1_wet0_unknown0,only_1_evaluator,0,0,logistic_regression__C0.001__pca128__no_whiten__gold1__wetcost1,False,1.0,1.0
4fb2ef80-dd57-4be0-afa6-866a8a5297bf,0,dry,weak_expert,3,0.32176989886779644,1,weak_1_vote,1,1,0,0,1,1.0,dry1_wet0_unknown0,only_1_evaluator,0,0,logistic_regression__C0.001__pca128__no_whiten__gold1__wetcost1,False,1.0,1.0
5131b118-88df-4d26-90bb-85b726fe0b5a,0,dry,weak_expert,3,0.5386669322516267,1,weak_1_vote,1,1,0,0,1,1.0,dry1_wet0_unknown0,only_1_evaluator,0,1,logistic_regression__C0.001__pca128__no_whiten__gold1__wetcost1,False,1.0,1.0
522b0923-a528-47d9-8905-ececf13c65e0,0,dry,weak_expert,3,0.3334218136747009,1,weak_1_vote,1,1,0,0,1,1.0,dry1_wet0_unknown0,only_1_evaluator,0,0,logistic_regression__C0.001__pca128__no_whiten__gold1__wetcost1,False,1.0,1.0
5287e036-c41e-4527-93de-c6cdbf1a8461,0,dry,weak_expert,3,0.32954858778440144,1,weak_1_vote,1,1,0,0,1,1.0,dry1_wet0_unknown0,only_1_evaluator,0,0,logistic_regression__C0.001__pca128__no_whiten__gold1__wetcost1,False,1.0,1.0
56279ffd-3f56-4fd2-9ebd-94ec5b6825e5,0,dry,weak_expert,3,0.2976093481541497,1,weak_1_vote,1,1,0,0,1,1.0,dry1_wet0_unknown0,only_1_evaluator,0,0,logistic_regression__C0.001__pca128__no_whiten__gold1__wetcost1,False,1.0,1.0
589c25e2-58b8-4cd2-a2aa-47819f71181e,0,dry,weak_expert,3,0.40640612267103843,1,weak_1_vote,1,1,0,0,1,1.0,dry1_wet0_unknown0,only_1_evaluator,0,0,logistic_regression__C0.001__pca128__no_whiten__gold1__wetcost1,False,1.0,1.0
58a3d924-98cd-426f-9b58-cb6240b7d044,0,dry,weak_expert,3,0.42564478363665925,1,weak_1_vote,1,1,0,0,1,1.0,dry1_wet0_unknown0,only_1_evaluator,0,0,logistic_regression__C0.001__pca128__no_whiten__gold1__wetcost1,False,1.0,1.0
59868a93-765b-4ff4-a58e-f7aa9c811206,0,dry,weak_expert,3,0.8119604038208506,1,weak_1_vote,1,1,0,0,1,1.0,dry1_wet0_unknown0,only_1_evaluator,1,1,logistic_regression__C0.001__pca128__no_whiten__gold1__wetcost1,False,1.0,1.0
5b32c2c2-fb33-47e7-93da-86968876ce02,0,dry,weak_expert,3,0.5368414857660477,1,weak_1_vote,1,1,0,0,1,1.0,dry1_wet0_unknown0,only_1_evaluator,0,1,logistic_regression__C0.001__pca128__no_whiten__gold1__wetcost1,False,1.0,1.0
5c53c446-4d42-4dcf-9a2a-3c8c4a7682e1,0,dry,gold_expert,3,0.4643369544386327,1,gold_3_of_4,4,3,0,1,3,0.75,dry3_wet0_unknown1,3_of_4_agree,0,0,logistic_regression__C0.001__pca128__no_whiten__gold1__wetcost1,False,1.0,1.0
5db9f54b-8f92-4a15-bc2e-862dcd6d375b,0,dry,weak_expert,3,0.4097726352824003,1,weak_1_vote,1,1,0,0,1,1.0,dry1_wet0_unknown0,only_1_evaluator,0,0,logistic_regression__C0.001__pca128__no_whiten__gold1__wetcost1,False,1.0,1.0
5f5f4027-45d4-4867-a9e2-ecc500eaf21d,0,dry,gold_expert,3,0.3020277795861353,1,gold_4_of_4,4,4,0,0,4,1.0,dry4_wet0_unknown0,4_evaluators_unanimous,0,0,logistic_regression__C0.001__pca128__no_whiten__gold1__wetcost1,False,1.0,1.0
61ca0d5f-b27e-43fa-85d9-1fb58d2d1746,0,dry,weak_expert,3,0.46475057164944866,1,weak_1_vote,1,1,0,0,1,1.0,dry1_wet0_unknown0,only_1_evaluator,0,0,logistic_regression__C0.001__pca128__no_whiten__gold1__wetcost1,False,1.0,1.0
637d6498-1d52-4860-9976-5a7a94f2a0c3,0,dry,gold_expert,3,0.6823049202265702,1,gold_4_of_4,4,4,0,0,4,1.0,dry4_wet0_unknown0,4_evaluators_unanimous,1,1,logistic_regression__C0.001__pca128__no_whiten__gold1__wetcost1,False,1.0,1.0
65ba1f8c-b528-425e-b55f-2e132638fa39,0,dry,weak_expert,3,0.3232883041252777,1,weak_1_vote,1,1,0,0,1,1.0,dry1_wet0_unknown0,only_1_evaluator,0,0,logistic_regression__C0.001__pca128__no_whiten__gold1__wetcost1,False,1.0,1.0
6648cb81-abf5-476b-81e2-0abe5be299e4,0,dry,weak_expert,3,0.40501656150870896,1,weak_1_vote,1,1,0,0,1,1.0,dry1_wet0_unknown0,only_1_evaluator,0,0,logistic_regression__C0.001__pca128__no_whiten__gold1__wetcost1,False,1.0,1.0
66fcdc41-6150-4037-9842-0417375a4d14,0,dry,weak_expert,3,0.5020046048516845,1,weak_1_vote,1,1,0,0,1,1.0,dry1_wet0_unknown0,only_1_evaluator,0,1,logistic_regression__C0.001__pca128__no_whiten__gold1__wetcost1,False,1.0,1.0
67090bb0-377e-492c-9c49-8a608f50345d,0,dry,weak_expert,3,0.42082862071285987,1,weak_1_vote,1,1,0,0,1,1.0,dry1_wet0_unknown0,only_1_evaluator,0,0,logistic_regression__C0.001__pca128__no_whiten__gold1__wetcost1,False,1.0,1.0
6811fc15-6ffc-4623-85aa-bf477c4d0082,0,dry,weak_expert,3,0.3191615969668768,1,weak_1_vote,1,1,0,0,1,1.0,dry1_wet0_unknown0,only_1_evaluator,0,0,logistic_regression__C0.001__pca128__no_whiten__gold1__wetcost1,False,1.0,1.0
6816fa8c-2bd4-4be4-bbb0-d18a397f99e5,0,dry,weak_expert,3,0.37365275340752063,1,weak_1_vote,1,1,0,0,1,1.0,dry1_wet0_unknown0,only_1_evaluator,0,0,logistic_regression__C0.001__pca128__no_whiten__gold1__wetcost1,False,1.0,1.0
68be5313-193c-42ca-acdc-f6f93c9c1126,0,dry,weak_expert,3,0.38915616624683863,1,weak_1_vote,1,1,0,0,1,1.0,dry1_wet0_unknown0,only_1_evaluator,0,0,logistic_regression__C0.001__pca128__no_whiten__gold1__wetcost1,False,1.0,1.0
697d000f-b7ab-4bb8-bee7-2c9983976300,0,dry,weak_expert,3,0.7209080114059729,1,weak_1_vote,1,1,0,0,1,1.0,dry1_wet0_unknown0,only_1_evaluator,1,1,logistic_regression__C0.001__pca128__no_whiten__gold1__wetcost1,False,1.0,1.0
6a577002-17a0-44a5-87bf-14ba2a225616,0,dry,weak_expert,3,0.4931073152508346,1,weak_1_vote,1,1,0,0,1,1.0,dry1_wet0_unknown0,only_1_evaluator,0,0,logistic_regression__C0.001__pca128__no_whiten__gold1__wetcost1,False,1.0,1.0
6c7893ac-4ca9-47af-8a91-fd0926dd7f39,0,dry,weak_expert,3,0.4413700206617789,1,weak_4_eval_2_1_1,4,2,1,1,2,0.5,dry2_wet1_unknown1,4_evaluators_2_vs_1_vs_1,0,0,logistic_regression__C0.001__pca128__no_whiten__gold1__wetcost1,False,1.0,1.0
6d25354c-712b-4d24-831a-e99a95dd597b,0,dry,weak_expert,3,0.6170542727309801,1,weak_1_vote,1,1,0,0,1,1.0,dry1_wet0_unknown0,only_1_evaluator,1,1,logistic_regression__C0.001__pca128__no_whiten__gold1__wetcost1,False,1.0,1.0
6d45e866-26cd-4c90-b538-8e3d74639f93,0,dry,weak_expert,3,0.39447832000487754,1,weak_1_vote,1,1,0,0,1,1.0,dry1_wet0_unknown0,only_1_evaluator,0,0,logistic_regression__C0.001__pca128__no_whiten__gold1__wetcost1,False,1.0,1.0
6d73708f-f815-410f-b6a1-76cec2a7754c,0,dry,weak_expert,3,0.5436003986155361,1,weak_1_vote,1,1,0,0,1,1.0,dry1_wet0_unknown0,only_1_evaluator,0,1,logistic_regression__C0.001__pca128__no_whiten__gold1__wetcost1,False,1.0,1.0
6d8729b7-cc9b-4ae3-a3ee-99a5a909e32f,0,dry,weak_expert,3,0.3794796309474136,1,weak_1_vote,1,1,0,0,1,1.0,dry1_wet0_unknown0,only_1_evaluator,0,0,logistic_regression__C0.001__pca128__no_whiten__gold1__wetcost1,False,1.0,1.0
6d941efe-43f9-4a64-8172-58cbb20400ab,0,dry,weak_expert,3,0.20000181196822692,1,weak_1_vote,1,1,0,0,1,1.0,dry1_wet0_unknown0,only_1_evaluator,0,0,logistic_regression__C0.001__pca128__no_whiten__gold1__wetcost1,False,1.0,1.0
6e777752-cb40-47dd-ae97-50bc73da4550,0,dry,weak_expert,3,0.36058782946999657,1,weak_1_vote,1,1,0,0,1,1.0,dry1_wet0_unknown0,only_1_evaluator,0,0,logistic_regression__C0.001__pca128__no_whiten__gold1__wetcost1,False,1.0,1.0
6f0a2344-8d8b-4db5-b4c3-cf569ca4f7b9,0,dry,weak_expert,3,0.40452617150604986,1,weak_1_vote,1,1,0,0,1,1.0,dry1_wet0_unknown0,only_1_evaluator,0,0,logistic_regression__C0.001__pca128__no_whiten__gold1__wetcost1,False,1.0,1.0
6fc243bf-14f0-42ab-97e3-f1fe3fdfe3ce,0,dry,weak_expert,3,0.3445156009888227,1,weak_1_vote,1,1,0,0,1,1.0,dry1_wet0_unknown0,only_1_evaluator,0,0,logistic_regression__C0.001__pca128__no_whiten__gold1__wetcost1,False,1.0,1.0
705e111b-1e41-4831-97e2-7990771c9fe4,0,dry,weak_expert,3,0.2974079389477404,1,weak_1_vote,1,1,0,0,1,1.0,dry1_wet0_unknown0,only_1_evaluator,0,0,logistic_regression__C0.001__pca128__no_whiten__gold1__wetcost1,False,1.0,1.0
7376afac-2a76-408c-9bee-7b7ed2555692,0,dry,weak_expert,3,0.36144754258764317,1,weak_1_vote,1,1,0,0,1,1.0,dry1_wet0_unknown0,only_1_evaluator,0,0,logistic_regression__C0.001__pca128__no_whiten__gold1__wetcost1,False,1.0,1.0
7465377a-8963-4a0e-bd1b-92a8924b1ccb,0,dry,weak_expert,3,0.5694892660475173,1,weak_1_vote,1,1,0,0,1,1.0,dry1_wet0_unknown0,only_1_evaluator,1,1,logistic_regression__C0.001__pca128__no_whiten__gold1__wetcost1,False,1.0,1.0
748142b3-0e0b-4975-b795-78267dbe4547,0,dry,weak_expert,3,0.5091818200391169,1,weak_1_vote,1,1,0,0,1,1.0,dry1_wet0_unknown0,only_1_evaluator,0,1,logistic_regression__C0.001__pca128__no_whiten__gold1__wetcost1,False,1.0,1.0
76183e29-22c1-4d51-aafa-6b96e93b3aa2,0,dry,weak_expert,3,0.35703884317918616,1,weak_1_vote,1,1,0,0,1,1.0,dry1_wet0_unknown0,only_1_evaluator,0,0,logistic_regression__C0.001__pca128__no_whiten__gold1__wetcost1,False,1.0,1.0
76682a59-1c14-44e8-93b9-f9f5f774e897,0,dry,weak_expert,3,0.5700786074698849,1,weak_1_vote,1,1,0,0,1,1.0,dry1_wet0_unknown0,only_1_evaluator,1,1,logistic_regression__C0.001__pca128__no_whiten__gold1__wetcost1,False,1.0,1.0
7ad89fd2-56cb-43cd-84ea-4d3eb7b30e00,0,dry,weak_expert,3,0.4493895726807555,1,weak_1_vote,1,1,0,0,1,1.0,dry1_wet0_unknown0,only_1_evaluator,0,0,logistic_regression__C0.001__pca128__no_whiten__gold1__wetcost1,False,1.0,1.0
7b7e11b1-0f2b-4531-b071-54b7889c4771,0,dry,weak_expert,3,0.46803177914476346,1,weak_1_vote,1,1,0,0,1,1.0,dry1_wet0_unknown0,only_1_evaluator,0,0,logistic_regression__C0.001__pca128__no_whiten__gold1__wetcost1,False,1.0,1.0
7bd5996c-f98d-46bc-be93-ca6e1139d838,0,dry,weak_expert,3,0.3544598792767958,1,weak_1_vote,1,1,0,0,1,1.0,dry1_wet0_unknown0,only_1_evaluator,0,0,logistic_regression__C0.001__pca128__no_whiten__gold1__wetcost1,False,1.0,1.0
7de30485-428f-402e-8402-54747fd97420,0,dry,weak_expert,3,0.43682849595157197,1,weak_1_vote,1,1,0,0,1,1.0,dry1_wet0_unknown0,only_1_evaluator,0,0,logistic_regression__C0.001__pca128__no_whiten__gold1__wetcost1,False,1.0,1.0
7e2f4bb0-a4a1-4e62-a26f-f4174ab4954b,0,dry,weak_expert,3,0.4980432077303674,1,weak_1_vote,1,1,0,0,1,1.0,dry1_wet0_unknown0,only_1_evaluator,0,0,logistic_regression__C0.001__pca128__no_whiten__gold1__wetcost1,False,1.0,1.0
7f8e60f4-5cbd-4ec6-bc73-e8ab2b6c3abd,0,dry,weak_expert,3,0.8288779503740744,1,weak_1_vote,1,1,0,0,1,1.0,dry1_wet0_unknown0,only_1_evaluator,1,1,logistic_regression__C0.001__pca128__no_whiten__gold1__wetcost1,False,1.0,1.0
83443b73-5740-4b3e-85ba-77e372fea63d,0,dry,weak_expert,3,0.3089512445385898,1,weak_1_vote,1,1,0,0,1,1.0,dry1_wet0_unknown0,only_1_evaluator,0,0,logistic_regression__C0.001__pca128__no_whiten__gold1__wetcost1,False,1.0,1.0
85eef4ec-c8e8-4635-a6c3-2d194057f7f2,0,dry,weak_expert,3,0.3532469462659694,1,weak_1_vote,1,1,0,0,1,1.0,dry1_wet0_unknown0,only_1_evaluator,0,0,logistic_regression__C0.001__pca128__no_whiten__gold1__wetcost1,False,1.0,1.0
87c60871-f7f6-48cb-94b0-c22b2158d49f,0,dry,weak_expert,3,0.6303940123646434,1,weak_1_vote,1,1,0,0,1,1.0,dry1_wet0_unknown0,only_1_evaluator,1,1,logistic_regression__C0.001__pca128__no_whiten__gold1__wetcost1,False,1.0,1.0
87f52d87-03d1-469b-b8fb-247da4504f90,0,dry,weak_expert,3,0.2893931168294042,1,weak_1_vote,1,1,0,0,1,1.0,dry1_wet0_unknown0,only_1_evaluator,0,0,logistic_regression__C0.001__pca128__no_whiten__gold1__wetcost1,False,1.0,1.0
88024607-e701-4a54-adeb-c4c1ecc282f4,0,dry,weak_expert,3,0.36221701773088394,1,weak_1_vote,1,1,0,0,1,1.0,dry1_wet0_unknown0,only_1_evaluator,0,0,logistic_regression__C0.001__pca128__no_whiten__gold1__wetcost1,False,1.0,1.0
88f6aa4d-d9e3-4d51-b803-5736e92762e4,0,dry,weak_expert,3,0.8287162473423145,1,weak_1_vote,1,1,0,0,1,1.0,dry1_wet0_unknown0,only_1_evaluator,1,1,logistic_regression__C0.001__pca128__no_whiten__gold1__wetcost1,False,1.0,1.0
89bad459-b4f0-48ab-9907-28fe8f895800,0,dry,weak_expert,3,0.5070778118401428,1,weak_1_vote,1,1,0,0,1,1.0,dry1_wet0_unknown0,only_1_evaluator,0,1,logistic_regression__C0.001__pca128__no_whiten__gold1__wetcost1,False,1.0,1.0
8a5feabb-3b0a-49b5-900c-6d3d31e96794,0,dry,weak_expert,3,0.4159963828978696,1,weak_1_vote,1,1,0,0,1,1.0,dry1_wet0_unknown0,only_1_evaluator,0,0,logistic_regression__C0.001__pca128__no_whiten__gold1__wetcost1,False,1.0,1.0
8ada36ff-a9fb-4623-a97c-cab077d4bf99,0,dry,weak_expert,3,0.28190871685768804,1,weak_1_vote,1,1,0,0,1,1.0,dry1_wet0_unknown0,only_1_evaluator,0,0,logistic_regression__C0.001__pca128__no_whiten__gold1__wetcost1,False,1.0,1.0
8b0c699b-dca8-4ed0-bf4b-319774d31c54,0,dry,weak_expert,3,0.23650831168808917,1,weak_1_vote,1,1,0,0,1,1.0,dry1_wet0_unknown0,only_1_evaluator,0,0,logistic_regression__C0.001__pca128__no_whiten__gold1__wetcost1,False,1.0,1.0
8b65a198-2b0f-452c-ac15-47d892676fc3,0,dry,weak_expert,3,0.4094726402725613,1,weak_1_vote,1,1,0,0,1,1.0,dry1_wet0_unknown0,only_1_evaluator,0,0,logistic_regression__C0.001__pca128__no_whiten__gold1__wetcost1,False,1.0,1.0
8b733837-961a-4f17-a18c-13b89b54ef69,0,dry,gold_expert,3,0.35266165020503937,1,gold_3_of_4,4,3,1,0,3,0.75,dry3_wet1_unknown0,3_of_4_agree,0,0,logistic_regression__C0.001__pca128__no_whiten__gold1__wetcost1,False,1.0,1.0
8be589c2-c09a-442d-a0a0-50094a73f0d5,0,dry,weak_expert,3,0.37896282363153366,1,weak_1_vote,1,1,0,0,1,1.0,dry1_wet0_unknown0,only_1_evaluator,0,0,logistic_regression__C0.001__pca128__no_whiten__gold1__wetcost1,False,1.0,1.0
8ca4463e-23a3-4a16-9d46-7b28b968e6af,0,dry,weak_expert,3,0.39331269378103345,1,weak_1_vote,1,1,0,0,1,1.0,dry1_wet0_unknown0,only_1_evaluator,0,0,logistic_regression__C0.001__pca128__no_whiten__gold1__wetcost1,False,1.0,1.0
8cd6b5c0-96b9-4572-9b3d-2caf91996483,0,dry,weak_expert,3,0.8227653428518094,1,weak_1_vote,1,1,0,0,1,1.0,dry1_wet0_unknown0,only_1_evaluator,1,1,logistic_regression__C0.001__pca128__no_whiten__gold1__wetcost1,False,1.0,1.0
8d33620a-f041-4c6c-b55d-78c1ac9eb8e5,0,dry,weak_expert,3,0.4301933017196802,1,weak_1_vote,1,1,0,0,1,1.0,dry1_wet0_unknown0,only_1_evaluator,0,0,logistic_regression__C0.001__pca128__no_whiten__gold1__wetcost1,False,1.0,1.0
8eac4375-f279-468e-853d-c83c73a62077,0,dry,weak_expert,3,0.47853397654395863,1,weak_1_vote,1,1,0,0,1,1.0,dry1_wet0_unknown0,only_1_evaluator,0,0,logistic_regression__C0.001__pca128__no_whiten__gold1__wetcost1,False,1.0,1.0
8f0052b4-731b-4822-8e4b-1393a473d35e,0,dry,weak_expert,3,0.773353309834626,1,weak_1_vote,1,1,0,0,1,1.0,dry1_wet0_unknown0,only_1_evaluator,1,1,logistic_regression__C0.001__pca128__no_whiten__gold1__wetcost1,False,1.0,1.0
8f20ec81-e8f6-4a72-ba04-42e5b1f3d522,0,dry,weak_expert,3,0.7027580481598229,1,weak_1_vote,1,1,0,0,1,1.0,dry1_wet0_unknown0,only_1_evaluator,1,1,logistic_regression__C0.001__pca128__no_whiten__gold1__wetcost1,False,1.0,1.0
90912b99-0e92-4dad-b223-3c96a6967316,0,dry,weak_expert,3,0.5127213858384043,1,weak_1_vote,1,1,0,0,1,1.0,dry1_wet0_unknown0,only_1_evaluator,0,1,logistic_regression__C0.001__pca128__no_whiten__gold1__wetcost1,False,1.0,1.0
91c59a04-aeda-4233-adce-ac2f3d2212df,0,dry,weak_expert,3,0.41642607015550187,1,weak_1_vote,1,1,0,0,1,1.0,dry1_wet0_unknown0,only_1_evaluator,0,0,logistic_regression__C0.001__pca128__no_whiten__gold1__wetcost1,False,1.0,1.0
9235c603-3817-4c3e-b0a5-4624f1293282,0,dry,weak_expert,3,0.26420288062621833,1,weak_1_vote,1,1,0,0,1,1.0,dry1_wet0_unknown0,only_1_evaluator,0,0,logistic_regression__C0.001__pca128__no_whiten__gold1__wetcost1,False,1.0,1.0
9254bd84-4c4e-40cf-94d0-47a0bdf550ce,0,dry,weak_expert,3,0.2339741593523194,1,weak_1_vote,1,1,0,0,1,1.0,dry1_wet0_unknown0,only_1_evaluator,0,0,logistic_regression__C0.001__pca128__no_whiten__gold1__wetcost1,False,1.0,1.0
927ae69c-d4b6-484e-b651-7b76c9c1d9d5,0,dry,weak_expert,3,0.3442261355694156,1,weak_1_vote,1,1,0,0,1,1.0,dry1_wet0_unknown0,only_1_evaluator,0,0,logistic_regression__C0.001__pca128__no_whiten__gold1__wetcost1,False,1.0,1.0
92b22064-50ef-4244-b5fd-aa348ceb7371,0,dry,gold_expert,3,0.28113008040626364,1,gold_4_of_4,4,4,0,0,4,1.0,dry4_wet0_unknown0,4_evaluators_unanimous,0,0,logistic_regression__C0.001__pca128__no_whiten__gold1__wetcost1,False,1.0,1.0
92bfada9-7b1c-4fcf-82d1-64ad74ad92a6,0,dry,weak_expert,3,0.40971926839491973,1,weak_1_vote,1,1,0,0,1,1.0,dry1_wet0_unknown0,only_1_evaluator,0,0,logistic_regression__C0.001__pca128__no_whiten__gold1__wetcost1,False,1.0,1.0
936268f0-41a3-421d-bd18-8e69e597e84c,0,dry,weak_expert,3,0.4334146594358643,1,weak_1_vote,1,1,0,0,1,1.0,dry1_wet0_unknown0,only_1_evaluator,0,0,logistic_regression__C0.001__pca128__no_whiten__gold1__wetcost1,False,1.0,1.0
93dfe86e-d139-4b0e-b959-3b210701bab1,0,dry,weak_expert,3,0.3228040366651482,1,weak_1_vote,1,1,0,0,1,1.0,dry1_wet0_unknown0,only_1_evaluator,0,0,logistic_regression__C0.001__pca128__no_whiten__gold1__wetcost1,False,1.0,1.0
94bfcb37-906f-4862-9c4e-69b5550e320e,0,dry,weak_expert,3,0.28177365456069575,1,weak_1_vote,1,1,0,0,1,1.0,dry1_wet0_unknown0,only_1_evaluator,0,0,logistic_regression__C0.001__pca128__no_whiten__gold1__wetcost1,False,1.0,1.0
95dee56b-2ebb-48ec-acd7-2bb4ad631679,0,dry,weak_expert,3,0.3173289017067889,1,weak_1_vote,1,1,0,0,1,1.0,dry1_wet0_unknown0,only_1_evaluator,0,0,logistic_regression__C0.001__pca128__no_whiten__gold1__wetcost1,False,1.0,1.0
9736398b-2034-43a8-88e1-affa632772c9,0,dry,weak_expert,3,0.27178440748393207,1,weak_1_vote,1,1,0,0,1,1.0,dry1_wet0_unknown0,only_1_evaluator,0,0,logistic_regression__C0.001__pca128__no_whiten__gold1__wetcost1,False,1.0,1.0
97b6a1d6-2c18-458e-bc05-3fe48136902d,0,dry,weak_expert,3,0.3760829882563771,1,weak_1_vote,1,1,0,0,1,1.0,dry1_wet0_unknown0,only_1_evaluator,0,0,logistic_regression__C0.001__pca128__no_whiten__gold1__wetcost1,False,1.0,1.0
98cf4fc3-ac20-4007-a227-3b89dc43a52c,0,dry,weak_expert,3,0.3410853047599786,1,weak_1_vote,1,1,0,0,1,1.0,dry1_wet0_unknown0,only_1_evaluator,0,0,logistic_regression__C0.001__pca128__no_whiten__gold1__wetcost1,False,1.0,1.0
99eb251e-8aa9-4307-b77c-3864dc15a789,0,dry,weak_expert,3,0.16674665965900043,1,weak_1_vote,1,1,0,0,1,1.0,dry1_wet0_unknown0,only_1_evaluator,0,0,logistic_regression__C0.001__pca128__no_whiten__gold1__wetcost1,False,1.0,1.0
9ab84f0f-1c83-4042-9497-474af8816350,0,dry,weak_expert,3,0.770530933271429,1,weak_1_vote,1,1,0,0,1,1.0,dry1_wet0_unknown0,only_1_evaluator,1,1,logistic_regression__C0.001__pca128__no_whiten__gold1__wetcost1,False,1.0,1.0
9b8791f6-9c76-41a6-b8bf-3090c8b4609f,0,dry,weak_expert,3,0.5749403786236031,1,weak_1_vote,1,1,0,0,1,1.0,dry1_wet0_unknown0,only_1_evaluator,1,1,logistic_regression__C0.001__pca128__no_whiten__gold1__wetcost1,False,1.0,1.0
9bbc6186-f18d-4a96-b92b-37d25b390bdf,0,dry,weak_expert,3,0.4006671984888365,1,weak_1_vote,1,1,0,0,1,1.0,dry1_wet0_unknown0,only_1_evaluator,0,0,logistic_regression__C0.001__pca128__no_whiten__gold1__wetcost1,False,1.0,1.0
9eb5f87f-3f16-423d-bd11-bb15a6b11a9d,0,dry,weak_expert,3,0.40685072089333346,1,weak_1_vote,1,1,0,0,1,1.0,dry1_wet0_unknown0,only_1_evaluator,0,0,logistic_regression__C0.001__pca128__no_whiten__gold1__wetcost1,False,1.0,1.0
9eb6506a-17f8-40b7-968d-ee511818d50b,0,dry,weak_expert,3,0.4042950445049803,1,weak_1_vote,1,1,0,0,1,1.0,dry1_wet0_unknown0,only_1_evaluator,0,0,logistic_regression__C0.001__pca128__no_whiten__gold1__wetcost1,False,1.0,1.0
a0e0ce03-2778-46f2-8b5f-aa46c503f392,0,dry,weak_expert,3,0.3978957996320753,1,weak_1_vote,1,1,0,0,1,1.0,dry1_wet0_unknown0,only_1_evaluator,0,0,logistic_regression__C0.001__pca128__no_whiten__gold1__wetcost1,False,1.0,1.0
a1092580-10f6-4176-8862-3a8cc0784f4a,0,dry,weak_expert,3,0.433871255792279,1,weak_1_vote,1,1,0,0,1,1.0,dry1_wet0_unknown0,only_1_evaluator,0,0,logistic_regression__C0.001__pca128__no_whiten__gold1__wetcost1,False,1.0,1.0
a27768df-a3bc-4ac9-9d45-76cc25508478,0,dry,weak_expert,3,0.37383916585638544,1,weak_1_vote,1,1,0,0,1,1.0,dry1_wet0_unknown0,only_1_evaluator,0,0,logistic_regression__C0.001__pca128__no_whiten__gold1__wetcost1,False,1.0,1.0
a3529398-f357-4c11-bec3-c2e30088df2e,0,dry,weak_expert,3,0.6214557066917437,1,weak_1_vote,1,1,0,0,1,1.0,dry1_wet0_unknown0,only_1_evaluator,1,1,logistic_regression__C0.001__pca128__no_whiten__gold1__wetcost1,False,1.0,1.0
a60e1682-1dda-4bc7-ab05-8e881a8b867a,0,dry,weak_expert,3,0.8257418171121023,1,weak_1_vote,1,1,0,0,1,1.0,dry1_wet0_unknown0,only_1_evaluator,1,1,logistic_regression__C0.001__pca128__no_whiten__gold1__wetcost1,False,1.0,1.0
a97f2838-d416-4267-b41a-26f9cae46c62,0,dry,weak_expert,3,0.44818859139495076,1,weak_1_vote,1,1,0,0,1,1.0,dry1_wet0_unknown0,only_1_evaluator,0,0,logistic_regression__C0.001__pca128__no_whiten__gold1__wetcost1,False,1.0,1.0
aa059172-1850-4afe-8809-2fe79603286a,0,dry,gold_expert,3,0.5209036539525143,1,gold_4_of_4,4,4,0,0,4,1.0,dry4_wet0_unknown0,4_evaluators_unanimous,0,1,logistic_regression__C0.001__pca128__no_whiten__gold1__wetcost1,False,1.0,1.0
ab5f623d-dda2-4a26-ae6e-33e517e145a5,0,dry,weak_expert,3,0.24645123713838915,1,weak_1_vote,1,1,0,0,1,1.0,dry1_wet0_unknown0,only_1_evaluator,0,0,logistic_regression__C0.001__pca128__no_whiten__gold1__wetcost1,False,1.0,1.0
ac4ea2db-4fff-4a7f-a5fe-3a9ade2f1020,0,dry,weak_expert,3,0.6741500871700391,1,weak_1_vote,1,1,0,0,1,1.0,dry1_wet0_unknown0,only_1_evaluator,1,1,logistic_regression__C0.001__pca128__no_whiten__gold1__wetcost1,False,1.0,1.0
ad19a44f-e512-46ec-980a-2eead07d68c1,0,dry,weak_expert,3,0.40438695630373145,1,weak_1_vote,1,1,0,0,1,1.0,dry1_wet0_unknown0,only_1_evaluator,0,0,logistic_regression__C0.001__pca128__no_whiten__gold1__wetcost1,False,1.0,1.0
ae0ff134-0218-4d7e-804d-c48f57946de9,0,dry,weak_expert,3,0.6025865742506781,1,weak_1_vote,1,1,0,0,1,1.0,dry1_wet0_unknown0,only_1_evaluator,1,1,logistic_regression__C0.001__pca128__no_whiten__gold1__wetcost1,False,1.0,1.0
aeded0cd-89ff-43d3-86f2-4ae7bc4fbb56,0,dry,weak_expert,3,0.406470993097736,1,weak_1_vote,1,1,0,0,1,1.0,dry1_wet0_unknown0,only_1_evaluator,0,0,logistic_regression__C0.001__pca128__no_whiten__gold1__wetcost1,False,1.0,1.0
b2caeb04-59dd-4f72-9bd1-b3f7e4b93c39,0,dry,weak_expert,3,0.30556622310377085,1,weak_1_vote,1,1,0,0,1,1.0,dry1_wet0_unknown0,only_1_evaluator,0,0,logistic_regression__C0.001__pca128__no_whiten__gold1__wetcost1,False,1.0,1.0
b2e9cb14-17c6-42ca-8503-5a0a3ff80b3c,0,dry,weak_expert,3,0.5606498617077222,1,weak_1_vote,1,1,0,0,1,1.0,dry1_wet0_unknown0,only_1_evaluator,1,1,logistic_regression__C0.001__pca128__no_whiten__gold1__wetcost1,False,1.0,1.0
b37a051e-c2b0-4f38-9b12-51652c511d03,0,dry,weak_expert,3,0.2837868685257229,1,weak_1_vote,1,1,0,0,1,1.0,dry1_wet0_unknown0,only_1_evaluator,0,0,logistic_regression__C0.001__pca128__no_whiten__gold1__wetcost1,False,1.0,1.0
b38dbe54-b3c1-448e-bf03-92cdf214932d,0,dry,weak_expert,3,0.8489156131708692,1,weak_1_vote,1,1,0,0,1,1.0,dry1_wet0_unknown0,only_1_evaluator,1,1,logistic_regression__C0.001__pca128__no_whiten__gold1__wetcost1,False,1.0,1.0
bc474477-4762-4308-835e-733da92d712e,0,dry,weak_expert,3,0.9728376818325877,1,weak_1_vote,1,1,0,0,1,1.0,dry1_wet0_unknown0,only_1_evaluator,1,1,logistic_regression__C0.001__pca128__no_whiten__gold1__wetcost1,False,1.0,1.0
bcb69f37-df84-485a-af43-4ff8b9de570c,0,dry,weak_expert,3,0.4115168699264742,1,weak_1_vote,1,1,0,0,1,1.0,dry1_wet0_unknown0,only_1_evaluator,0,0,logistic_regression__C0.001__pca128__no_whiten__gold1__wetcost1,False,1.0,1.0
be53aed3-5771-4cb6-af3b-1c95dfed2ae5,0,dry,weak_expert,3,0.1976995870491778,1,weak_1_vote,1,1,0,0,1,1.0,dry1_wet0_unknown0,only_1_evaluator,0,0,logistic_regression__C0.001__pca128__no_whiten__gold1__wetcost1,False,1.0,1.0
c01b9572-1fbf-463a-9d03-e3857ab5d55a,0,dry,weak_expert,3,0.6345803273156009,1,weak_1_vote,1,1,0,0,1,1.0,dry1_wet0_unknown0,only_1_evaluator,1,1,logistic_regression__C0.001__pca128__no_whiten__gold1__wetcost1,False,1.0,1.0
c18be4ba-eaa8-487a-9343-2c45af6c60aa,0,dry,weak_expert,3,0.5125385709319604,1,weak_1_vote,1,1,0,0,1,1.0,dry1_wet0_unknown0,only_1_evaluator,0,1,logistic_regression__C0.001__pca128__no_whiten__gold1__wetcost1,False,1.0,1.0
c2356246-454a-42ac-ae33-967e5feabcb7,0,dry,weak_expert,3,0.34291622227071616,1,weak_1_vote,1,1,0,0,1,1.0,dry1_wet0_unknown0,only_1_evaluator,0,0,logistic_regression__C0.001__pca128__no_whiten__gold1__wetcost1,False,1.0,1.0
c494d05a-a6fa-462e-9d3e-28e91b82147d,0,dry,weak_expert,3,0.3917093365628711,1,weak_1_vote,1,1,0,0,1,1.0,dry1_wet0_unknown0,only_1_evaluator,0,0,logistic_regression__C0.001__pca128__no_whiten__gold1__wetcost1,False,1.0,1.0
c926f81f-17c8-4446-9c0c-1ea92c76834d,0,dry,weak_expert,3,0.3446119025251973,1,weak_1_vote,1,1,0,0,1,1.0,dry1_wet0_unknown0,only_1_evaluator,0,0,logistic_regression__C0.001__pca128__no_whiten__gold1__wetcost1,False,1.0,1.0
cc0bc8c7-eb1b-4290-8f64-58c4fe25c58e,0,dry,weak_expert,3,0.41351688766187966,1,weak_1_vote,1,1,0,0,1,1.0,dry1_wet0_unknown0,only_1_evaluator,0,0,logistic_regression__C0.001__pca128__no_whiten__gold1__wetcost1,False,1.0,1.0
cd9de27d-87fa-43e6-a452-8cdaba3eae4c,0,dry,weak_expert,3,0.5093018637710411,1,weak_1_vote,1,1,0,0,1,1.0,dry1_wet0_unknown0,only_1_evaluator,0,1,logistic_regression__C0.001__pca128__no_whiten__gold1__wetcost1,False,1.0,1.0
ce047b79-fd52-4ac5-a451-f27d8a368985,0,dry,weak_expert,3,0.4528642834453472,1,weak_1_vote,1,1,0,0,1,1.0,dry1_wet0_unknown0,only_1_evaluator,0,0,logistic_regression__C0.001__pca128__no_whiten__gold1__wetcost1,False,1.0,1.0
ce40512b-6a1f-4a2f-9b74-4bcf246d0edb,0,dry,weak_expert,3,0.4097583125145956,1,weak_1_vote,1,1,0,0,1,1.0,dry1_wet0_unknown0,only_1_evaluator,0,0,logistic_regression__C0.001__pca128__no_whiten__gold1__wetcost1,False,1.0,1.0
d0eec145-0080-4dab-b0bb-a22656bb81ed,0,dry,weak_expert,3,0.3203977531676841,1,weak_1_vote,1,1,0,0,1,1.0,dry1_wet0_unknown0,only_1_evaluator,0,0,logistic_regression__C0.001__pca128__no_whiten__gold1__wetcost1,False,1.0,1.0
d1a21158-7a3b-4313-8fc3-0472b257b4c7,0,dry,weak_expert,3,0.2546195250963846,1,weak_1_vote,1,1,0,0,1,1.0,dry1_wet0_unknown0,only_1_evaluator,0,0,logistic_regression__C0.001__pca128__no_whiten__gold1__wetcost1,False,1.0,1.0
d5e9a1af-2571-40f7-99c7-77cfe71657c5,0,dry,weak_expert,3,0.8402623599659607,1,weak_1_vote,1,1,0,0,1,1.0,dry1_wet0_unknown0,only_1_evaluator,1,1,logistic_regression__C0.001__pca128__no_whiten__gold1__wetcost1,False,1.0,1.0
d66c93d7-6aac-4876-9252-66d9bf26323f,0,dry,weak_expert,3,0.3909819168633721,1,weak_1_vote,1,1,0,0,1,1.0,dry1_wet0_unknown0,only_1_evaluator,0,0,logistic_regression__C0.001__pca128__no_whiten__gold1__wetcost1,False,1.0,1.0
d6de71ae-5b92-4a91-a656-bd0d33fa6189,0,dry,weak_expert,3,0.6539092825684594,1,weak_1_vote,1,1,0,0,1,1.0,dry1_wet0_unknown0,only_1_evaluator,1,1,logistic_regression__C0.001__pca128__no_whiten__gold1__wetcost1,False,1.0,1.0
d6f624cb-757b-441c-bf5f-e22dc914277b,0,dry,weak_expert,3,0.6507562870076566,1,weak_1_vote,1,1,0,0,1,1.0,dry1_wet0_unknown0,only_1_evaluator,1,1,logistic_regression__C0.001__pca128__no_whiten__gold1__wetcost1,False,1.0,1.0
d769f90f-8183-4c42-8ea6-cf992ee40a64,0,dry,gold_expert,3,0.3510875574529782,1,gold_3_of_4,4,3,0,1,3,0.75,dry3_wet0_unknown1,3_of_4_agree,0,0,logistic_regression__C0.001__pca128__no_whiten__gold1__wetcost1,False,1.0,1.0
d7abd3ca-33d1-498b-9928-41e316047998,0,dry,weak_expert,3,0.5135349693899286,1,weak_1_vote,1,1,0,0,1,1.0,dry1_wet0_unknown0,only_1_evaluator,0,1,logistic_regression__C0.001__pca128__no_whiten__gold1__wetcost1,False,1.0,1.0
d844a814-c17d-4398-b536-9963f6ded940,0,dry,weak_expert,3,0.5731433541459043,1,weak_1_vote,1,1,0,0,1,1.0,dry1_wet0_unknown0,only_1_evaluator,1,1,logistic_regression__C0.001__pca128__no_whiten__gold1__wetcost1,False,1.0,1.0
d85118e0-5f00-4ca3-b56b-94a7b7cd01ee,0,dry,weak_expert,3,0.4891753350167118,1,weak_1_vote,1,1,0,0,1,1.0,dry1_wet0_unknown0,only_1_evaluator,0,0,logistic_regression__C0.001__pca128__no_whiten__gold1__wetcost1,False,1.0,1.0
d8dd429e-db29-4389-96a3-e68e6d8a6b77,0,dry,weak_expert,3,0.3500398447667612,1,weak_1_vote,1,1,0,0,1,1.0,dry1_wet0_unknown0,only_1_evaluator,0,0,logistic_regression__C0.001__pca128__no_whiten__gold1__wetcost1,False,1.0,1.0
d93b74aa-faed-4737-9d5e-540e0fbdb961,0,dry,weak_expert,3,0.32856024370010534,1,weak_1_vote,1,1,0,0,1,1.0,dry1_wet0_unknown0,only_1_evaluator,0,0,logistic_regression__C0.001__pca128__no_whiten__gold1__wetcost1,False,1.0,1.0
dc12b624-aeea-47d3-988e-d875a14bdc34,0,dry,weak_expert,3,0.33822242335982455,1,weak_1_vote,1,1,0,0,1,1.0,dry1_wet0_unknown0,only_1_evaluator,0,0,logistic_regression__C0.001__pca128__no_whiten__gold1__wetcost1,False,1.0,1.0
dc52c21c-6602-44ef-b982-9771f4fb76c1,0,dry,weak_expert,3,0.5054823279548144,1,weak_1_vote,1,1,0,0,1,1.0,dry1_wet0_unknown0,only_1_evaluator,0,1,logistic_regression__C0.001__pca128__no_whiten__gold1__wetcost1,False,1.0,1.0
dcb7cded-c3bf-4835-9f1f-efac118a40c1,0,dry,weak_expert,3,0.7275890455283971,1,weak_1_vote,1,1,0,0,1,1.0,dry1_wet0_unknown0,only_1_evaluator,1,1,logistic_regression__C0.001__pca128__no_whiten__gold1__wetcost1,False,1.0,1.0
dcd085b9-d8d4-4c6f-8082-0214e523cdba,0,dry,weak_expert,3,0.48948705272534293,1,weak_1_vote,1,1,0,0,1,1.0,dry1_wet0_unknown0,only_1_evaluator,0,0,logistic_regression__C0.001__pca128__no_whiten__gold1__wetcost1,False,1.0,1.0
dd774ccf-3980-4eda-90d9-aa2fa57bde32,0,dry,weak_expert,3,0.6074217510792779,1,weak_1_vote,1,1,0,0,1,1.0,dry1_wet0_unknown0,only_1_evaluator,1,1,logistic_regression__C0.001__pca128__no_whiten__gold1__wetcost1,False,1.0,1.0
deaddfa6-ac89-461c-ab08-c531e2a296cd,0,dry,weak_expert,3,0.5027030131375115,1,weak_1_vote,1,1,0,0,1,1.0,dry1_wet0_unknown0,only_1_evaluator,0,1,logistic_regression__C0.001__pca128__no_whiten__gold1__wetcost1,False,1.0,1.0
e024dc48-fbdd-4845-ac13-cbe67c60446a,0,dry,weak_expert,3,0.3089857892999912,1,weak_1_vote,1,1,0,0,1,1.0,dry1_wet0_unknown0,only_1_evaluator,0,0,logistic_regression__C0.001__pca128__no_whiten__gold1__wetcost1,False,1.0,1.0
e36c0dda-a5cb-4398-ae8f-235320a729e4,0,dry,weak_expert,3,0.40298400860290673,1,weak_1_vote,1,1,0,0,1,1.0,dry1_wet0_unknown0,only_1_evaluator,0,0,logistic_regression__C0.001__pca128__no_whiten__gold1__wetcost1,False,1.0,1.0
e4714f0e-c191-42dc-9928-78da49129e16,0,dry,weak_expert,3,0.737564508635541,1,weak_1_vote,1,1,0,0,1,1.0,dry1_wet0_unknown0,only_1_evaluator,1,1,logistic_regression__C0.001__pca128__no_whiten__gold1__wetcost1,False,1.0,1.0
e4996edb-842c-4bda-b5f4-ffb6ec8cc8fe,0,dry,weak_expert,3,0.34686128754493784,1,weak_1_vote,1,1,0,0,1,1.0,dry1_wet0_unknown0,only_1_evaluator,0,0,logistic_regression__C0.001__pca128__no_whiten__gold1__wetcost1,False,1.0,1.0
e4ec845a-b80b-409b-afa0-81abc3ae3dc7,0,dry,weak_expert,3,0.51719846300606,1,weak_1_vote,1,1,0,0,1,1.0,dry1_wet0_unknown0,only_1_evaluator,0,1,logistic_regression__C0.001__pca128__no_whiten__gold1__wetcost1,False,1.0,1.0
e539d599-6d07-4174-9f29-a562ced58b68,0,dry,weak_expert,3,0.4559980062860844,1,weak_1_vote,1,1,0,0,1,1.0,dry1_wet0_unknown0,only_1_evaluator,0,0,logistic_regression__C0.001__pca128__no_whiten__gold1__wetcost1,False,1.0,1.0
e659824f-fb7b-4b6b-86da-5c629e1ce0fd,0,dry,weak_expert,3,0.40204514265669217,1,weak_1_vote,1,1,0,0,1,1.0,dry1_wet0_unknown0,only_1_evaluator,0,0,logistic_regression__C0.001__pca128__no_whiten__gold1__wetcost1,False,1.0,1.0
e7b94eb1-f37d-4bfe-bc67-e8e13a8870f6,0,dry,weak_expert,3,0.2715444074457719,1,weak_1_vote,1,1,0,0,1,1.0,dry1_wet0_unknown0,only_1_evaluator,0,0,logistic_regression__C0.001__pca128__no_whiten__gold1__wetcost1,False,1.0,1.0
e88932d8-8869-4fa2-b4a5-1d4a3ddce94d,0,dry,weak_expert,3,0.4167863404613626,1,weak_1_vote,1,1,0,0,1,1.0,dry1_wet0_unknown0,only_1_evaluator,0,0,logistic_regression__C0.001__pca128__no_whiten__gold1__wetcost1,False,1.0,1.0
e8a4c9ee-66e8-473c-9f1b-40918a92a928,0,dry,weak_expert,3,0.28726108842006215,1,weak_1_vote,1,1,0,0,1,1.0,dry1_wet0_unknown0,only_1_evaluator,0,0,logistic_regression__C0.001__pca128__no_whiten__gold1__wetcost1,False,1.0,1.0
e9708094-2ece-478f-9dc4-ab951c42034b,0,dry,weak_expert,3,0.9144774694608712,1,weak_1_vote,1,1,0,0,1,1.0,dry1_wet0_unknown0,only_1_evaluator,1,1,logistic_regression__C0.001__pca128__no_whiten__gold1__wetcost1,False,1.0,1.0
ea15c9f5-e77d-4b3f-803d-443a69d63eed,0,dry,weak_expert,3,0.37327437799898244,1,weak_1_vote,1,1,0,0,1,1.0,dry1_wet0_unknown0,only_1_evaluator,0,0,logistic_regression__C0.001__pca128__no_whiten__gold1__wetcost1,False,1.0,1.0
ea3848e3-886a-428a-a918-4d01f32e38d8,0,dry,weak_expert,3,0.504555107816664,1,weak_1_vote,1,1,0,0,1,1.0,dry1_wet0_unknown0,only_1_evaluator,0,1,logistic_regression__C0.001__pca128__no_whiten__gold1__wetcost1,False,1.0,1.0
ea8b1411-bcc8-47f3-8ba7-9b3585b83319,0,dry,weak_expert,3,0.34634817161422765,1,weak_1_vote,1,1,0,0,1,1.0,dry1_wet0_unknown0,only_1_evaluator,0,0,logistic_regression__C0.001__pca128__no_whiten__gold1__wetcost1,False,1.0,1.0
ea975f7b-e57a-4e47-9133-ec421fb193c5,0,dry,weak_expert,3,0.42832438639024073,1,weak_1_vote,1,1,0,0,1,1.0,dry1_wet0_unknown0,only_1_evaluator,0,0,logistic_regression__C0.001__pca128__no_whiten__gold1__wetcost1,False,1.0,1.0
ecb53985-efae-451c-9bf5-3e10f6b61e41,0,dry,weak_expert,3,0.4417249849733055,1,weak_1_vote,1,1,0,0,1,1.0,dry1_wet0_unknown0,only_1_evaluator,0,0,logistic_regression__C0.001__pca128__no_whiten__gold1__wetcost1,False,1.0,1.0
eceaa3a9-f850-4ba9-82ee-1bcd2575b99c,0,dry,gold_expert,3,0.41275782173836345,1,gold_3_of_4,4,3,1,0,3,0.75,dry3_wet1_unknown0,3_of_4_agree,0,0,logistic_regression__C0.001__pca128__no_whiten__gold1__wetcost1,False,1.0,1.0
ed7daba8-a8bc-473f-b159-55d16ea59eb1,0,dry,weak_expert,3,0.33572158223088144,1,weak_1_vote,1,1,0,0,1,1.0,dry1_wet0_unknown0,only_1_evaluator,0,0,logistic_regression__C0.001__pca128__no_whiten__gold1__wetcost1,False,1.0,1.0
ee899936-5701-4a8f-a3ab-f3292554a148,0,dry,weak_expert,3,0.37092636691056574,1,weak_1_vote,1,1,0,0,1,1.0,dry1_wet0_unknown0,only_1_evaluator,0,0,logistic_regression__C0.001__pca128__no_whiten__gold1__wetcost1,False,1.0,1.0
efdc1fe6-2c52-438e-8943-aaf97a387cae,0,dry,weak_expert,3,0.5342967014731264,1,weak_1_vote,1,1,0,0,1,1.0,dry1_wet0_unknown0,only_1_evaluator,0,1,logistic_regression__C0.001__pca128__no_whiten__gold1__wetcost1,False,1.0,1.0
f09f7e2a-f173-4423-92a6-dea210147179,0,dry,weak_expert,3,0.32200488759198,1,weak_1_vote,1,1,0,0,1,1.0,dry1_wet0_unknown0,only_1_evaluator,0,0,logistic_regression__C0.001__pca128__no_whiten__gold1__wetcost1,False,1.0,1.0
f0bc6079-5c16-4c95-91be-ddffc7bb37b0,0,dry,weak_expert,3,0.3283020771679584,1,weak_1_vote,1,1,0,0,1,1.0,dry1_wet0_unknown0,only_1_evaluator,0,0,logistic_regression__C0.001__pca128__no_whiten__gold1__wetcost1,False,1.0,1.0
f1b271ee-6902-4cff-b260-cfdf9bc3fa1f,0,dry,weak_expert,3,0.5200700384667835,1,weak_1_vote,1,1,0,0,1,1.0,dry1_wet0_unknown0,only_1_evaluator,0,1,logistic_regression__C0.001__pca128__no_whiten__gold1__wetcost1,False,1.0,1.0
f1e02616-7b84-4e35-8d7f-1961b27c1c7a,0,dry,weak_expert,3,0.2682547924723398,1,weak_1_vote,1,1,0,0,1,1.0,dry1_wet0_unknown0,only_1_evaluator,0,0,logistic_regression__C0.001__pca128__no_whiten__gold1__wetcost1,False,1.0,1.0
f23fac18-75a0-45fb-8099-a789d9597776,0,dry,weak_expert,3,0.5426558361014985,1,weak_1_vote,1,1,0,0,1,1.0,dry1_wet0_unknown0,only_1_evaluator,0,1,logistic_regression__C0.001__pca128__no_whiten__gold1__wetcost1,False,1.0,1.0
f2574f9d-beae-4a85-ad18-289a400e1b6a,0,dry,weak_expert,3,0.484454233715535,1,weak_1_vote,1,1,0,0,1,1.0,dry1_wet0_unknown0,only_1_evaluator,0,0,logistic_regression__C0.001__pca128__no_whiten__gold1__wetcost1,False,1.0,1.0
f2b8d4c0-b7ba-49a6-8e91-9f20be33520a,0,dry,weak_expert,3,0.6664135854907284,1,weak_1_vote,1,1,0,0,1,1.0,dry1_wet0_unknown0,only_1_evaluator,1,1,logistic_regression__C0.001__pca128__no_whiten__gold1__wetcost1,False,1.0,1.0
f45082d4-f205-483f-8d0b-427470db2ffc,0,dry,weak_expert,3,0.4670588703268571,1,weak_1_vote,1,1,0,0,1,1.0,dry1_wet0_unknown0,only_1_evaluator,0,0,logistic_regression__C0.001__pca128__no_whiten__gold1__wetcost1,False,1.0,1.0
f4d06640-6eaf-40e8-a96e-3ffd924cd7ef,0,dry,weak_expert,3,0.32924469782307686,1,weak_1_vote,1,1,0,0,1,1.0,dry1_wet0_unknown0,only_1_evaluator,0,0,logistic_regression__C0.001__pca128__no_whiten__gold1__wetcost1,False,1.0,1.0
f5a36e3a-28f9-461d-970e-c95ff38f4740,0,dry,weak_expert,3,0.31026367849017467,1,weak_1_vote,1,1,0,0,1,1.0,dry1_wet0_unknown0,only_1_evaluator,0,0,logistic_regression__C0.001__pca128__no_whiten__gold1__wetcost1,False,1.0,1.0
f5e3c403-1588-49ad-8984-47f123f941f8,0,dry,weak_expert,3,0.3919636671801348,1,weak_1_vote,1,1,0,0,1,1.0,dry1_wet0_unknown0,only_1_evaluator,0,0,logistic_regression__C0.001__pca128__no_whiten__gold1__wetcost1,False,1.0,1.0
f5e8d8ec-e234-4117-a4ab-2f7dba0066ef,0,dry,gold_expert,3,0.28276692624735833,1,gold_3_of_4,4,3,1,0,3,0.75,dry3_wet1_unknown0,3_of_4_agree,0,0,logistic_regression__C0.001__pca128__no_whiten__gold1__wetcost1,False,1.0,1.0
f7a10fb3-b805-4ed0-8a93-9b0851efe78e,0,dry,weak_expert,3,0.531440612143194,1,weak_1_vote,1,1,0,0,1,1.0,dry1_wet0_unknown0,only_1_evaluator,0,1,logistic_regression__C0.001__pca128__no_whiten__gold1__wetcost1,False,1.0,1.0
f7be812e-ffcb-421f-8cef-bb39702ea909,0,dry,weak_expert,3,0.7943239238946128,1,weak_1_vote,1,1,0,0,1,1.0,dry1_wet0_unknown0,only_1_evaluator,1,1,logistic_regression__C0.001__pca128__no_whiten__gold1__wetcost1,False,1.0,1.0
f8ca1e1d-4660-4739-ae76-cf0b10de2540,0,dry,weak_expert,3,0.4618439569692656,1,weak_1_vote,1,1,0,0,1,1.0,dry1_wet0_unknown0,only_1_evaluator,0,0,logistic_regression__C0.001__pca128__no_whiten__gold1__wetcost1,False,1.0,1.0
f8d8b216-d17d-40ce-8de6-6a889adcf016,0,dry,weak_expert,3,0.5725478033485474,1,weak_1_vote,1,1,0,0,1,1.0,dry1_wet0_unknown0,only_1_evaluator,1,1,logistic_regression__C0.001__pca128__no_whiten__gold1__wetcost1,False,1.0,1.0
fd7d172d-4106-427a-870b-0384c88f147f,0,dry,gold_expert,3,0.33865185973423373,1,gold_4_of_4,4,4,0,0,4,1.0,dry4_wet0_unknown0,4_evaluators_unanimous,0,0,logistic_regression__C0.001__pca128__no_whiten__gold1__wetcost1,False,1.0,1.0
feecacb2-52ce-4454-9dcf-267ea138fa63,0,dry,weak_expert,3,0.8803864732333624,1,weak_1_vote,1,1,0,0,1,1.0,dry1_wet0_unknown0,only_1_evaluator,1,1,logistic_regression__C0.001__pca128__no_whiten__gold1__wetcost1,False,1.0,1.0
ff1234d7-7837-4ba7-842f-99fdc916baa9,0,dry,gold_expert,3,0.4560336192536372,1,gold_3_of_4,4,3,1,0,3,0.75,dry3_wet1_unknown0,3_of_4_agree,0,0,logistic_regression__C0.001__pca128__no_whiten__gold1__wetcost1,False,1.0,1.0
ff5f97db-9b64-4e35-afe8-af463d5c2c60,0,dry,weak_expert,3,0.32865428639640737,1,weak_1_vote,1,1,0,0,1,1.0,dry1_wet0_unknown0,only_1_evaluator,0,0,logistic_regression__C0.001__pca128__no_whiten__gold1__wetcost1,False,1.0,1.0
ff8bfcc9-3df2-4752-8280-63f023fba31c,0,dry,weak_expert,3,0.3039900297785384,1,weak_1_vote,1,1,0,0,1,1.0,dry1_wet0_unknown0,only_1_evaluator,0,0,logistic_regression__C0.001__pca128__no_whiten__gold1__wetcost1,False,1.0,1.0
01bf156f-a8ff-48f6-9335-8a1f5bb4c1b7,1,wet,weak_expert,3,0.7204020084635541,1,weak_1_vote,1,0,1,0,1,1.0,dry0_wet1_unknown0,only_1_evaluator,1,1,logistic_regression__C0.001__pca128__no_whiten__gold1__wetcost1,False,1.0,1.0
031fd54a-87b5-4223-9af6-60985127fb7a,1,wet,weak_expert,3,0.5366250617657389,1,weak_1_vote,1,0,1,0,1,1.0,dry0_wet1_unknown0,only_1_evaluator,0,1,logistic_regression__C0.001__pca128__no_whiten__gold1__wetcost1,False,1.0,1.0
03d30b8b-03f8-4089-bda8-0e14deec7d82,1,wet,weak_expert,3,0.3971447615538406,1,weak_1_vote,1,0,1,0,1,1.0,dry0_wet1_unknown0,only_1_evaluator,0,0,logistic_regression__C0.001__pca128__no_whiten__gold1__wetcost1,False,1.0,1.0
0569d979-384b-4a30-b0ca-2b19e8c8650b,1,wet,weak_expert,3,0.5655127871893416,1,weak_1_vote,1,0,1,0,1,1.0,dry0_wet1_unknown0,only_1_evaluator,1,1,logistic_regression__C0.001__pca128__no_whiten__gold1__wetcost1,False,1.0,1.0
092d10af-b848-473c-8dfd-19376b7c587a,1,wet,weak_expert,3,0.5825922201109298,1,weak_1_vote,1,0,1,0,1,1.0,dry0_wet1_unknown0,only_1_evaluator,1,1,logistic_regression__C0.001__pca128__no_whiten__gold1__wetcost1,False,1.0,1.0
0abc55f4-83bb-4284-87d2-65044bf06200,1,wet,weak_expert,3,0.5407632497483691,1,weak_1_vote,1,0,1,0,1,1.0,dry0_wet1_unknown0,only_1_evaluator,0,1,logistic_regression__C0.001__pca128__no_whiten__gold1__wetcost1,False,1.0,1.0
0b03673a-28db-4e1c-aeb0-4fec88d977a1,1,wet,weak_expert,3,0.6021574126101648,1,weak_1_vote,1,0,1,0,1,1.0,dry0_wet1_unknown0,only_1_evaluator,1,1,logistic_regression__C0.001__pca128__no_whiten__gold1__wetcost1,False,1.0,1.0
0cb72725-4166-475d-99a2-5e4e269c1eea,1,wet,weak_expert,3,0.4635532440236194,1,weak_1_vote,1,0,1,0,1,1.0,dry0_wet1_unknown0,only_1_evaluator,0,0,logistic_regression__C0.001__pca128__no_whiten__gold1__wetcost1,False,1.0,1.0
0e2f8fe3-12aa-464f-a4cc-312efa425b98,1,wet,weak_expert,3,0.8796458530331781,1,weak_1_vote,1,0,1,0,1,1.0,dry0_wet1_unknown0,only_1_evaluator,1,1,logistic_regression__C0.001__pca128__no_whiten__gold1__wetcost1,False,1.0,1.0
198c88cb-8f41-4a79-9c4b-be606361e80b,1,wet,weak_expert,3,0.38147546633999535,1,weak_1_vote,1,0,1,0,1,1.0,dry0_wet1_unknown0,only_1_evaluator,0,0,logistic_regression__C0.001__pca128__no_whiten__gold1__wetcost1,False,1.0,1.0
2143ebda-26f8-4cf7-9d99-471f11c3c584,1,wet,weak_expert,3,0.6976105252724156,1,weak_1_vote,1,0,1,0,1,1.0,dry0_wet1_unknown0,only_1_evaluator,1,1,logistic_regression__C0.001__pca128__no_whiten__gold1__wetcost1,False,1.0,1.0
22fd67e4-0911-45f9-8625-1fe8ba4323cf,1,wet,weak_expert,3,0.5454678509514096,1,weak_1_vote,1,0,1,0,1,1.0,dry0_wet1_unknown0,only_1_evaluator,1,1,logistic_regression__C0.001__pca128__no_whiten__gold1__wetcost1,False,1.0,1.0
2aa8f538-07ca-41f3-b20a-8d9e5ef24cfe,1,wet,weak_expert,3,0.4829292383918174,1,weak_1_vote,1,0,1,0,1,1.0,dry0_wet1_unknown0,only_1_evaluator,0,0,logistic_regression__C0.001__pca128__no_whiten__gold1__wetcost1,False,1.0,1.0
2cc30bb4-6e0f-4cb5-a7a5-f7fa03c203ba,1,wet,weak_expert,3,0.46787022341575984,1,weak_1_vote,1,0,1,0,1,1.0,dry0_wet1_unknown0,only_1_evaluator,0,0,logistic_regression__C0.001__pca128__no_whiten__gold1__wetcost1,False,1.0,1.0
2e9f905a-697c-48db-883e-7e905873172f,1,wet,weak_expert,3,0.3979180629928211,1,weak_1_vote,1,0,1,0,1,1.0,dry0_wet1_unknown0,only_1_evaluator,0,0,logistic_regression__C0.001__pca128__no_whiten__gold1__wetcost1,False,1.0,1.0
34bcd0cb-bbfb-4947-84c9-79a07c28a7c1,1,wet,weak_expert,3,0.4410972410079766,1,weak_1_vote,1,0,1,0,1,1.0,dry0_wet1_unknown0,only_1_evaluator,0,0,logistic_regression__C0.001__pca128__no_whiten__gold1__wetcost1,False,1.0,1.0
372846d2-d0b1-435b-bd1c-2580506dc502,1,wet,weak_expert,3,0.5751099517185312,1,weak_1_vote,1,0,1,0,1,1.0,dry0_wet1_unknown0,only_1_evaluator,1,1,logistic_regression__C0.001__pca128__no_whiten__gold1__wetcost1,False,1.0,1.0
376bc849-fcad-41ed-b28e-b4aa128eb1d9,1,wet,weak_expert,3,0.464983493665899,1,weak_1_vote,1,0,1,0,1,1.0,dry0_wet1_unknown0,only_1_evaluator,0,0,logistic_regression__C0.001__pca128__no_whiten__gold1__wetcost1,False,1.0,1.0
3951f2b6-88a3-4419-a191-774fb50b918f,1,wet,weak_expert,3,0.42687228557027934,1,weak_1_vote,1,0,1,0,1,1.0,dry0_wet1_unknown0,only_1_evaluator,0,0,logistic_regression__C0.001__pca128__no_whiten__gold1__wetcost1,False,1.0,1.0
3ad61f08-80f1-4576-ae32-f383e46dbe53,1,wet,weak_expert,3,0.620562086924259,1,weak_1_vote,1,0,1,0,1,1.0,dry0_wet1_unknown0,only_1_evaluator,1,1,logistic_regression__C0.001__pca128__no_whiten__gold1__wetcost1,False,1.0,1.0
431c4a7e-06d9-4fed-9aca-2de718d66f29,1,wet,weak_expert,3,0.4746805137438339,1,weak_1_vote,1,0,1,0,1,1.0,dry0_wet1_unknown0,only_1_evaluator,0,0,logistic_regression__C0.001__pca128__no_whiten__gold1__wetcost1,False,1.0,1.0
45468c10-083b-4fea-9883-29a552edd30d,1,wet,weak_expert,3,0.5539141577836433,1,weak_1_vote,1,0,1,0,1,1.0,dry0_wet1_unknown0,only_1_evaluator,1,1,logistic_regression__C0.001__pca128__no_whiten__gold1__wetcost1,False,1.0,1.0
46a06a18-2b08-49b1-8c22-40b5a23089ff,1,wet,weak_expert,3,0.7764709398882047,1,weak_1_vote,1,0,1,0,1,1.0,dry0_wet1_unknown0,only_1_evaluator,1,1,logistic_regression__C0.001__pca128__no_whiten__gold1__wetcost1,False,1.0,1.0
4735aed3-46f9-44c5-91f0-ca772c541fff,1,wet,weak_expert,3,0.6023028252450151,1,weak_1_vote,1,0,1,0,1,1.0,dry0_wet1_unknown0,only_1_evaluator,1,1,logistic_regression__C0.001__pca128__no_whiten__gold1__wetcost1,False,1.0,1.0
49f6f0db-97dc-4da4-848e-69bd536b5283,1,wet,weak_expert,3,0.45116545622819376,1,weak_1_vote,1,0,1,0,1,1.0,dry0_wet1_unknown0,only_1_evaluator,0,0,logistic_regression__C0.001__pca128__no_whiten__gold1__wetcost1,False,1.0,1.0
4e63830d-679b-480c-a420-0540b0689c16,1,wet,weak_expert,3,0.6169582659823718,1,weak_1_vote,1,0,1,0,1,1.0,dry0_wet1_unknown0,only_1_evaluator,1,1,logistic_regression__C0.001__pca128__no_whiten__gold1__wetcost1,False,1.0,1.0
5280c666-4f3e-4d7c-a283-19041fc4cb2b,1,wet,weak_expert,3,0.5350409917943477,1,weak_1_vote,1,0,1,0,1,1.0,dry0_wet1_unknown0,only_1_evaluator,0,1,logistic_regression__C0.001__pca128__no_whiten__gold1__wetcost1,False,1.0,1.0
6990ad8f-0acd-44f1-86e5-adbb0bbfcab0,1,wet,weak_expert,3,0.43949269373159383,1,weak_1_vote,1,0,1,0,1,1.0,dry0_wet1_unknown0,only_1_evaluator,0,0,logistic_regression__C0.001__pca128__no_whiten__gold1__wetcost1,False,1.0,1.0
6ce9c771-2d64-4e26-9fe1-e0950221b59d,1,wet,weak_expert,3,0.3737632883368072,1,weak_1_vote,1,0,1,0,1,1.0,dry0_wet1_unknown0,only_1_evaluator,0,0,logistic_regression__C0.001__pca128__no_whiten__gold1__wetcost1,False,1.0,1.0
70ea204c-0ac3-494c-a998-ac38df39b2ac,1,wet,weak_expert,3,0.724525645633311,1,weak_1_vote,1,0,1,0,1,1.0,dry0_wet1_unknown0,only_1_evaluator,1,1,logistic_regression__C0.001__pca128__no_whiten__gold1__wetcost1,False,1.0,1.0
70ea9638-f7e3-4f16-bb97-7d066a0e6cdf,1,wet,weak_expert,3,0.37520607806596046,1,weak_4_eval_2_1_1,4,1,2,1,2,0.5,dry1_wet2_unknown1,4_evaluators_2_vs_1_vs_1,0,0,logistic_regression__C0.001__pca128__no_whiten__gold1__wetcost1,False,1.0,1.0
71d4e0e2-99b1-49bc-990f-1f7b4b5de826,1,wet,weak_expert,3,0.4844204707462607,1,weak_1_vote,1,0,1,0,1,1.0,dry0_wet1_unknown0,only_1_evaluator,0,0,logistic_regression__C0.001__pca128__no_whiten__gold1__wetcost1,False,1.0,1.0
72eb0edc-42e6-40b5-b788-39d8dae7f353,1,wet,weak_expert,3,0.6827606237076429,1,weak_1_vote,1,0,1,0,1,1.0,dry0_wet1_unknown0,only_1_evaluator,1,1,logistic_regression__C0.001__pca128__no_whiten__gold1__wetcost1,False,1.0,1.0
75be8a70-37fd-42ea-8daf-9ee78d1018a1,1,wet,weak_expert,3,0.62889597324754,1,weak_1_vote,1,0,1,0,1,1.0,dry0_wet1_unknown0,only_1_evaluator,1,1,logistic_regression__C0.001__pca128__no_whiten__gold1__wetcost1,False,1.0,1.0
77cd79c9-1154-4da6-b9d4-6befbbc2754e,1,wet,weak_expert,3,0.6095712491790608,1,weak_1_vote,1,0,1,0,1,1.0,dry0_wet1_unknown0,only_1_evaluator,1,1,logistic_regression__C0.001__pca128__no_whiten__gold1__wetcost1,False,1.0,1.0
7876c549-066a-4ea1-a82e-45772114f964,1,wet,gold_expert,3,0.9164262008288222,1,gold_3_of_4,4,0,3,1,3,0.75,dry0_wet3_unknown1,3_of_4_agree,1,1,logistic_regression__C0.001__pca128__no_whiten__gold1__wetcost1,False,1.0,1.0
799627e0-3cc6-4e23-b0ab-45a0fc2fb606,1,wet,weak_expert,3,0.7249728253890841,1,weak_1_vote,1,0,1,0,1,1.0,dry0_wet1_unknown0,only_1_evaluator,1,1,logistic_regression__C0.001__pca128__no_whiten__gold1__wetcost1,False,1.0,1.0
7d1428e9-7241-482b-8dbd-95f43a57c694,1,wet,weak_expert,3,0.3903494585661204,1,weak_1_vote,1,0,1,0,1,1.0,dry0_wet1_unknown0,only_1_evaluator,0,0,logistic_regression__C0.001__pca128__no_whiten__gold1__wetcost1,False,1.0,1.0
80a05566-ac42-4c5c-82a5-4e21cb3ed772,1,wet,weak_expert,3,0.6271269714645561,1,weak_1_vote,1,0,1,0,1,1.0,dry0_wet1_unknown0,only_1_evaluator,1,1,logistic_regression__C0.001__pca128__no_whiten__gold1__wetcost1,False,1.0,1.0
80b89e0e-8ae8-4c2a-9f7d-29f85e539ca3,1,wet,weak_expert,3,0.9172976210074049,1,weak_1_vote,1,0,1,0,1,1.0,dry0_wet1_unknown0,only_1_evaluator,1,1,logistic_regression__C0.001__pca128__no_whiten__gold1__wetcost1,False,1.0,1.0
8469a131-4174-4d7b-b588-00c9c0f91a28,1,wet,weak_expert,3,0.6264788943377972,1,weak_1_vote,1,0,1,0,1,1.0,dry0_wet1_unknown0,only_1_evaluator,1,1,logistic_regression__C0.001__pca128__no_whiten__gold1__wetcost1,False,1.0,1.0
85950027-a5fd-4cd4-ad38-46202aa61172,1,wet,weak_expert,3,0.5092520052620204,1,weak_1_vote,1,0,1,0,1,1.0,dry0_wet1_unknown0,only_1_evaluator,0,1,logistic_regression__C0.001__pca128__no_whiten__gold1__wetcost1,False,1.0,1.0
85f7130c-2c56-4dff-8ff8-a99527170fec,1,wet,weak_expert,3,0.6559109000130613,1,weak_1_vote,1,0,1,0,1,1.0,dry0_wet1_unknown0,only_1_evaluator,1,1,logistic_regression__C0.001__pca128__no_whiten__gold1__wetcost1,False,1.0,1.0
87d4e292-7e94-49b4-9e11-c944e3ae63f8,1,wet,weak_expert,3,0.4435849307348612,1,weak_1_vote,1,0,1,0,1,1.0,dry0_wet1_unknown0,only_1_evaluator,0,0,logistic_regression__C0.001__pca128__no_whiten__gold1__wetcost1,False,1.0,1.0
88498dd4-82ce-4430-9f7d-ca005a7c989e,1,wet,weak_expert,3,0.7538675556124975,1,weak_1_vote,1,0,1,0,1,1.0,dry0_wet1_unknown0,only_1_evaluator,1,1,logistic_regression__C0.001__pca128__no_whiten__gold1__wetcost1,False,1.0,1.0
909f7f8b-d304-4238-83b0-de0e4114d3e2,1,wet,weak_expert,3,0.4729666977000341,1,weak_1_vote,1,0,1,0,1,1.0,dry0_wet1_unknown0,only_1_evaluator,0,0,logistic_regression__C0.001__pca128__no_whiten__gold1__wetcost1,False,1.0,1.0
93833a6e-c67c-4c5f-9570-6f36ac22b9e6,1,wet,weak_expert,3,0.175739039168604,1,weak_1_vote,1,0,1,0,1,1.0,dry0_wet1_unknown0,only_1_evaluator,0,0,logistic_regression__C0.001__pca128__no_whiten__gold1__wetcost1,False,1.0,1.0
956a3b1f-1961-40cf-ad48-fb36090f7331,1,wet,weak_expert,3,0.6142025546957783,1,weak_1_vote,1,0,1,0,1,1.0,dry0_wet1_unknown0,only_1_evaluator,1,1,logistic_regression__C0.001__pca128__no_whiten__gold1__wetcost1,False,1.0,1.0
967a1fee-a7df-4644-9693-498626b618cc,1,wet,weak_expert,3,0.6129702705395765,1,weak_1_vote,1,0,1,0,1,1.0,dry0_wet1_unknown0,only_1_evaluator,1,1,logistic_regression__C0.001__pca128__no_whiten__gold1__wetcost1,False,1.0,1.0
9a80a95e-6d74-4d45-bfd0-62c3eb40471a,1,wet,weak_expert,3,0.5529973250125302,1,weak_1_vote,1,0,1,0,1,1.0,dry0_wet1_unknown0,only_1_evaluator,1,1,logistic_regression__C0.001__pca128__no_whiten__gold1__wetcost1,False,1.0,1.0
9c9d5f33-e8e4-4483-a9ba-992fe633e486,1,wet,weak_expert,3,0.5863668775563547,1,weak_1_vote,1,0,1,0,1,1.0,dry0_wet1_unknown0,only_1_evaluator,1,1,logistic_regression__C0.001__pca128__no_whiten__gold1__wetcost1,False,1.0,1.0
9ebf6f35-91a8-4c33-84cb-fbeec8f2f557,1,wet,weak_expert,3,0.6382049246514768,1,weak_1_vote,1,0,1,0,1,1.0,dry0_wet1_unknown0,only_1_evaluator,1,1,logistic_regression__C0.001__pca128__no_whiten__gold1__wetcost1,False,1.0,1.0
a22706e7-e1bb-40a9-a95a-2dd1f9fcbadb,1,wet,weak_expert,3,0.7005364983815957,1,weak_1_vote,1,0,1,0,1,1.0,dry0_wet1_unknown0,only_1_evaluator,1,1,logistic_regression__C0.001__pca128__no_whiten__gold1__wetcost1,False,1.0,1.0
a3e8863e-e604-4d56-8dc5-9d26a198b699,1,wet,weak_expert,3,0.5679414452039655,1,weak_1_vote,1,0,1,0,1,1.0,dry0_wet1_unknown0,only_1_evaluator,1,1,logistic_regression__C0.001__pca128__no_whiten__gold1__wetcost1,False,1.0,1.0
a5025365-abca-4ff4-a335-a692389b7553,1,wet,weak_expert,3,0.4247692168694743,1,weak_1_vote,1,0,1,0,1,1.0,dry0_wet1_unknown0,only_1_evaluator,0,0,logistic_regression__C0.001__pca128__no_whiten__gold1__wetcost1,False,1.0,1.0
a521beb8-4e79-4d26-8a6a-7570afc0d8cb,1,wet,weak_expert,3,0.530211736382305,1,weak_1_vote,1,0,1,0,1,1.0,dry0_wet1_unknown0,only_1_evaluator,0,1,logistic_regression__C0.001__pca128__no_whiten__gold1__wetcost1,False,1.0,1.0
a649bd89-6584-41e5-a251-033caa07d08a,1,wet,weak_expert,3,0.3668257587940912,1,weak_1_vote,1,0,1,0,1,1.0,dry0_wet1_unknown0,only_1_evaluator,0,0,logistic_regression__C0.001__pca128__no_whiten__gold1__wetcost1,False,1.0,1.0
ae05888f-fab3-4754-a98c-c3e76c82504d,1,wet,weak_expert,3,0.6119782955389413,1,weak_1_vote,1,0,1,0,1,1.0,dry0_wet1_unknown0,only_1_evaluator,1,1,logistic_regression__C0.001__pca128__no_whiten__gold1__wetcost1,False,1.0,1.0
ae7d06f1-2f0e-4fee-a080-76084ab5bb86,1,wet,weak_expert,3,0.7270460766698353,1,weak_1_vote,1,0,1,0,1,1.0,dry0_wet1_unknown0,only_1_evaluator,1,1,logistic_regression__C0.001__pca128__no_whiten__gold1__wetcost1,False,1.0,1.0
b54df7b6-c651-40e7-a80d-c0955f1abaa9,1,wet,weak_expert,3,0.34877968228653905,1,weak_1_vote,1,0,1,0,1,1.0,dry0_wet1_unknown0,only_1_evaluator,0,0,logistic_regression__C0.001__pca128__no_whiten__gold1__wetcost1,False,1.0,1.0
bb825a76-02ce-4a02-a001-7ae1a05d5bb8,1,wet,weak_expert,3,0.7151491574561816,1,weak_1_vote,1,0,1,0,1,1.0,dry0_wet1_unknown0,only_1_evaluator,1,1,logistic_regression__C0.001__pca128__no_whiten__gold1__wetcost1,False,1.0,1.0
bc048378-1d7f-44ed-a8a8-e2ce7d0a56ae,1,wet,weak_expert,3,0.3207339389585104,1,weak_1_vote,1,0,1,0,1,1.0,dry0_wet1_unknown0,only_1_evaluator,0,0,logistic_regression__C0.001__pca128__no_whiten__gold1__wetcost1,False,1.0,1.0
bce328d8-acfe-4cc9-bc60-e7934f3e6e5f,1,wet,weak_expert,3,0.5122369122596663,1,weak_1_vote,1,0,1,0,1,1.0,dry0_wet1_unknown0,only_1_evaluator,0,1,logistic_regression__C0.001__pca128__no_whiten__gold1__wetcost1,False,1.0,1.0
bf8e9236-0d63-46ed-9855-38a1074c2121,1,wet,weak_expert,3,0.921401268876194,1,weak_1_vote,1,0,1,0,1,1.0,dry0_wet1_unknown0,only_1_evaluator,1,1,logistic_regression__C0.001__pca128__no_whiten__gold1__wetcost1,False,1.0,1.0
c3174535-aaef-4c26-b0b5-a38996e54763,1,wet,weak_expert,3,0.6862623818121024,1,weak_1_vote,1,0,1,0,1,1.0,dry0_wet1_unknown0,only_1_evaluator,1,1,logistic_regression__C0.001__pca128__no_whiten__gold1__wetcost1,False,1.0,1.0
cc7421cf-a094-4a17-a4cb-cecdd43b8095,1,wet,weak_expert,3,0.5560922953931566,1,weak_1_vote,1,0,1,0,1,1.0,dry0_wet1_unknown0,only_1_evaluator,1,1,logistic_regression__C0.001__pca128__no_whiten__gold1__wetcost1,False,1.0,1.0
cf756ffb-9f1f-4579-8f67-d00bf4a2330b,1,wet,weak_expert,3,0.662111685279558,1,weak_1_vote,1,0,1,0,1,1.0,dry0_wet1_unknown0,only_1_evaluator,1,1,logistic_regression__C0.001__pca128__no_whiten__gold1__wetcost1,False,1.0,1.0
d0a4cbf7-263d-49f1-978d-8cf767546e3c,1,wet,weak_expert,3,0.5399519121252421,1,weak_1_vote,1,0,1,0,1,1.0,dry0_wet1_unknown0,only_1_evaluator,0,1,logistic_regression__C0.001__pca128__no_whiten__gold1__wetcost1,False,1.0,1.0
dabd8101-b56b-40cd-84c6-169b7f8c6fbc,1,wet,weak_expert,3,0.4638510835449776,1,weak_1_vote,1,0,1,0,1,1.0,dry0_wet1_unknown0,only_1_evaluator,0,0,logistic_regression__C0.001__pca128__no_whiten__gold1__wetcost1,False,1.0,1.0
deec748e-a51e-4a37-a7fb-47df7b035292,1,wet,weak_expert,3,0.45983450305068496,1,weak_1_vote,1,0,1,0,1,1.0,dry0_wet1_unknown0,only_1_evaluator,0,0,logistic_regression__C0.001__pca128__no_whiten__gold1__wetcost1,False,1.0,1.0
e34e8cb1-f615-4542-849a-d6e6f7e7f6e2,1,wet,weak_expert,3,0.512793741908938,1,weak_1_vote,1,0,1,0,1,1.0,dry0_wet1_unknown0,only_1_evaluator,0,1,logistic_regression__C0.001__pca128__no_whiten__gold1__wetcost1,False,1.0,1.0
e971aab1-03f6-47c1-b826-ce9004ac7698,1,wet,weak_expert,3,0.8782423455632745,1,weak_1_vote,1,0,1,0,1,1.0,dry0_wet1_unknown0,only_1_evaluator,1,1,logistic_regression__C0.001__pca128__no_whiten__gold1__wetcost1,False,1.0,1.0
eb43c33d-b6a1-476a-a135-40b872e8221b,1,wet,weak_expert,3,0.406839655833829,1,weak_1_vote,1,0,1,0,1,1.0,dry0_wet1_unknown0,only_1_evaluator,0,0,logistic_regression__C0.001__pca128__no_whiten__gold1__wetcost1,False,1.0,1.0
fcd7caa2-6034-457c-a8ab-6b838bf60d2b,1,wet,weak_expert,3,0.8141134988123868,1,weak_1_vote,1,0,1,0,1,1.0,dry0_wet1_unknown0,only_1_evaluator,1,1,logistic_regression__C0.001__pca128__no_whiten__gold1__wetcost1,False,1.0,1.0
ff201807-134a-4a38-92e3-4eaab9219681,1,wet,weak_expert,3,0.3911351299287731,1,weak_1_vote,1,0,1,0,1,1.0,dry0_wet1_unknown0,only_1_evaluator,0,0,logistic_regression__C0.001__pca128__no_whiten__gold1__wetcost1,False,1.0,1.0
005b8518-03ba-4bf5-86d2-005541442357,0,dry,weak_expert,4,0.5934264619553985,1,weak_1_vote,1,1,0,0,1,1.0,dry1_wet0_unknown0,only_1_evaluator,1,1,logistic_regression__C0.001__pca128__no_whiten__gold1__wetcost1,False,1.0,1.0
01208e5c-5338-4f1b-b8c6-41c049e40d90,0,dry,weak_expert,4,0.3865927347851021,1,weak_1_vote,1,1,0,0,1,1.0,dry1_wet0_unknown0,only_1_evaluator,0,0,logistic_regression__C0.001__pca128__no_whiten__gold1__wetcost1,False,1.0,1.0
01ff40e8-63e6-4570-a463-9778ea30cad7,0,dry,gold_expert,4,0.5802813575493662,1,gold_3_of_4,4,3,1,0,3,0.75,dry3_wet1_unknown0,3_of_4_agree,1,1,logistic_regression__C0.001__pca128__no_whiten__gold1__wetcost1,False,1.0,1.0
033da4e3-7365-4adc-9252-7347816e4e77,0,dry,weak_expert,4,0.3693678044928266,1,weak_1_vote,1,1,0,0,1,1.0,dry1_wet0_unknown0,only_1_evaluator,0,0,logistic_regression__C0.001__pca128__no_whiten__gold1__wetcost1,False,1.0,1.0
0512e4fa-684b-4d81-8dda-a38ffd0b67a9,0,dry,weak_expert,4,0.25780297716495865,1,weak_1_vote,1,1,0,0,1,1.0,dry1_wet0_unknown0,only_1_evaluator,0,0,logistic_regression__C0.001__pca128__no_whiten__gold1__wetcost1,False,1.0,1.0
06b58ff7-42e9-49d8-8b56-dd82e7b18ace,0,dry,weak_expert,4,0.23638999044256906,1,weak_1_vote,1,1,0,0,1,1.0,dry1_wet0_unknown0,only_1_evaluator,0,0,logistic_regression__C0.001__pca128__no_whiten__gold1__wetcost1,False,1.0,1.0
080b6119-f1ab-4337-93dd-aaccf73b4ee1,0,dry,weak_expert,4,0.3624814922612551,1,weak_1_vote,1,1,0,0,1,1.0,dry1_wet0_unknown0,only_1_evaluator,0,0,logistic_regression__C0.001__pca128__no_whiten__gold1__wetcost1,False,1.0,1.0
0f8fb3e0-1a30-4bd3-982a-24342a0bdc70,0,dry,gold_expert,4,0.3318323245174696,1,gold_4_of_4,4,4,0,0,4,1.0,dry4_wet0_unknown0,4_evaluators_unanimous,0,0,logistic_regression__C0.001__pca128__no_whiten__gold1__wetcost1,False,1.0,1.0
1005ef8a-7d26-441e-bf06-8849165038d0,0,dry,weak_expert,4,0.33143982384847487,1,weak_1_vote,1,1,0,0,1,1.0,dry1_wet0_unknown0,only_1_evaluator,0,0,logistic_regression__C0.001__pca128__no_whiten__gold1__wetcost1,False,1.0,1.0
11f2a916-e3d5-4c8a-a339-d1d3e1c5f4d3,0,dry,weak_expert,4,0.43254939634033374,1,weak_1_vote,1,1,0,0,1,1.0,dry1_wet0_unknown0,only_1_evaluator,0,0,logistic_regression__C0.001__pca128__no_whiten__gold1__wetcost1,False,1.0,1.0
134e5ac2-706b-4098-969e-18c24f0f0002,0,dry,weak_expert,4,0.41904964421212243,1,weak_1_vote,1,1,0,0,1,1.0,dry1_wet0_unknown0,only_1_evaluator,0,0,logistic_regression__C0.001__pca128__no_whiten__gold1__wetcost1,False,1.0,1.0
1351a8e1-f5e5-4a05-a6a9-4bac18393022,0,dry,weak_expert,4,0.449264151101308,1,weak_1_vote,1,1,0,0,1,1.0,dry1_wet0_unknown0,only_1_evaluator,0,0,logistic_regression__C0.001__pca128__no_whiten__gold1__wetcost1,False,1.0,1.0
14b9f356-c3dd-456f-9875-5125040d0c83,0,dry,weak_expert,4,0.36042775483341977,1,weak_1_vote,1,1,0,0,1,1.0,dry1_wet0_unknown0,only_1_evaluator,0,0,logistic_regression__C0.001__pca128__no_whiten__gold1__wetcost1,False,1.0,1.0
150de1d1-3e1c-4319-8575-cc8b89f775f3,0,dry,weak_expert,4,0.3120329279816967,1,weak_1_vote,1,1,0,0,1,1.0,dry1_wet0_unknown0,only_1_evaluator,0,0,logistic_regression__C0.001__pca128__no_whiten__gold1__wetcost1,False,1.0,1.0
17e623e8-7179-4805-889b-83ba37063d21,0,dry,weak_expert,4,0.32683459735394216,1,weak_1_vote,1,1,0,0,1,1.0,dry1_wet0_unknown0,only_1_evaluator,0,0,logistic_regression__C0.001__pca128__no_whiten__gold1__wetcost1,False,1.0,1.0
198f3500-da31-4e16-aa93-05e56a62eea2,0,dry,weak_expert,4,0.3241399743360408,1,weak_1_vote,1,1,0,0,1,1.0,dry1_wet0_unknown0,only_1_evaluator,0,0,logistic_regression__C0.001__pca128__no_whiten__gold1__wetcost1,False,1.0,1.0
1b7a8173-80be-4905-bdaa-b471b228b1ed,0,dry,weak_expert,4,0.3005458863287332,1,weak_1_vote,1,1,0,0,1,1.0,dry1_wet0_unknown0,only_1_evaluator,0,0,logistic_regression__C0.001__pca128__no_whiten__gold1__wetcost1,False,1.0,1.0
1d8101a3-75b0-4ba8-840d-965eb76ab547,0,dry,weak_expert,4,0.7024732273961587,1,weak_1_vote,1,1,0,0,1,1.0,dry1_wet0_unknown0,only_1_evaluator,1,1,logistic_regression__C0.001__pca128__no_whiten__gold1__wetcost1,False,1.0,1.0
1dca9938-00dd-469a-a476-da7d21e90027,0,dry,weak_expert,4,0.4678799361358124,1,weak_1_vote,1,1,0,0,1,1.0,dry1_wet0_unknown0,only_1_evaluator,0,0,logistic_regression__C0.001__pca128__no_whiten__gold1__wetcost1,False,1.0,1.0
1e4a8472-c9f7-4677-a92a-0e1ff412ab5b,0,dry,weak_expert,4,0.3902682139195285,1,weak_1_vote,1,1,0,0,1,1.0,dry1_wet0_unknown0,only_1_evaluator,0,0,logistic_regression__C0.001__pca128__no_whiten__gold1__wetcost1,False,1.0,1.0
1fcd577a-af2b-4352-a735-a1d1a7e7d0b1,0,dry,weak_expert,4,0.5381010153447422,1,weak_1_vote,1,1,0,0,1,1.0,dry1_wet0_unknown0,only_1_evaluator,0,1,logistic_regression__C0.001__pca128__no_whiten__gold1__wetcost1,False,1.0,1.0
22dcfcdd-52a8-4b42-9c50-c0a3696382a9,0,dry,weak_expert,4,0.36080369703693144,1,weak_1_vote,1,1,0,0,1,1.0,dry1_wet0_unknown0,only_1_evaluator,0,0,logistic_regression__C0.001__pca128__no_whiten__gold1__wetcost1,False,1.0,1.0
240021ec-048e-431d-9548-11d7c234389e,0,dry,weak_expert,4,0.4020939925340472,1,weak_1_vote,1,1,0,0,1,1.0,dry1_wet0_unknown0,only_1_evaluator,0,0,logistic_regression__C0.001__pca128__no_whiten__gold1__wetcost1,False,1.0,1.0
2457c496-0a45-4c4c-942f-5598c39c9b89,0,dry,weak_expert,4,0.5491755189450059,1,weak_1_vote,1,1,0,0,1,1.0,dry1_wet0_unknown0,only_1_evaluator,1,1,logistic_regression__C0.001__pca128__no_whiten__gold1__wetcost1,False,1.0,1.0
24f20435-bf37-4ba8-b5e3-47c492e8f52b,0,dry,weak_expert,4,0.4418633778245285,1,weak_1_vote,1,1,0,0,1,1.0,dry1_wet0_unknown0,only_1_evaluator,0,0,logistic_regression__C0.001__pca128__no_whiten__gold1__wetcost1,False,1.0,1.0
259ecdd2-5641-4b33-966d-7cf0b3af87a5,0,dry,weak_expert,4,0.9437913939693556,1,weak_1_vote,1,1,0,0,1,1.0,dry1_wet0_unknown0,only_1_evaluator,1,1,logistic_regression__C0.001__pca128__no_whiten__gold1__wetcost1,False,1.0,1.0
2716f7c1-a47d-4634-9f97-e2d8c59b3bbf,0,dry,weak_expert,4,0.5379334449343524,1,weak_1_vote,1,1,0,0,1,1.0,dry1_wet0_unknown0,only_1_evaluator,0,1,logistic_regression__C0.001__pca128__no_whiten__gold1__wetcost1,False,1.0,1.0
2a49d183-60b0-4ccf-8147-876cc291670f,0,dry,weak_expert,4,0.4939946819857357,1,weak_1_vote,1,1,0,0,1,1.0,dry1_wet0_unknown0,only_1_evaluator,0,0,logistic_regression__C0.001__pca128__no_whiten__gold1__wetcost1,False,1.0,1.0
2c16ec6e-321d-4d18-82f4-9e5f59e32449,0,dry,weak_expert,4,0.6209474953801909,1,weak_1_vote,1,1,0,0,1,1.0,dry1_wet0_unknown0,only_1_evaluator,1,1,logistic_regression__C0.001__pca128__no_whiten__gold1__wetcost1,False,1.0,1.0
2c2e3dea-3a4d-47f3-9c14-3058cc44db47,0,dry,weak_expert,4,0.6097346215739772,1,weak_1_vote,1,1,0,0,1,1.0,dry1_wet0_unknown0,only_1_evaluator,1,1,logistic_regression__C0.001__pca128__no_whiten__gold1__wetcost1,False,1.0,1.0
2cba06c6-a2af-4307-b53b-cdde40ee9492,0,dry,weak_expert,4,0.38465476532134135,1,weak_1_vote,1,1,0,0,1,1.0,dry1_wet0_unknown0,only_1_evaluator,0,0,logistic_regression__C0.001__pca128__no_whiten__gold1__wetcost1,False,1.0,1.0
2d9cb119-d985-4dc8-8b8e-8f0ac488f2ad,0,dry,weak_expert,4,0.3168603440866589,1,weak_1_vote,1,1,0,0,1,1.0,dry1_wet0_unknown0,only_1_evaluator,0,0,logistic_regression__C0.001__pca128__no_whiten__gold1__wetcost1,False,1.0,1.0
2daf940f-6253-4edb-b801-f3db88255d22,0,dry,weak_expert,4,0.5772438733390657,1,weak_1_vote,1,1,0,0,1,1.0,dry1_wet0_unknown0,only_1_evaluator,1,1,logistic_regression__C0.001__pca128__no_whiten__gold1__wetcost1,False,1.0,1.0
3050a1e2-d70b-4f86-9e57-f33220b8f990,0,dry,weak_expert,4,0.3665725069547524,1,weak_1_vote,1,1,0,0,1,1.0,dry1_wet0_unknown0,only_1_evaluator,0,0,logistic_regression__C0.001__pca128__no_whiten__gold1__wetcost1,False,1.0,1.0
30b9a320-705b-452a-9ff9-daa6f5639085,0,dry,weak_expert,4,0.17933470515133917,1,weak_1_vote,1,1,0,0,1,1.0,dry1_wet0_unknown0,only_1_evaluator,0,0,logistic_regression__C0.001__pca128__no_whiten__gold1__wetcost1,False,1.0,1.0
318642a7-90a0-484e-b40c-30286ae88037,0,dry,weak_expert,4,0.46407709654203794,1,weak_1_vote,1,1,0,0,1,1.0,dry1_wet0_unknown0,only_1_evaluator,0,0,logistic_regression__C0.001__pca128__no_whiten__gold1__wetcost1,False,1.0,1.0
31874a9d-4405-40c4-b088-b0b16fa94690,0,dry,weak_expert,4,0.5579539109938819,1,weak_1_vote,1,1,0,0,1,1.0,dry1_wet0_unknown0,only_1_evaluator,1,1,logistic_regression__C0.001__pca128__no_whiten__gold1__wetcost1,False,1.0,1.0
33b688eb-cae8-40cb-9d71-694f5d2f417f,0,dry,weak_expert,4,0.2825472786582234,1,weak_1_vote,1,1,0,0,1,1.0,dry1_wet0_unknown0,only_1_evaluator,0,0,logistic_regression__C0.001__pca128__no_whiten__gold1__wetcost1,False,1.0,1.0
35a40835-dc69-4e0d-b833-6b58df25c8cc,0,dry,weak_expert,4,0.2851078570476726,1,weak_1_vote,1,1,0,0,1,1.0,dry1_wet0_unknown0,only_1_evaluator,0,0,logistic_regression__C0.001__pca128__no_whiten__gold1__wetcost1,False,1.0,1.0
36d1c7ee-0e4f-4d25-8e0c-e38bd76143eb,0,dry,weak_expert,4,0.7316226154371992,1,weak_1_vote,1,1,0,0,1,1.0,dry1_wet0_unknown0,only_1_evaluator,1,1,logistic_regression__C0.001__pca128__no_whiten__gold1__wetcost1,False,1.0,1.0
37b27ce5-a134-431d-ae71-8c3c6fe273af,0,dry,weak_expert,4,0.2517311698710038,1,weak_1_vote,1,1,0,0,1,1.0,dry1_wet0_unknown0,only_1_evaluator,0,0,logistic_regression__C0.001__pca128__no_whiten__gold1__wetcost1,False,1.0,1.0
380e3cbd-961d-42ff-9553-e902926e6740,0,dry,weak_expert,4,0.5985669318709909,1,weak_1_vote,1,1,0,0,1,1.0,dry1_wet0_unknown0,only_1_evaluator,1,1,logistic_regression__C0.001__pca128__no_whiten__gold1__wetcost1,False,1.0,1.0
38cd2f39-edad-4c95-a338-c127c6ae3517,0,dry,weak_expert,4,0.6978712670506171,1,weak_1_vote,1,1,0,0,1,1.0,dry1_wet0_unknown0,only_1_evaluator,1,1,logistic_regression__C0.001__pca128__no_whiten__gold1__wetcost1,False,1.0,1.0
3987cfec-1d63-4362-9d51-0f98b1fa67fd,0,dry,weak_expert,4,0.7787084108425119,1,weak_1_vote,1,1,0,0,1,1.0,dry1_wet0_unknown0,only_1_evaluator,1,1,logistic_regression__C0.001__pca128__no_whiten__gold1__wetcost1,False,1.0,1.0
3ac4c15d-fadd-430f-8866-399b9bd19adc,0,dry,weak_expert,4,0.2985187051322109,1,weak_1_vote,1,1,0,0,1,1.0,dry1_wet0_unknown0,only_1_evaluator,0,0,logistic_regression__C0.001__pca128__no_whiten__gold1__wetcost1,False,1.0,1.0
3b1cd361-b8b0-47ae-a02a-d2b0f2d40807,0,dry,weak_expert,4,0.40416500373979364,1,weak_1_vote,1,1,0,0,1,1.0,dry1_wet0_unknown0,only_1_evaluator,0,0,logistic_regression__C0.001__pca128__no_whiten__gold1__wetcost1,False,1.0,1.0
3cbb5093-53f6-45a7-8bbc-ea87c51dc88c,0,dry,weak_expert,4,0.3278630467450832,1,weak_1_vote,1,1,0,0,1,1.0,dry1_wet0_unknown0,only_1_evaluator,0,0,logistic_regression__C0.001__pca128__no_whiten__gold1__wetcost1,False,1.0,1.0
3daa3dd0-e920-46a8-bca5-2a7f728998d7,0,dry,weak_expert,4,0.3959377052322785,1,weak_1_vote,1,1,0,0,1,1.0,dry1_wet0_unknown0,only_1_evaluator,0,0,logistic_regression__C0.001__pca128__no_whiten__gold1__wetcost1,False,1.0,1.0
3deed1f8-085b-4531-92f1-c03ec500802a,0,dry,weak_expert,4,0.43817194292459943,1,weak_1_vote,1,1,0,0,1,1.0,dry1_wet0_unknown0,only_1_evaluator,0,0,logistic_regression__C0.001__pca128__no_whiten__gold1__wetcost1,False,1.0,1.0
3f80b816-c688-478a-a5da-85ed19581b1e,0,dry,weak_expert,4,0.2958070501769107,1,weak_1_vote,1,1,0,0,1,1.0,dry1_wet0_unknown0,only_1_evaluator,0,0,logistic_regression__C0.001__pca128__no_whiten__gold1__wetcost1,False,1.0,1.0
40c8a6bc-b676-4678-8987-1db07f5923c4,0,dry,weak_expert,4,0.35512849850661454,1,weak_1_vote,1,1,0,0,1,1.0,dry1_wet0_unknown0,only_1_evaluator,0,0,logistic_regression__C0.001__pca128__no_whiten__gold1__wetcost1,False,1.0,1.0
41b99768-ae1b-4038-b831-d7c7d225f369,0,dry,weak_expert,4,0.3744766235729371,1,weak_1_vote,1,1,0,0,1,1.0,dry1_wet0_unknown0,only_1_evaluator,0,0,logistic_regression__C0.001__pca128__no_whiten__gold1__wetcost1,False,1.0,1.0
421d9f99-9d55-40e6-8d30-0d9891605994,0,dry,weak_expert,4,0.3118977789734018,1,weak_1_vote,1,1,0,0,1,1.0,dry1_wet0_unknown0,only_1_evaluator,0,0,logistic_regression__C0.001__pca128__no_whiten__gold1__wetcost1,False,1.0,1.0
424f1c61-5421-4da9-b3de-70e2d706867e,0,dry,weak_expert,4,0.37189972290272666,1,weak_1_vote,1,1,0,0,1,1.0,dry1_wet0_unknown0,only_1_evaluator,0,0,logistic_regression__C0.001__pca128__no_whiten__gold1__wetcost1,False,1.0,1.0
4283550e-8fe9-4495-9b3e-11ab3020d254,0,dry,weak_expert,4,0.6373482543198618,1,weak_1_vote,1,1,0,0,1,1.0,dry1_wet0_unknown0,only_1_evaluator,1,1,logistic_regression__C0.001__pca128__no_whiten__gold1__wetcost1,False,1.0,1.0
433a37a6-02c8-4ff3-b71b-67d4c9968919,0,dry,weak_expert,4,0.4791353730117438,1,weak_1_vote,1,1,0,0,1,1.0,dry1_wet0_unknown0,only_1_evaluator,0,0,logistic_regression__C0.001__pca128__no_whiten__gold1__wetcost1,False,1.0,1.0
43d6034a-6751-4023-9ee7-6510dd3e157d,0,dry,weak_expert,4,0.48762950892264845,1,weak_1_vote,1,1,0,0,1,1.0,dry1_wet0_unknown0,only_1_evaluator,0,0,logistic_regression__C0.001__pca128__no_whiten__gold1__wetcost1,False,1.0,1.0
43df4f16-fb75-43bb-a866-5231a9243e21,0,dry,weak_expert,4,0.37178336454193084,1,weak_1_vote,1,1,0,0,1,1.0,dry1_wet0_unknown0,only_1_evaluator,0,0,logistic_regression__C0.001__pca128__no_whiten__gold1__wetcost1,False,1.0,1.0
4493e997-621f-4fa5-8c0d-84d6b245b75a,0,dry,weak_expert,4,0.5532814552399954,1,weak_1_vote,1,1,0,0,1,1.0,dry1_wet0_unknown0,only_1_evaluator,1,1,logistic_regression__C0.001__pca128__no_whiten__gold1__wetcost1,False,1.0,1.0
44c295f9-5176-41ce-a1e2-f94633b9b57b,0,dry,weak_expert,4,0.47387692365640743,1,weak_1_vote,1,1,0,0,1,1.0,dry1_wet0_unknown0,only_1_evaluator,0,0,logistic_regression__C0.001__pca128__no_whiten__gold1__wetcost1,False,1.0,1.0
450dbdc0-e479-43a2-b3d2-8e51b8253649,0,dry,weak_expert,4,0.4281308799609334,1,weak_1_vote,1,1,0,0,1,1.0,dry1_wet0_unknown0,only_1_evaluator,0,0,logistic_regression__C0.001__pca128__no_whiten__gold1__wetcost1,False,1.0,1.0
460a8717-0a50-4e1f-b399-86e27cc31579,0,dry,weak_expert,4,0.34204401717255956,1,weak_1_vote,1,1,0,0,1,1.0,dry1_wet0_unknown0,only_1_evaluator,0,0,logistic_regression__C0.001__pca128__no_whiten__gold1__wetcost1,False,1.0,1.0
46a647cb-8f90-4020-affb-775bf931e775,0,dry,weak_expert,4,0.09436894982129163,1,weak_1_vote,1,1,0,0,1,1.0,dry1_wet0_unknown0,only_1_evaluator,0,0,logistic_regression__C0.001__pca128__no_whiten__gold1__wetcost1,False,1.0,1.0
48b287c0-5c2b-44ef-b469-3808b3b287ea,0,dry,gold_expert,4,0.3493691387509315,1,gold_3_of_4,4,3,0,1,3,0.75,dry3_wet0_unknown1,3_of_4_agree,0,0,logistic_regression__C0.001__pca128__no_whiten__gold1__wetcost1,False,1.0,1.0
49bc7b95-fbe5-4933-886e-8752b8acf842,0,dry,weak_expert,4,0.5402940543111393,1,weak_1_vote,1,1,0,0,1,1.0,dry1_wet0_unknown0,only_1_evaluator,0,1,logistic_regression__C0.001__pca128__no_whiten__gold1__wetcost1,False,1.0,1.0
4c2840ed-fd4b-4a86-b976-5cc040d6ea4e,0,dry,gold_expert,4,0.40682704619535404,1,gold_4_of_4,4,4,0,0,4,1.0,dry4_wet0_unknown0,4_evaluators_unanimous,0,0,logistic_regression__C0.001__pca128__no_whiten__gold1__wetcost1,False,1.0,1.0
4ced00fc-ff57-4a83-bc12-fc5876503c6f,0,dry,weak_expert,4,0.5116920630968205,1,weak_1_vote,1,1,0,0,1,1.0,dry1_wet0_unknown0,only_1_evaluator,0,1,logistic_regression__C0.001__pca128__no_whiten__gold1__wetcost1,False,1.0,1.0
4eec3002-43f3-477b-bd24-bc2ba1fd920e,0,dry,weak_expert,4,0.5269723637940836,1,weak_1_vote,1,1,0,0,1,1.0,dry1_wet0_unknown0,only_1_evaluator,0,1,logistic_regression__C0.001__pca128__no_whiten__gold1__wetcost1,False,1.0,1.0
4fa482c1-e2c7-402f-b383-343c18be4ccd,0,dry,weak_expert,4,0.5108461428290777,1,weak_1_vote,1,1,0,0,1,1.0,dry1_wet0_unknown0,only_1_evaluator,0,1,logistic_regression__C0.001__pca128__no_whiten__gold1__wetcost1,False,1.0,1.0
50e4574d-0fa7-4fa0-977d-394644797b1b,0,dry,weak_expert,4,0.6259738104715894,1,weak_1_vote,1,1,0,0,1,1.0,dry1_wet0_unknown0,only_1_evaluator,1,1,logistic_regression__C0.001__pca128__no_whiten__gold1__wetcost1,False,1.0,1.0
51d4bc80-1f02-4ffa-8e2e-1dc3527a0979,0,dry,gold_expert,4,0.6470511482046002,1,gold_3_of_4,4,3,1,0,3,0.75,dry3_wet1_unknown0,3_of_4_agree,1,1,logistic_regression__C0.001__pca128__no_whiten__gold1__wetcost1,False,1.0,1.0
56ff4794-4d52-4b89-8e9c-68ab3d8d1a48,0,dry,weak_expert,4,0.285972064205365,1,weak_1_vote,1,1,0,0,1,1.0,dry1_wet0_unknown0,only_1_evaluator,0,0,logistic_regression__C0.001__pca128__no_whiten__gold1__wetcost1,False,1.0,1.0
583240d0-4e6f-4456-8894-be5a74010add,0,dry,weak_expert,4,0.41075379231102477,1,weak_1_vote,1,1,0,0,1,1.0,dry1_wet0_unknown0,only_1_evaluator,0,0,logistic_regression__C0.001__pca128__no_whiten__gold1__wetcost1,False,1.0,1.0
59285a69-a0c0-40fb-92ee-c4a771b292b4,0,dry,weak_expert,4,0.3382646037944709,1,weak_1_vote,1,1,0,0,1,1.0,dry1_wet0_unknown0,only_1_evaluator,0,0,logistic_regression__C0.001__pca128__no_whiten__gold1__wetcost1,False,1.0,1.0
5998a733-5790-4918-adff-cef8e7b12a73,0,dry,weak_expert,4,0.6231675210805596,1,weak_1_vote,1,1,0,0,1,1.0,dry1_wet0_unknown0,only_1_evaluator,1,1,logistic_regression__C0.001__pca128__no_whiten__gold1__wetcost1,False,1.0,1.0
5a0fe430-5054-4fe4-b2da-29824128b3a4,0,dry,weak_expert,4,0.6475764693724252,1,weak_1_vote,1,1,0,0,1,1.0,dry1_wet0_unknown0,only_1_evaluator,1,1,logistic_regression__C0.001__pca128__no_whiten__gold1__wetcost1,False,1.0,1.0
5a229a4b-e0ae-478c-97d5-1963cb0ac690,0,dry,weak_expert,4,0.396518282436189,1,weak_1_vote,1,1,0,0,1,1.0,dry1_wet0_unknown0,only_1_evaluator,0,0,logistic_regression__C0.001__pca128__no_whiten__gold1__wetcost1,False,1.0,1.0
5a783d35-fd85-43d7-9ae7-22db4f523269,0,dry,weak_expert,4,0.4411559476263246,1,weak_1_vote,1,1,0,0,1,1.0,dry1_wet0_unknown0,only_1_evaluator,0,0,logistic_regression__C0.001__pca128__no_whiten__gold1__wetcost1,False,1.0,1.0
5b0be374-28d0-4a16-b010-0c18a460a7d4,0,dry,weak_expert,4,0.30570095994958807,1,weak_1_vote,1,1,0,0,1,1.0,dry1_wet0_unknown0,only_1_evaluator,0,0,logistic_regression__C0.001__pca128__no_whiten__gold1__wetcost1,False,1.0,1.0
5bbd361a-f7ab-4397-9eec-e76a4758489d,0,dry,weak_expert,4,0.44668173624133534,1,weak_1_vote,1,1,0,0,1,1.0,dry1_wet0_unknown0,only_1_evaluator,0,0,logistic_regression__C0.001__pca128__no_whiten__gold1__wetcost1,False,1.0,1.0
5c3d8573-8193-4501-8a27-d5e2f881c7b4,0,dry,weak_expert,4,0.5749242590193722,1,weak_1_vote,1,1,0,0,1,1.0,dry1_wet0_unknown0,only_1_evaluator,1,1,logistic_regression__C0.001__pca128__no_whiten__gold1__wetcost1,False,1.0,1.0
5d4cb7a7-b4e4-4eed-828d-e5c46829da09,0,dry,weak_expert,4,0.33157798307878644,1,weak_1_vote,1,1,0,0,1,1.0,dry1_wet0_unknown0,only_1_evaluator,0,0,logistic_regression__C0.001__pca128__no_whiten__gold1__wetcost1,False,1.0,1.0
5d5c5271-5a75-49ed-99fb-dc62d85071ff,0,dry,weak_expert,4,0.4472004020512328,1,weak_1_vote,1,1,0,0,1,1.0,dry1_wet0_unknown0,only_1_evaluator,0,0,logistic_regression__C0.001__pca128__no_whiten__gold1__wetcost1,False,1.0,1.0
5d7f356e-f0bf-4cee-896d-9341e81ddaaf,0,dry,weak_expert,4,0.39842215526614744,1,weak_1_vote,1,1,0,0,1,1.0,dry1_wet0_unknown0,only_1_evaluator,0,0,logistic_regression__C0.001__pca128__no_whiten__gold1__wetcost1,False,1.0,1.0
5fb358c3-76bc-4adc-93ac-02f367e38739,0,dry,weak_expert,4,0.2714235721263313,1,weak_1_vote,1,1,0,0,1,1.0,dry1_wet0_unknown0,only_1_evaluator,0,0,logistic_regression__C0.001__pca128__no_whiten__gold1__wetcost1,False,1.0,1.0
617658ed-22f1-4286-9da8-ae3410da15ed,0,dry,weak_expert,4,0.24174755880560614,1,weak_1_vote,1,1,0,0,1,1.0,dry1_wet0_unknown0,only_1_evaluator,0,0,logistic_regression__C0.001__pca128__no_whiten__gold1__wetcost1,False,1.0,1.0
61924ecf-e529-41de-b3a8-626bc58e044d,0,dry,weak_expert,4,0.6240427351538081,1,weak_1_vote,1,1,0,0,1,1.0,dry1_wet0_unknown0,only_1_evaluator,1,1,logistic_regression__C0.001__pca128__no_whiten__gold1__wetcost1,False,1.0,1.0
64565fdb-05f4-4ee8-abe3-13b2a6bde887,0,dry,weak_expert,4,0.29519539109614945,1,weak_1_vote,1,1,0,0,1,1.0,dry1_wet0_unknown0,only_1_evaluator,0,0,logistic_regression__C0.001__pca128__no_whiten__gold1__wetcost1,False,1.0,1.0
64c52b39-ae24-4423-bb47-81772a444bfe,0,dry,weak_expert,4,0.3991811174982683,1,weak_1_vote,1,1,0,0,1,1.0,dry1_wet0_unknown0,only_1_evaluator,0,0,logistic_regression__C0.001__pca128__no_whiten__gold1__wetcost1,False,1.0,1.0
64ff0a57-3000-465e-b47c-82f326b28368,0,dry,weak_expert,4,0.7964508651512214,1,weak_1_vote,1,1,0,0,1,1.0,dry1_wet0_unknown0,only_1_evaluator,1,1,logistic_regression__C0.001__pca128__no_whiten__gold1__wetcost1,False,1.0,1.0
65f8a73e-9cf4-480f-8f4f-c31e67753ea7,0,dry,weak_expert,4,0.35896669550212745,1,weak_1_vote,1,1,0,0,1,1.0,dry1_wet0_unknown0,only_1_evaluator,0,0,logistic_regression__C0.001__pca128__no_whiten__gold1__wetcost1,False,1.0,1.0
664efc01-b7d3-4dfd-a1c8-dbbcba0780ce,0,dry,weak_expert,4,0.44376143114817723,1,weak_1_vote,1,1,0,0,1,1.0,dry1_wet0_unknown0,only_1_evaluator,0,0,logistic_regression__C0.001__pca128__no_whiten__gold1__wetcost1,False,1.0,1.0
671d5452-c6a5-456b-aac5-48ef5278f773,0,dry,weak_expert,4,0.29994200311740427,1,weak_1_vote,1,1,0,0,1,1.0,dry1_wet0_unknown0,only_1_evaluator,0,0,logistic_regression__C0.001__pca128__no_whiten__gold1__wetcost1,False,1.0,1.0
6864ecfc-c540-4e0d-a9cb-933dd9b77e05,0,dry,weak_expert,4,0.4045593880591328,1,weak_1_vote,1,1,0,0,1,1.0,dry1_wet0_unknown0,only_1_evaluator,0,0,logistic_regression__C0.001__pca128__no_whiten__gold1__wetcost1,False,1.0,1.0
69443da8-7868-4020-8eb6-af768b893a21,0,dry,weak_expert,4,0.7219483965353968,1,weak_1_vote,1,1,0,0,1,1.0,dry1_wet0_unknown0,only_1_evaluator,1,1,logistic_regression__C0.001__pca128__no_whiten__gold1__wetcost1,False,1.0,1.0
6ae99e6f-623c-45e5-aa98-cf00914f1974,0,dry,weak_expert,4,0.45293594866288933,1,weak_1_vote,1,1,0,0,1,1.0,dry1_wet0_unknown0,only_1_evaluator,0,0,logistic_regression__C0.001__pca128__no_whiten__gold1__wetcost1,False,1.0,1.0
6cbc0d07-c436-48c5-a13f-e1c0e9334550,0,dry,weak_expert,4,0.5242623239599429,1,weak_1_vote,1,1,0,0,1,1.0,dry1_wet0_unknown0,only_1_evaluator,0,1,logistic_regression__C0.001__pca128__no_whiten__gold1__wetcost1,False,1.0,1.0
6cd0a8d6-8e94-4ff2-8ad6-ed18ae2b207c,0,dry,weak_expert,4,0.6103280975357962,1,weak_1_vote,1,1,0,0,1,1.0,dry1_wet0_unknown0,only_1_evaluator,1,1,logistic_regression__C0.001__pca128__no_whiten__gold1__wetcost1,False,1.0,1.0
6ecde34e-2767-47b0-aef3-2828d4b181c7,0,dry,weak_expert,4,0.4290650027541304,1,weak_1_vote,1,1,0,0,1,1.0,dry1_wet0_unknown0,only_1_evaluator,0,0,logistic_regression__C0.001__pca128__no_whiten__gold1__wetcost1,False,1.0,1.0
6f2e1f59-6d57-499a-8c26-978d80255271,0,dry,weak_expert,4,0.49400440585044086,1,weak_1_vote,1,1,0,0,1,1.0,dry1_wet0_unknown0,only_1_evaluator,0,0,logistic_regression__C0.001__pca128__no_whiten__gold1__wetcost1,False,1.0,1.0
6f2e82d2-a307-43d7-b3a9-b50cb1a04d9e,0,dry,weak_expert,4,0.8406685598889534,1,weak_1_vote,1,1,0,0,1,1.0,dry1_wet0_unknown0,only_1_evaluator,1,1,logistic_regression__C0.001__pca128__no_whiten__gold1__wetcost1,False,1.0,1.0
70049bd1-5f1b-42fe-8d8e-2ebf384cfca3,0,dry,weak_expert,4,0.3844696681733917,1,weak_1_vote,1,1,0,0,1,1.0,dry1_wet0_unknown0,only_1_evaluator,0,0,logistic_regression__C0.001__pca128__no_whiten__gold1__wetcost1,False,1.0,1.0
71b26116-62cd-46ca-89a4-0642e0f2bc52,0,dry,weak_expert,4,0.37559802266904213,1,weak_1_vote,1,1,0,0,1,1.0,dry1_wet0_unknown0,only_1_evaluator,0,0,logistic_regression__C0.001__pca128__no_whiten__gold1__wetcost1,False,1.0,1.0
727349f2-4730-45f6-99fe-8cf1ae1f2004,0,dry,weak_expert,4,0.31412277534885413,1,weak_1_vote,1,1,0,0,1,1.0,dry1_wet0_unknown0,only_1_evaluator,0,0,logistic_regression__C0.001__pca128__no_whiten__gold1__wetcost1,False,1.0,1.0
72bf1cb5-9f60-40db-9666-470d6d02f02c,0,dry,weak_expert,4,0.8037140459220928,1,weak_1_vote,1,1,0,0,1,1.0,dry1_wet0_unknown0,only_1_evaluator,1,1,logistic_regression__C0.001__pca128__no_whiten__gold1__wetcost1,False,1.0,1.0
74d33247-658a-45ea-a641-5b736ee5498f,0,dry,weak_expert,4,0.37214221294806543,1,weak_1_vote,1,1,0,0,1,1.0,dry1_wet0_unknown0,only_1_evaluator,0,0,logistic_regression__C0.001__pca128__no_whiten__gold1__wetcost1,False,1.0,1.0
760194db-a651-4a06-b7b8-bffd126364cf,0,dry,weak_expert,4,0.5840381294884069,1,weak_1_vote,1,1,0,0,1,1.0,dry1_wet0_unknown0,only_1_evaluator,1,1,logistic_regression__C0.001__pca128__no_whiten__gold1__wetcost1,False,1.0,1.0
76f0dea9-2043-4984-b515-7a0d03d31035,0,dry,weak_expert,4,0.5501880586318183,1,weak_1_vote,1,1,0,0,1,1.0,dry1_wet0_unknown0,only_1_evaluator,1,1,logistic_regression__C0.001__pca128__no_whiten__gold1__wetcost1,False,1.0,1.0
778c38b9-431e-467c-85b0-468e79deacd8,0,dry,weak_expert,4,0.6051355110045711,1,weak_1_vote,1,1,0,0,1,1.0,dry1_wet0_unknown0,only_1_evaluator,1,1,logistic_regression__C0.001__pca128__no_whiten__gold1__wetcost1,False,1.0,1.0
7869b66e-5c53-42b8-8741-8e7398f78137,0,dry,weak_expert,4,0.45005923086506644,1,weak_1_vote,1,1,0,0,1,1.0,dry1_wet0_unknown0,only_1_evaluator,0,0,logistic_regression__C0.001__pca128__no_whiten__gold1__wetcost1,False,1.0,1.0
79221f97-e57f-476c-a8b1-57c65ff4e01c,0,dry,weak_expert,4,0.34558301922615586,1,weak_1_vote,1,1,0,0,1,1.0,dry1_wet0_unknown0,only_1_evaluator,0,0,logistic_regression__C0.001__pca128__no_whiten__gold1__wetcost1,False,1.0,1.0
7981abda-eba4-4508-925d-596aa1da5497,0,dry,weak_expert,4,0.3591080939139045,1,weak_1_vote,1,1,0,0,1,1.0,dry1_wet0_unknown0,only_1_evaluator,0,0,logistic_regression__C0.001__pca128__no_whiten__gold1__wetcost1,False,1.0,1.0
79e8672c-fcd7-49ad-bbd7-1ad4a50d07e6,0,dry,weak_expert,4,0.37793057669847224,1,weak_1_vote,1,1,0,0,1,1.0,dry1_wet0_unknown0,only_1_evaluator,0,0,logistic_regression__C0.001__pca128__no_whiten__gold1__wetcost1,False,1.0,1.0
7a985f89-ed5d-41e2-9f5d-8d8982508665,0,dry,weak_expert,4,0.3429335285719743,1,weak_1_vote,1,1,0,0,1,1.0,dry1_wet0_unknown0,only_1_evaluator,0,0,logistic_regression__C0.001__pca128__no_whiten__gold1__wetcost1,False,1.0,1.0
7ad010ba-c400-43bc-b5c6-6d5df815d1f7,0,dry,weak_expert,4,0.4497174253231293,1,weak_1_vote,1,1,0,0,1,1.0,dry1_wet0_unknown0,only_1_evaluator,0,0,logistic_regression__C0.001__pca128__no_whiten__gold1__wetcost1,False,1.0,1.0
7b3f90c2-9236-4bdc-abf9-375698074f5e,0,dry,weak_expert,4,0.6249082103561392,1,weak_1_vote,1,1,0,0,1,1.0,dry1_wet0_unknown0,only_1_evaluator,1,1,logistic_regression__C0.001__pca128__no_whiten__gold1__wetcost1,False,1.0,1.0
7b7f6998-7f52-475f-8bbd-e76d80eafd91,0,dry,weak_expert,4,0.5405519806914815,1,weak_1_vote,1,1,0,0,1,1.0,dry1_wet0_unknown0,only_1_evaluator,0,1,logistic_regression__C0.001__pca128__no_whiten__gold1__wetcost1,False,1.0,1.0
7b962d6a-50fa-48ef-80f0-9d8b23747e90,0,dry,weak_expert,4,0.3746060524756062,1,weak_1_vote,1,1,0,0,1,1.0,dry1_wet0_unknown0,only_1_evaluator,0,0,logistic_regression__C0.001__pca128__no_whiten__gold1__wetcost1,False,1.0,1.0
7cd1efb7-e973-492d-8a2c-e00a42ef0d78,0,dry,weak_expert,4,0.7208723346652072,1,weak_1_vote,1,1,0,0,1,1.0,dry1_wet0_unknown0,only_1_evaluator,1,1,logistic_regression__C0.001__pca128__no_whiten__gold1__wetcost1,False,1.0,1.0
7d2e208f-4b40-43c8-8f85-e05f9671db2c,0,dry,weak_expert,4,0.597322510908314,1,weak_1_vote,1,1,0,0,1,1.0,dry1_wet0_unknown0,only_1_evaluator,1,1,logistic_regression__C0.001__pca128__no_whiten__gold1__wetcost1,False,1.0,1.0
7dc5b3de-2746-46b1-80c4-a73288f37773,0,dry,weak_expert,4,0.45700602769206705,1,weak_1_vote,1,1,0,0,1,1.0,dry1_wet0_unknown0,only_1_evaluator,0,0,logistic_regression__C0.001__pca128__no_whiten__gold1__wetcost1,False,1.0,1.0
7e782166-6aa4-451c-9b01-afc57c43c3a1,0,dry,weak_expert,4,0.5035437014538271,1,weak_1_vote,1,1,0,0,1,1.0,dry1_wet0_unknown0,only_1_evaluator,0,1,logistic_regression__C0.001__pca128__no_whiten__gold1__wetcost1,False,1.0,1.0
7e7dc35c-f4a3-4988-a5af-4b9cf730aa4f,0,dry,weak_expert,4,0.4990281491839616,1,weak_1_vote,1,1,0,0,1,1.0,dry1_wet0_unknown0,only_1_evaluator,0,0,logistic_regression__C0.001__pca128__no_whiten__gold1__wetcost1,False,1.0,1.0
7f1f564a-55eb-4357-b411-e0bf9818e56c,0,dry,weak_expert,4,0.43780674445698475,1,weak_1_vote,1,1,0,0,1,1.0,dry1_wet0_unknown0,only_1_evaluator,0,0,logistic_regression__C0.001__pca128__no_whiten__gold1__wetcost1,False,1.0,1.0
7fe58bc1-6f08-4eee-801c-0c8bf9287fd5,0,dry,weak_expert,4,0.28882621141802917,1,weak_1_vote,1,1,0,0,1,1.0,dry1_wet0_unknown0,only_1_evaluator,0,0,logistic_regression__C0.001__pca128__no_whiten__gold1__wetcost1,False,1.0,1.0
814a5c9e-6174-4efa-a378-a990ac566ae2,0,dry,weak_expert,4,0.3696978991445555,1,weak_1_vote,1,1,0,0,1,1.0,dry1_wet0_unknown0,only_1_evaluator,0,0,logistic_regression__C0.001__pca128__no_whiten__gold1__wetcost1,False,1.0,1.0
83f5d563-5e0c-4f09-b967-d66ade3ad885,0,dry,weak_expert,4,0.45037424830922135,1,weak_1_vote,1,1,0,0,1,1.0,dry1_wet0_unknown0,only_1_evaluator,0,0,logistic_regression__C0.001__pca128__no_whiten__gold1__wetcost1,False,1.0,1.0
84d8364a-bce5-4e2d-89ca-af05d62b4709,0,dry,weak_expert,4,0.6023234925182361,1,weak_1_vote,1,1,0,0,1,1.0,dry1_wet0_unknown0,only_1_evaluator,1,1,logistic_regression__C0.001__pca128__no_whiten__gold1__wetcost1,False,1.0,1.0
8815d555-76ba-4803-b536-22df34e872dc,0,dry,weak_expert,4,0.4384216800423214,1,weak_1_vote,1,1,0,0,1,1.0,dry1_wet0_unknown0,only_1_evaluator,0,0,logistic_regression__C0.001__pca128__no_whiten__gold1__wetcost1,False,1.0,1.0
88bec0f2-8dbd-44d5-a6c2-de1cf0646737,0,dry,weak_expert,4,0.7698113824511116,1,weak_1_vote,1,1,0,0,1,1.0,dry1_wet0_unknown0,only_1_evaluator,1,1,logistic_regression__C0.001__pca128__no_whiten__gold1__wetcost1,False,1.0,1.0
89bb7d99-45fd-4199-90d1-ac000fa68a65,0,dry,weak_expert,4,0.3334490347510976,1,weak_1_vote,1,1,0,0,1,1.0,dry1_wet0_unknown0,only_1_evaluator,0,0,logistic_regression__C0.001__pca128__no_whiten__gold1__wetcost1,False,1.0,1.0
8a3058b7-c1ec-43d8-ae17-f1c72da07a21,0,dry,weak_expert,4,0.5253231595305053,1,weak_1_vote,1,1,0,0,1,1.0,dry1_wet0_unknown0,only_1_evaluator,0,1,logistic_regression__C0.001__pca128__no_whiten__gold1__wetcost1,False,1.0,1.0
8aa95c58-4f0f-4df6-89a2-4b3b5d7841bb,0,dry,weak_expert,4,0.2527839145799488,1,weak_1_vote,1,1,0,0,1,1.0,dry1_wet0_unknown0,only_1_evaluator,0,0,logistic_regression__C0.001__pca128__no_whiten__gold1__wetcost1,False,1.0,1.0
8d870fda-3cb4-4d17-8650-c52596963ff3,0,dry,weak_expert,4,0.560851660559294,1,weak_1_vote,1,1,0,0,1,1.0,dry1_wet0_unknown0,only_1_evaluator,1,1,logistic_regression__C0.001__pca128__no_whiten__gold1__wetcost1,False,1.0,1.0
8e4d3ab1-5e08-424f-9146-054314535ad5,0,dry,weak_expert,4,0.5188647767866368,1,weak_1_vote,1,1,0,0,1,1.0,dry1_wet0_unknown0,only_1_evaluator,0,1,logistic_regression__C0.001__pca128__no_whiten__gold1__wetcost1,False,1.0,1.0
8ec67d70-2a82-45ea-a646-ab8a5bc4bf4f,0,dry,weak_expert,4,0.8510304387985941,1,weak_1_vote,1,1,0,0,1,1.0,dry1_wet0_unknown0,only_1_evaluator,1,1,logistic_regression__C0.001__pca128__no_whiten__gold1__wetcost1,False,1.0,1.0
8f5531fb-5c2a-450b-b14c-4321085887d8,0,dry,gold_expert,4,0.6548265333962836,1,gold_4_of_4,4,4,0,0,4,1.0,dry4_wet0_unknown0,4_evaluators_unanimous,1,1,logistic_regression__C0.001__pca128__no_whiten__gold1__wetcost1,False,1.0,1.0
92307087-a106-4fd5-919a-a92b57ffd316,0,dry,weak_expert,4,0.43971075362757905,1,weak_1_vote,1,1,0,0,1,1.0,dry1_wet0_unknown0,only_1_evaluator,0,0,logistic_regression__C0.001__pca128__no_whiten__gold1__wetcost1,False,1.0,1.0
92580ab5-bc25-48ee-b844-16e2084cf14b,0,dry,weak_expert,4,0.4234823619694672,1,weak_1_vote,1,1,0,0,1,1.0,dry1_wet0_unknown0,only_1_evaluator,0,0,logistic_regression__C0.001__pca128__no_whiten__gold1__wetcost1,False,1.0,1.0
92a40891-fb6b-41ad-b005-bd84c48d12ef,0,dry,weak_expert,4,0.4004036015739025,1,weak_1_vote,1,1,0,0,1,1.0,dry1_wet0_unknown0,only_1_evaluator,0,0,logistic_regression__C0.001__pca128__no_whiten__gold1__wetcost1,False,1.0,1.0
93d36f3e-2008-44cc-af6f-adb012cef434,0,dry,weak_expert,4,0.22736320122831574,1,weak_1_vote,1,1,0,0,1,1.0,dry1_wet0_unknown0,only_1_evaluator,0,0,logistic_regression__C0.001__pca128__no_whiten__gold1__wetcost1,False,1.0,1.0
95677325-1a53-4792-bc6d-f2f707cfcb24,0,dry,weak_expert,4,0.20344911915041378,1,weak_1_vote,1,1,0,0,1,1.0,dry1_wet0_unknown0,only_1_evaluator,0,0,logistic_regression__C0.001__pca128__no_whiten__gold1__wetcost1,False,1.0,1.0
95c2af6d-4ed8-4626-88d0-27515a452ffe,0,dry,weak_expert,4,0.4374631863969638,1,weak_1_vote,1,1,0,0,1,1.0,dry1_wet0_unknown0,only_1_evaluator,0,0,logistic_regression__C0.001__pca128__no_whiten__gold1__wetcost1,False,1.0,1.0
96684bb9-596c-4886-80e3-ccb2238e41d2,0,dry,weak_expert,4,0.4679276091932502,1,weak_1_vote,1,1,0,0,1,1.0,dry1_wet0_unknown0,only_1_evaluator,0,0,logistic_regression__C0.001__pca128__no_whiten__gold1__wetcost1,False,1.0,1.0
9668aedd-1d7b-48e7-86d1-7c00c67211ae,0,dry,weak_expert,4,0.31941281679295386,1,weak_1_vote,1,1,0,0,1,1.0,dry1_wet0_unknown0,only_1_evaluator,0,0,logistic_regression__C0.001__pca128__no_whiten__gold1__wetcost1,False,1.0,1.0
96898934-8f8e-4af6-b351-24039794ea57,0,dry,weak_expert,4,0.8386974731753948,1,weak_1_vote,1,1,0,0,1,1.0,dry1_wet0_unknown0,only_1_evaluator,1,1,logistic_regression__C0.001__pca128__no_whiten__gold1__wetcost1,False,1.0,1.0
9a4d243e-4ac6-4c34-9b73-7ef188a02ed0,0,dry,weak_expert,4,0.5791488960506771,1,weak_1_vote,1,1,0,0,1,1.0,dry1_wet0_unknown0,only_1_evaluator,1,1,logistic_regression__C0.001__pca128__no_whiten__gold1__wetcost1,False,1.0,1.0
9a70cfcf-2df1-4bbc-aed8-aa9afa094a9f,0,dry,weak_expert,4,0.5564025770728674,1,weak_1_vote,1,1,0,0,1,1.0,dry1_wet0_unknown0,only_1_evaluator,1,1,logistic_regression__C0.001__pca128__no_whiten__gold1__wetcost1,False,1.0,1.0
9a8ced91-6c7b-4eee-beb2-252ab3d9554d,0,dry,weak_expert,4,0.12218226274305859,1,weak_1_vote,1,1,0,0,1,1.0,dry1_wet0_unknown0,only_1_evaluator,0,0,logistic_regression__C0.001__pca128__no_whiten__gold1__wetcost1,False,1.0,1.0
9ad9631c-6910-4f4e-ada7-319db3a165c4,0,dry,weak_expert,4,0.6466956183467406,1,weak_1_vote,1,1,0,0,1,1.0,dry1_wet0_unknown0,only_1_evaluator,1,1,logistic_regression__C0.001__pca128__no_whiten__gold1__wetcost1,False,1.0,1.0
9aea1b03-9fc0-48c9-9e62-a6ac15633c03,0,dry,weak_expert,4,0.43831611186719793,1,weak_1_vote,1,1,0,0,1,1.0,dry1_wet0_unknown0,only_1_evaluator,0,0,logistic_regression__C0.001__pca128__no_whiten__gold1__wetcost1,False,1.0,1.0
9bdef567-3097-4553-8dab-beed4036d779,0,dry,weak_expert,4,0.6400551378489767,1,weak_1_vote,1,1,0,0,1,1.0,dry1_wet0_unknown0,only_1_evaluator,1,1,logistic_regression__C0.001__pca128__no_whiten__gold1__wetcost1,False,1.0,1.0
9d389c55-da76-4670-b950-f5c03742d905,0,dry,weak_expert,4,0.7888951138132783,1,weak_1_vote,1,1,0,0,1,1.0,dry1_wet0_unknown0,only_1_evaluator,1,1,logistic_regression__C0.001__pca128__no_whiten__gold1__wetcost1,False,1.0,1.0
9d4a6e36-fb08-4ef4-a309-7905212f67b0,0,dry,weak_expert,4,0.4768509164266246,1,weak_1_vote,1,1,0,0,1,1.0,dry1_wet0_unknown0,only_1_evaluator,0,0,logistic_regression__C0.001__pca128__no_whiten__gold1__wetcost1,False,1.0,1.0
9d72542d-65e3-430c-910b-fd34a2527812,0,dry,weak_expert,4,0.45457828663698985,1,weak_1_vote,1,1,0,0,1,1.0,dry1_wet0_unknown0,only_1_evaluator,0,0,logistic_regression__C0.001__pca128__no_whiten__gold1__wetcost1,False,1.0,1.0
9e1a07c9-37a4-441a-a5a3-834b2283ae01,0,dry,weak_expert,4,0.5895210635796067,1,weak_1_vote,1,1,0,0,1,1.0,dry1_wet0_unknown0,only_1_evaluator,1,1,logistic_regression__C0.001__pca128__no_whiten__gold1__wetcost1,False,1.0,1.0
9e5738c6-7649-42d5-be58-1e289796f189,0,dry,weak_expert,4,0.31689994684922423,1,weak_1_vote,1,1,0,0,1,1.0,dry1_wet0_unknown0,only_1_evaluator,0,0,logistic_regression__C0.001__pca128__no_whiten__gold1__wetcost1,False,1.0,1.0
9e6d88da-2a85-4c86-a606-e66d83bf7550,0,dry,weak_expert,4,0.23643273845689483,1,weak_1_vote,1,1,0,0,1,1.0,dry1_wet0_unknown0,only_1_evaluator,0,0,logistic_regression__C0.001__pca128__no_whiten__gold1__wetcost1,False,1.0,1.0
9fe0d71a-e946-467e-aac2-767ae85ed884,0,dry,weak_expert,4,0.24056691984180067,1,weak_1_vote,1,1,0,0,1,1.0,dry1_wet0_unknown0,only_1_evaluator,0,0,logistic_regression__C0.001__pca128__no_whiten__gold1__wetcost1,False,1.0,1.0
a0b2c39c-8a24-4984-aa0f-009f13a700c5,0,dry,weak_expert,4,0.5113308277498751,1,weak_1_vote,1,1,0,0,1,1.0,dry1_wet0_unknown0,only_1_evaluator,0,1,logistic_regression__C0.001__pca128__no_whiten__gold1__wetcost1,False,1.0,1.0
a13b9da9-a901-4622-9898-71f76097b98c,0,dry,weak_expert,4,0.4281118670877658,1,weak_1_vote,1,1,0,0,1,1.0,dry1_wet0_unknown0,only_1_evaluator,0,0,logistic_regression__C0.001__pca128__no_whiten__gold1__wetcost1,False,1.0,1.0
a3652154-abdd-4d52-98cf-cddfc1c75447,0,dry,weak_expert,4,0.4143532946904104,1,weak_1_vote,1,1,0,0,1,1.0,dry1_wet0_unknown0,only_1_evaluator,0,0,logistic_regression__C0.001__pca128__no_whiten__gold1__wetcost1,False,1.0,1.0
a41a84b6-f192-4b79-bb08-e47285cf8a4e,0,dry,weak_expert,4,0.5427330103046754,1,weak_1_vote,1,1,0,0,1,1.0,dry1_wet0_unknown0,only_1_evaluator,0,1,logistic_regression__C0.001__pca128__no_whiten__gold1__wetcost1,False,1.0,1.0
a4cc4680-8bb6-4646-b9cf-d77a4e8ada21,0,dry,weak_expert,4,0.41550816100876176,1,weak_1_vote,1,1,0,0,1,1.0,dry1_wet0_unknown0,only_1_evaluator,0,0,logistic_regression__C0.001__pca128__no_whiten__gold1__wetcost1,False,1.0,1.0
a4e4dc63-969f-4b6d-889a-b8f9d20028f7,0,dry,weak_expert,4,0.39211561603128686,1,weak_1_vote,1,1,0,0,1,1.0,dry1_wet0_unknown0,only_1_evaluator,0,0,logistic_regression__C0.001__pca128__no_whiten__gold1__wetcost1,False,1.0,1.0
a664172f-6df4-44db-bfd4-c735f1edc3e6,0,dry,weak_expert,4,0.3808186119975303,1,weak_1_vote,1,1,0,0,1,1.0,dry1_wet0_unknown0,only_1_evaluator,0,0,logistic_regression__C0.001__pca128__no_whiten__gold1__wetcost1,False,1.0,1.0
a69d7fc8-6cac-417e-9008-89bef72f1fa7,0,dry,weak_expert,4,0.49810382199653586,1,weak_1_vote,1,1,0,0,1,1.0,dry1_wet0_unknown0,only_1_evaluator,0,0,logistic_regression__C0.001__pca128__no_whiten__gold1__wetcost1,False,1.0,1.0
a7a5c702-df32-41e5-a129-a43ec576a480,0,dry,weak_expert,4,0.30723240758800563,1,weak_1_vote,1,1,0,0,1,1.0,dry1_wet0_unknown0,only_1_evaluator,0,0,logistic_regression__C0.001__pca128__no_whiten__gold1__wetcost1,False,1.0,1.0
aa577908-e7cd-485b-adfa-51c6d7828201,0,dry,weak_expert,4,0.3630302073949585,1,weak_1_vote,1,1,0,0,1,1.0,dry1_wet0_unknown0,only_1_evaluator,0,0,logistic_regression__C0.001__pca128__no_whiten__gold1__wetcost1,False,1.0,1.0
aa5a073e-9319-477b-b2ad-7465765d6340,0,dry,weak_expert,4,0.4749331833825681,1,weak_1_vote,1,1,0,0,1,1.0,dry1_wet0_unknown0,only_1_evaluator,0,0,logistic_regression__C0.001__pca128__no_whiten__gold1__wetcost1,False,1.0,1.0
ada1def9-7e36-4d4e-8e3e-e678afee4185,0,dry,gold_expert,4,0.41154330403975803,1,gold_4_of_4,4,4,0,0,4,1.0,dry4_wet0_unknown0,4_evaluators_unanimous,0,0,logistic_regression__C0.001__pca128__no_whiten__gold1__wetcost1,False,1.0,1.0
ae18328e-da30-4137-a717-a718ffe2412e,0,dry,gold_expert,4,0.4347429886361115,1,gold_3_of_4,4,3,1,0,3,0.75,dry3_wet1_unknown0,3_of_4_agree,0,0,logistic_regression__C0.001__pca128__no_whiten__gold1__wetcost1,False,1.0,1.0
ae9ae0a2-f646-4f2d-a8d2-050d71fc3a29,0,dry,weak_expert,4,0.3585628646203378,1,weak_1_vote,1,1,0,0,1,1.0,dry1_wet0_unknown0,only_1_evaluator,0,0,logistic_regression__C0.001__pca128__no_whiten__gold1__wetcost1,False,1.0,1.0
b07782ac-d2f7-4c46-bd5a-045e715d20a3,0,dry,weak_expert,4,0.3331149842042034,1,weak_1_vote,1,1,0,0,1,1.0,dry1_wet0_unknown0,only_1_evaluator,0,0,logistic_regression__C0.001__pca128__no_whiten__gold1__wetcost1,False,1.0,1.0
b0aa16a7-ed93-4a11-88bf-031ea505282c,0,dry,weak_expert,4,0.40712379144964655,1,weak_1_vote,1,1,0,0,1,1.0,dry1_wet0_unknown0,only_1_evaluator,0,0,logistic_regression__C0.001__pca128__no_whiten__gold1__wetcost1,False,1.0,1.0
b0f187db-9026-4791-90dd-f845cdb3f90e,0,dry,weak_expert,4,0.4072679739997646,1,weak_1_vote,1,1,0,0,1,1.0,dry1_wet0_unknown0,only_1_evaluator,0,0,logistic_regression__C0.001__pca128__no_whiten__gold1__wetcost1,False,1.0,1.0
b1bdaeee-ffa3-4a1e-a213-7a74e3a863c3,0,dry,weak_expert,4,0.5934582406613148,1,weak_1_vote,1,1,0,0,1,1.0,dry1_wet0_unknown0,only_1_evaluator,1,1,logistic_regression__C0.001__pca128__no_whiten__gold1__wetcost1,False,1.0,1.0
b1e56350-eef1-4dd1-8d7a-446c15eff785,0,dry,weak_expert,4,0.36516965381094757,1,weak_1_vote,1,1,0,0,1,1.0,dry1_wet0_unknown0,only_1_evaluator,0,0,logistic_regression__C0.001__pca128__no_whiten__gold1__wetcost1,False,1.0,1.0
b273b74b-a227-43c9-be4b-3e8cf959fa44,0,dry,weak_expert,4,0.5871431377166821,1,weak_1_vote,1,1,0,0,1,1.0,dry1_wet0_unknown0,only_1_evaluator,1,1,logistic_regression__C0.001__pca128__no_whiten__gold1__wetcost1,False,1.0,1.0
b300ba99-adb0-4005-8292-e3ee5134a5a6,0,dry,weak_expert,4,0.4712024640967197,1,weak_1_vote,1,1,0,0,1,1.0,dry1_wet0_unknown0,only_1_evaluator,0,0,logistic_regression__C0.001__pca128__no_whiten__gold1__wetcost1,False,1.0,1.0
b46dc541-8b50-4f9b-b22a-761e144f88d9,0,dry,weak_expert,4,0.3882190976629979,1,weak_1_vote,1,1,0,0,1,1.0,dry1_wet0_unknown0,only_1_evaluator,0,0,logistic_regression__C0.001__pca128__no_whiten__gold1__wetcost1,False,1.0,1.0
b551c936-7f27-40a4-bf3b-2d8c4edfbae8,0,dry,weak_expert,4,0.3889635455294527,1,weak_1_vote,1,1,0,0,1,1.0,dry1_wet0_unknown0,only_1_evaluator,0,0,logistic_regression__C0.001__pca128__no_whiten__gold1__wetcost1,False,1.0,1.0
b66ea1a8-a46f-4890-8b1f-91c5841bfc99,0,dry,weak_expert,4,0.5862714323547057,1,weak_4_eval_2_1_1,4,2,1,1,2,0.5,dry2_wet1_unknown1,4_evaluators_2_vs_1_vs_1,1,1,logistic_regression__C0.001__pca128__no_whiten__gold1__wetcost1,False,1.0,1.0
bac8326b-2652-443d-8b58-af96cdf5284d,0,dry,weak_expert,4,0.5192503976239449,1,weak_1_vote,1,1,0,0,1,1.0,dry1_wet0_unknown0,only_1_evaluator,0,1,logistic_regression__C0.001__pca128__no_whiten__gold1__wetcost1,False,1.0,1.0
bb17ca61-9aa8-45d2-9b3e-52c53965641f,0,dry,weak_expert,4,0.32745015730262633,1,weak_1_vote,1,1,0,0,1,1.0,dry1_wet0_unknown0,only_1_evaluator,0,0,logistic_regression__C0.001__pca128__no_whiten__gold1__wetcost1,False,1.0,1.0
be265d6b-9bc3-4499-a099-940ad4479dde,0,dry,weak_expert,4,0.640739721828188,1,weak_1_vote,1,1,0,0,1,1.0,dry1_wet0_unknown0,only_1_evaluator,1,1,logistic_regression__C0.001__pca128__no_whiten__gold1__wetcost1,False,1.0,1.0
beb10920-1bf0-42af-ada7-b73e73919bfa,0,dry,weak_expert,4,0.4617987532382862,1,weak_1_vote,1,1,0,0,1,1.0,dry1_wet0_unknown0,only_1_evaluator,0,0,logistic_regression__C0.001__pca128__no_whiten__gold1__wetcost1,False,1.0,1.0
bfeb3880-a9bc-438e-b171-f467ba93087d,0,dry,weak_expert,4,0.37379435558394813,1,weak_1_vote,1,1,0,0,1,1.0,dry1_wet0_unknown0,only_1_evaluator,0,0,logistic_regression__C0.001__pca128__no_whiten__gold1__wetcost1,False,1.0,1.0
c0687f80-4d3b-473e-9cd5-7ade1b43f528,0,dry,weak_expert,4,0.28334203736523755,1,weak_1_vote,1,1,0,0,1,1.0,dry1_wet0_unknown0,only_1_evaluator,0,0,logistic_regression__C0.001__pca128__no_whiten__gold1__wetcost1,False,1.0,1.0
c07264af-0bcb-41b6-9322-cdd1fb2d654f,0,dry,weak_expert,4,0.42039860227692766,1,weak_1_vote,1,1,0,0,1,1.0,dry1_wet0_unknown0,only_1_evaluator,0,0,logistic_regression__C0.001__pca128__no_whiten__gold1__wetcost1,False,1.0,1.0
c233a7a1-c6d8-4f5f-8f87-bfd180c6d32e,0,dry,weak_expert,4,0.8160354309861053,1,weak_1_vote,1,1,0,0,1,1.0,dry1_wet0_unknown0,only_1_evaluator,1,1,logistic_regression__C0.001__pca128__no_whiten__gold1__wetcost1,False,1.0,1.0
c2925320-df66-4a25-8309-3f1cca3dc37e,0,dry,weak_expert,4,0.349962280154879,1,weak_1_vote,1,1,0,0,1,1.0,dry1_wet0_unknown0,only_1_evaluator,0,0,logistic_regression__C0.001__pca128__no_whiten__gold1__wetcost1,False,1.0,1.0
c36e8c36-3dfb-4ffd-98e2-118b6d58febf,0,dry,weak_expert,4,0.3698171318714082,1,weak_1_vote,1,1,0,0,1,1.0,dry1_wet0_unknown0,only_1_evaluator,0,0,logistic_regression__C0.001__pca128__no_whiten__gold1__wetcost1,False,1.0,1.0
c3cec81d-ff60-4b2b-a3ba-9ff86f268ea2,0,dry,weak_expert,4,0.895735296036734,1,weak_1_vote,1,1,0,0,1,1.0,dry1_wet0_unknown0,only_1_evaluator,1,1,logistic_regression__C0.001__pca128__no_whiten__gold1__wetcost1,False,1.0,1.0
c5260e7e-c927-464a-8946-bf1559afa0cf,0,dry,weak_expert,4,0.34229268303333477,1,weak_1_vote,1,1,0,0,1,1.0,dry1_wet0_unknown0,only_1_evaluator,0,0,logistic_regression__C0.001__pca128__no_whiten__gold1__wetcost1,False,1.0,1.0
c52cae2c-3250-45e4-9c3a-4cfb08ef9c98,0,dry,weak_expert,4,0.4300619945341772,1,weak_1_vote,1,1,0,0,1,1.0,dry1_wet0_unknown0,only_1_evaluator,0,0,logistic_regression__C0.001__pca128__no_whiten__gold1__wetcost1,False,1.0,1.0
c54e2543-7e25-4a57-83fe-6b227220d00c,0,dry,weak_expert,4,0.5349009932644816,1,weak_1_vote,1,1,0,0,1,1.0,dry1_wet0_unknown0,only_1_evaluator,0,1,logistic_regression__C0.001__pca128__no_whiten__gold1__wetcost1,False,1.0,1.0
c55e4ac5-03f1-4432-ada6-be2c30e76bcb,0,dry,weak_expert,4,0.3373931944895354,1,weak_1_vote,1,1,0,0,1,1.0,dry1_wet0_unknown0,only_1_evaluator,0,0,logistic_regression__C0.001__pca128__no_whiten__gold1__wetcost1,False,1.0,1.0
c6fb2de6-86a6-4704-b267-11c0031431f2,0,dry,weak_expert,4,0.7315526407975838,1,weak_1_vote,1,1,0,0,1,1.0,dry1_wet0_unknown0,only_1_evaluator,1,1,logistic_regression__C0.001__pca128__no_whiten__gold1__wetcost1,False,1.0,1.0
c99bf408-50b8-48ba-984f-18fe7da1b484,0,dry,weak_expert,4,0.5025269950880243,1,weak_1_vote,1,1,0,0,1,1.0,dry1_wet0_unknown0,only_1_evaluator,0,1,logistic_regression__C0.001__pca128__no_whiten__gold1__wetcost1,False,1.0,1.0
ca4579a8-d65b-42aa-8fdf-1108e3b0323e,0,dry,weak_expert,4,0.7030839533243463,1,weak_1_vote,1,1,0,0,1,1.0,dry1_wet0_unknown0,only_1_evaluator,1,1,logistic_regression__C0.001__pca128__no_whiten__gold1__wetcost1,False,1.0,1.0
ca4c72fb-627d-4cd4-9120-ce93f05dcb56,0,dry,weak_expert,4,0.4656746773294869,1,weak_1_vote,1,1,0,0,1,1.0,dry1_wet0_unknown0,only_1_evaluator,0,0,logistic_regression__C0.001__pca128__no_whiten__gold1__wetcost1,False,1.0,1.0
ca81325c-1dc0-49ad-94cf-0b7d5b7f3a4a,0,dry,weak_expert,4,0.35298667168080106,1,weak_1_vote,1,1,0,0,1,1.0,dry1_wet0_unknown0,only_1_evaluator,0,0,logistic_regression__C0.001__pca128__no_whiten__gold1__wetcost1,False,1.0,1.0
caf07708-037e-44b8-b4f9-abeb76b237f2,0,dry,weak_expert,4,0.6774100613226613,1,weak_1_vote,1,1,0,0,1,1.0,dry1_wet0_unknown0,only_1_evaluator,1,1,logistic_regression__C0.001__pca128__no_whiten__gold1__wetcost1,False,1.0,1.0
caf4e7ea-513a-4f81-941a-56e28c49fb6d,0,dry,weak_expert,4,0.8324439551141831,1,weak_1_vote,1,1,0,0,1,1.0,dry1_wet0_unknown0,only_1_evaluator,1,1,logistic_regression__C0.001__pca128__no_whiten__gold1__wetcost1,False,1.0,1.0
cbe792ac-397c-4b38-91d3-043fef882f90,0,dry,weak_expert,4,0.7163190148554625,1,weak_1_vote,1,1,0,0,1,1.0,dry1_wet0_unknown0,only_1_evaluator,1,1,logistic_regression__C0.001__pca128__no_whiten__gold1__wetcost1,False,1.0,1.0
ce0c319b-da2c-4f90-9050-108a8156acb5,0,dry,weak_expert,4,0.4684323931286093,1,weak_1_vote,1,1,0,0,1,1.0,dry1_wet0_unknown0,only_1_evaluator,0,0,logistic_regression__C0.001__pca128__no_whiten__gold1__wetcost1,False,1.0,1.0
cf701e11-d828-45d4-ad04-ceceb7920886,0,dry,weak_expert,4,0.47291396726545026,1,weak_1_vote,1,1,0,0,1,1.0,dry1_wet0_unknown0,only_1_evaluator,0,0,logistic_regression__C0.001__pca128__no_whiten__gold1__wetcost1,False,1.0,1.0
cfecb0d8-defc-4875-afad-427f964ce2f3,0,dry,weak_expert,4,0.6252078043460643,1,weak_1_vote,1,1,0,0,1,1.0,dry1_wet0_unknown0,only_1_evaluator,1,1,logistic_regression__C0.001__pca128__no_whiten__gold1__wetcost1,False,1.0,1.0
d085181f-cd24-464a-9bd2-b8fe313d2321,0,dry,weak_expert,4,0.4783296450962216,1,weak_1_vote,1,1,0,0,1,1.0,dry1_wet0_unknown0,only_1_evaluator,0,0,logistic_regression__C0.001__pca128__no_whiten__gold1__wetcost1,False,1.0,1.0
d297b163-1de9-42b1-abf5-ee9ca659377f,0,dry,weak_expert,4,0.38810303503843646,1,weak_1_vote,1,1,0,0,1,1.0,dry1_wet0_unknown0,only_1_evaluator,0,0,logistic_regression__C0.001__pca128__no_whiten__gold1__wetcost1,False,1.0,1.0
d446bc98-e79e-41a7-9311-010b43c3f943,0,dry,weak_expert,4,0.30846782052300364,1,weak_1_vote,1,1,0,0,1,1.0,dry1_wet0_unknown0,only_1_evaluator,0,0,logistic_regression__C0.001__pca128__no_whiten__gold1__wetcost1,False,1.0,1.0
d474b19c-bc88-4c58-8cfc-5bca2308077c,0,dry,weak_expert,4,0.31856791494202125,1,weak_1_vote,1,1,0,0,1,1.0,dry1_wet0_unknown0,only_1_evaluator,0,0,logistic_regression__C0.001__pca128__no_whiten__gold1__wetcost1,False,1.0,1.0
d5a1411d-d312-44b1-a37d-a387ec13df1a,0,dry,gold_expert,4,0.5738913750281618,1,gold_4_of_4,4,4,0,0,4,1.0,dry4_wet0_unknown0,4_evaluators_unanimous,1,1,logistic_regression__C0.001__pca128__no_whiten__gold1__wetcost1,False,1.0,1.0
d5c506d9-9b17-4886-b5b3-999f8ee8060a,0,dry,weak_expert,4,0.4122887304974125,1,weak_1_vote,1,1,0,0,1,1.0,dry1_wet0_unknown0,only_1_evaluator,0,0,logistic_regression__C0.001__pca128__no_whiten__gold1__wetcost1,False,1.0,1.0
d64010f8-4dd5-45ce-8f3e-07335b3c4143,0,dry,weak_expert,4,0.546005026447722,1,weak_1_vote,1,1,0,0,1,1.0,dry1_wet0_unknown0,only_1_evaluator,1,1,logistic_regression__C0.001__pca128__no_whiten__gold1__wetcost1,False,1.0,1.0
d6d428e1-3829-41e9-aa09-5f05e5eb058b,0,dry,weak_expert,4,0.39553946908416376,1,weak_1_vote,1,1,0,0,1,1.0,dry1_wet0_unknown0,only_1_evaluator,0,0,logistic_regression__C0.001__pca128__no_whiten__gold1__wetcost1,False,1.0,1.0
d9936aee-41cf-4917-a02e-99b76db504c9,0,dry,gold_expert,4,0.6893709472057133,1,gold_3_of_4,4,3,0,1,3,0.75,dry3_wet0_unknown1,3_of_4_agree,1,1,logistic_regression__C0.001__pca128__no_whiten__gold1__wetcost1,False,1.0,1.0
d9fb1d7c-a659-4194-831e-1a0110f57215,0,dry,weak_expert,4,0.5727158611883123,1,weak_1_vote,1,1,0,0,1,1.0,dry1_wet0_unknown0,only_1_evaluator,1,1,logistic_regression__C0.001__pca128__no_whiten__gold1__wetcost1,False,1.0,1.0
da1fad02-0141-4cbb-96bd-408bad5641b0,0,dry,weak_expert,4,0.3789610805055165,1,weak_1_vote,1,1,0,0,1,1.0,dry1_wet0_unknown0,only_1_evaluator,0,0,logistic_regression__C0.001__pca128__no_whiten__gold1__wetcost1,False,1.0,1.0
de39c600-5209-4974-954b-0a07f2ed4b6e,0,dry,weak_expert,4,0.6490663568166164,1,weak_1_vote,1,1,0,0,1,1.0,dry1_wet0_unknown0,only_1_evaluator,1,1,logistic_regression__C0.001__pca128__no_whiten__gold1__wetcost1,False,1.0,1.0
dea47426-a6cb-4ab4-a3aa-8dad29db8183,0,dry,weak_expert,4,0.6623952370867814,1,weak_1_vote,1,1,0,0,1,1.0,dry1_wet0_unknown0,only_1_evaluator,1,1,logistic_regression__C0.001__pca128__no_whiten__gold1__wetcost1,False,1.0,1.0
deb2972a-cee8-42f2-8cde-0639c71dda23,0,dry,weak_expert,4,0.49534007045389433,1,weak_1_vote,1,1,0,0,1,1.0,dry1_wet0_unknown0,only_1_evaluator,0,0,logistic_regression__C0.001__pca128__no_whiten__gold1__wetcost1,False,1.0,1.0
df09794b-095c-4ae9-8968-945ccc7b5668,0,dry,weak_expert,4,0.3170228668635455,1,weak_1_vote,1,1,0,0,1,1.0,dry1_wet0_unknown0,only_1_evaluator,0,0,logistic_regression__C0.001__pca128__no_whiten__gold1__wetcost1,False,1.0,1.0
df9cd86e-9e40-4da9-8291-3bc7f86b33f2,0,dry,weak_expert,4,0.39252320131128626,1,weak_1_vote,1,1,0,0,1,1.0,dry1_wet0_unknown0,only_1_evaluator,0,0,logistic_regression__C0.001__pca128__no_whiten__gold1__wetcost1,False,1.0,1.0
e206e88e-4a9e-4eab-b9c3-f1d5ed807c96,0,dry,weak_expert,4,0.5983658814242343,1,weak_1_vote,1,1,0,0,1,1.0,dry1_wet0_unknown0,only_1_evaluator,1,1,logistic_regression__C0.001__pca128__no_whiten__gold1__wetcost1,False,1.0,1.0
e339c45d-998d-4f9b-a8f4-300a63985aa2,0,dry,weak_expert,4,0.28215820183713636,1,weak_1_vote,1,1,0,0,1,1.0,dry1_wet0_unknown0,only_1_evaluator,0,0,logistic_regression__C0.001__pca128__no_whiten__gold1__wetcost1,False,1.0,1.0
e4739ce1-f3e5-4af2-adb5-98f022c50bf7,0,dry,weak_expert,4,0.5261574526099378,1,weak_1_vote,1,1,0,0,1,1.0,dry1_wet0_unknown0,only_1_evaluator,0,1,logistic_regression__C0.001__pca128__no_whiten__gold1__wetcost1,False,1.0,1.0
e64c0647-d3b9-47c0-8da6-09c1895ef9f1,0,dry,weak_expert,4,0.45776208052773304,1,weak_1_vote,1,1,0,0,1,1.0,dry1_wet0_unknown0,only_1_evaluator,0,0,logistic_regression__C0.001__pca128__no_whiten__gold1__wetcost1,False,1.0,1.0
e7bd9488-4878-404b-bc30-da40ac705462,0,dry,weak_expert,4,0.44998095452296377,1,weak_1_vote,1,1,0,0,1,1.0,dry1_wet0_unknown0,only_1_evaluator,0,0,logistic_regression__C0.001__pca128__no_whiten__gold1__wetcost1,False,1.0,1.0
e80023d9-392a-407a-9580-9c66eb45d7bd,0,dry,weak_expert,4,0.5535205643999421,1,weak_1_vote,1,1,0,0,1,1.0,dry1_wet0_unknown0,only_1_evaluator,1,1,logistic_regression__C0.001__pca128__no_whiten__gold1__wetcost1,False,1.0,1.0
e8759970-c5b4-4d2a-a71c-d08ee83f482a,0,dry,weak_expert,4,0.4322347759902724,1,weak_1_vote,1,1,0,0,1,1.0,dry1_wet0_unknown0,only_1_evaluator,0,0,logistic_regression__C0.001__pca128__no_whiten__gold1__wetcost1,False,1.0,1.0
e8f9178e-30b1-45b8-bde1-b4f00c4b4883,0,dry,weak_expert,4,0.1986873724189707,1,weak_1_vote,1,1,0,0,1,1.0,dry1_wet0_unknown0,only_1_evaluator,0,0,logistic_regression__C0.001__pca128__no_whiten__gold1__wetcost1,False,1.0,1.0
e92ed6f0-70a8-425f-8dee-1b0443381224,0,dry,weak_expert,4,0.6127449182294311,1,weak_1_vote,1,1,0,0,1,1.0,dry1_wet0_unknown0,only_1_evaluator,1,1,logistic_regression__C0.001__pca128__no_whiten__gold1__wetcost1,False,1.0,1.0
e9ac8c20-f223-4225-8e17-bd524ecb0a68,0,dry,weak_expert,4,0.5446639484415476,1,weak_1_vote,1,1,0,0,1,1.0,dry1_wet0_unknown0,only_1_evaluator,0,1,logistic_regression__C0.001__pca128__no_whiten__gold1__wetcost1,False,1.0,1.0
e9b6c992-e63c-446d-8c92-e7e62209b6a1,0,dry,weak_expert,4,0.39875810258185257,1,weak_1_vote,1,1,0,0,1,1.0,dry1_wet0_unknown0,only_1_evaluator,0,0,logistic_regression__C0.001__pca128__no_whiten__gold1__wetcost1,False,1.0,1.0
e9bf0a5a-ff96-480b-a54a-f647143e1d6f,0,dry,gold_expert,4,0.3286555111525904,1,gold_3_of_4,4,3,0,1,3,0.75,dry3_wet0_unknown1,3_of_4_agree,0,0,logistic_regression__C0.001__pca128__no_whiten__gold1__wetcost1,False,1.0,1.0
eaed556e-e896-4e43-baca-a8bd7b127e92,0,dry,weak_expert,4,0.3338474118441325,1,weak_1_vote,1,1,0,0,1,1.0,dry1_wet0_unknown0,only_1_evaluator,0,0,logistic_regression__C0.001__pca128__no_whiten__gold1__wetcost1,False,1.0,1.0
ec041149-b613-4b8b-823e-1bed1d6dc6e0,0,dry,weak_expert,4,0.41887654947338576,1,weak_1_vote,1,1,0,0,1,1.0,dry1_wet0_unknown0,only_1_evaluator,0,0,logistic_regression__C0.001__pca128__no_whiten__gold1__wetcost1,False,1.0,1.0
ee28fdd9-6f0a-4c52-bb38-c8c43f24a669,0,dry,weak_expert,4,0.6148439289773079,1,weak_1_vote,1,1,0,0,1,1.0,dry1_wet0_unknown0,only_1_evaluator,1,1,logistic_regression__C0.001__pca128__no_whiten__gold1__wetcost1,False,1.0,1.0
f18bb6f5-90c1-492e-8030-d95acd72b146,0,dry,weak_expert,4,0.44411290473776927,1,weak_1_vote,1,1,0,0,1,1.0,dry1_wet0_unknown0,only_1_evaluator,0,0,logistic_regression__C0.001__pca128__no_whiten__gold1__wetcost1,False,1.0,1.0
f3bdd3ab-aac5-42ca-9c3e-36475ee47349,0,dry,weak_expert,4,0.47677602644139633,1,weak_1_vote,1,1,0,0,1,1.0,dry1_wet0_unknown0,only_1_evaluator,0,0,logistic_regression__C0.001__pca128__no_whiten__gold1__wetcost1,False,1.0,1.0
f4e4e818-c210-4c9e-bdca-c1cf1af1e144,0,dry,weak_expert,4,0.5174470107539827,1,weak_1_vote,1,1,0,0,1,1.0,dry1_wet0_unknown0,only_1_evaluator,0,1,logistic_regression__C0.001__pca128__no_whiten__gold1__wetcost1,False,1.0,1.0
f5231767-4f81-4b7a-bace-c6eae80fe56c,0,dry,weak_expert,4,0.3469198454556344,1,weak_1_vote,1,1,0,0,1,1.0,dry1_wet0_unknown0,only_1_evaluator,0,0,logistic_regression__C0.001__pca128__no_whiten__gold1__wetcost1,False,1.0,1.0
f5d1d24e-13ed-46f6-9f68-516ae92414b7,0,dry,weak_expert,4,0.2749298475578191,1,weak_1_vote,1,1,0,0,1,1.0,dry1_wet0_unknown0,only_1_evaluator,0,0,logistic_regression__C0.001__pca128__no_whiten__gold1__wetcost1,False,1.0,1.0
f7c229bd-ed49-40d5-a1bc-837ea7b66bd0,0,dry,weak_expert,4,0.735684918225558,1,weak_1_vote,1,1,0,0,1,1.0,dry1_wet0_unknown0,only_1_evaluator,1,1,logistic_regression__C0.001__pca128__no_whiten__gold1__wetcost1,False,1.0,1.0
fb6e4eac-fba3-4ab4-95ae-53488da9b68b,0,dry,weak_expert,4,0.4217769280392613,1,weak_1_vote,1,1,0,0,1,1.0,dry1_wet0_unknown0,only_1_evaluator,0,0,logistic_regression__C0.001__pca128__no_whiten__gold1__wetcost1,False,1.0,1.0
fbe16432-b3f6-4d2e-b414-ae83660414a8,0,dry,weak_expert,4,0.3613170972294455,1,weak_1_vote,1,1,0,0,1,1.0,dry1_wet0_unknown0,only_1_evaluator,0,0,logistic_regression__C0.001__pca128__no_whiten__gold1__wetcost1,False,1.0,1.0
ffa718e8-da65-4602-8da8-cda7cdc568f2,0,dry,weak_expert,4,0.4205546979724738,1,weak_1_vote,1,1,0,0,1,1.0,dry1_wet0_unknown0,only_1_evaluator,0,0,logistic_regression__C0.001__pca128__no_whiten__gold1__wetcost1,False,1.0,1.0
018b40a1-c109-459a-9e31-86cbd2cb3918,1,wet,weak_expert,4,0.6610959225137423,1,weak_1_vote,1,0,1,0,1,1.0,dry0_wet1_unknown0,only_1_evaluator,1,1,logistic_regression__C0.001__pca128__no_whiten__gold1__wetcost1,False,1.0,1.0
0527be95-d7f1-4156-8e37-1587355661ca,1,wet,weak_expert,4,0.581963412730622,1,weak_1_vote,1,0,1,0,1,1.0,dry0_wet1_unknown0,only_1_evaluator,1,1,logistic_regression__C0.001__pca128__no_whiten__gold1__wetcost1,False,1.0,1.0
0640716b-e287-4181-a653-5b798e8308c8,1,wet,weak_expert,4,0.5564392881870187,1,weak_1_vote,1,0,1,0,1,1.0,dry0_wet1_unknown0,only_1_evaluator,1,1,logistic_regression__C0.001__pca128__no_whiten__gold1__wetcost1,False,1.0,1.0
06b568b5-b9f8-4334-816c-c16009bb5de7,1,wet,weak_expert,4,0.5477999532164037,1,weak_1_vote,1,0,1,0,1,1.0,dry0_wet1_unknown0,only_1_evaluator,1,1,logistic_regression__C0.001__pca128__no_whiten__gold1__wetcost1,False,1.0,1.0
06e989e7-b76d-4a36-8c5c-c59ef0d9d663,1,wet,weak_expert,4,0.5825110152941494,1,weak_1_vote,1,0,1,0,1,1.0,dry0_wet1_unknown0,only_1_evaluator,1,1,logistic_regression__C0.001__pca128__no_whiten__gold1__wetcost1,False,1.0,1.0
0b6ea0b5-e036-43ca-8462-d128f6232bdf,1,wet,weak_expert,4,0.8457674954196898,1,weak_1_vote,1,0,1,0,1,1.0,dry0_wet1_unknown0,only_1_evaluator,1,1,logistic_regression__C0.001__pca128__no_whiten__gold1__wetcost1,False,1.0,1.0
0dcae895-e7c6-4e47-a399-29f22b37e075,1,wet,weak_expert,4,0.2708179592122261,1,weak_1_vote,1,0,1,0,1,1.0,dry0_wet1_unknown0,only_1_evaluator,0,0,logistic_regression__C0.001__pca128__no_whiten__gold1__wetcost1,False,1.0,1.0
10aed3ae-9ec1-4041-bac6-90b1d4634aee,1,wet,weak_expert,4,0.8369817876949042,1,weak_1_vote,1,0,1,0,1,1.0,dry0_wet1_unknown0,only_1_evaluator,1,1,logistic_regression__C0.001__pca128__no_whiten__gold1__wetcost1,False,1.0,1.0
1a324acb-12f7-4eef-8e8c-0c71a47280e2,1,wet,weak_expert,4,0.3693036918403087,1,weak_1_vote,1,0,1,0,1,1.0,dry0_wet1_unknown0,only_1_evaluator,0,0,logistic_regression__C0.001__pca128__no_whiten__gold1__wetcost1,False,1.0,1.0
1c7f79d6-70bb-4558-b5a9-0c94c9418610,1,wet,weak_expert,4,0.5576717899487509,1,weak_1_vote,1,0,1,0,1,1.0,dry0_wet1_unknown0,only_1_evaluator,1,1,logistic_regression__C0.001__pca128__no_whiten__gold1__wetcost1,False,1.0,1.0
1c8853d4-5a0b-425e-b211-d20b2d16e35d,1,wet,weak_expert,4,0.8809371751703357,1,weak_1_vote,1,0,1,0,1,1.0,dry0_wet1_unknown0,only_1_evaluator,1,1,logistic_regression__C0.001__pca128__no_whiten__gold1__wetcost1,False,1.0,1.0
1e4aef1f-a0d0-414b-8f09-b588a455111c,1,wet,weak_expert,4,0.9059557049219135,1,weak_1_vote,1,0,1,0,1,1.0,dry0_wet1_unknown0,only_1_evaluator,1,1,logistic_regression__C0.001__pca128__no_whiten__gold1__wetcost1,False,1.0,1.0
1f6a497a-7d48-4db2-be34-c7760e427427,1,wet,weak_expert,4,0.8497013291395286,1,weak_1_vote,1,0,1,0,1,1.0,dry0_wet1_unknown0,only_1_evaluator,1,1,logistic_regression__C0.001__pca128__no_whiten__gold1__wetcost1,False,1.0,1.0
213aff15-681f-4f36-a001-07dd623161d3,1,wet,weak_expert,4,0.3935915403337515,1,weak_1_vote,1,0,1,0,1,1.0,dry0_wet1_unknown0,only_1_evaluator,0,0,logistic_regression__C0.001__pca128__no_whiten__gold1__wetcost1,False,1.0,1.0
22002ad7-3fb5-47d7-8987-e3cdc0931439,1,wet,weak_expert,4,0.8268616291628348,1,weak_1_vote,1,0,1,0,1,1.0,dry0_wet1_unknown0,only_1_evaluator,1,1,logistic_regression__C0.001__pca128__no_whiten__gold1__wetcost1,False,1.0,1.0
244d35b5-565c-4a3b-a1bd-baa8f899f9d2,1,wet,weak_expert,4,0.5901658624819734,1,weak_1_vote,1,0,1,0,1,1.0,dry0_wet1_unknown0,only_1_evaluator,1,1,logistic_regression__C0.001__pca128__no_whiten__gold1__wetcost1,False,1.0,1.0
28cb1fbb-ff5a-4ab6-b676-0d3d0e8c9235,1,wet,weak_expert,4,0.8471118211409766,1,weak_1_vote,1,0,1,0,1,1.0,dry0_wet1_unknown0,only_1_evaluator,1,1,logistic_regression__C0.001__pca128__no_whiten__gold1__wetcost1,False,1.0,1.0
28de837b-8dbf-43a8-a90f-04e644a04933,1,wet,weak_expert,4,0.7505368683036304,1,weak_1_vote,1,0,1,0,1,1.0,dry0_wet1_unknown0,only_1_evaluator,1,1,logistic_regression__C0.001__pca128__no_whiten__gold1__wetcost1,False,1.0,1.0
2e349a58-b119-4b15-8b3f-5a5c6416bca4,1,wet,weak_expert,4,0.5030897320541153,1,weak_1_vote,1,0,1,0,1,1.0,dry0_wet1_unknown0,only_1_evaluator,0,1,logistic_regression__C0.001__pca128__no_whiten__gold1__wetcost1,False,1.0,1.0
35244796-18c5-4825-ac49-90235ff885fc,1,wet,weak_expert,4,0.42274541053143594,1,weak_1_vote,1,0,1,0,1,1.0,dry0_wet1_unknown0,only_1_evaluator,0,0,logistic_regression__C0.001__pca128__no_whiten__gold1__wetcost1,False,1.0,1.0
3a3b515b-fde5-4208-bb1c-c24de372c9e7,1,wet,weak_expert,4,0.5310770855475084,1,weak_1_vote,1,0,1,0,1,1.0,dry0_wet1_unknown0,only_1_evaluator,0,1,logistic_regression__C0.001__pca128__no_whiten__gold1__wetcost1,False,1.0,1.0
42ee475c-2a4b-48f0-b33e-9a5f57000770,1,wet,weak_expert,4,0.30849509258265695,1,weak_1_vote,1,0,1,0,1,1.0,dry0_wet1_unknown0,only_1_evaluator,0,0,logistic_regression__C0.001__pca128__no_whiten__gold1__wetcost1,False,1.0,1.0
478adaaa-cc6a-487d-a842-a30af37aa4d0,1,wet,weak_expert,4,0.80188350790089,1,weak_1_vote,1,0,1,0,1,1.0,dry0_wet1_unknown0,only_1_evaluator,1,1,logistic_regression__C0.001__pca128__no_whiten__gold1__wetcost1,False,1.0,1.0
47b5e63d-17ff-4f39-a8d6-f1d711992913,1,wet,weak_expert,4,0.7095455617811044,1,weak_1_vote,1,0,1,0,1,1.0,dry0_wet1_unknown0,only_1_evaluator,1,1,logistic_regression__C0.001__pca128__no_whiten__gold1__wetcost1,False,1.0,1.0
47ceafde-45d9-4bb6-881a-5ef866fa908d,1,wet,weak_expert,4,0.7059810506462371,1,weak_1_vote,1,0,1,0,1,1.0,dry0_wet1_unknown0,only_1_evaluator,1,1,logistic_regression__C0.001__pca128__no_whiten__gold1__wetcost1,False,1.0,1.0
49c952bf-0654-4baa-a67f-363745f146de,1,wet,weak_expert,4,0.2850246989247257,1,weak_1_vote,1,0,1,0,1,1.0,dry0_wet1_unknown0,only_1_evaluator,0,0,logistic_regression__C0.001__pca128__no_whiten__gold1__wetcost1,False,1.0,1.0
4b22dc75-caee-40a8-84da-d3bc8f4eca69,1,wet,weak_expert,4,0.40573017164710784,1,weak_1_vote,1,0,1,0,1,1.0,dry0_wet1_unknown0,only_1_evaluator,0,0,logistic_regression__C0.001__pca128__no_whiten__gold1__wetcost1,False,1.0,1.0
4c98548d-6e9e-4832-8b77-b7af79c9e987,1,wet,weak_expert,4,0.6864121597263657,1,weak_1_vote,1,0,1,0,1,1.0,dry0_wet1_unknown0,only_1_evaluator,1,1,logistic_regression__C0.001__pca128__no_whiten__gold1__wetcost1,False,1.0,1.0
51a9ade4-721c-4a75-ab33-57e68f425a42,1,wet,weak_expert,4,0.4429461152645805,1,weak_1_vote,1,0,1,0,1,1.0,dry0_wet1_unknown0,only_1_evaluator,0,0,logistic_regression__C0.001__pca128__no_whiten__gold1__wetcost1,False,1.0,1.0
53d69964-ae7d-4ccc-a297-91a9b21c772e,1,wet,weak_expert,4,0.494031775852693,1,weak_1_vote,1,0,1,0,1,1.0,dry0_wet1_unknown0,only_1_evaluator,0,0,logistic_regression__C0.001__pca128__no_whiten__gold1__wetcost1,False,1.0,1.0
58a9d260-53d9-4ba6-b7d4-3e7357412426,1,wet,weak_expert,4,0.6278273509399532,1,weak_1_vote,1,0,1,0,1,1.0,dry0_wet1_unknown0,only_1_evaluator,1,1,logistic_regression__C0.001__pca128__no_whiten__gold1__wetcost1,False,1.0,1.0
62de2524-c400-459b-98a2-746e0ed84eb2,1,wet,weak_expert,4,0.880501324805772,1,weak_1_vote,1,0,1,0,1,1.0,dry0_wet1_unknown0,only_1_evaluator,1,1,logistic_regression__C0.001__pca128__no_whiten__gold1__wetcost1,False,1.0,1.0
636c468c-d6db-4a7d-8e0e-31c7f68baa49,1,wet,weak_expert,4,0.8833177162048492,1,weak_1_vote,1,0,1,0,1,1.0,dry0_wet1_unknown0,only_1_evaluator,1,1,logistic_regression__C0.001__pca128__no_whiten__gold1__wetcost1,False,1.0,1.0
63acc1aa-2087-4c46-b0a8-56d38a3b1b10,1,wet,weak_expert,4,0.3237491288419275,1,weak_1_vote,1,0,1,0,1,1.0,dry0_wet1_unknown0,only_1_evaluator,0,0,logistic_regression__C0.001__pca128__no_whiten__gold1__wetcost1,False,1.0,1.0
7240dc44-c2c7-4a09-bb78-e4297d1462ba,1,wet,weak_expert,4,0.4885913674733811,1,weak_1_vote,1,0,1,0,1,1.0,dry0_wet1_unknown0,only_1_evaluator,0,0,logistic_regression__C0.001__pca128__no_whiten__gold1__wetcost1,False,1.0,1.0
731cbe07-5754-46cf-bb5c-873a670cd5d7,1,wet,weak_expert,4,0.8636503145938329,1,weak_1_vote,1,0,1,0,1,1.0,dry0_wet1_unknown0,only_1_evaluator,1,1,logistic_regression__C0.001__pca128__no_whiten__gold1__wetcost1,False,1.0,1.0
733b0db4-aec3-4afa-a7fc-7e29e0c9403c,1,wet,weak_expert,4,0.7999151787567985,1,weak_1_vote,1,0,1,0,1,1.0,dry0_wet1_unknown0,only_1_evaluator,1,1,logistic_regression__C0.001__pca128__no_whiten__gold1__wetcost1,False,1.0,1.0
76095239-daab-4439-84fe-8f869f743eff,1,wet,weak_expert,4,0.5149468426755283,1,weak_1_vote,1,0,1,0,1,1.0,dry0_wet1_unknown0,only_1_evaluator,0,1,logistic_regression__C0.001__pca128__no_whiten__gold1__wetcost1,False,1.0,1.0
763abc17-c8f2-4e61-899e-4882f2b4e00e,1,wet,weak_expert,4,0.592496126516048,1,weak_1_vote,1,0,1,0,1,1.0,dry0_wet1_unknown0,only_1_evaluator,1,1,logistic_regression__C0.001__pca128__no_whiten__gold1__wetcost1,False,1.0,1.0
76e8a4af-709e-4311-ab93-135b90ffaf49,1,wet,weak_expert,4,0.5008018939694421,1,weak_1_vote,1,0,1,0,1,1.0,dry0_wet1_unknown0,only_1_evaluator,0,1,logistic_regression__C0.001__pca128__no_whiten__gold1__wetcost1,False,1.0,1.0
7e307ff5-00ca-4f25-bd20-1c1d2d3b9b47,1,wet,weak_expert,4,0.5425271458575561,1,weak_1_vote,1,0,1,0,1,1.0,dry0_wet1_unknown0,only_1_evaluator,0,1,logistic_regression__C0.001__pca128__no_whiten__gold1__wetcost1,False,1.0,1.0
7f796fc4-89d2-4858-8994-3c2cc72097b6,1,wet,weak_expert,4,0.779401333188123,1,weak_1_vote,1,0,1,0,1,1.0,dry0_wet1_unknown0,only_1_evaluator,1,1,logistic_regression__C0.001__pca128__no_whiten__gold1__wetcost1,False,1.0,1.0
80411c72-2727-40a3-a781-0d71f1bb717d,1,wet,weak_expert,4,0.7387263671102984,1,weak_1_vote,1,0,1,0,1,1.0,dry0_wet1_unknown0,only_1_evaluator,1,1,logistic_regression__C0.001__pca128__no_whiten__gold1__wetcost1,False,1.0,1.0
8200cbb2-14dd-440a-9943-1d9c6ce94768,1,wet,weak_expert,4,0.4723235529296641,1,weak_1_vote,1,0,1,0,1,1.0,dry0_wet1_unknown0,only_1_evaluator,0,0,logistic_regression__C0.001__pca128__no_whiten__gold1__wetcost1,False,1.0,1.0
8588cbcb-a7c2-47fe-bedf-734de9d855c8,1,wet,weak_expert,4,0.4079854613850443,1,weak_1_vote,1,0,1,0,1,1.0,dry0_wet1_unknown0,only_1_evaluator,0,0,logistic_regression__C0.001__pca128__no_whiten__gold1__wetcost1,False,1.0,1.0
8c9122bd-5601-48aa-865a-63db152a91df,1,wet,weak_expert,4,0.5144302875597411,1,weak_1_vote,1,0,1,0,1,1.0,dry0_wet1_unknown0,only_1_evaluator,0,1,logistic_regression__C0.001__pca128__no_whiten__gold1__wetcost1,False,1.0,1.0
8e472a6f-87ea-4c25-af3f-7bda3db7399d,1,wet,weak_expert,4,0.4454084770032754,1,weak_1_vote,1,0,1,0,1,1.0,dry0_wet1_unknown0,only_1_evaluator,0,0,logistic_regression__C0.001__pca128__no_whiten__gold1__wetcost1,False,1.0,1.0
92576934-e7b9-41bd-baee-5c6a9afc962e,1,wet,weak_expert,4,0.4714615966067505,1,weak_1_vote,1,0,1,0,1,1.0,dry0_wet1_unknown0,only_1_evaluator,0,0,logistic_regression__C0.001__pca128__no_whiten__gold1__wetcost1,False,1.0,1.0
95c41fec-38ea-4144-a071-22baf4981bdb,1,wet,weak_expert,4,0.7761645481259712,1,weak_1_vote,1,0,1,0,1,1.0,dry0_wet1_unknown0,only_1_evaluator,1,1,logistic_regression__C0.001__pca128__no_whiten__gold1__wetcost1,False,1.0,1.0
9639193c-1ada-4bc6-a5dc-6ea78064bb72,1,wet,weak_expert,4,0.4267412123935778,1,weak_1_vote,1,0,1,0,1,1.0,dry0_wet1_unknown0,only_1_evaluator,0,0,logistic_regression__C0.001__pca128__no_whiten__gold1__wetcost1,False,1.0,1.0
983d7e7d-7e21-43a3-8b5b-801374c6b529,1,wet,weak_expert,4,0.8156210314893738,1,weak_1_vote,1,0,1,0,1,1.0,dry0_wet1_unknown0,only_1_evaluator,1,1,logistic_regression__C0.001__pca128__no_whiten__gold1__wetcost1,False,1.0,1.0
994914cd-7e11-4f1e-b2c2-a0111f32307f,1,wet,weak_expert,4,0.43306623282699025,1,weak_1_vote,1,0,1,0,1,1.0,dry0_wet1_unknown0,only_1_evaluator,0,0,logistic_regression__C0.001__pca128__no_whiten__gold1__wetcost1,False,1.0,1.0
9d691598-b7e2-4d3b-a90a-afd4ab47abad,1,wet,weak_expert,4,0.6132833687579105,1,weak_1_vote,1,0,1,0,1,1.0,dry0_wet1_unknown0,only_1_evaluator,1,1,logistic_regression__C0.001__pca128__no_whiten__gold1__wetcost1,False,1.0,1.0
9e0490ff-2444-488a-8c01-400b958c9875,1,wet,weak_expert,4,0.6024356790502562,1,weak_1_vote,1,0,1,0,1,1.0,dry0_wet1_unknown0,only_1_evaluator,1,1,logistic_regression__C0.001__pca128__no_whiten__gold1__wetcost1,False,1.0,1.0
af511c3d-614c-4b89-abcf-8c9f9d2f9f3f,1,wet,weak_expert,4,0.5684381799475532,1,weak_1_vote,1,0,1,0,1,1.0,dry0_wet1_unknown0,only_1_evaluator,1,1,logistic_regression__C0.001__pca128__no_whiten__gold1__wetcost1,False,1.0,1.0
b4163e6f-5997-4e8b-8966-e70aeecbde91,1,wet,weak_expert,4,0.47088372927242594,1,weak_1_vote,1,0,1,0,1,1.0,dry0_wet1_unknown0,only_1_evaluator,0,0,logistic_regression__C0.001__pca128__no_whiten__gold1__wetcost1,False,1.0,1.0
b4cb0e7d-ee40-4088-8e82-21a910caa86a,1,wet,weak_expert,4,0.4363558957347039,1,weak_1_vote,1,0,1,0,1,1.0,dry0_wet1_unknown0,only_1_evaluator,0,0,logistic_regression__C0.001__pca128__no_whiten__gold1__wetcost1,False,1.0,1.0
c2e2039a-7bef-4430-907c-276de3fa44bb,1,wet,weak_expert,4,0.6791159261710116,1,weak_1_vote,1,0,1,0,1,1.0,dry0_wet1_unknown0,only_1_evaluator,1,1,logistic_regression__C0.001__pca128__no_whiten__gold1__wetcost1,False,1.0,1.0
c4bb2745-d354-46ec-983d-a14a4ff3bd86,1,wet,weak_expert,4,0.8140171976752877,1,weak_1_vote,1,0,1,0,1,1.0,dry0_wet1_unknown0,only_1_evaluator,1,1,logistic_regression__C0.001__pca128__no_whiten__gold1__wetcost1,False,1.0,1.0
c52f9edf-409b-46dc-8d99-b0b6e0e3a336,1,wet,weak_expert,4,0.5344672294837749,1,weak_1_vote,1,0,1,0,1,1.0,dry0_wet1_unknown0,only_1_evaluator,0,1,logistic_regression__C0.001__pca128__no_whiten__gold1__wetcost1,False,1.0,1.0
c7aebd2e-f4d8-4af7-82f5-f0d71f93cae2,1,wet,weak_expert,4,0.4754460042722861,1,weak_1_vote,1,0,1,0,1,1.0,dry0_wet1_unknown0,only_1_evaluator,0,0,logistic_regression__C0.001__pca128__no_whiten__gold1__wetcost1,False,1.0,1.0
cc3c1f82-0559-4ae6-bcbd-45a61a6178b0,1,wet,weak_expert,4,0.7296924706969922,1,weak_1_vote,1,0,1,0,1,1.0,dry0_wet1_unknown0,only_1_evaluator,1,1,logistic_regression__C0.001__pca128__no_whiten__gold1__wetcost1,False,1.0,1.0
ce02bd1b-5ef9-4840-a9b8-152ba4c8be70,1,wet,weak_expert,4,0.741981041663159,1,weak_1_vote,1,0,1,0,1,1.0,dry0_wet1_unknown0,only_1_evaluator,1,1,logistic_regression__C0.001__pca128__no_whiten__gold1__wetcost1,False,1.0,1.0
ceedfac8-9acb-4a08-97de-5fead70cd19e,1,wet,weak_expert,4,0.4770298935038676,1,weak_1_vote,1,0,1,0,1,1.0,dry0_wet1_unknown0,only_1_evaluator,0,0,logistic_regression__C0.001__pca128__no_whiten__gold1__wetcost1,False,1.0,1.0
d99023eb-d5f2-4693-95f6-047a6f0142b4,1,wet,weak_expert,4,0.4483099567877647,1,weak_1_vote,1,0,1,0,1,1.0,dry0_wet1_unknown0,only_1_evaluator,0,0,logistic_regression__C0.001__pca128__no_whiten__gold1__wetcost1,False,1.0,1.0
e43f8cad-6593-4258-b428-16671808e8d2,1,wet,weak_expert,4,0.5861362008228651,1,weak_1_vote,1,0,1,0,1,1.0,dry0_wet1_unknown0,only_1_evaluator,1,1,logistic_regression__C0.001__pca128__no_whiten__gold1__wetcost1,False,1.0,1.0
e4729edf-12e5-4ba9-883e-1114c32b90f0,1,wet,weak_expert,4,0.8422088162075679,1,weak_1_vote,1,0,1,0,1,1.0,dry0_wet1_unknown0,only_1_evaluator,1,1,logistic_regression__C0.001__pca128__no_whiten__gold1__wetcost1,False,1.0,1.0
ea454263-90d9-43f6-91d3-a82e80a18781,1,wet,weak_expert,4,0.36749946109055637,1,weak_1_vote,1,0,1,0,1,1.0,dry0_wet1_unknown0,only_1_evaluator,0,0,logistic_regression__C0.001__pca128__no_whiten__gold1__wetcost1,False,1.0,1.0
eeae6f7f-bebd-4d8f-9748-d7a59f7628d6,1,wet,weak_expert,4,0.5652608843485153,1,weak_1_vote,1,0,1,0,1,1.0,dry0_wet1_unknown0,only_1_evaluator,1,1,logistic_regression__C0.001__pca128__no_whiten__gold1__wetcost1,False,1.0,1.0
ef4098b8-f694-4b16-89df-c81df3ce4192,1,wet,weak_expert,4,0.7292900406938366,1,weak_1_vote,1,0,1,0,1,1.0,dry0_wet1_unknown0,only_1_evaluator,1,1,logistic_regression__C0.001__pca128__no_whiten__gold1__wetcost1,False,1.0,1.0
f0da0dd1-a4d1-47ac-bc31-e9c6ceb05e28,1,wet,gold_expert,4,0.8157927078094098,1,gold_4_of_4,4,0,4,0,4,1.0,dry0_wet4_unknown0,4_evaluators_unanimous,1,1,logistic_regression__C0.001__pca128__no_whiten__gold1__wetcost1,False,1.0,1.0
f4562a08-6124-4bca-8a0d-0bce0d0877a5,1,wet,weak_expert,4,0.36372449655875144,1,weak_1_vote,1,0,1,0,1,1.0,dry0_wet1_unknown0,only_1_evaluator,0,0,logistic_regression__C0.001__pca128__no_whiten__gold1__wetcost1,False,1.0,1.0
f63fdfe6-071c-480e-bbdb-85cc44accd49,1,wet,weak_expert,4,0.35384729103025897,1,weak_1_vote,1,0,1,0,1,1.0,dry0_wet1_unknown0,only_1_evaluator,0,0,logistic_regression__C0.001__pca128__no_whiten__gold1__wetcost1,False,1.0,1.0
f7f2f111-2861-4eda-a25e-ec6c90b87c2a,1,wet,weak_expert,4,0.5621694479202864,1,weak_1_vote,1,0,1,0,1,1.0,dry0_wet1_unknown0,only_1_evaluator,1,1,logistic_regression__C0.001__pca128__no_whiten__gold1__wetcost1,False,1.0,1.0
f99a8315-236c-483b-8222-449dea88604a,1,wet,weak_expert,4,0.8397889818249437,1,weak_1_vote,1,0,1,0,1,1.0,dry0_wet1_unknown0,only_1_evaluator,1,1,logistic_regression__C0.001__pca128__no_whiten__gold1__wetcost1,False,1.0,1.0
