uuid,original_uuid,uuid_segmento,fname,dataset_origin,label,stage1_target,stage1_inclusion,stage1_exclusion_reason,manual_review_decision,manual_review_has_cough,manual_review_decision_source,manual_review_completed,review_order,cough_detected,cough_type,cough_type_label,cough_type_name,cough_type_consensus,stage2_eligible,stage2_exclusion_reason,type_noise,fsd50k_official_split,audio_path,audio_relative_path,duration,start_time,end_time,labels,mids,title,uploader,license,license_id,license_allowed,license_rejection_reason,additional_non_hierarchical_labels,has_additional_non_hierarchical_labels,audio_profile,local_audio_status,local_paths,conflict_in_negative_directory,selection_status,manual_review_status,source_url,planned_transformations,attribution_text,labels_exact,file_size_bytes,sha256,sample_rate,channels,subtype,frames,duration_seconds,extraction_status,has_cough_si_no,notes,cough_rating_values,cough_rating_n_pp,cough_rating_n_pnp,cough_rating_n_uncertain,cough_rating_n_not_present,cough_rating_group
109638,109638,109638_seg_0,109638,FSD50K,1,1,True,,SI,True,blank_means_yes_by_declared_protocol,True,1,1,unknown,3,unknown,not_applicable_fsd50k,False,fsd50k_has_no_dry_wet_annotation,cough,train,C:\Users\Usuario\Desktop\UNI MARINA\master\TFM\FSD50K_DATA\FSD50K.dev_audio\FSD50K_cough_stage1_only\109638.wav,FSD50K_DATA/FSD50K.dev_audio/FSD50K_cough_stage1_only/109638.wav,4.3041496598639455,0.0,4.3041496598639455,"Cough,Respiratory_sounds","/m/01b_21,/m/09hlz4",FX - tos 2.wav,vinjatovix,http://creativecommons.org/licenses/by/3.0/,CC-BY-3.0,True,,,False,cough_with_expected_hierarchy_only,already_present,C:\Users\Usuario\Desktop\UNI MARINA\master\TFM\FSD50K_DATA\FSD50K.dev_audio\FSD50K_cough_stage1_only\109638.wav,False,selected_license_safe,recommended_random_audit,https://freesound.org/s/109638/,source WAV preserved; model preprocessing may resample to 16 kHz mono and extract features,"""FX - tos 2.wav"" by vinjatovix; Freesound ID 109638; CC-BY-3.0 (http://creativecommons.org/licenses/by/3.0/); accessed through FSD50K.",Cough|Respiratory_sounds,379704,9dce177cd4a7f012a05442795a60eb577050a0d4ca3cd6af3c4b1a9a7a5f5bf8,44100,1,PCM_16,189813,4.3041496598639455,extracted_and_validated,,,0.5|0.5,0,2,0,0,positive_agreement_without_two_pp
31748,31748,31748_seg_0,31748,FSD50K,1,1,True,,SI,True,blank_means_yes_by_declared_protocol,True,2,1,unknown,3,unknown,not_applicable_fsd50k,False,fsd50k_has_no_dry_wet_annotation,cough,train,C:\Users\Usuario\Desktop\UNI MARINA\master\TFM\FSD50K_DATA\FSD50K.dev_audio\FSD50K_cough_stage1_only\31748.wav,FSD50K_DATA/FSD50K.dev_audio/FSD50K_cough_stage1_only/31748.wav,3.4381632653061223,0.0,3.4381632653061223,"Cough,Respiratory_sounds","/m/01b_21,/m/09hlz4",Sneezing.wav,digifishmusic,http://creativecommons.org/licenses/by/3.0/,CC-BY-3.0,True,,,False,cough_with_expected_hierarchy_only,already_present,C:\Users\Usuario\Desktop\UNI MARINA\master\TFM\FSD50K_DATA\FSD50K.dev_audio\FSD50K_cough_stage1_only\31748.wav,False,selected_license_safe,recommended_random_audit,https://freesound.org/s/31748/,source WAV preserved; model preprocessing may resample to 16 kHz mono and extract features,"""Sneezing.wav"" by digifishmusic; Freesound ID 31748; CC-BY-3.0 (http://creativecommons.org/licenses/by/3.0/); accessed through FSD50K.",Cough|Respiratory_sounds,303324,3b70c558c74f3cb21e3ee308ce5d603ab81c6672034b63fd951f737bd0186fa1,44100,1,PCM_16,151623,3.4381632653061223,extracted_and_validated,,,1.0|1.0|0|-1,2,0,1,1,pp_agreement
55616,55616,55616_seg_0,55616,FSD50K,,,False,manual_review_no_audible_cough,NO,False,explicit_no_notes_column,True,3,1,unknown,3,unknown,not_applicable_fsd50k,False,fsd50k_has_no_dry_wet_annotation,cough,val,C:\Users\Usuario\Desktop\UNI MARINA\master\TFM\FSD50K_DATA\FSD50K.dev_audio\FSD50K_cough_stage1_only\55616.wav,FSD50K_DATA/FSD50K.dev_audio/FSD50K_cough_stage1_only/55616.wav,1.619591836734694,0.0,1.619591836734694,"Cough,Respiratory_sounds","/m/01b_21,/m/09hlz4",cough.mp3,stickbandit27,http://creativecommons.org/licenses/by/3.0/,CC-BY-3.0,True,,,False,cough_with_expected_hierarchy_only,already_present,C:\Users\Usuario\Desktop\UNI MARINA\master\TFM\FSD50K_DATA\FSD50K.dev_audio\FSD50K_cough_stage1_only\55616.wav,False,selected_license_safe,recommended_random_audit,https://freesound.org/s/55616/,source WAV preserved; model preprocessing may resample to 16 kHz mono and extract features,"""cough.mp3"" by stickbandit27; Freesound ID 55616; CC-BY-3.0 (http://creativecommons.org/licenses/by/3.0/); accessed through FSD50K.",Cough|Respiratory_sounds,142926,8a19c2ae5a4d3a532e320b2b00fd0e414372b73231953035e0ceb6c2e5ea5c09,44100,1,PCM_16,71424,1.619591836734694,extracted_and_validated,,no,1.0|1.0|-1,2,0,0,1,pp_agreement
323532,323532,323532_seg_0,323532,FSD50K,1,1,True,,SI,True,blank_means_yes_by_declared_protocol,True,4,1,unknown,3,unknown,not_applicable_fsd50k,False,fsd50k_has_no_dry_wet_annotation,cough,train,C:\Users\Usuario\Desktop\UNI MARINA\master\TFM\FSD50K_DATA\FSD50K.dev_audio\FSD50K_cough_stage1_only\323532.wav,FSD50K_DATA/FSD50K.dev_audio/FSD50K_cough_stage1_only/323532.wav,1.5333333333333334,0.0,1.5333333333333334,"Cough,Respiratory_sounds","/m/01b_21,/m/09hlz4",wheezy coughing,yugi16dm,http://creativecommons.org/publicdomain/zero/1.0/,CC0-1.0,True,,,False,cough_with_expected_hierarchy_only,already_present,C:\Users\Usuario\Desktop\UNI MARINA\master\TFM\FSD50K_DATA\FSD50K.dev_audio\FSD50K_cough_stage1_only\323532.wav,False,selected_license_safe,recommended_random_audit,https://freesound.org/s/323532/,source WAV preserved; model preprocessing may resample to 16 kHz mono and extract features,"""wheezy coughing"" by yugi16dm; Freesound ID 323532; CC0-1.0 (http://creativecommons.org/publicdomain/zero/1.0/); accessed through FSD50K.",Cough|Respiratory_sounds,135318,9398a8cd1561fb18c644b349bf10977f23b6e89a802ee83d678aba003ebbf1d3,44100,1,PCM_16,67620,1.5333333333333334,extracted_and_validated,,,1.0|1.0,2,0,0,0,pp_agreement
390361,390361,390361_seg_0,390361,FSD50K,1,1,True,,SI,True,blank_means_yes_by_declared_protocol,True,5,1,unknown,3,unknown,not_applicable_fsd50k,False,fsd50k_has_no_dry_wet_annotation,cough,train,C:\Users\Usuario\Desktop\UNI MARINA\master\TFM\FSD50K_DATA\FSD50K.dev_audio\FSD50K_cough_stage1_only\390361.wav,FSD50K_DATA/FSD50K.dev_audio/FSD50K_cough_stage1_only/390361.wav,2.2355555555555555,0.0,2.2355555555555555,"Cough,Respiratory_sounds","/m/01b_21,/m/09hlz4",Tosido.wav,Josethehedgehog,http://creativecommons.org/publicdomain/zero/1.0/,CC0-1.0,True,,,False,cough_with_expected_hierarchy_only,already_present,C:\Users\Usuario\Desktop\UNI MARINA\master\TFM\FSD50K_DATA\FSD50K.dev_audio\FSD50K_cough_stage1_only\390361.wav,False,selected_license_safe,recommended_random_audit,https://freesound.org/s/390361/,source WAV preserved; model preprocessing may resample to 16 kHz mono and extract features,"""Tosido.wav"" by Josethehedgehog; Freesound ID 390361; CC0-1.0 (http://creativecommons.org/publicdomain/zero/1.0/); accessed through FSD50K.",Cough|Respiratory_sounds,197254,e1ac78a58bdb36021f644289df45f60f8a8150ba3a4f0b002ad6330c08a39f08,44100,1,PCM_16,98588,2.2355555555555555,extracted_and_validated,,,1.0|1.0,2,0,0,0,pp_agreement
144254,144254,144254_seg_0,144254,FSD50K,1,1,True,,SI,True,blank_means_yes_by_declared_protocol,True,6,1,unknown,3,unknown,not_applicable_fsd50k,False,fsd50k_has_no_dry_wet_annotation,cough,train,C:\Users\Usuario\Desktop\UNI MARINA\master\TFM\FSD50K_DATA\FSD50K.dev_audio\FSD50K_cough_stage1_only\144254.wav,FSD50K_DATA/FSD50K.dev_audio/FSD50K_cough_stage1_only/144254.wav,2.507755102040816,0.0,2.507755102040816,"Cough,Respiratory_sounds","/m/01b_21,/m/09hlz4",Human-Man-Coughing.wav,D W,http://creativecommons.org/licenses/by/3.0/,CC-BY-3.0,True,,,False,cough_with_expected_hierarchy_only,already_present,C:\Users\Usuario\Desktop\UNI MARINA\master\TFM\FSD50K_DATA\FSD50K.dev_audio\FSD50K_cough_stage1_only\144254.wav,False,selected_license_safe,recommended_random_audit,https://freesound.org/s/144254/,source WAV preserved; model preprocessing may resample to 16 kHz mono and extract features,"""Human-Man-Coughing.wav"" by D W; Freesound ID 144254; CC-BY-3.0 (http://creativecommons.org/licenses/by/3.0/); accessed through FSD50K.",Cough|Respiratory_sounds,221262,0299ea42690af9703e81dcab8c36ccf0429254a2be6c82a4708393a6f2d22231,44100,1,PCM_16,110592,2.507755102040816,extracted_and_validated,,,1.0|1.0,2,0,0,0,pp_agreement
331064,331064,331064_seg_0,331064,FSD50K,1,1,True,,SI,True,blank_means_yes_by_declared_protocol,True,7,1,unknown,3,unknown,not_applicable_fsd50k,False,fsd50k_has_no_dry_wet_annotation,cough,train,C:\Users\Usuario\Desktop\UNI MARINA\master\TFM\FSD50K_DATA\FSD50K.dev_audio\FSD50K_cough_stage1_only\331064.wav,FSD50K_DATA/FSD50K.dev_audio/FSD50K_cough_stage1_only/331064.wav,1.0151473922902494,0.0,1.0151473922902494,"Cough,Respiratory_sounds","/m/01b_21,/m/09hlz4",Cough_09.wav,n_audioman,http://creativecommons.org/licenses/by/3.0/,CC-BY-3.0,True,,,False,cough_with_expected_hierarchy_only,already_present,C:\Users\Usuario\Desktop\UNI MARINA\master\TFM\FSD50K_DATA\FSD50K.dev_audio\FSD50K_cough_stage1_only\331064.wav,False,selected_license_safe,recommended_random_audit,https://freesound.org/s/331064/,source WAV preserved; model preprocessing may resample to 16 kHz mono and extract features,"""Cough_09.wav"" by n_audioman; Freesound ID 331064; CC-BY-3.0 (http://creativecommons.org/licenses/by/3.0/); accessed through FSD50K.",Cough|Respiratory_sounds,89614,37691370f1c9f030441847006881e70822a77297a08543f176c2f1ccec30b1d9,44100,1,PCM_16,44768,1.0151473922902494,extracted_and_validated,,,1.0|1.0,2,0,0,0,pp_agreement
353649,353649,353649_seg_0,353649,FSD50K,1,1,True,,SI,True,blank_means_yes_by_declared_protocol,True,8,1,unknown,3,unknown,not_applicable_fsd50k,False,fsd50k_has_no_dry_wet_annotation,cough,train,C:\Users\Usuario\Desktop\UNI MARINA\master\TFM\FSD50K_DATA\FSD50K.dev_audio\FSD50K_cough_stage1_only\353649.wav,FSD50K_DATA/FSD50K.dev_audio/FSD50K_cough_stage1_only/353649.wav,5.465147392290249,0.0,5.465147392290249,"Cough,Respiratory_sounds","/m/01b_21,/m/09hlz4",Cough.wav,soundatADM,http://creativecommons.org/publicdomain/zero/1.0/,CC0-1.0,True,,,False,cough_with_expected_hierarchy_only,already_present,C:\Users\Usuario\Desktop\UNI MARINA\master\TFM\FSD50K_DATA\FSD50K.dev_audio\FSD50K_cough_stage1_only\353649.wav,False,selected_license_safe,recommended_random_audit,https://freesound.org/s/353649/,source WAV preserved; model preprocessing may resample to 16 kHz mono and extract features,"""Cough.wav"" by soundatADM; Freesound ID 353649; CC0-1.0 (http://creativecommons.org/publicdomain/zero/1.0/); accessed through FSD50K.",Cough|Respiratory_sounds,482104,8cae1ea46d02d7137f51a1a36f0c9aa8615c72a89c615aaa1ed8eb0764fc3bf9,44100,1,PCM_16,241013,5.465147392290249,extracted_and_validated,,,1.0|1.0,2,0,0,0,pp_agreement
399619,399619,399619_seg_0,399619,FSD50K,,,False,manual_review_no_audible_cough,NO,False,explicit_no_notes_column,True,9,1,unknown,3,unknown,not_applicable_fsd50k,False,fsd50k_has_no_dry_wet_annotation,cough,train,C:\Users\Usuario\Desktop\UNI MARINA\master\TFM\FSD50K_DATA\FSD50K.dev_audio\FSD50K_cough_stage1_only\399619.wav,FSD50K_DATA/FSD50K.dev_audio/FSD50K_cough_stage1_only/399619.wav,2.6122448979591835,0.0,2.6122448979591835,"Cough,Respiratory_sounds","/m/01b_21,/m/09hlz4",Clearing throat #1.MP3,SoundsForHim,http://creativecommons.org/publicdomain/zero/1.0/,CC0-1.0,True,,,False,cough_with_expected_hierarchy_only,already_present,C:\Users\Usuario\Desktop\UNI MARINA\master\TFM\FSD50K_DATA\FSD50K.dev_audio\FSD50K_cough_stage1_only\399619.wav,False,selected_license_safe,recommended_random_audit,https://freesound.org/s/399619/,source WAV preserved; model preprocessing may resample to 16 kHz mono and extract features,"""Clearing throat #1.MP3"" by SoundsForHim; Freesound ID 399619; CC0-1.0 (http://creativecommons.org/publicdomain/zero/1.0/); accessed through FSD50K.",Cough|Respiratory_sounds,230478,775fdb47f4b5e6008f4c455975b040619bfd77dfa1ffc826c03d41e54c350332,44100,1,PCM_16,115200,2.6122448979591835,extracted_and_validated,,no,,0,0,0,0,missing
334052,334052,334052_seg_0,334052,FSD50K,,,False,manual_review_no_audible_cough,NO,False,explicit_no_notes_column,True,10,1,unknown,3,unknown,not_applicable_fsd50k,False,fsd50k_has_no_dry_wet_annotation,cough,train,C:\Users\Usuario\Desktop\UNI MARINA\master\TFM\FSD50K_DATA\FSD50K.dev_audio\FSD50K_cough_stage1_only\334052.wav,FSD50K_DATA/FSD50K.dev_audio/FSD50K_cough_stage1_only/334052.wav,0.5999092970521542,0.0,0.5999092970521542,"Human_voice,Cough,Respiratory_sounds","/m/09l8g,/m/01b_21,/m/09hlz4",Clear Throat.mp3,LittleRainySeasons,http://creativecommons.org/licenses/by/3.0/,CC-BY-3.0,True,,,False,cough_with_expected_hierarchy_only,already_present,C:\Users\Usuario\Desktop\UNI MARINA\master\TFM\FSD50K_DATA\FSD50K.dev_audio\FSD50K_cough_stage1_only\334052.wav,False,selected_license_safe,recommended_random_audit,https://freesound.org/s/334052/,source WAV preserved; model preprocessing may resample to 16 kHz mono and extract features,"""Clear Throat.mp3"" by LittleRainySeasons; Freesound ID 334052; CC-BY-3.0 (http://creativecommons.org/licenses/by/3.0/); accessed through FSD50K.",Cough|Human_voice|Respiratory_sounds,52990,e20f3ea61456bea2b7d3c8343898af15dd6f531e57fbb48e43e6273e0d82d680,44100,1,PCM_16,26456,0.5999092970521542,extracted_and_validated,,no,,0,0,0,0,missing
84695,84695,84695_seg_0,84695,FSD50K,1,1,True,,SI,True,blank_means_yes_by_declared_protocol,True,11,1,unknown,3,unknown,not_applicable_fsd50k,False,fsd50k_has_no_dry_wet_annotation,cough,train,C:\Users\Usuario\Desktop\UNI MARINA\master\TFM\FSD50K_DATA\FSD50K.dev_audio\FSD50K_cough_stage1_only\84695.wav,FSD50K_DATA/FSD50K.dev_audio/FSD50K_cough_stage1_only/84695.wav,6.0,0.0,6.0,"Cough,Respiratory_sounds","/m/01b_21,/m/09hlz4",cough.wav,cmusounddesign,http://creativecommons.org/licenses/by/3.0/,CC-BY-3.0,True,,,False,cough_with_expected_hierarchy_only,already_present,C:\Users\Usuario\Desktop\UNI MARINA\master\TFM\FSD50K_DATA\FSD50K.dev_audio\FSD50K_cough_stage1_only\84695.wav,False,selected_license_safe,recommended_random_audit,https://freesound.org/s/84695/,source WAV preserved; model preprocessing may resample to 16 kHz mono and extract features,"""cough.wav"" by cmusounddesign; Freesound ID 84695; CC-BY-3.0 (http://creativecommons.org/licenses/by/3.0/); accessed through FSD50K.",Cough|Respiratory_sounds,529278,bdbedbfbc2986f393e595694a30eef851248ef58a264dde50b49bb4da3eed0fe,44100,1,PCM_16,264600,6.0,extracted_and_validated,,,1.0|1.0,2,0,0,0,pp_agreement
391169,391169,391169_seg_0,391169,FSD50K,,,False,manual_review_no_audible_cough,NO,False,explicit_no_notes_column,True,12,1,unknown,3,unknown,not_applicable_fsd50k,False,fsd50k_has_no_dry_wet_annotation,cough,val,C:\Users\Usuario\Desktop\UNI MARINA\master\TFM\FSD50K_DATA\FSD50K.dev_audio\FSD50K_cough_stage1_only\391169.wav,FSD50K_DATA/FSD50K.dev_audio/FSD50K_cough_stage1_only/391169.wav,1.5387755102040817,0.0,1.5387755102040817,"Cough,Respiratory_sounds","/m/01b_21,/m/09hlz4",Woman clearing throat,andrutzab,http://creativecommons.org/licenses/by/3.0/,CC-BY-3.0,True,,,False,cough_with_expected_hierarchy_only,already_present,C:\Users\Usuario\Desktop\UNI MARINA\master\TFM\FSD50K_DATA\FSD50K.dev_audio\FSD50K_cough_stage1_only\391169.wav,False,selected_license_safe,recommended_random_audit,https://freesound.org/s/391169/,source WAV preserved; model preprocessing may resample to 16 kHz mono and extract features,"""Woman clearing throat"" by andrutzab; Freesound ID 391169; CC-BY-3.0 (http://creativecommons.org/licenses/by/3.0/); accessed through FSD50K.",Cough|Respiratory_sounds,135798,ea9fc456d901ca39569f1278c7770618681e552ae501877a9b9f22f4483bf1d0,44100,1,PCM_16,67860,1.5387755102040817,extracted_and_validated,,no,1.0|1.0,2,0,0,0,pp_agreement
331058,331058,331058_seg_0,331058,FSD50K,1,1,True,,SI,True,blank_means_yes_by_declared_protocol,True,13,1,unknown,3,unknown,not_applicable_fsd50k,False,fsd50k_has_no_dry_wet_annotation,cough,train,C:\Users\Usuario\Desktop\UNI MARINA\master\TFM\FSD50K_DATA\FSD50K.dev_audio\FSD50K_cough_stage1_only\331058.wav,FSD50K_DATA/FSD50K.dev_audio/FSD50K_cough_stage1_only/331058.wav,1.2475056689342403,0.0,1.2475056689342403,"Cough,Respiratory_sounds","/m/01b_21,/m/09hlz4",Cough_04.wav,n_audioman,http://creativecommons.org/licenses/by/3.0/,CC-BY-3.0,True,,,False,cough_with_expected_hierarchy_only,already_present,C:\Users\Usuario\Desktop\UNI MARINA\master\TFM\FSD50K_DATA\FSD50K.dev_audio\FSD50K_cough_stage1_only\331058.wav,False,selected_license_safe,recommended_random_audit,https://freesound.org/s/331058/,source WAV preserved; model preprocessing may resample to 16 kHz mono and extract features,"""Cough_04.wav"" by n_audioman; Freesound ID 331058; CC-BY-3.0 (http://creativecommons.org/licenses/by/3.0/); accessed through FSD50K.",Cough|Respiratory_sounds,110108,39c30b9905896713c467591b26bc3ac5155d70bde7aca7e38e4ed08857a7f79a,44100,1,PCM_16,55015,1.2475056689342403,extracted_and_validated,,,1.0|1.0,2,0,0,0,pp_agreement
39713,39713,39713_seg_0,39713,FSD50K,1,1,True,,SI,True,blank_means_yes_by_declared_protocol,True,14,1,unknown,3,unknown,not_applicable_fsd50k,False,fsd50k_has_no_dry_wet_annotation,cough,train,C:\Users\Usuario\Desktop\UNI MARINA\master\TFM\FSD50K_DATA\FSD50K.dev_audio\FSD50K_cough_stage1_only\39713.wav,FSD50K_DATA/FSD50K.dev_audio/FSD50K_cough_stage1_only/39713.wav,4.0,0.0,4.0,"Cough,Respiratory_sounds","/m/01b_21,/m/09hlz4",delphiz COUGH LOOP COMBI #120.WAV,delphidebrain,http://creativecommons.org/licenses/by/3.0/,CC-BY-3.0,True,,,False,cough_with_expected_hierarchy_only,already_present,C:\Users\Usuario\Desktop\UNI MARINA\master\TFM\FSD50K_DATA\FSD50K.dev_audio\FSD50K_cough_stage1_only\39713.wav,False,selected_license_safe,recommended_random_audit,https://freesound.org/s/39713/,source WAV preserved; model preprocessing may resample to 16 kHz mono and extract features,"""delphiz COUGH LOOP COMBI #120.WAV"" by delphidebrain; Freesound ID 39713; CC-BY-3.0 (http://creativecommons.org/licenses/by/3.0/); accessed through FSD50K.",Cough|Respiratory_sounds,352878,aa248f75ad823dfddcc57db506266bc812b609068df0d466d90aca53cf1745f8,44100,1,PCM_16,176400,4.0,extracted_and_validated,,,1.0|1.0,2,0,0,0,pp_agreement
180045,180045,180045_seg_0,180045,FSD50K,1,1,True,,SI,True,blank_means_yes_by_declared_protocol,True,15,1,unknown,3,unknown,not_applicable_fsd50k,False,fsd50k_has_no_dry_wet_annotation,cough,train,C:\Users\Usuario\Desktop\UNI MARINA\master\TFM\FSD50K_DATA\FSD50K.dev_audio\FSD50K_cough_stage1_only\180045.wav,FSD50K_DATA/FSD50K.dev_audio/FSD50K_cough_stage1_only/180045.wav,5.256485260770975,0.0,5.256485260770975,"Cough,Respiratory_sounds","/m/01b_21,/m/09hlz4",Sickness 10: cough,unfa,http://creativecommons.org/licenses/by/3.0/,CC-BY-3.0,True,,,False,cough_with_expected_hierarchy_only,already_present,C:\Users\Usuario\Desktop\UNI MARINA\master\TFM\FSD50K_DATA\FSD50K.dev_audio\FSD50K_cough_stage1_only\180045.wav,False,selected_license_safe,recommended_random_audit,https://freesound.org/s/180045/,source WAV preserved; model preprocessing may resample to 16 kHz mono and extract features,"""Sickness 10: cough"" by unfa; Freesound ID 180045; CC-BY-3.0 (http://creativecommons.org/licenses/by/3.0/); accessed through FSD50K.",Cough|Respiratory_sounds,463700,565449f2ded8dd46719a575c4e51d3f77df7b1c78d8d45538ccf94ac2cde3a6f,44100,1,PCM_16,231811,5.256485260770975,extracted_and_validated,,,1.0|1.0|0.5,2,1,0,0,pp_agreement
252223,252223,252223_seg_0,252223,FSD50K,1,1,True,,SI,True,blank_means_yes_by_declared_protocol,True,16,1,unknown,3,unknown,not_applicable_fsd50k,False,fsd50k_has_no_dry_wet_annotation,cough,train,C:\Users\Usuario\Desktop\UNI MARINA\master\TFM\FSD50K_DATA\FSD50K.dev_audio\FSD50K_cough_stage1_only\252223.wav,FSD50K_DATA/FSD50K.dev_audio/FSD50K_cough_stage1_only/252223.wav,1.059591836734694,0.0,1.059591836734694,"Cough,Respiratory_sounds","/m/01b_21,/m/09hlz4",disgusting cough.wav,Reitanna,http://creativecommons.org/publicdomain/zero/1.0/,CC0-1.0,True,,,False,cough_with_expected_hierarchy_only,already_present,C:\Users\Usuario\Desktop\UNI MARINA\master\TFM\FSD50K_DATA\FSD50K.dev_audio\FSD50K_cough_stage1_only\252223.wav,False,selected_license_safe,recommended_random_audit,https://freesound.org/s/252223/,source WAV preserved; model preprocessing may resample to 16 kHz mono and extract features,"""disgusting cough.wav"" by Reitanna; Freesound ID 252223; CC0-1.0 (http://creativecommons.org/publicdomain/zero/1.0/); accessed through FSD50K.",Cough|Respiratory_sounds,93534,b2913032e1899169c0dbb2f5a856a764a3571001bb6215932864412a432d0501,44100,1,PCM_16,46728,1.059591836734694,extracted_and_validated,,,1.0|1.0,2,0,0,0,pp_agreement
342669,342669,342669_seg_0,342669,FSD50K,,,False,manual_review_no_audible_cough,NO,False,explicit_no_notes_column,True,17,1,unknown,3,unknown,not_applicable_fsd50k,False,fsd50k_has_no_dry_wet_annotation,cough,train,C:\Users\Usuario\Desktop\UNI MARINA\master\TFM\FSD50K_DATA\FSD50K.dev_audio\FSD50K_cough_stage1_only\342669.wav,FSD50K_DATA/FSD50K.dev_audio/FSD50K_cough_stage1_only/342669.wav,1.080045351473923,0.0,1.080045351473923,"Cough,Respiratory_sounds","/m/01b_21,/m/09hlz4",Coughing 02.wav,michael_kur95,http://creativecommons.org/licenses/by/3.0/,CC-BY-3.0,True,,,False,cough_with_expected_hierarchy_only,already_present,C:\Users\Usuario\Desktop\UNI MARINA\master\TFM\FSD50K_DATA\FSD50K.dev_audio\FSD50K_cough_stage1_only\342669.wav,False,selected_license_safe,recommended_random_audit,https://freesound.org/s/342669/,source WAV preserved; model preprocessing may resample to 16 kHz mono and extract features,"""Coughing 02.wav"" by michael_kur95; Freesound ID 342669; CC-BY-3.0 (http://creativecommons.org/licenses/by/3.0/); accessed through FSD50K.",Cough|Respiratory_sounds,95338,8ce8e4c7e6835664221c70e8c1b22c6598f88286147f78bfcc8ce45ae2c8e58f,44100,1,PCM_16,47630,1.080045351473923,extracted_and_validated,,no,1.0|1.0|-1,2,0,0,1,pp_agreement
87411,87411,87411_seg_0,87411,FSD50K,1,1,True,,SI,True,blank_means_yes_by_declared_protocol,True,18,1,unknown,3,unknown,not_applicable_fsd50k,False,fsd50k_has_no_dry_wet_annotation,cough,train,C:\Users\Usuario\Desktop\UNI MARINA\master\TFM\FSD50K_DATA\FSD50K.dev_audio\FSD50K_cough_stage1_only\87411.wav,FSD50K_DATA/FSD50K.dev_audio/FSD50K_cough_stage1_only/87411.wav,1.1250113378684807,0.0,1.1250113378684807,"Cough,Respiratory_sounds","/m/01b_21,/m/09hlz4",man cough.wav,bowlingballout,http://creativecommons.org/publicdomain/zero/1.0/,CC0-1.0,True,,,False,cough_with_expected_hierarchy_only,already_present,C:\Users\Usuario\Desktop\UNI MARINA\master\TFM\FSD50K_DATA\FSD50K.dev_audio\FSD50K_cough_stage1_only\87411.wav,False,selected_license_safe,recommended_random_audit,https://freesound.org/s/87411/,source WAV preserved; model preprocessing may resample to 16 kHz mono and extract features,"""man cough.wav"" by bowlingballout; Freesound ID 87411; CC0-1.0 (http://creativecommons.org/publicdomain/zero/1.0/); accessed through FSD50K.",Cough|Respiratory_sounds,99304,57284a4410fde430611ad344f17725e76c58114be2f391d5a432a635850c48d6,44100,1,PCM_16,49613,1.1250113378684807,extracted_and_validated,,,1.0|1.0,2,0,0,0,pp_agreement
343904,343904,343904_seg_0,343904,FSD50K,,,False,manual_review_no_audible_cough,NO,False,explicit_no_notes_column,True,19,1,unknown,3,unknown,not_applicable_fsd50k,False,fsd50k_has_no_dry_wet_annotation,cough,train,C:\Users\Usuario\Desktop\UNI MARINA\master\TFM\FSD50K_DATA\FSD50K.dev_audio\FSD50K_cough_stage1_only\343904.wav,FSD50K_DATA/FSD50K.dev_audio/FSD50K_cough_stage1_only/343904.wav,1.5905668934240362,0.0,1.5905668934240362,"Human_voice,Cough,Respiratory_sounds","/m/09l8g,/m/01b_21,/m/09hlz4",clear throat17.wav,Reitanna,http://creativecommons.org/publicdomain/zero/1.0/,CC0-1.0,True,,,False,cough_with_expected_hierarchy_only,already_present,C:\Users\Usuario\Desktop\UNI MARINA\master\TFM\FSD50K_DATA\FSD50K.dev_audio\FSD50K_cough_stage1_only\343904.wav,False,selected_license_safe,recommended_random_audit,https://freesound.org/s/343904/,source WAV preserved; model preprocessing may resample to 16 kHz mono and extract features,"""clear throat17.wav"" by Reitanna; Freesound ID 343904; CC0-1.0 (http://creativecommons.org/publicdomain/zero/1.0/); accessed through FSD50K.",Cough|Human_voice|Respiratory_sounds,140366,14427e29b2f857b5604974592b7bcf49327a1f390e7473712276d0df93757242,44100,1,PCM_16,70144,1.5905668934240362,extracted_and_validated,,no,,0,0,0,0,missing
317439,317439,317439_seg_0,317439,FSD50K,1,1,True,,SI,True,blank_means_yes_by_declared_protocol,True,20,1,unknown,3,unknown,not_applicable_fsd50k,False,fsd50k_has_no_dry_wet_annotation,cough,train,C:\Users\Usuario\Desktop\UNI MARINA\master\TFM\FSD50K_DATA\FSD50K.dev_audio\FSD50K_cough_stage1_only\317439.wav,FSD50K_DATA/FSD50K.dev_audio/FSD50K_cough_stage1_only/317439.wav,3.647006802721089,0.0,3.647006802721089,"Human_voice,Cough,Respiratory_sounds","/m/09l8g,/m/01b_21,/m/09hlz4",Breathless Coughing_2,Drkvixn91,http://creativecommons.org/publicdomain/zero/1.0/,CC0-1.0,True,,,False,cough_with_expected_hierarchy_only,already_present,C:\Users\Usuario\Desktop\UNI MARINA\master\TFM\FSD50K_DATA\FSD50K.dev_audio\FSD50K_cough_stage1_only\317439.wav,False,selected_license_safe,recommended_random_audit,https://freesound.org/s/317439/,source WAV preserved; model preprocessing may resample to 16 kHz mono and extract features,"""Breathless Coughing_2"" by Drkvixn91; Freesound ID 317439; CC0-1.0 (http://creativecommons.org/publicdomain/zero/1.0/); accessed through FSD50K.",Cough|Human_voice|Respiratory_sounds,321744,b54e0888e00e77c2145792603d7769604628cfe43f0838e690b8598a4076938d,44100,1,PCM_16,160833,3.647006802721089,extracted_and_validated,,,1.0|1.0|0,2,0,1,0,pp_agreement
211524,211524,211524_seg_0,211524,FSD50K,,,False,manual_review_no_audible_cough,NO,False,explicit_no_notes_column,True,21,1,unknown,3,unknown,not_applicable_fsd50k,False,fsd50k_has_no_dry_wet_annotation,cough,train,C:\Users\Usuario\Desktop\UNI MARINA\master\TFM\FSD50K_DATA\FSD50K.dev_audio\FSD50K_cough_stage1_only\211524.wav,FSD50K_DATA/FSD50K.dev_audio/FSD50K_cough_stage1_only/211524.wav,2.8212244897959184,0.0,2.8212244897959184,"Cough,Respiratory_sounds","/m/01b_21,/m/09hlz4",Cough.mp3,CelesteOminous,http://creativecommons.org/licenses/by/3.0/,CC-BY-3.0,True,,,False,cough_with_expected_hierarchy_only,already_present,C:\Users\Usuario\Desktop\UNI MARINA\master\TFM\FSD50K_DATA\FSD50K.dev_audio\FSD50K_cough_stage1_only\211524.wav,False,selected_license_safe,recommended_random_audit,https://freesound.org/s/211524/,source WAV preserved; model preprocessing may resample to 16 kHz mono and extract features,"""Cough.mp3"" by CelesteOminous; Freesound ID 211524; CC-BY-3.0 (http://creativecommons.org/licenses/by/3.0/); accessed through FSD50K.",Cough|Respiratory_sounds,248910,f98a732c0eec6e8954fa412ec363df3f17d3465a4eaa448e2fb21d3f788fb347,44100,1,PCM_16,124416,2.8212244897959184,extracted_and_validated,,no,1.0|1.0|-1,2,0,0,1,pp_agreement
47135,47135,47135_seg_0,47135,FSD50K,1,1,True,,SI,True,blank_means_yes_by_declared_protocol,True,22,1,unknown,3,unknown,not_applicable_fsd50k,False,fsd50k_has_no_dry_wet_annotation,cough,train,C:\Users\Usuario\Desktop\UNI MARINA\master\TFM\FSD50K_DATA\FSD50K.dev_audio\FSD50K_cough_stage1_only\47135.wav,FSD50K_DATA/FSD50K.dev_audio/FSD50K_cough_stage1_only/47135.wav,17.457120181405894,0.0,17.457120181405894,"Cough,Respiratory_sounds","/m/01b_21,/m/09hlz4",20080121.flu.01.wav,dobroide,http://creativecommons.org/licenses/by/3.0/,CC-BY-3.0,True,,,False,cough_with_expected_hierarchy_only,already_present,C:\Users\Usuario\Desktop\UNI MARINA\master\TFM\FSD50K_DATA\FSD50K.dev_audio\FSD50K_cough_stage1_only\47135.wav,False,selected_license_safe,recommended_random_audit,https://freesound.org/s/47135/,source WAV preserved; model preprocessing may resample to 16 kHz mono and extract features,"""20080121.flu.01.wav"" by dobroide; Freesound ID 47135; CC-BY-3.0 (http://creativecommons.org/licenses/by/3.0/); accessed through FSD50K.",Cough|Respiratory_sounds,1539796,69f7c6d6b8a388ba1e624f9cb7dca2647fde3eb23cfdd37e74e5062a80fb81d2,44100,1,PCM_16,769859,17.457120181405894,extracted_and_validated,,,1.0|0.5|0.5,1,2,0,0,positive_agreement_without_two_pp
155905,155905,155905_seg_0,155905,FSD50K,1,1,True,,SI,True,blank_means_yes_by_declared_protocol,True,23,1,unknown,3,unknown,not_applicable_fsd50k,False,fsd50k_has_no_dry_wet_annotation,cough,train,C:\Users\Usuario\Desktop\UNI MARINA\master\TFM\FSD50K_DATA\FSD50K.dev_audio\FSD50K_cough_stage1_only\155905.wav,FSD50K_DATA/FSD50K.dev_audio/FSD50K_cough_stage1_only/155905.wav,2.109501133786848,0.0,2.109501133786848,"Cough,Respiratory_sounds","/m/01b_21,/m/09hlz4",Cough.wav,tiptoe84,http://creativecommons.org/publicdomain/zero/1.0/,CC0-1.0,True,,,False,cough_with_expected_hierarchy_only,already_present,C:\Users\Usuario\Desktop\UNI MARINA\master\TFM\FSD50K_DATA\FSD50K.dev_audio\FSD50K_cough_stage1_only\155905.wav,False,selected_license_safe,recommended_random_audit,https://freesound.org/s/155905/,source WAV preserved; model preprocessing may resample to 16 kHz mono and extract features,"""Cough.wav"" by tiptoe84; Freesound ID 155905; CC0-1.0 (http://creativecommons.org/publicdomain/zero/1.0/); accessed through FSD50K.",Cough|Respiratory_sounds,186136,e6caa04e71f621c7363741051127a323f6401225a851c2945c005abbe9bf3bcb,44100,1,PCM_16,93029,2.109501133786848,extracted_and_validated,,,1.0|1.0,2,0,0,0,pp_agreement
45578,45578,45578_seg_0,45578,FSD50K,1,1,True,,SI,True,blank_means_yes_by_declared_protocol,True,24,1,unknown,3,unknown,not_applicable_fsd50k,False,fsd50k_has_no_dry_wet_annotation,cough,train,C:\Users\Usuario\Desktop\UNI MARINA\master\TFM\FSD50K_DATA\FSD50K.dev_audio\FSD50K_cough_stage1_only\45578.wav,FSD50K_DATA/FSD50K.dev_audio/FSD50K_cough_stage1_only/45578.wav,6.1184580498866215,0.0,6.1184580498866215,"Cough,Respiratory_sounds","/m/01b_21,/m/09hlz4",Girl Cough.mp3,J.Zazvurek,http://creativecommons.org/licenses/by/3.0/,CC-BY-3.0,True,,,False,cough_with_expected_hierarchy_only,already_present,C:\Users\Usuario\Desktop\UNI MARINA\master\TFM\FSD50K_DATA\FSD50K.dev_audio\FSD50K_cough_stage1_only\45578.wav,False,selected_license_safe,recommended_random_audit,https://freesound.org/s/45578/,source WAV preserved; model preprocessing may resample to 16 kHz mono and extract features,"""Girl Cough.mp3"" by J.Zazvurek; Freesound ID 45578; CC-BY-3.0 (http://creativecommons.org/licenses/by/3.0/); accessed through FSD50K.",Cough|Respiratory_sounds,539726,31bc286a0303278b6b0a36253b4a323cb3fa798e14b62552d6d0b34b9811d76a,44100,1,PCM_16,269824,6.1184580498866215,extracted_and_validated,,,1.0|1.0,2,0,0,0,pp_agreement
207829,207829,207829_seg_0,207829,FSD50K,1,1,True,,SI,True,blank_means_yes_by_declared_protocol,True,25,1,unknown,3,unknown,not_applicable_fsd50k,False,fsd50k_has_no_dry_wet_annotation,cough,val,C:\Users\Usuario\Desktop\UNI MARINA\master\TFM\FSD50K_DATA\FSD50K.dev_audio\FSD50K_cough_stage1_only\207829.wav,FSD50K_DATA/FSD50K.dev_audio/FSD50K_cough_stage1_only/207829.wav,2.1681632653061222,0.0,2.1681632653061222,"Cough,Respiratory_sounds","/m/01b_21,/m/09hlz4",Chesty Cough (.mp3),nigelnix,http://creativecommons.org/publicdomain/zero/1.0/,CC0-1.0,True,,,False,cough_with_expected_hierarchy_only,already_present,C:\Users\Usuario\Desktop\UNI MARINA\master\TFM\FSD50K_DATA\FSD50K.dev_audio\FSD50K_cough_stage1_only\207829.wav,False,selected_license_safe,recommended_random_audit,https://freesound.org/s/207829/,source WAV preserved; model preprocessing may resample to 16 kHz mono and extract features,"""Chesty Cough (.mp3)"" by nigelnix; Freesound ID 207829; CC0-1.0 (http://creativecommons.org/publicdomain/zero/1.0/); accessed through FSD50K.",Cough|Respiratory_sounds,191310,1d47d64f7c6245ab8d05296b6c2e2a231589d33a4a714371012a6a9c5f2dd228,44100,1,PCM_16,95616,2.1681632653061222,extracted_and_validated,,,1.0|1.0|0.5|0,2,1,1,0,pp_agreement
257770,257770,257770_seg_0,257770,FSD50K,1,1,True,,SI,True,blank_means_yes_by_declared_protocol,True,26,1,unknown,3,unknown,not_applicable_fsd50k,False,fsd50k_has_no_dry_wet_annotation,cough,train,C:\Users\Usuario\Desktop\UNI MARINA\master\TFM\FSD50K_DATA\FSD50K.dev_audio\FSD50K_cough_stage1_only\257770.wav,FSD50K_DATA/FSD50K.dev_audio/FSD50K_cough_stage1_only/257770.wav,0.4411791383219954,0.0,0.4411791383219954,"Cough,Respiratory_sounds","/m/01b_21,/m/09hlz4",Coughing.wav,xtrgamr,http://creativecommons.org/licenses/by/3.0/,CC-BY-3.0,True,,,False,cough_with_expected_hierarchy_only,already_present,C:\Users\Usuario\Desktop\UNI MARINA\master\TFM\FSD50K_DATA\FSD50K.dev_audio\FSD50K_cough_stage1_only\257770.wav,False,selected_license_safe,recommended_random_audit,https://freesound.org/s/257770/,source WAV preserved; model preprocessing may resample to 16 kHz mono and extract features,"""Coughing.wav"" by xtrgamr; Freesound ID 257770; CC-BY-3.0 (http://creativecommons.org/licenses/by/3.0/); accessed through FSD50K.",Cough|Respiratory_sounds,38990,a966a51f96d705e47ae848ebb8f3f562e93d16cf6cbb31e1b66bd2c78bfc5feb,44100,1,PCM_16,19456,0.4411791383219954,extracted_and_validated,,,1.0|1.0,2,0,0,0,pp_agreement
331059,331059,331059_seg_0,331059,FSD50K,1,1,True,,SI,True,blank_means_yes_by_declared_protocol,True,27,1,unknown,3,unknown,not_applicable_fsd50k,False,fsd50k_has_no_dry_wet_annotation,cough,train,C:\Users\Usuario\Desktop\UNI MARINA\master\TFM\FSD50K_DATA\FSD50K.dev_audio\FSD50K_cough_stage1_only\331059.wav,FSD50K_DATA/FSD50K.dev_audio/FSD50K_cough_stage1_only/331059.wav,1.2475056689342403,0.0,1.2475056689342403,"Cough,Respiratory_sounds","/m/01b_21,/m/09hlz4",Cough_03.wav,n_audioman,http://creativecommons.org/licenses/by/3.0/,CC-BY-3.0,True,,,False,cough_with_expected_hierarchy_only,already_present,C:\Users\Usuario\Desktop\UNI MARINA\master\TFM\FSD50K_DATA\FSD50K.dev_audio\FSD50K_cough_stage1_only\331059.wav,False,selected_license_safe,recommended_random_audit,https://freesound.org/s/331059/,source WAV preserved; model preprocessing may resample to 16 kHz mono and extract features,"""Cough_03.wav"" by n_audioman; Freesound ID 331059; CC-BY-3.0 (http://creativecommons.org/licenses/by/3.0/); accessed through FSD50K.",Cough|Respiratory_sounds,110108,b53f08d73f39d39f4e34053236f11d8e439decd1f1a51c1b6d7c84c41aee49f4,44100,1,PCM_16,55015,1.2475056689342403,extracted_and_validated,,,1.0|1.0,2,0,0,0,pp_agreement
326891,326891,326891_seg_0,326891,FSD50K,1,1,True,,SI,True,blank_means_yes_by_declared_protocol,True,28,1,unknown,3,unknown,not_applicable_fsd50k,False,fsd50k_has_no_dry_wet_annotation,cough,train,C:\Users\Usuario\Desktop\UNI MARINA\master\TFM\FSD50K_DATA\FSD50K.dev_audio\FSD50K_cough_stage1_only\326891.wav,FSD50K_DATA/FSD50K.dev_audio/FSD50K_cough_stage1_only/326891.wav,21.60807256235828,0.0,21.60807256235828,"Cough,Respiratory_sounds","/m/01b_21,/m/09hlz4",dying coughs,11linda,http://creativecommons.org/licenses/by/3.0/,CC-BY-3.0,True,,,False,cough_with_expected_hierarchy_only,already_present,C:\Users\Usuario\Desktop\UNI MARINA\master\TFM\FSD50K_DATA\FSD50K.dev_audio\FSD50K_cough_stage1_only\326891.wav,False,selected_license_safe,recommended_random_audit,https://freesound.org/s/326891/,source WAV preserved; model preprocessing may resample to 16 kHz mono and extract features,"""dying coughs"" by 11linda; Freesound ID 326891; CC-BY-3.0 (http://creativecommons.org/licenses/by/3.0/); accessed through FSD50K.",Cough|Respiratory_sounds,1905910,fdeb2a495d6c632b4b893ac42e41306d7f8b6db2762e1326bb495ff5309f37ea,44100,1,PCM_16,952916,21.60807256235828,extracted_and_validated,,,1.0|1.0,2,0,0,0,pp_agreement
323511,323511,323511_seg_0,323511,FSD50K,,,False,manual_review_no_audible_cough,NO,False,explicit_no_notes_column,True,29,1,unknown,3,unknown,not_applicable_fsd50k,False,fsd50k_has_no_dry_wet_annotation,cough,train,C:\Users\Usuario\Desktop\UNI MARINA\master\TFM\FSD50K_DATA\FSD50K.dev_audio\FSD50K_cough_stage1_only\323511.wav,FSD50K_DATA/FSD50K.dev_audio/FSD50K_cough_stage1_only/323511.wav,1.0565079365079366,0.0,1.0565079365079366,"Cough,Respiratory_sounds","/m/01b_21,/m/09hlz4",ahem.mp3,yugi16dm,http://creativecommons.org/publicdomain/zero/1.0/,CC0-1.0,True,,,False,cough_with_expected_hierarchy_only,already_present,C:\Users\Usuario\Desktop\UNI MARINA\master\TFM\FSD50K_DATA\FSD50K.dev_audio\FSD50K_cough_stage1_only\323511.wav,False,selected_license_safe,recommended_random_audit,https://freesound.org/s/323511/,source WAV preserved; model preprocessing may resample to 16 kHz mono and extract features,"""ahem.mp3"" by yugi16dm; Freesound ID 323511; CC0-1.0 (http://creativecommons.org/publicdomain/zero/1.0/); accessed through FSD50K.",Cough|Respiratory_sounds,93262,6e117df109b49317f57ac04c94b5aad915106a5d4da9f7952f9eba7737ec9e4f,44100,1,PCM_16,46592,1.0565079365079366,extracted_and_validated,,no,,0,0,0,0,missing
208761,208761,208761_seg_0,208761,FSD50K,1,1,True,,SI,True,blank_means_yes_by_declared_protocol,True,30,1,unknown,3,unknown,not_applicable_fsd50k,False,fsd50k_has_no_dry_wet_annotation,cough,train,C:\Users\Usuario\Desktop\UNI MARINA\master\TFM\FSD50K_DATA\FSD50K.dev_audio\FSD50K_cough_stage1_only\208761.wav,FSD50K_DATA/FSD50K.dev_audio/FSD50K_cough_stage1_only/208761.wav,5.738231292517007,0.0,5.738231292517007,"Cough,Respiratory_sounds","/m/01b_21,/m/09hlz4",Cough.wav,Harris85,http://creativecommons.org/publicdomain/zero/1.0/,CC0-1.0,True,,,False,cough_with_expected_hierarchy_only,already_present,C:\Users\Usuario\Desktop\UNI MARINA\master\TFM\FSD50K_DATA\FSD50K.dev_audio\FSD50K_cough_stage1_only\208761.wav,False,selected_license_safe,recommended_random_audit,https://freesound.org/s/208761/,source WAV preserved; model preprocessing may resample to 16 kHz mono and extract features,"""Cough.wav"" by Harris85; Freesound ID 208761; CC0-1.0 (http://creativecommons.org/publicdomain/zero/1.0/); accessed through FSD50K.",Cough|Respiratory_sounds,506190,dc45936d26ccca05f100a16663e0a868424281ba8acd07cd059c1209916ca99c,44100,1,PCM_16,253056,5.738231292517007,extracted_and_validated,,,1.0|1.0|0.5,2,1,0,0,pp_agreement
331068,331068,331068_seg_0,331068,FSD50K,1,1,True,,SI,True,blank_means_yes_by_declared_protocol,True,31,1,unknown,3,unknown,not_applicable_fsd50k,False,fsd50k_has_no_dry_wet_annotation,cough,train,C:\Users\Usuario\Desktop\UNI MARINA\master\TFM\FSD50K_DATA\FSD50K.dev_audio\FSD50K_cough_stage1_only\331068.wav,FSD50K_DATA/FSD50K.dev_audio/FSD50K_cough_stage1_only/331068.wav,1.4128344671201811,0.0,1.4128344671201811,"Cough,Respiratory_sounds","/m/01b_21,/m/09hlz4",Cough_12.wav,n_audioman,http://creativecommons.org/licenses/by/3.0/,CC-BY-3.0,True,,,False,cough_with_expected_hierarchy_only,already_present,C:\Users\Usuario\Desktop\UNI MARINA\master\TFM\FSD50K_DATA\FSD50K.dev_audio\FSD50K_cough_stage1_only\331068.wav,False,selected_license_safe,recommended_random_audit,https://freesound.org/s/331068/,source WAV preserved; model preprocessing may resample to 16 kHz mono and extract features,"""Cough_12.wav"" by n_audioman; Freesound ID 331068; CC-BY-3.0 (http://creativecommons.org/licenses/by/3.0/); accessed through FSD50K.",Cough|Respiratory_sounds,124690,75756329c0b682cbfcc6cb7ae8883dc1a73b035cdb6e7f2d355625dd9113f38b,44100,1,PCM_16,62306,1.4128344671201811,extracted_and_validated,,,1.0|1.0,2,0,0,0,pp_agreement
262017,262017,262017_seg_0,262017,FSD50K,,,False,manual_review_no_audible_cough,NO,False,explicit_no_notes_column,True,32,1,unknown,3,unknown,not_applicable_fsd50k,False,fsd50k_has_no_dry_wet_annotation,cough,val,C:\Users\Usuario\Desktop\UNI MARINA\master\TFM\FSD50K_DATA\FSD50K.dev_audio\FSD50K_cough_stage1_only\262017.wav,FSD50K_DATA/FSD50K.dev_audio/FSD50K_cough_stage1_only/262017.wav,2.043356009070295,0.0,2.043356009070295,"Cough,Respiratory_sounds","/m/01b_21,/m/09hlz4",Man Clears Throat,lensicle,http://creativecommons.org/licenses/by/3.0/,CC-BY-3.0,True,,,False,cough_with_expected_hierarchy_only,already_present,C:\Users\Usuario\Desktop\UNI MARINA\master\TFM\FSD50K_DATA\FSD50K.dev_audio\FSD50K_cough_stage1_only\262017.wav,False,selected_license_safe,recommended_random_audit,https://freesound.org/s/262017/,source WAV preserved; model preprocessing may resample to 16 kHz mono and extract features,"""Man Clears Throat"" by lensicle; Freesound ID 262017; CC-BY-3.0 (http://creativecommons.org/licenses/by/3.0/); accessed through FSD50K.",Cough|Respiratory_sounds,180302,d301a271bb8148d09ac6bfd2d906f611412a59266d3f2538892afe358f6c123e,44100,1,PCM_16,90112,2.043356009070295,extracted_and_validated,,no,1.0|1.0,2,0,0,0,pp_agreement
346648,346648,346648_seg_0,346648,FSD50K,1,1,True,,SI,True,blank_means_yes_by_declared_protocol,True,33,1,unknown,3,unknown,not_applicable_fsd50k,False,fsd50k_has_no_dry_wet_annotation,cough,train,C:\Users\Usuario\Desktop\UNI MARINA\master\TFM\FSD50K_DATA\FSD50K.dev_audio\FSD50K_cough_stage1_only\346648.wav,FSD50K_DATA/FSD50K.dev_audio/FSD50K_cough_stage1_only/346648.wav,14.0,0.0,14.0,"Cough,Respiratory_sounds","/m/01b_21,/m/09hlz4",Coughing.wav,deleted_user_4401185,http://creativecommons.org/licenses/by/3.0/,CC-BY-3.0,True,,,False,cough_with_expected_hierarchy_only,already_present,C:\Users\Usuario\Desktop\UNI MARINA\master\TFM\FSD50K_DATA\FSD50K.dev_audio\FSD50K_cough_stage1_only\346648.wav,False,selected_license_safe,recommended_random_audit,https://freesound.org/s/346648/,source WAV preserved; model preprocessing may resample to 16 kHz mono and extract features,"""Coughing.wav"" by deleted_user_4401185; Freesound ID 346648; CC-BY-3.0 (http://creativecommons.org/licenses/by/3.0/); accessed through FSD50K.",Cough|Respiratory_sounds,1234878,2ac8ae41ebaae210878f8f2161736d9ba66abcbfc9eb08365dbc677711341320,44100,1,PCM_16,617400,14.0,extracted_and_validated,,,1.0|1.0,2,0,0,0,pp_agreement
84690,84690,84690_seg_0,84690,FSD50K,1,1,True,,SI,True,blank_means_yes_by_declared_protocol,True,34,1,unknown,3,unknown,not_applicable_fsd50k,False,fsd50k_has_no_dry_wet_annotation,cough,train,C:\Users\Usuario\Desktop\UNI MARINA\master\TFM\FSD50K_DATA\FSD50K.dev_audio\FSD50K_cough_stage1_only\84690.wav,FSD50K_DATA/FSD50K.dev_audio/FSD50K_cough_stage1_only/84690.wav,20.986666666666668,0.0,20.986666666666668,"Chewing_and_mastication,Cough,Respiratory_sounds","/m/03cczk,/m/01b_21,/m/09hlz4",Man eating.wav,cmusounddesign,http://creativecommons.org/licenses/by/3.0/,CC-BY-3.0,True,,Chewing_and_mastication,True,cough_with_additional_labels_review_required,already_present,C:\Users\Usuario\Desktop\UNI MARINA\master\TFM\FSD50K_DATA\FSD50K.dev_audio\FSD50K_cough_stage1_only\84690.wav,False,selected_license_safe,mandatory_review_before_training,https://freesound.org/s/84690/,source WAV preserved; model preprocessing may resample to 16 kHz mono and extract features,"""Man eating.wav"" by cmusounddesign; Freesound ID 84690; CC-BY-3.0 (http://creativecommons.org/licenses/by/3.0/); accessed through FSD50K.",Chewing_and_mastication|Cough|Respiratory_sounds,1851102,b35ef210548c41cccf234814cf77f624a3f023828f8cb41b88aab4c512a6778c,44100,1,PCM_16,925512,20.986666666666668,extracted_and_validated,,,0.5|0.5,0,2,0,0,positive_agreement_without_two_pp
385829,385829,385829_seg_0,385829,FSD50K,1,1,True,,SI,True,blank_means_yes_by_declared_protocol,True,35,1,unknown,3,unknown,not_applicable_fsd50k,False,fsd50k_has_no_dry_wet_annotation,cough,val,C:\Users\Usuario\Desktop\UNI MARINA\master\TFM\FSD50K_DATA\FSD50K.dev_audio\FSD50K_cough_stage1_only\385829.wav,FSD50K_DATA/FSD50K.dev_audio/FSD50K_cough_stage1_only/385829.wav,1.968616780045352,0.0,1.968616780045352,"Cough,Respiratory_sounds","/m/01b_21,/m/09hlz4",Sharp_Cough_Irritant.wav,TyLean,http://creativecommons.org/licenses/by/3.0/,CC-BY-3.0,True,,,False,cough_with_expected_hierarchy_only,already_present,C:\Users\Usuario\Desktop\UNI MARINA\master\TFM\FSD50K_DATA\FSD50K.dev_audio\FSD50K_cough_stage1_only\385829.wav,False,selected_license_safe,recommended_random_audit,https://freesound.org/s/385829/,source WAV preserved; model preprocessing may resample to 16 kHz mono and extract features,"""Sharp_Cough_Irritant.wav"" by TyLean; Freesound ID 385829; CC-BY-3.0 (http://creativecommons.org/licenses/by/3.0/); accessed through FSD50K.",Cough|Respiratory_sounds,173710,8e77e27009c4afce0c9901f7f3c4c363ad82ddabd8c415580d0d137eea7b69da,44100,1,PCM_16,86816,1.968616780045352,extracted_and_validated,,,1.0|1.0,2,0,0,0,pp_agreement
343880,343880,343880_seg_0,343880,FSD50K,1,1,True,,SI,True,blank_means_yes_by_declared_protocol,True,36,1,unknown,3,unknown,not_applicable_fsd50k,False,fsd50k_has_no_dry_wet_annotation,cough,train,C:\Users\Usuario\Desktop\UNI MARINA\master\TFM\FSD50K_DATA\FSD50K.dev_audio\FSD50K_cough_stage1_only\343880.wav,FSD50K_DATA/FSD50K.dev_audio/FSD50K_cough_stage1_only/343880.wav,0.8359183673469388,0.0,0.8359183673469388,"Human_voice,Cough,Respiratory_sounds","/m/09l8g,/m/01b_21,/m/09hlz4",two coughs.wav,Reitanna,http://creativecommons.org/publicdomain/zero/1.0/,CC0-1.0,True,,,False,cough_with_expected_hierarchy_only,already_present,C:\Users\Usuario\Desktop\UNI MARINA\master\TFM\FSD50K_DATA\FSD50K.dev_audio\FSD50K_cough_stage1_only\343880.wav,False,selected_license_safe,recommended_random_audit,https://freesound.org/s/343880/,source WAV preserved; model preprocessing may resample to 16 kHz mono and extract features,"""two coughs.wav"" by Reitanna; Freesound ID 343880; CC0-1.0 (http://creativecommons.org/publicdomain/zero/1.0/); accessed through FSD50K.",Cough|Human_voice|Respiratory_sounds,73806,ca9dcef11c2de67638e0254439c5b565e710b503dacc1a766cfacfa24c758c49,44100,1,PCM_16,36864,0.8359183673469388,extracted_and_validated,,,1.0|1.0,2,0,0,0,pp_agreement
82717,82717,82717_seg_0,82717,FSD50K,,,False,manual_review_no_audible_cough,NO,False,explicit_no_notes_column,True,37,1,unknown,3,unknown,not_applicable_fsd50k,False,fsd50k_has_no_dry_wet_annotation,cough,train,C:\Users\Usuario\Desktop\UNI MARINA\master\TFM\FSD50K_DATA\FSD50K.dev_audio\FSD50K_cough_stage1_only\82717.wav,FSD50K_DATA/FSD50K.dev_audio/FSD50K_cough_stage1_only/82717.wav,1.9828344671201812,0.0,1.9828344671201812,"Cough,Respiratory_sounds","/m/01b_21,/m/09hlz4",cough.wav,IFartInUrGeneralDirection,http://creativecommons.org/licenses/by/3.0/,CC-BY-3.0,True,,,False,cough_with_expected_hierarchy_only,already_present,C:\Users\Usuario\Desktop\UNI MARINA\master\TFM\FSD50K_DATA\FSD50K.dev_audio\FSD50K_cough_stage1_only\82717.wav,False,selected_license_safe,recommended_random_audit,https://freesound.org/s/82717/,source WAV preserved; model preprocessing may resample to 16 kHz mono and extract features,"""cough.wav"" by IFartInUrGeneralDirection; Freesound ID 82717; CC-BY-3.0 (http://creativecommons.org/licenses/by/3.0/); accessed through FSD50K.",Cough|Respiratory_sounds,174964,978d4e2628a9dc6006639faf18e4e620ca87dfedc3f5a1c1df26f43483e57d38,44100,1,PCM_16,87443,1.9828344671201812,extracted_and_validated,,no,1.0|1.0,2,0,0,0,pp_agreement
323692,323692,323692_seg_0,323692,FSD50K,,,False,manual_review_no_audible_cough,NO,False,explicit_no_notes_column,True,38,1,unknown,3,unknown,not_applicable_fsd50k,False,fsd50k_has_no_dry_wet_annotation,cough,train,C:\Users\Usuario\Desktop\UNI MARINA\master\TFM\FSD50K_DATA\FSD50K.dev_audio\FSD50K_cough_stage1_only\323692.wav,FSD50K_DATA/FSD50K.dev_audio/FSD50K_cough_stage1_only/323692.wav,1.7748979591836735,0.0,1.7748979591836735,"Human_voice,Cough,Respiratory_sounds","/m/09l8g,/m/01b_21,/m/09hlz4",clear throat4.wav,Reitanna,http://creativecommons.org/publicdomain/zero/1.0/,CC0-1.0,True,,,False,cough_with_expected_hierarchy_only,already_present,C:\Users\Usuario\Desktop\UNI MARINA\master\TFM\FSD50K_DATA\FSD50K.dev_audio\FSD50K_cough_stage1_only\323692.wav,False,selected_license_safe,recommended_random_audit,https://freesound.org/s/323692/,source WAV preserved; model preprocessing may resample to 16 kHz mono and extract features,"""clear throat4.wav"" by Reitanna; Freesound ID 323692; CC0-1.0 (http://creativecommons.org/publicdomain/zero/1.0/); accessed through FSD50K.",Cough|Human_voice|Respiratory_sounds,156624,23b636207c0d8cd016a4957fab44b318892fdcffb8fc49d267065f7830ddeedc,44100,1,PCM_16,78273,1.7748979591836735,extracted_and_validated,,no,,0,0,0,0,missing
171542,171542,171542_seg_0,171542,FSD50K,1,1,True,,SI,True,blank_means_yes_by_declared_protocol,True,39,1,unknown,3,unknown,not_applicable_fsd50k,False,fsd50k_has_no_dry_wet_annotation,cough,train,C:\Users\Usuario\Desktop\UNI MARINA\master\TFM\FSD50K_DATA\FSD50K.dev_audio\FSD50K_cough_stage1_only\171542.wav,FSD50K_DATA/FSD50K.dev_audio/FSD50K_cough_stage1_only/171542.wav,22.04734693877551,0.0,22.04734693877551,"Cough,Respiratory_sounds","/m/01b_21,/m/09hlz4",coughing,Eelke,http://creativecommons.org/licenses/by/3.0/,CC-BY-3.0,True,,,False,cough_with_expected_hierarchy_only,already_present,C:\Users\Usuario\Desktop\UNI MARINA\master\TFM\FSD50K_DATA\FSD50K.dev_audio\FSD50K_cough_stage1_only\171542.wav,False,selected_license_safe,recommended_random_audit,https://freesound.org/s/171542/,source WAV preserved; model preprocessing may resample to 16 kHz mono and extract features,"""coughing"" by Eelke; Freesound ID 171542; CC-BY-3.0 (http://creativecommons.org/licenses/by/3.0/); accessed through FSD50K.",Cough|Respiratory_sounds,1944654,a75777512289f332c687d2c0dd54de400a54449e12a19030861317cac37e082c,44100,1,PCM_16,972288,22.04734693877551,extracted_and_validated,,,1.0|1.0,2,0,0,0,pp_agreement
19119,19119,19119_seg_0,19119,FSD50K,1,1,True,,SI,True,blank_means_yes_by_declared_protocol,True,40,1,unknown,3,unknown,not_applicable_fsd50k,False,fsd50k_has_no_dry_wet_annotation,cough,train,C:\Users\Usuario\Desktop\UNI MARINA\master\TFM\FSD50K_DATA\FSD50K.dev_audio\FSD50K_cough_stage1_only\19119.wav,FSD50K_DATA/FSD50K.dev_audio/FSD50K_cough_stage1_only/19119.wav,0.8206349206349206,0.0,0.8206349206349206,"Cough,Respiratory_sounds","/m/01b_21,/m/09hlz4",cough4.aiff,Fratz,http://creativecommons.org/licenses/by/3.0/,CC-BY-3.0,True,,,False,cough_with_expected_hierarchy_only,already_present,C:\Users\Usuario\Desktop\UNI MARINA\master\TFM\FSD50K_DATA\FSD50K.dev_audio\FSD50K_cough_stage1_only\19119.wav,False,selected_license_safe,recommended_random_audit,https://freesound.org/s/19119/,source WAV preserved; model preprocessing may resample to 16 kHz mono and extract features,"""cough4.aiff"" by Fratz; Freesound ID 19119; CC-BY-3.0 (http://creativecommons.org/licenses/by/3.0/); accessed through FSD50K.",Cough|Respiratory_sounds,72458,d222ff282abdc5a3360f89b8eeea4763f1456a657708da06e1e84d55a9a16037,44100,1,PCM_16,36190,0.8206349206349206,extracted_and_validated,,,1.0|1.0|0.5,2,1,0,0,pp_agreement
323698,323698,323698_seg_0,323698,FSD50K,,,False,manual_review_no_audible_cough,NO,False,explicit_no_notes_column,True,41,1,unknown,3,unknown,not_applicable_fsd50k,False,fsd50k_has_no_dry_wet_annotation,cough,train,C:\Users\Usuario\Desktop\UNI MARINA\master\TFM\FSD50K_DATA\FSD50K.dev_audio\FSD50K_cough_stage1_only\323698.wav,FSD50K_DATA/FSD50K.dev_audio/FSD50K_cough_stage1_only/323698.wav,0.9251927437641724,0.0,0.9251927437641724,"Human_voice,Cough,Respiratory_sounds","/m/09l8g,/m/01b_21,/m/09hlz4",clear throat6.wav,Reitanna,http://creativecommons.org/publicdomain/zero/1.0/,CC0-1.0,True,,,False,cough_with_expected_hierarchy_only,already_present,C:\Users\Usuario\Desktop\UNI MARINA\master\TFM\FSD50K_DATA\FSD50K.dev_audio\FSD50K_cough_stage1_only\323698.wav,False,selected_license_safe,recommended_random_audit,https://freesound.org/s/323698/,source WAV preserved; model preprocessing may resample to 16 kHz mono and extract features,"""clear throat6.wav"" by Reitanna; Freesound ID 323698; CC0-1.0 (http://creativecommons.org/publicdomain/zero/1.0/); accessed through FSD50K.",Cough|Human_voice|Respiratory_sounds,81680,16c162b2730c033b64eb4147e428e5217ec9bb6690545aa4b0a9b06899eedcf1,44100,1,PCM_16,40801,0.9251927437641724,extracted_and_validated,,no,,0,0,0,0,missing
19123,19123,19123_seg_0,19123,FSD50K,1,1,True,,SI,True,blank_means_yes_by_declared_protocol,True,42,1,unknown,3,unknown,not_applicable_fsd50k,False,fsd50k_has_no_dry_wet_annotation,cough,train,C:\Users\Usuario\Desktop\UNI MARINA\master\TFM\FSD50K_DATA\FSD50K.dev_audio\FSD50K_cough_stage1_only\19123.wav,FSD50K_DATA/FSD50K.dev_audio/FSD50K_cough_stage1_only/19123.wav,0.4359183673469388,0.0,0.4359183673469388,"Cough,Respiratory_sounds","/m/01b_21,/m/09hlz4",cough8.aiff,Fratz,http://creativecommons.org/licenses/by/3.0/,CC-BY-3.0,True,,,False,cough_with_expected_hierarchy_only,already_present,C:\Users\Usuario\Desktop\UNI MARINA\master\TFM\FSD50K_DATA\FSD50K.dev_audio\FSD50K_cough_stage1_only\19123.wav,False,selected_license_safe,recommended_random_audit,https://freesound.org/s/19123/,source WAV preserved; model preprocessing may resample to 16 kHz mono and extract features,"""cough8.aiff"" by Fratz; Freesound ID 19123; CC-BY-3.0 (http://creativecommons.org/licenses/by/3.0/); accessed through FSD50K.",Cough|Respiratory_sounds,38526,61f545761046180cb0d67e6ee83c9334080df6780c91de783382323745b0849f,44100,1,PCM_16,19224,0.4359183673469388,extracted_and_validated,,,1.0|1.0,2,0,0,0,pp_agreement
19112,19112,19112_seg_0,19112,FSD50K,1,1,True,,SI,True,blank_means_yes_by_declared_protocol,True,43,1,unknown,3,unknown,not_applicable_fsd50k,False,fsd50k_has_no_dry_wet_annotation,cough,train,C:\Users\Usuario\Desktop\UNI MARINA\master\TFM\FSD50K_DATA\FSD50K.dev_audio\FSD50K_cough_stage1_only\19112.wav,FSD50K_DATA/FSD50K.dev_audio/FSD50K_cough_stage1_only/19112.wav,1.1987301587301586,0.0,1.1987301587301586,"Cough,Respiratory_sounds","/m/01b_21,/m/09hlz4",cough10.aiff,Fratz,http://creativecommons.org/licenses/by/3.0/,CC-BY-3.0,True,,,False,cough_with_expected_hierarchy_only,already_present,C:\Users\Usuario\Desktop\UNI MARINA\master\TFM\FSD50K_DATA\FSD50K.dev_audio\FSD50K_cough_stage1_only\19112.wav,False,selected_license_safe,recommended_random_audit,https://freesound.org/s/19112/,source WAV preserved; model preprocessing may resample to 16 kHz mono and extract features,"""cough10.aiff"" by Fratz; Freesound ID 19112; CC-BY-3.0 (http://creativecommons.org/licenses/by/3.0/); accessed through FSD50K.",Cough|Respiratory_sounds,105806,c67a399bd14204e430b9e9191640399936715fb6eb0bd656d573a508c3ce3980,44100,1,PCM_16,52864,1.1987301587301586,extracted_and_validated,,,1.0|1.0,2,0,0,0,pp_agreement
19111,19111,19111_seg_0,19111,FSD50K,1,1,True,,SI,True,blank_means_yes_by_declared_protocol,True,44,1,unknown,3,unknown,not_applicable_fsd50k,False,fsd50k_has_no_dry_wet_annotation,cough,train,C:\Users\Usuario\Desktop\UNI MARINA\master\TFM\FSD50K_DATA\FSD50K.dev_audio\FSD50K_cough_stage1_only\19111.wav,FSD50K_DATA/FSD50K.dev_audio/FSD50K_cough_stage1_only/19111.wav,0.8560544217687075,0.0,0.8560544217687075,"Cough,Respiratory_sounds","/m/01b_21,/m/09hlz4",cough1.aiff,Fratz,http://creativecommons.org/licenses/by/3.0/,CC-BY-3.0,True,,,False,cough_with_expected_hierarchy_only,already_present,C:\Users\Usuario\Desktop\UNI MARINA\master\TFM\FSD50K_DATA\FSD50K.dev_audio\FSD50K_cough_stage1_only\19111.wav,False,selected_license_safe,recommended_random_audit,https://freesound.org/s/19111/,source WAV preserved; model preprocessing may resample to 16 kHz mono and extract features,"""cough1.aiff"" by Fratz; Freesound ID 19111; CC-BY-3.0 (http://creativecommons.org/licenses/by/3.0/); accessed through FSD50K.",Cough|Respiratory_sounds,75582,adb253d05ed9f860937ddd50bd9d163994009b28c5e6717068e3dc0dda03e7bf,44100,1,PCM_16,37752,0.8560544217687075,extracted_and_validated,,,1.0|1.0,2,0,0,0,pp_agreement
343912,343912,343912_seg_0,343912,FSD50K,,,False,manual_review_no_audible_cough,NO,False,explicit_no_notes_column,True,45,1,unknown,3,unknown,not_applicable_fsd50k,False,fsd50k_has_no_dry_wet_annotation,cough,train,C:\Users\Usuario\Desktop\UNI MARINA\master\TFM\FSD50K_DATA\FSD50K.dev_audio\FSD50K_cough_stage1_only\343912.wav,FSD50K_DATA/FSD50K.dev_audio/FSD50K_cough_stage1_only/343912.wav,0.7546485260770975,0.0,0.7546485260770975,"Human_voice,Cough,Respiratory_sounds","/m/09l8g,/m/01b_21,/m/09hlz4",clear throat15.wav,Reitanna,http://creativecommons.org/publicdomain/zero/1.0/,CC0-1.0,True,,,False,cough_with_expected_hierarchy_only,already_present,C:\Users\Usuario\Desktop\UNI MARINA\master\TFM\FSD50K_DATA\FSD50K.dev_audio\FSD50K_cough_stage1_only\343912.wav,False,selected_license_safe,recommended_random_audit,https://freesound.org/s/343912/,source WAV preserved; model preprocessing may resample to 16 kHz mono and extract features,"""clear throat15.wav"" by Reitanna; Freesound ID 343912; CC0-1.0 (http://creativecommons.org/publicdomain/zero/1.0/); accessed through FSD50K.",Cough|Human_voice|Respiratory_sounds,66638,1d4053dddb57f4fe45d5c1e8916cfeb4708f81aed490278ccef2ee5c9a2f0853,44100,1,PCM_16,33280,0.7546485260770975,extracted_and_validated,,no,,0,0,0,0,missing
252220,252220,252220_seg_0,252220,FSD50K,,,False,manual_review_no_audible_cough,NO,False,explicit_no_notes_column,True,46,1,unknown,3,unknown,not_applicable_fsd50k,False,fsd50k_has_no_dry_wet_annotation,cough,train,C:\Users\Usuario\Desktop\UNI MARINA\master\TFM\FSD50K_DATA\FSD50K.dev_audio\FSD50K_cough_stage1_only\252220.wav,FSD50K_DATA/FSD50K.dev_audio/FSD50K_cough_stage1_only/252220.wav,0.6908163265306122,0.0,0.6908163265306122,"Cough,Respiratory_sounds","/m/01b_21,/m/09hlz4",clear throat.wav,Reitanna,http://creativecommons.org/publicdomain/zero/1.0/,CC0-1.0,True,,,False,cough_with_expected_hierarchy_only,already_present,C:\Users\Usuario\Desktop\UNI MARINA\master\TFM\FSD50K_DATA\FSD50K.dev_audio\FSD50K_cough_stage1_only\252220.wav,False,selected_license_safe,recommended_random_audit,https://freesound.org/s/252220/,source WAV preserved; model preprocessing may resample to 16 kHz mono and extract features,"""clear throat.wav"" by Reitanna; Freesound ID 252220; CC0-1.0 (http://creativecommons.org/publicdomain/zero/1.0/); accessed through FSD50K.",Cough|Respiratory_sounds,61008,6581bfb80f8cb64f1af610ca1ad89ee7e9fda89dd05acf14e914370a852294e3,44100,1,PCM_16,30465,0.6908163265306122,extracted_and_validated,,no,,0,0,0,0,missing
151921,151921,151921_seg_0,151921,FSD50K,,,False,manual_review_no_audible_cough,NO,False,explicit_no_notes_column,True,47,1,unknown,3,unknown,not_applicable_fsd50k,False,fsd50k_has_no_dry_wet_annotation,cough,train,C:\Users\Usuario\Desktop\UNI MARINA\master\TFM\FSD50K_DATA\FSD50K.dev_audio\FSD50K_cough_stage1_only\151921.wav,FSD50K_DATA/FSD50K.dev_audio/FSD50K_cough_stage1_only/151921.wav,0.9362585034013604,0.0,0.9362585034013604,"Cough,Respiratory_sounds","/m/01b_21,/m/09hlz4",Clearing throat.aif,carroll27,http://creativecommons.org/publicdomain/zero/1.0/,CC0-1.0,True,,,False,cough_with_expected_hierarchy_only,already_present,C:\Users\Usuario\Desktop\UNI MARINA\master\TFM\FSD50K_DATA\FSD50K.dev_audio\FSD50K_cough_stage1_only\151921.wav,False,selected_license_safe,recommended_random_audit,https://freesound.org/s/151921/,source WAV preserved; model preprocessing may resample to 16 kHz mono and extract features,"""Clearing throat.aif"" by carroll27; Freesound ID 151921; CC0-1.0 (http://creativecommons.org/publicdomain/zero/1.0/); accessed through FSD50K.",Cough|Respiratory_sounds,82656,3b4244d1158aacd875a4f07eae640b9f2da7487e7d752d0996378abea23dd0e2,44100,1,PCM_16,41289,0.9362585034013604,extracted_and_validated,,no,,0,0,0,0,missing
180046,180046,180046_seg_0,180046,FSD50K,,,False,manual_review_no_audible_cough,NO,False,explicit_no_notes_column,True,48,1,unknown,3,unknown,not_applicable_fsd50k,False,fsd50k_has_no_dry_wet_annotation,cough,train,C:\Users\Usuario\Desktop\UNI MARINA\master\TFM\FSD50K_DATA\FSD50K.dev_audio\FSD50K_cough_stage1_only\180046.wav,FSD50K_DATA/FSD50K.dev_audio/FSD50K_cough_stage1_only/180046.wav,29.1987074829932,0.0,29.1987074829932,"Sneeze,Cough,Respiratory_sounds","/m/01hsr_,/m/01b_21,/m/09hlz4",Sickness 11: sneeze + blowing nose,unfa,http://creativecommons.org/licenses/by/3.0/,CC-BY-3.0,True,,Sneeze,True,cough_with_additional_labels_review_required,already_present,C:\Users\Usuario\Desktop\UNI MARINA\master\TFM\FSD50K_DATA\FSD50K.dev_audio\FSD50K_cough_stage1_only\180046.wav,False,selected_license_safe,mandatory_review_before_training,https://freesound.org/s/180046/,source WAV preserved; model preprocessing may resample to 16 kHz mono and extract features,"""Sickness 11: sneeze + blowing nose"" by unfa; Freesound ID 180046; CC-BY-3.0 (http://creativecommons.org/licenses/by/3.0/); accessed through FSD50K.",Cough|Respiratory_sounds|Sneeze,2575404,a3afba7c654acf720ca839604e424c258fd2e4ad190e34d9ff18a41a8cbe5993,44100,1,PCM_16,1287663,29.1987074829932,extracted_and_validated,,no,0.5|0.5,0,2,0,0,positive_agreement_without_two_pp
102539,102539,102539_seg_0,102539,FSD50K,,,False,manual_review_no_audible_cough,NO,False,explicit_no_notes_column,True,49,1,unknown,3,unknown,not_applicable_fsd50k,False,fsd50k_has_no_dry_wet_annotation,cough,train,C:\Users\Usuario\Desktop\UNI MARINA\master\TFM\FSD50K_DATA\FSD50K.dev_audio\FSD50K_cough_stage1_only\102539.wav,FSD50K_DATA/FSD50K.dev_audio/FSD50K_cough_stage1_only/102539.wav,9.549569160997732,0.0,9.549569160997732,"Speech,Cough,Human_voice,Respiratory_sounds","/m/09x0r,/m/01b_21,/m/09l8g,/m/09hlz4",TUBE OUT-TAKE.wav,sandyrb,http://creativecommons.org/licenses/by/3.0/,CC-BY-3.0,True,,Speech,True,cough_with_additional_labels_review_required,already_present,C:\Users\Usuario\Desktop\UNI MARINA\master\TFM\FSD50K_DATA\FSD50K.dev_audio\FSD50K_cough_stage1_only\102539.wav,False,selected_license_safe,mandatory_review_before_training,https://freesound.org/s/102539/,source WAV preserved; model preprocessing may resample to 16 kHz mono and extract features,"""TUBE OUT-TAKE.wav"" by sandyrb; Freesound ID 102539; CC-BY-3.0 (http://creativecommons.org/licenses/by/3.0/); accessed through FSD50K.",Cough|Human_voice|Respiratory_sounds|Speech,842350,368f31100b50053c17f58b6373ad5951ef75d98aef76794839033f52705a9c8f,44100,1,PCM_16,421136,9.549569160997732,extracted_and_validated,,no,0.5|0.5,0,2,0,0,positive_agreement_without_two_pp
381371,381371,381371_seg_0,381371,FSD50K,,,False,manual_review_no_audible_cough,NO,False,explicit_no_notes_column,True,50,1,unknown,3,unknown,not_applicable_fsd50k,False,fsd50k_has_no_dry_wet_annotation,cough,train,C:\Users\Usuario\Desktop\UNI MARINA\master\TFM\FSD50K_DATA\FSD50K.dev_audio\FSD50K_cough_stage1_only\381371.wav,FSD50K_DATA/FSD50K.dev_audio/FSD50K_cough_stage1_only/381371.wav,2.1420408163265305,0.0,2.1420408163265305,"Cough,Respiratory_sounds","/m/01b_21,/m/09hlz4",Cough Snuffle Distant 2.mp3,FunWithSound,http://creativecommons.org/publicdomain/zero/1.0/,CC0-1.0,True,,,False,cough_with_expected_hierarchy_only,already_present,C:\Users\Usuario\Desktop\UNI MARINA\master\TFM\FSD50K_DATA\FSD50K.dev_audio\FSD50K_cough_stage1_only\381371.wav,False,selected_license_safe,recommended_random_audit,https://freesound.org/s/381371/,source WAV preserved; model preprocessing may resample to 16 kHz mono and extract features,"""Cough Snuffle Distant 2.mp3"" by FunWithSound; Freesound ID 381371; CC0-1.0 (http://creativecommons.org/publicdomain/zero/1.0/); accessed through FSD50K.",Cough|Respiratory_sounds,189006,f5668812bb19f65d19690d47868437a02baf3a8470697a0a873137551ab89b0c,44100,1,PCM_16,94464,2.1420408163265305,extracted_and_validated,,no,1.0|1.0,2,0,0,0,pp_agreement
178997,178997,178997_seg_0,178997,FSD50K,1,1,True,,SI,True,blank_means_yes_by_declared_protocol,True,51,1,unknown,3,unknown,not_applicable_fsd50k,False,fsd50k_has_no_dry_wet_annotation,cough,train,C:\Users\Usuario\Desktop\UNI MARINA\master\TFM\FSD50K_DATA\FSD50K.dev_audio\FSD50K_cough_stage1_only\178997.wav,FSD50K_DATA/FSD50K.dev_audio/FSD50K_cough_stage1_only/178997.wav,5.607619047619048,0.0,5.607619047619048,"Cough,Respiratory_sounds","/m/01b_21,/m/09hlz4",Coughing.wav,BIGTexan7213,http://creativecommons.org/licenses/by/3.0/,CC-BY-3.0,True,,,False,cough_with_expected_hierarchy_only,already_present,C:\Users\Usuario\Desktop\UNI MARINA\master\TFM\FSD50K_DATA\FSD50K.dev_audio\FSD50K_cough_stage1_only\178997.wav,False,selected_license_safe,recommended_random_audit,https://freesound.org/s/178997/,source WAV preserved; model preprocessing may resample to 16 kHz mono and extract features,"""Coughing.wav"" by BIGTexan7213; Freesound ID 178997; CC-BY-3.0 (http://creativecommons.org/licenses/by/3.0/); accessed through FSD50K.",Cough|Respiratory_sounds,494670,74e854a1edf83a8526d8ac832f91b6f2adcdda5cfa1299628710a3e42a135836,44100,1,PCM_16,247296,5.607619047619048,extracted_and_validated,,,1.0|1.0|0.5,2,1,0,0,pp_agreement
399624,399624,399624_seg_0,399624,FSD50K,1,1,True,,SI,True,blank_means_yes_by_declared_protocol,True,52,1,unknown,3,unknown,not_applicable_fsd50k,False,fsd50k_has_no_dry_wet_annotation,cough,train,C:\Users\Usuario\Desktop\UNI MARINA\master\TFM\FSD50K_DATA\FSD50K.dev_audio\FSD50K_cough_stage1_only\399624.wav,FSD50K_DATA/FSD50K.dev_audio/FSD50K_cough_stage1_only/399624.wav,3.4481632653061225,0.0,3.4481632653061225,"Cough,Respiratory_sounds","/m/01b_21,/m/09hlz4",Man Coughing #2.MP3,SoundsForHim,http://creativecommons.org/publicdomain/zero/1.0/,CC0-1.0,True,,,False,cough_with_expected_hierarchy_only,already_present,C:\Users\Usuario\Desktop\UNI MARINA\master\TFM\FSD50K_DATA\FSD50K.dev_audio\FSD50K_cough_stage1_only\399624.wav,False,selected_license_safe,recommended_random_audit,https://freesound.org/s/399624/,source WAV preserved; model preprocessing may resample to 16 kHz mono and extract features,"""Man Coughing #2.MP3"" by SoundsForHim; Freesound ID 399624; CC0-1.0 (http://creativecommons.org/publicdomain/zero/1.0/); accessed through FSD50K.",Cough|Respiratory_sounds,304206,e20e795f6ae4f35f6186e2ddbd4a4bfecfa3d8e9c694ee51fa95f926593cc9c4,44100,1,PCM_16,152064,3.4481632653061225,extracted_and_validated,,,1.0|1.0,2,0,0,0,pp_agreement
399618,399618,399618_seg_0,399618,FSD50K,,,False,manual_review_no_audible_cough,NO,False,explicit_no_notes_column,True,53,1,unknown,3,unknown,not_applicable_fsd50k,False,fsd50k_has_no_dry_wet_annotation,cough,train,C:\Users\Usuario\Desktop\UNI MARINA\master\TFM\FSD50K_DATA\FSD50K.dev_audio\FSD50K_cough_stage1_only\399618.wav,FSD50K_DATA/FSD50K.dev_audio/FSD50K_cough_stage1_only/399618.wav,3.13469387755102,0.0,3.13469387755102,"Cough,Respiratory_sounds","/m/01b_21,/m/09hlz4",Clearing throat #2.MP3,SoundsForHim,http://creativecommons.org/publicdomain/zero/1.0/,CC0-1.0,True,,,False,cough_with_expected_hierarchy_only,already_present,C:\Users\Usuario\Desktop\UNI MARINA\master\TFM\FSD50K_DATA\FSD50K.dev_audio\FSD50K_cough_stage1_only\399618.wav,False,selected_license_safe,recommended_random_audit,https://freesound.org/s/399618/,source WAV preserved; model preprocessing may resample to 16 kHz mono and extract features,"""Clearing throat #2.MP3"" by SoundsForHim; Freesound ID 399618; CC0-1.0 (http://creativecommons.org/publicdomain/zero/1.0/); accessed through FSD50K.",Cough|Respiratory_sounds,276558,dd0c418f888483a3f16c50e98a0ccf0a2abbc563f59dba0de9befcf27f9d547c,44100,1,PCM_16,138240,3.13469387755102,extracted_and_validated,,no,,0,0,0,0,missing
331065,331065,331065_seg_0,331065,FSD50K,1,1,True,,SI,True,blank_means_yes_by_declared_protocol,True,54,1,unknown,3,unknown,not_applicable_fsd50k,False,fsd50k_has_no_dry_wet_annotation,cough,train,C:\Users\Usuario\Desktop\UNI MARINA\master\TFM\FSD50K_DATA\FSD50K.dev_audio\FSD50K_cough_stage1_only\331065.wav,FSD50K_DATA/FSD50K.dev_audio/FSD50K_cough_stage1_only/331065.wav,1.001111111111111,0.0,1.001111111111111,"Cough,Respiratory_sounds","/m/01b_21,/m/09hlz4",Cough_11.wav,n_audioman,http://creativecommons.org/licenses/by/3.0/,CC-BY-3.0,True,,,False,cough_with_expected_hierarchy_only,already_present,C:\Users\Usuario\Desktop\UNI MARINA\master\TFM\FSD50K_DATA\FSD50K.dev_audio\FSD50K_cough_stage1_only\331065.wav,False,selected_license_safe,recommended_random_audit,https://freesound.org/s/331065/,source WAV preserved; model preprocessing may resample to 16 kHz mono and extract features,"""Cough_11.wav"" by n_audioman; Freesound ID 331065; CC-BY-3.0 (http://creativecommons.org/licenses/by/3.0/); accessed through FSD50K.",Cough|Respiratory_sounds,88376,fd1e7c0033c0a9ca674e76e683bcedeba29462ff2e1a973240dbe34cde93e902,44100,1,PCM_16,44149,1.001111111111111,extracted_and_validated,,,1.0|1.0,2,0,0,0,pp_agreement
196283,196283,196283_seg_0,196283,FSD50K,1,1,True,,SI,True,blank_means_yes_by_declared_protocol,True,55,1,unknown,3,unknown,not_applicable_fsd50k,False,fsd50k_has_no_dry_wet_annotation,cough,train,C:\Users\Usuario\Desktop\UNI MARINA\master\TFM\FSD50K_DATA\FSD50K.dev_audio\FSD50K_cough_stage1_only\196283.wav,FSD50K_DATA/FSD50K.dev_audio/FSD50K_cough_stage1_only/196283.wav,28.969705215419506,0.0,28.969705215419506,"Cough,Respiratory_sounds","/m/01b_21,/m/09hlz4",Man coughing.wav,paulw2k,http://creativecommons.org/publicdomain/zero/1.0/,CC0-1.0,True,,,False,cough_with_expected_hierarchy_only,already_present,C:\Users\Usuario\Desktop\UNI MARINA\master\TFM\FSD50K_DATA\FSD50K.dev_audio\FSD50K_cough_stage1_only\196283.wav,False,selected_license_safe,recommended_random_audit,https://freesound.org/s/196283/,source WAV preserved; model preprocessing may resample to 16 kHz mono and extract features,"""Man coughing.wav"" by paulw2k; Freesound ID 196283; CC0-1.0 (http://creativecommons.org/publicdomain/zero/1.0/); accessed through FSD50K.",Cough|Respiratory_sounds,2555206,d3e6560b3a68ce2aa4aa2b9807109fd9b9daac5fcfeb7821f719c115f9fc0e78,44100,1,PCM_16,1277564,28.969705215419506,extracted_and_validated,,,1.0|1.0,2,0,0,0,pp_agreement
273602,273602,273602_seg_0,273602,FSD50K,,,False,manual_review_no_audible_cough,NO,False,explicit_no_notes_column,True,56,1,unknown,3,unknown,not_applicable_fsd50k,False,fsd50k_has_no_dry_wet_annotation,cough,train,C:\Users\Usuario\Desktop\UNI MARINA\master\TFM\FSD50K_DATA\FSD50K.dev_audio\FSD50K_cough_stage1_only\273602.wav,FSD50K_DATA/FSD50K.dev_audio/FSD50K_cough_stage1_only/273602.wav,0.9477097505668934,0.0,0.9477097505668934,"Cough,Respiratory_sounds","/m/01b_21,/m/09hlz4",Clear Throat.wav,n_audioman,http://creativecommons.org/licenses/by/3.0/,CC-BY-3.0,True,,,False,cough_with_expected_hierarchy_only,already_present,C:\Users\Usuario\Desktop\UNI MARINA\master\TFM\FSD50K_DATA\FSD50K.dev_audio\FSD50K_cough_stage1_only\273602.wav,False,selected_license_safe,recommended_random_audit,https://freesound.org/s/273602/,source WAV preserved; model preprocessing may resample to 16 kHz mono and extract features,"""Clear Throat.wav"" by n_audioman; Freesound ID 273602; CC-BY-3.0 (http://creativecommons.org/licenses/by/3.0/); accessed through FSD50K.",Cough|Respiratory_sounds,83666,36f148e28bf7785c3a06311971612f52445e30b6946a12f310f1a412349b81ed,44100,1,PCM_16,41794,0.9477097505668934,extracted_and_validated,,no,1.0|1.0|0,2,0,1,0,pp_agreement
87512,87512,87512_seg_0,87512,FSD50K,1,1,True,,SI,True,blank_means_yes_by_declared_protocol,True,57,1,unknown,3,unknown,not_applicable_fsd50k,False,fsd50k_has_no_dry_wet_annotation,cough,train,C:\Users\Usuario\Desktop\UNI MARINA\master\TFM\FSD50K_DATA\FSD50K.dev_audio\FSD50K_cough_stage1_only\87512.wav,FSD50K_DATA/FSD50K.dev_audio/FSD50K_cough_stage1_only/87512.wav,3.0,0.0,3.0,"Cough,Respiratory_sounds","/m/01b_21,/m/09hlz4",20100109.cough.01.wav,dobroide,http://creativecommons.org/licenses/by/3.0/,CC-BY-3.0,True,,,False,cough_with_expected_hierarchy_only,already_present,C:\Users\Usuario\Desktop\UNI MARINA\master\TFM\FSD50K_DATA\FSD50K.dev_audio\FSD50K_cough_stage1_only\87512.wav,False,selected_license_safe,recommended_random_audit,https://freesound.org/s/87512/,source WAV preserved; model preprocessing may resample to 16 kHz mono and extract features,"""20100109.cough.01.wav"" by dobroide; Freesound ID 87512; CC-BY-3.0 (http://creativecommons.org/licenses/by/3.0/); accessed through FSD50K.",Cough|Respiratory_sounds,264678,31e1cfd0d108dac574ba53764fb187c8bbfce26d703c832dc0f5b3b03da9db12,44100,1,PCM_16,132300,3.0,extracted_and_validated,,,0.5|0.5,0,2,0,0,positive_agreement_without_two_pp
325569,325569,325569_seg_0,325569,FSD50K,1,1,True,,SI,True,blank_means_yes_by_declared_protocol,True,58,1,unknown,3,unknown,not_applicable_fsd50k,False,fsd50k_has_no_dry_wet_annotation,cough,val,C:\Users\Usuario\Desktop\UNI MARINA\master\TFM\FSD50K_DATA\FSD50K.dev_audio\FSD50K_cough_stage1_only\325569.wav,FSD50K_DATA/FSD50K.dev_audio/FSD50K_cough_stage1_only/325569.wav,4.458231292517007,0.0,4.458231292517007,"Cough,Respiratory_sounds","/m/01b_21,/m/09hlz4",Coughs,ActiveObjectX,http://creativecommons.org/publicdomain/zero/1.0/,CC0-1.0,True,,,False,cough_with_expected_hierarchy_only,already_present,C:\Users\Usuario\Desktop\UNI MARINA\master\TFM\FSD50K_DATA\FSD50K.dev_audio\FSD50K_cough_stage1_only\325569.wav,False,selected_license_safe,recommended_random_audit,https://freesound.org/s/325569/,source WAV preserved; model preprocessing may resample to 16 kHz mono and extract features,"""Coughs"" by ActiveObjectX; Freesound ID 325569; CC0-1.0 (http://creativecommons.org/publicdomain/zero/1.0/); accessed through FSD50K.",Cough|Respiratory_sounds,393294,8891507a01c6083a1b02b8fa448bf7738ebf0862864d9e73747a988b55539931,44100,1,PCM_16,196608,4.458231292517007,extracted_and_validated,,,1.0|1.0,2,0,0,0,pp_agreement
148205,148205,148205_seg_0,148205,FSD50K,,,False,manual_review_no_audible_cough,NO,False,explicit_no_notes_column,True,59,1,unknown,3,unknown,not_applicable_fsd50k,False,fsd50k_has_no_dry_wet_annotation,cough,train,C:\Users\Usuario\Desktop\UNI MARINA\master\TFM\FSD50K_DATA\FSD50K.dev_audio\FSD50K_cough_stage1_only\148205.wav,FSD50K_DATA/FSD50K.dev_audio/FSD50K_cough_stage1_only/148205.wav,2.2331065759637188,0.0,2.2331065759637188,"Cough,Respiratory_sounds","/m/01b_21,/m/09hlz4",riure 3_aeiraval_petits.mp3,espaitecnologic,http://creativecommons.org/publicdomain/zero/1.0/,CC0-1.0,True,,,False,cough_with_expected_hierarchy_only,already_present,C:\Users\Usuario\Desktop\UNI MARINA\master\TFM\FSD50K_DATA\FSD50K.dev_audio\FSD50K_cough_stage1_only\148205.wav,False,selected_license_safe,recommended_random_audit,https://freesound.org/s/148205/,source WAV preserved; model preprocessing may resample to 16 kHz mono and extract features,"""riure 3_aeiraval_petits.mp3"" by espaitecnologic; Freesound ID 148205; CC0-1.0 (http://creativecommons.org/publicdomain/zero/1.0/); accessed through FSD50K.",Cough|Respiratory_sounds,197038,ef7b087d0a2745ff25a867ae00a4e7450bd52cfc8e1cdf85cee892d671797174,44100,1,PCM_16,98480,2.2331065759637188,extracted_and_validated,,no,0.5|0.5|0|-1,0,2,1,1,positive_agreement_without_two_pp
254466,254466,254466_seg_0,254466,FSD50K,1,1,True,,SI,True,blank_means_yes_by_declared_protocol,True,60,1,unknown,3,unknown,not_applicable_fsd50k,False,fsd50k_has_no_dry_wet_annotation,cough,train,C:\Users\Usuario\Desktop\UNI MARINA\master\TFM\FSD50K_DATA\FSD50K.dev_audio\FSD50K_cough_stage1_only\254466.wav,FSD50K_DATA/FSD50K.dev_audio/FSD50K_cough_stage1_only/254466.wav,6.573038548752835,0.0,6.573038548752835,"Cough,Respiratory_sounds","/m/01b_21,/m/09hlz4",marvie_cough2.flac,wjoojoo,http://creativecommons.org/licenses/by/3.0/,CC-BY-3.0,True,,,False,cough_with_expected_hierarchy_only,already_present,C:\Users\Usuario\Desktop\UNI MARINA\master\TFM\FSD50K_DATA\FSD50K.dev_audio\FSD50K_cough_stage1_only\254466.wav,False,selected_license_safe,recommended_random_audit,https://freesound.org/s/254466/,source WAV preserved; model preprocessing may resample to 16 kHz mono and extract features,"""marvie_cough2.flac"" by wjoojoo; Freesound ID 254466; CC-BY-3.0 (http://creativecommons.org/licenses/by/3.0/); accessed through FSD50K.",Cough|Respiratory_sounds,579820,e1465e6eba208b3cfed612d2201db12b647ba54d5d79993256500346c2f663db,44100,1,PCM_16,289871,6.573038548752835,extracted_and_validated,,,1.0|1.0|0.5,2,1,0,0,pp_agreement
30830,30830,30830_seg_0,30830,FSD50K,1,1,True,,SI,True,blank_means_yes_by_declared_protocol,True,61,1,unknown,3,unknown,not_applicable_fsd50k,False,fsd50k_has_no_dry_wet_annotation,cough,train,C:\Users\Usuario\Desktop\UNI MARINA\master\TFM\FSD50K_DATA\FSD50K.dev_audio\FSD50K_cough_stage1_only\30830.wav,FSD50K_DATA/FSD50K.dev_audio/FSD50K_cough_stage1_only/30830.wav,2.716734693877551,0.0,2.716734693877551,"Cough,Respiratory_sounds","/m/01b_21,/m/09hlz4",girl_coughing.mp3,JollySea,http://creativecommons.org/licenses/by/3.0/,CC-BY-3.0,True,,,False,cough_with_expected_hierarchy_only,already_present,C:\Users\Usuario\Desktop\UNI MARINA\master\TFM\FSD50K_DATA\FSD50K.dev_audio\FSD50K_cough_stage1_only\30830.wav,False,selected_license_safe,recommended_random_audit,https://freesound.org/s/30830/,source WAV preserved; model preprocessing may resample to 16 kHz mono and extract features,"""girl_coughing.mp3"" by JollySea; Freesound ID 30830; CC-BY-3.0 (http://creativecommons.org/licenses/by/3.0/); accessed through FSD50K.",Cough|Respiratory_sounds,239694,a39f8903bbc7b9fae90ebcd40eeb560f03233065a709e7f1eb7fb7ad51511a22,44100,1,PCM_16,119808,2.716734693877551,extracted_and_validated,,,1.0|1.0,2,0,0,0,pp_agreement
87795,87795,87795_seg_0,87795,FSD50K,1,1,True,,SI,True,blank_means_yes_by_declared_protocol,True,62,1,unknown,3,unknown,not_applicable_fsd50k,False,fsd50k_has_no_dry_wet_annotation,cough,train,C:\Users\Usuario\Desktop\UNI MARINA\master\TFM\FSD50K_DATA\FSD50K.dev_audio\FSD50K_cough_stage1_only\87795.wav,FSD50K_DATA/FSD50K.dev_audio/FSD50K_cough_stage1_only/87795.wav,7.745306122448979,0.0,7.745306122448979,"Cough,Respiratory_sounds","/m/01b_21,/m/09hlz4",tos2(16.01.2009).ogg,aneolus,http://creativecommons.org/publicdomain/zero/1.0/,CC0-1.0,True,,,False,cough_with_expected_hierarchy_only,already_present,C:\Users\Usuario\Desktop\UNI MARINA\master\TFM\FSD50K_DATA\FSD50K.dev_audio\FSD50K_cough_stage1_only\87795.wav,False,selected_license_safe,recommended_random_audit,https://freesound.org/s/87795/,source WAV preserved; model preprocessing may resample to 16 kHz mono and extract features,"""tos2(16.01.2009).ogg"" by aneolus; Freesound ID 87795; CC0-1.0 (http://creativecommons.org/publicdomain/zero/1.0/); accessed through FSD50K.",Cough|Respiratory_sounds,683214,deb9830ee385ec5e16c86b0b05b008d126081000100bed307a971d4e8d90c9ff,44100,1,PCM_16,341568,7.745306122448979,extracted_and_validated,,,1.0|1.0,2,0,0,0,pp_agreement
19117,19117,19117_seg_0,19117,FSD50K,1,1,True,,SI,True,blank_means_yes_by_declared_protocol,True,63,1,unknown,3,unknown,not_applicable_fsd50k,False,fsd50k_has_no_dry_wet_annotation,cough,train,C:\Users\Usuario\Desktop\UNI MARINA\master\TFM\FSD50K_DATA\FSD50K.dev_audio\FSD50K_cough_stage1_only\19117.wav,FSD50K_DATA/FSD50K.dev_audio/FSD50K_cough_stage1_only/19117.wav,0.7415873015873016,0.0,0.7415873015873016,"Cough,Respiratory_sounds","/m/01b_21,/m/09hlz4",cough2.aiff,Fratz,http://creativecommons.org/licenses/by/3.0/,CC-BY-3.0,True,,,False,cough_with_expected_hierarchy_only,already_present,C:\Users\Usuario\Desktop\UNI MARINA\master\TFM\FSD50K_DATA\FSD50K.dev_audio\FSD50K_cough_stage1_only\19117.wav,False,selected_license_safe,recommended_random_audit,https://freesound.org/s/19117/,source WAV preserved; model preprocessing may resample to 16 kHz mono and extract features,"""cough2.aiff"" by Fratz; Freesound ID 19117; CC-BY-3.0 (http://creativecommons.org/licenses/by/3.0/); accessed through FSD50K.",Cough|Respiratory_sounds,65486,556b8db74499baf487cf2faf86234a0823bd5659bfa0f26a2ff94f8a1a6399b9,44100,1,PCM_16,32704,0.7415873015873016,extracted_and_validated,,,1.0|1.0,2,0,0,0,pp_agreement
343913,343913,343913_seg_0,343913,FSD50K,,,False,manual_review_no_audible_cough,NO,False,explicit_no_notes_column,True,64,1,unknown,3,unknown,not_applicable_fsd50k,False,fsd50k_has_no_dry_wet_annotation,cough,train,C:\Users\Usuario\Desktop\UNI MARINA\master\TFM\FSD50K_DATA\FSD50K.dev_audio\FSD50K_cough_stage1_only\343913.wav,FSD50K_DATA/FSD50K.dev_audio/FSD50K_cough_stage1_only/343913.wav,0.7198185941043084,0.0,0.7198185941043084,"Human_voice,Cough,Respiratory_sounds","/m/09l8g,/m/01b_21,/m/09hlz4",clear throat14.wav,Reitanna,http://creativecommons.org/publicdomain/zero/1.0/,CC0-1.0,True,,,False,cough_with_expected_hierarchy_only,already_present,C:\Users\Usuario\Desktop\UNI MARINA\master\TFM\FSD50K_DATA\FSD50K.dev_audio\FSD50K_cough_stage1_only\343913.wav,False,selected_license_safe,recommended_random_audit,https://freesound.org/s/343913/,source WAV preserved; model preprocessing may resample to 16 kHz mono and extract features,"""clear throat14.wav"" by Reitanna; Freesound ID 343913; CC0-1.0 (http://creativecommons.org/publicdomain/zero/1.0/); accessed through FSD50K.",Cough|Human_voice|Respiratory_sounds,63566,40b6b978f9f9bb8425e496a695e7afbc4617c7274f1467ee7d42d6faec595e55,44100,1,PCM_16,31744,0.7198185941043084,extracted_and_validated,,no,,0,0,0,0,missing
331063,331063,331063_seg_0,331063,FSD50K,1,1,True,,SI,True,blank_means_yes_by_declared_protocol,True,65,1,unknown,3,unknown,not_applicable_fsd50k,False,fsd50k_has_no_dry_wet_annotation,cough,train,C:\Users\Usuario\Desktop\UNI MARINA\master\TFM\FSD50K_DATA\FSD50K.dev_audio\FSD50K_cough_stage1_only\331063.wav,FSD50K_DATA/FSD50K.dev_audio/FSD50K_cough_stage1_only/331063.wav,1.882312925170068,0.0,1.882312925170068,"Cough,Respiratory_sounds","/m/01b_21,/m/09hlz4",Cough_10.wav,n_audioman,http://creativecommons.org/licenses/by/3.0/,CC-BY-3.0,True,,,False,cough_with_expected_hierarchy_only,already_present,C:\Users\Usuario\Desktop\UNI MARINA\master\TFM\FSD50K_DATA\FSD50K.dev_audio\FSD50K_cough_stage1_only\331063.wav,False,selected_license_safe,recommended_random_audit,https://freesound.org/s/331063/,source WAV preserved; model preprocessing may resample to 16 kHz mono and extract features,"""Cough_10.wav"" by n_audioman; Freesound ID 331063; CC-BY-3.0 (http://creativecommons.org/licenses/by/3.0/); accessed through FSD50K.",Cough|Respiratory_sounds,166098,df02745c23d6d8ae81f2cc26246e6d22a30df1ae0a8fe42493612d8c87d0d5e9,44100,1,PCM_16,83010,1.882312925170068,extracted_and_validated,,,1.0|1.0|0.5,2,1,0,0,pp_agreement
252241,252241,252241_seg_0,252241,FSD50K,1,1,True,,SI,True,blank_means_yes_by_declared_protocol,True,66,1,unknown,3,unknown,not_applicable_fsd50k,False,fsd50k_has_no_dry_wet_annotation,cough,train,C:\Users\Usuario\Desktop\UNI MARINA\master\TFM\FSD50K_DATA\FSD50K.dev_audio\FSD50K_cough_stage1_only\252241.wav,FSD50K_DATA/FSD50K.dev_audio/FSD50K_cough_stage1_only/252241.wav,0.960907029478458,0.0,0.960907029478458,"Cough,Respiratory_sounds","/m/01b_21,/m/09hlz4",real choking cough2.wav,Reitanna,http://creativecommons.org/publicdomain/zero/1.0/,CC0-1.0,True,,,False,cough_with_expected_hierarchy_only,already_present,C:\Users\Usuario\Desktop\UNI MARINA\master\TFM\FSD50K_DATA\FSD50K.dev_audio\FSD50K_cough_stage1_only\252241.wav,False,selected_license_safe,recommended_random_audit,https://freesound.org/s/252241/,source WAV preserved; model preprocessing may resample to 16 kHz mono and extract features,"""real choking cough2.wav"" by Reitanna; Freesound ID 252241; CC0-1.0 (http://creativecommons.org/publicdomain/zero/1.0/); accessed through FSD50K.",Cough|Respiratory_sounds,84830,4ace77faf897fc9210126ae7b62e262627928dedd1f35801f6f2a479e541ea82,44100,1,PCM_16,42376,0.960907029478458,extracted_and_validated,,,1.0|0.5|0.5,1,2,0,0,positive_agreement_without_two_pp
377267,377267,377267_seg_0,377267,FSD50K,,,False,manual_review_no_audible_cough,NO,False,explicit_no_notes_column,True,67,1,unknown,3,unknown,not_applicable_fsd50k,False,fsd50k_has_no_dry_wet_annotation,cough,train,C:\Users\Usuario\Desktop\UNI MARINA\master\TFM\FSD50K_DATA\FSD50K.dev_audio\FSD50K_cough_stage1_only\377267.wav,FSD50K_DATA/FSD50K.dev_audio/FSD50K_cough_stage1_only/377267.wav,1.4704761904761905,0.0,1.4704761904761905,"Cough,Respiratory_sounds","/m/01b_21,/m/09hlz4",Clearing Throat.wav,johnnypanic,http://creativecommons.org/licenses/by/3.0/,CC-BY-3.0,True,,,False,cough_with_expected_hierarchy_only,already_present,C:\Users\Usuario\Desktop\UNI MARINA\master\TFM\FSD50K_DATA\FSD50K.dev_audio\FSD50K_cough_stage1_only\377267.wav,False,selected_license_safe,recommended_random_audit,https://freesound.org/s/377267/,source WAV preserved; model preprocessing may resample to 16 kHz mono and extract features,"""Clearing Throat.wav"" by johnnypanic; Freesound ID 377267; CC-BY-3.0 (http://creativecommons.org/licenses/by/3.0/); accessed through FSD50K.",Cough|Respiratory_sounds,129774,d0cde9f6b5b9774e0dd87ce228d9c22fdc1a08b5e473ece56ee946afacbbaf5c,44100,1,PCM_16,64848,1.4704761904761905,extracted_and_validated,,no,,0,0,0,0,missing
252229,252229,252229_seg_0,252229,FSD50K,,,False,manual_review_no_audible_cough,NO,False,explicit_no_notes_column,True,68,1,unknown,3,unknown,not_applicable_fsd50k,False,fsd50k_has_no_dry_wet_annotation,cough,train,C:\Users\Usuario\Desktop\UNI MARINA\master\TFM\FSD50K_DATA\FSD50K.dev_audio\FSD50K_cough_stage1_only\252229.wav,FSD50K_DATA/FSD50K.dev_audio/FSD50K_cough_stage1_only/252229.wav,0.6966213151927437,0.0,0.6966213151927437,"Cough,Respiratory_sounds","/m/01b_21,/m/09hlz4",sempai clears throat.wav,Reitanna,http://creativecommons.org/publicdomain/zero/1.0/,CC0-1.0,True,,,False,cough_with_expected_hierarchy_only,already_present,C:\Users\Usuario\Desktop\UNI MARINA\master\TFM\FSD50K_DATA\FSD50K.dev_audio\FSD50K_cough_stage1_only\252229.wav,False,selected_license_safe,recommended_random_audit,https://freesound.org/s/252229/,source WAV preserved; model preprocessing may resample to 16 kHz mono and extract features,"""sempai clears throat.wav"" by Reitanna; Freesound ID 252229; CC0-1.0 (http://creativecommons.org/publicdomain/zero/1.0/); accessed through FSD50K.",Cough|Respiratory_sounds,61520,bb19ed14ffbfea967f43005a64a8c0f1854010f5069039fa5828053c6c5996e9,44100,1,PCM_16,30721,0.6966213151927437,extracted_and_validated,,no,,0,0,0,0,missing
351161,351161,351161_seg_0,351161,FSD50K,,,False,manual_review_no_audible_cough,NO,False,explicit_no_notes_column,True,69,1,unknown,3,unknown,not_applicable_fsd50k,False,fsd50k_has_no_dry_wet_annotation,cough,train,C:\Users\Usuario\Desktop\UNI MARINA\master\TFM\FSD50K_DATA\FSD50K.dev_audio\FSD50K_cough_stage1_only\351161.wav,FSD50K_DATA/FSD50K.dev_audio/FSD50K_cough_stage1_only/351161.wav,0.8071428571428572,0.0,0.8071428571428572,"Cough,Respiratory_sounds","/m/01b_21,/m/09hlz4",clear throat18.wav,Reitanna,http://creativecommons.org/publicdomain/zero/1.0/,CC0-1.0,True,,,False,cough_with_expected_hierarchy_only,already_present,C:\Users\Usuario\Desktop\UNI MARINA\master\TFM\FSD50K_DATA\FSD50K.dev_audio\FSD50K_cough_stage1_only\351161.wav,False,selected_license_safe,recommended_random_audit,https://freesound.org/s/351161/,source WAV preserved; model preprocessing may resample to 16 kHz mono and extract features,"""clear throat18.wav"" by Reitanna; Freesound ID 351161; CC0-1.0 (http://creativecommons.org/publicdomain/zero/1.0/); accessed through FSD50K.",Cough|Respiratory_sounds,71268,3f0df571dacb0cb45773c026a1ed7b9bc7e4c58613cc5ac15d2543bd5e078f40,44100,1,PCM_16,35595,0.8071428571428572,extracted_and_validated,,no,,0,0,0,0,missing
189786,189786,189786_seg_0,189786,FSD50K,1,1,True,,SI,True,blank_means_yes_by_declared_protocol,True,70,1,unknown,3,unknown,not_applicable_fsd50k,False,fsd50k_has_no_dry_wet_annotation,cough,val,C:\Users\Usuario\Desktop\UNI MARINA\master\TFM\FSD50K_DATA\FSD50K.dev_audio\FSD50K_cough_stage1_only\189786.wav,FSD50K_DATA/FSD50K.dev_audio/FSD50K_cough_stage1_only/189786.wav,1.4166666666666667,0.0,1.4166666666666667,"Cough,Respiratory_sounds","/m/01b_21,/m/09hlz4",Cough.wav,dnewtonjr,http://creativecommons.org/publicdomain/zero/1.0/,CC0-1.0,True,,,False,cough_with_expected_hierarchy_only,already_present,C:\Users\Usuario\Desktop\UNI MARINA\master\TFM\FSD50K_DATA\FSD50K.dev_audio\FSD50K_cough_stage1_only\189786.wav,False,selected_license_safe,recommended_random_audit,https://freesound.org/s/189786/,source WAV preserved; model preprocessing may resample to 16 kHz mono and extract features,"""Cough.wav"" by dnewtonjr; Freesound ID 189786; CC0-1.0 (http://creativecommons.org/publicdomain/zero/1.0/); accessed through FSD50K.",Cough|Respiratory_sounds,125028,2bdce2887725cc14c5ef0eecc100e1ed4741d732a339103137d90a7a58d36ed7,44100,1,PCM_16,62475,1.4166666666666667,extracted_and_validated,,,1.0|1.0,2,0,0,0,pp_agreement
337678,337678,337678_seg_0,337678,FSD50K,1,1,True,,SI,True,blank_means_yes_by_declared_protocol,True,71,1,unknown,3,unknown,not_applicable_fsd50k,False,fsd50k_has_no_dry_wet_annotation,cough,val,C:\Users\Usuario\Desktop\UNI MARINA\master\TFM\FSD50K_DATA\FSD50K.dev_audio\FSD50K_cough_stage1_only\337678.wav,FSD50K_DATA/FSD50K.dev_audio/FSD50K_cough_stage1_only/337678.wav,1.1493877551020408,0.0,1.1493877551020408,"Human_voice,Cough,Respiratory_sounds","/m/09l8g,/m/01b_21,/m/09hlz4",Cough,grantorino551,http://creativecommons.org/publicdomain/zero/1.0/,CC0-1.0,True,,,False,cough_with_expected_hierarchy_only,already_present,C:\Users\Usuario\Desktop\UNI MARINA\master\TFM\FSD50K_DATA\FSD50K.dev_audio\FSD50K_cough_stage1_only\337678.wav,False,selected_license_safe,recommended_random_audit,https://freesound.org/s/337678/,source WAV preserved; model preprocessing may resample to 16 kHz mono and extract features,"""Cough"" by grantorino551; Freesound ID 337678; CC0-1.0 (http://creativecommons.org/publicdomain/zero/1.0/); accessed through FSD50K.",Cough|Human_voice|Respiratory_sounds,101454,40cd769a2efb58d564003a7499645d6c5be11c21e7ccbce72e94231250e69f00,44100,1,PCM_16,50688,1.1493877551020408,extracted_and_validated,,,1.0|1.0,2,0,0,0,pp_agreement
41385,41385,41385_seg_0,41385,FSD50K,1,1,True,,SI,True,blank_means_yes_by_declared_protocol,True,72,1,unknown,3,unknown,not_applicable_fsd50k,False,fsd50k_has_no_dry_wet_annotation,cough,train,C:\Users\Usuario\Desktop\UNI MARINA\master\TFM\FSD50K_DATA\FSD50K.dev_audio\FSD50K_cough_stage1_only\41385.wav,FSD50K_DATA/FSD50K.dev_audio/FSD50K_cough_stage1_only/41385.wav,1.1413832199546483,0.0,1.1413832199546483,"Cough,Respiratory_sounds","/m/01b_21,/m/09hlz4",DB COUGH 001.wav,sandyrb,http://creativecommons.org/licenses/by/3.0/,CC-BY-3.0,True,,,False,cough_with_expected_hierarchy_only,already_present,C:\Users\Usuario\Desktop\UNI MARINA\master\TFM\FSD50K_DATA\FSD50K.dev_audio\FSD50K_cough_stage1_only\41385.wav,False,selected_license_safe,recommended_random_audit,https://freesound.org/s/41385/,source WAV preserved; model preprocessing may resample to 16 kHz mono and extract features,"""DB COUGH 001.wav"" by sandyrb; Freesound ID 41385; CC-BY-3.0 (http://creativecommons.org/licenses/by/3.0/); accessed through FSD50K.",Cough|Respiratory_sounds,100748,37c52fe9e645feb8f569f84f7ac7a3bcdf5d8057adcf85539514c08f286ef1be,44100,1,PCM_16,50335,1.1413832199546483,extracted_and_validated,,,1.0|1.0,2,0,0,0,pp_agreement
125403,125403,125403_seg_0,125403,FSD50K,1,1,True,,SI,True,blank_means_yes_by_declared_protocol,True,73,1,unknown,3,unknown,not_applicable_fsd50k,False,fsd50k_has_no_dry_wet_annotation,cough,val,C:\Users\Usuario\Desktop\UNI MARINA\master\TFM\FSD50K_DATA\FSD50K.dev_audio\FSD50K_cough_stage1_only\125403.wav,FSD50K_DATA/FSD50K.dev_audio/FSD50K_cough_stage1_only/125403.wav,13.173333333333334,0.0,13.173333333333334,"Cough,Respiratory_sounds","/m/01b_21,/m/09hlz4","Man clearing throat, coughing.aif",jasonLON,http://creativecommons.org/publicdomain/zero/1.0/,CC0-1.0,True,,,False,cough_with_expected_hierarchy_only,already_present,C:\Users\Usuario\Desktop\UNI MARINA\master\TFM\FSD50K_DATA\FSD50K.dev_audio\FSD50K_cough_stage1_only\125403.wav,False,selected_license_safe,recommended_random_audit,https://freesound.org/s/125403/,source WAV preserved; model preprocessing may resample to 16 kHz mono and extract features,"""Man clearing throat, coughing.aif"" by jasonLON; Freesound ID 125403; CC0-1.0 (http://creativecommons.org/publicdomain/zero/1.0/); accessed through FSD50K.",Cough|Respiratory_sounds,1161966,a0dc09c2e79813c3f7e0f52b5f778f9643d86b834f6d1da2d0602e7c9dd2f70b,44100,1,PCM_16,580944,13.173333333333334,extracted_and_validated,,,1.0|1.0,2,0,0,0,pp_agreement
19116,19116,19116_seg_0,19116,FSD50K,,,False,manual_review_no_audible_cough,NO,False,explicit_no_notes_column,True,74,1,unknown,3,unknown,not_applicable_fsd50k,False,fsd50k_has_no_dry_wet_annotation,cough,train,C:\Users\Usuario\Desktop\UNI MARINA\master\TFM\FSD50K_DATA\FSD50K.dev_audio\FSD50K_cough_stage1_only\19116.wav,FSD50K_DATA/FSD50K.dev_audio/FSD50K_cough_stage1_only/19116.wav,0.5853968253968254,0.0,0.5853968253968254,"Cough,Respiratory_sounds","/m/01b_21,/m/09hlz4",cough14.aiff,Fratz,http://creativecommons.org/licenses/by/3.0/,CC-BY-3.0,True,,,False,cough_with_expected_hierarchy_only,already_present,C:\Users\Usuario\Desktop\UNI MARINA\master\TFM\FSD50K_DATA\FSD50K.dev_audio\FSD50K_cough_stage1_only\19116.wav,False,selected_license_safe,recommended_random_audit,https://freesound.org/s/19116/,source WAV preserved; model preprocessing may resample to 16 kHz mono and extract features,"""cough14.aiff"" by Fratz; Freesound ID 19116; CC-BY-3.0 (http://creativecommons.org/licenses/by/3.0/); accessed through FSD50K.",Cough|Respiratory_sounds,51710,9264d1e6036e2b5f71136a119d01232d8a8a95d661dff2731de2496ad6b8bf77,44100,1,PCM_16,25816,0.5853968253968254,extracted_and_validated,,no,1.0|1.0,2,0,0,0,pp_agreement
213856,213856,213856_seg_0,213856,FSD50K,1,1,True,,SI,True,blank_means_yes_by_declared_protocol,True,75,1,unknown,3,unknown,not_applicable_fsd50k,False,fsd50k_has_no_dry_wet_annotation,cough,train,C:\Users\Usuario\Desktop\UNI MARINA\master\TFM\FSD50K_DATA\FSD50K.dev_audio\FSD50K_cough_stage1_only\213856.wav,FSD50K_DATA/FSD50K.dev_audio/FSD50K_cough_stage1_only/213856.wav,11.0,0.0,11.0,"Cough,Respiratory_sounds","/m/01b_21,/m/09hlz4","Noseblow, Cough, Throatclear",qubodup,http://creativecommons.org/licenses/by/3.0/,CC-BY-3.0,True,,,False,cough_with_expected_hierarchy_only,already_present,C:\Users\Usuario\Desktop\UNI MARINA\master\TFM\FSD50K_DATA\FSD50K.dev_audio\FSD50K_cough_stage1_only\213856.wav,False,selected_license_safe,recommended_random_audit,https://freesound.org/s/213856/,source WAV preserved; model preprocessing may resample to 16 kHz mono and extract features,"""Noseblow, Cough, Throatclear"" by qubodup; Freesound ID 213856; CC-BY-3.0 (http://creativecommons.org/licenses/by/3.0/); accessed through FSD50K.",Cough|Respiratory_sounds,970278,95e9d7a501954847c4977b223e6523ce9f3681833c7f1b3544760e2afe78d3f3,44100,1,PCM_16,485100,11.0,extracted_and_validated,,,,0,0,0,0,missing
346490,346490,346490_seg_0,346490,FSD50K,1,1,True,,SI,True,blank_means_yes_by_declared_protocol,True,76,1,unknown,3,unknown,not_applicable_fsd50k,False,fsd50k_has_no_dry_wet_annotation,cough,train,C:\Users\Usuario\Desktop\UNI MARINA\master\TFM\FSD50K_DATA\FSD50K.dev_audio\FSD50K_cough_stage1_only\346490.wav,FSD50K_DATA/FSD50K.dev_audio/FSD50K_cough_stage1_only/346490.wav,0.405578231292517,0.0,0.405578231292517,"Cough,Respiratory_sounds","/m/01b_21,/m/09hlz4",cough-1.wav,_def,http://creativecommons.org/licenses/by/3.0/,CC-BY-3.0,True,,,False,cough_with_expected_hierarchy_only,already_present,C:\Users\Usuario\Desktop\UNI MARINA\master\TFM\FSD50K_DATA\FSD50K.dev_audio\FSD50K_cough_stage1_only\346490.wav,False,selected_license_safe,recommended_random_audit,https://freesound.org/s/346490/,source WAV preserved; model preprocessing may resample to 16 kHz mono and extract features,"""cough-1.wav"" by _def; Freesound ID 346490; CC-BY-3.0 (http://creativecommons.org/licenses/by/3.0/); accessed through FSD50K.",Cough|Respiratory_sounds,35850,4ff2722c57a87aba499214a6ccd74f7af056ea89e049596655b95ef361acb480,44100,1,PCM_16,17886,0.405578231292517,extracted_and_validated,,,1.0|1.0,2,0,0,0,pp_agreement
45150,45150,45150_seg_0,45150,FSD50K,1,1,True,,SI,True,blank_means_yes_by_declared_protocol,True,77,1,unknown,3,unknown,not_applicable_fsd50k,False,fsd50k_has_no_dry_wet_annotation,cough,train,C:\Users\Usuario\Desktop\UNI MARINA\master\TFM\FSD50K_DATA\FSD50K.dev_audio\FSD50K_cough_stage1_only\45150.wav,FSD50K_DATA/FSD50K.dev_audio/FSD50K_cough_stage1_only/45150.wav,3.3626984126984127,0.0,3.3626984126984127,"Cough,Respiratory_sounds","/m/01b_21,/m/09hlz4",delphis COUGH 1644 H4.wav,delphidebrain,http://creativecommons.org/licenses/by/3.0/,CC-BY-3.0,True,,,False,cough_with_expected_hierarchy_only,already_present,C:\Users\Usuario\Desktop\UNI MARINA\master\TFM\FSD50K_DATA\FSD50K.dev_audio\FSD50K_cough_stage1_only\45150.wav,False,selected_license_safe,recommended_random_audit,https://freesound.org/s/45150/,source WAV preserved; model preprocessing may resample to 16 kHz mono and extract features,"""delphis COUGH 1644 H4.wav"" by delphidebrain; Freesound ID 45150; CC-BY-3.0 (http://creativecommons.org/licenses/by/3.0/); accessed through FSD50K.",Cough|Respiratory_sounds,296668,ffd94b3b55639df6d8ba68295665c139c7bf89cf82dc510c4852848d10ebece1,44100,1,PCM_16,148295,3.3626984126984127,extracted_and_validated,,,1.0|1.0,2,0,0,0,pp_agreement
73327,73327,73327_seg_0,73327,FSD50K,1,1,True,,SI,True,blank_means_yes_by_declared_protocol,True,78,1,unknown,3,unknown,not_applicable_fsd50k,False,fsd50k_has_no_dry_wet_annotation,cough,train,C:\Users\Usuario\Desktop\UNI MARINA\master\TFM\FSD50K_DATA\FSD50K.dev_audio\FSD50K_cough_stage1_only\73327.wav,FSD50K_DATA/FSD50K.dev_audio/FSD50K_cough_stage1_only/73327.wav,2.9257142857142857,0.0,2.9257142857142857,"Chewing_and_mastication,Cough,Respiratory_sounds","/m/03cczk,/m/01b_21,/m/09hlz4",moviecough.mp3,NoiseCollector,http://creativecommons.org/licenses/by/3.0/,CC-BY-3.0,True,,Chewing_and_mastication,True,cough_with_additional_labels_review_required,already_present,C:\Users\Usuario\Desktop\UNI MARINA\master\TFM\FSD50K_DATA\FSD50K.dev_audio\FSD50K_cough_stage1_only\73327.wav,False,selected_license_safe,mandatory_review_before_training,https://freesound.org/s/73327/,source WAV preserved; model preprocessing may resample to 16 kHz mono and extract features,"""moviecough.mp3"" by NoiseCollector; Freesound ID 73327; CC-BY-3.0 (http://creativecommons.org/licenses/by/3.0/); accessed through FSD50K.",Chewing_and_mastication|Cough|Respiratory_sounds,258126,67e3c4b7cf1234ebbe5086d055e8144a16964dab185e12a888b9ff1c503598dd,44100,1,PCM_16,129024,2.9257142857142857,extracted_and_validated,,,0.5|0.5|-1,0,2,0,1,positive_agreement_without_two_pp
45577,45577,45577_seg_0,45577,FSD50K,1,1,True,,SI,True,blank_means_yes_by_declared_protocol,True,79,1,unknown,3,unknown,not_applicable_fsd50k,False,fsd50k_has_no_dry_wet_annotation,cough,train,C:\Users\Usuario\Desktop\UNI MARINA\master\TFM\FSD50K_DATA\FSD50K.dev_audio\FSD50K_cough_stage1_only\45577.wav,FSD50K_DATA/FSD50K.dev_audio/FSD50K_cough_stage1_only/45577.wav,22.47691609977324,0.0,22.47691609977324,"Cough,Respiratory_sounds","/m/01b_21,/m/09hlz4",Boy Cough 3.mp3,J.Zazvurek,http://creativecommons.org/licenses/by/3.0/,CC-BY-3.0,True,,,False,cough_with_expected_hierarchy_only,already_present,C:\Users\Usuario\Desktop\UNI MARINA\master\TFM\FSD50K_DATA\FSD50K.dev_audio\FSD50K_cough_stage1_only\45577.wav,False,selected_license_safe,recommended_random_audit,https://freesound.org/s/45577/,source WAV preserved; model preprocessing may resample to 16 kHz mono and extract features,"""Boy Cough 3.mp3"" by J.Zazvurek; Freesound ID 45577; CC-BY-3.0 (http://creativecommons.org/licenses/by/3.0/); accessed through FSD50K.",Cough|Respiratory_sounds,1982542,d7d94e304f056ee2ab45f11e1e8f9086de72f620505ab642f561b48bfc11b988,44100,1,PCM_16,991232,22.47691609977324,extracted_and_validated,,,1.0|1.0,2,0,0,0,pp_agreement
152995,152995,152995_seg_0,152995,FSD50K,1,1,True,,SI,True,blank_means_yes_by_declared_protocol,True,80,1,unknown,3,unknown,not_applicable_fsd50k,False,fsd50k_has_no_dry_wet_annotation,cough,val,C:\Users\Usuario\Desktop\UNI MARINA\master\TFM\FSD50K_DATA\FSD50K.dev_audio\FSD50K_cough_stage1_only\152995.wav,FSD50K_DATA/FSD50K.dev_audio/FSD50K_cough_stage1_only/152995.wav,3.0,0.0,3.0,"Cough,Respiratory_sounds","/m/01b_21,/m/09hlz4",Cough.wav,Nmb910,http://creativecommons.org/licenses/by/3.0/,CC-BY-3.0,True,,,False,cough_with_expected_hierarchy_only,already_present,C:\Users\Usuario\Desktop\UNI MARINA\master\TFM\FSD50K_DATA\FSD50K.dev_audio\FSD50K_cough_stage1_only\152995.wav,False,selected_license_safe,recommended_random_audit,https://freesound.org/s/152995/,source WAV preserved; model preprocessing may resample to 16 kHz mono and extract features,"""Cough.wav"" by Nmb910; Freesound ID 152995; CC-BY-3.0 (http://creativecommons.org/licenses/by/3.0/); accessed through FSD50K.",Cough|Respiratory_sounds,264678,f65d1a29d4d3aeed2ab1a19b5fed794ce94e56ea7c3d2a64193c1709a30d41c2,44100,1,PCM_16,132300,3.0,extracted_and_validated,,,1.0|1.0,2,0,0,0,pp_agreement
19113,19113,19113_seg_0,19113,FSD50K,1,1,True,,SI,True,blank_means_yes_by_declared_protocol,True,81,1,unknown,3,unknown,not_applicable_fsd50k,False,fsd50k_has_no_dry_wet_annotation,cough,train,C:\Users\Usuario\Desktop\UNI MARINA\master\TFM\FSD50K_DATA\FSD50K.dev_audio\FSD50K_cough_stage1_only\19113.wav,FSD50K_DATA/FSD50K.dev_audio/FSD50K_cough_stage1_only/19113.wav,2.4351020408163264,0.0,2.4351020408163264,"Cough,Respiratory_sounds","/m/01b_21,/m/09hlz4",cough11.aiff,Fratz,http://creativecommons.org/licenses/by/3.0/,CC-BY-3.0,True,,,False,cough_with_expected_hierarchy_only,already_present,C:\Users\Usuario\Desktop\UNI MARINA\master\TFM\FSD50K_DATA\FSD50K.dev_audio\FSD50K_cough_stage1_only\19113.wav,False,selected_license_safe,recommended_random_audit,https://freesound.org/s/19113/,source WAV preserved; model preprocessing may resample to 16 kHz mono and extract features,"""cough11.aiff"" by Fratz; Freesound ID 19113; CC-BY-3.0 (http://creativecommons.org/licenses/by/3.0/); accessed through FSD50K.",Cough|Respiratory_sounds,214854,d9b09d0061595075e011d1315ec74272ca8a9c40ada18651798d8a691122434e,44100,1,PCM_16,107388,2.4351020408163264,extracted_and_validated,,,1.0|1.0,2,0,0,0,pp_agreement
87797,87797,87797_seg_0,87797,FSD50K,1,1,True,,SI,True,blank_means_yes_by_declared_protocol,True,82,1,unknown,3,unknown,not_applicable_fsd50k,False,fsd50k_has_no_dry_wet_annotation,cough,train,C:\Users\Usuario\Desktop\UNI MARINA\master\TFM\FSD50K_DATA\FSD50K.dev_audio\FSD50K_cough_stage1_only\87797.wav,FSD50K_DATA/FSD50K.dev_audio/FSD50K_cough_stage1_only/87797.wav,18.583219954648527,0.0,18.583219954648527,"Cough,Respiratory_sounds","/m/01b_21,/m/09hlz4",tos4(16.01.2009).ogg,aneolus,http://creativecommons.org/publicdomain/zero/1.0/,CC0-1.0,True,,,False,cough_with_expected_hierarchy_only,already_present,C:\Users\Usuario\Desktop\UNI MARINA\master\TFM\FSD50K_DATA\FSD50K.dev_audio\FSD50K_cough_stage1_only\87797.wav,False,selected_license_safe,recommended_random_audit,https://freesound.org/s/87797/,source WAV preserved; model preprocessing may resample to 16 kHz mono and extract features,"""tos4(16.01.2009).ogg"" by aneolus; Freesound ID 87797; CC0-1.0 (http://creativecommons.org/publicdomain/zero/1.0/); accessed through FSD50K.",Cough|Respiratory_sounds,1639118,5674d73c7c24af62f169eb28d11332519181dd922aaa8c1885ad8f9a5b8ff76b,44100,1,PCM_16,819520,18.583219954648527,extracted_and_validated,,,1.0|1.0,2,0,0,0,pp_agreement
87799,87799,87799_seg_0,87799,FSD50K,1,1,True,,SI,True,blank_means_yes_by_declared_protocol,True,83,1,unknown,3,unknown,not_applicable_fsd50k,False,fsd50k_has_no_dry_wet_annotation,cough,train,C:\Users\Usuario\Desktop\UNI MARINA\master\TFM\FSD50K_DATA\FSD50K.dev_audio\FSD50K_cough_stage1_only\87799.wav,FSD50K_DATA/FSD50K.dev_audio/FSD50K_cough_stage1_only/87799.wav,12.98140589569161,0.0,12.98140589569161,"Cough,Respiratory_sounds","/m/01b_21,/m/09hlz4",tos6(16.01.2009).ogg,aneolus,http://creativecommons.org/publicdomain/zero/1.0/,CC0-1.0,True,,,False,cough_with_expected_hierarchy_only,already_present,C:\Users\Usuario\Desktop\UNI MARINA\master\TFM\FSD50K_DATA\FSD50K.dev_audio\FSD50K_cough_stage1_only\87799.wav,False,selected_license_safe,recommended_random_audit,https://freesound.org/s/87799/,source WAV preserved; model preprocessing may resample to 16 kHz mono and extract features,"""tos6(16.01.2009).ogg"" by aneolus; Freesound ID 87799; CC0-1.0 (http://creativecommons.org/publicdomain/zero/1.0/); accessed through FSD50K.",Cough|Respiratory_sounds,1145038,7747601aa61cfd8192e0836ef0cfd120b15936dc3871c74f8a8543892dc628c0,44100,1,PCM_16,572480,12.98140589569161,extracted_and_validated,,,1.0|1.0,2,0,0,0,pp_agreement
407839,407839,407839_seg_0,407839,FSD50K,1,1,True,,SI,True,blank_means_yes_by_declared_protocol,True,84,1,unknown,3,unknown,not_applicable_fsd50k,False,fsd50k_has_no_dry_wet_annotation,cough,val,C:\Users\Usuario\Desktop\UNI MARINA\master\TFM\FSD50K_DATA\FSD50K.dev_audio\FSD50K_cough_stage1_only\407839.wav,FSD50K_DATA/FSD50K.dev_audio/FSD50K_cough_stage1_only/407839.wav,28.47340136054422,0.0,28.47340136054422,"Cough,Respiratory_sounds","/m/01b_21,/m/09hlz4",coughing,BOBtheROSS,http://creativecommons.org/publicdomain/zero/1.0/,CC0-1.0,True,,,False,cough_with_expected_hierarchy_only,already_present,C:\Users\Usuario\Desktop\UNI MARINA\master\TFM\FSD50K_DATA\FSD50K.dev_audio\FSD50K_cough_stage1_only\407839.wav,False,selected_license_safe,recommended_random_audit,https://freesound.org/s/407839/,source WAV preserved; model preprocessing may resample to 16 kHz mono and extract features,"""coughing"" by BOBtheROSS; Freesound ID 407839; CC0-1.0 (http://creativecommons.org/publicdomain/zero/1.0/); accessed through FSD50K.",Cough|Respiratory_sounds,2511432,d092d42a3ff944389bffd0df71e598e07fcd14472de075005ab4867ba4fbc7f4,44100,1,PCM_16,1255677,28.47340136054422,extracted_and_validated,,,1.0|1.0,2,0,0,0,pp_agreement
180043,180043,180043_seg_0,180043,FSD50K,1,1,True,,SI,True,blank_means_yes_by_declared_protocol,True,85,1,unknown,3,unknown,not_applicable_fsd50k,False,fsd50k_has_no_dry_wet_annotation,cough,train,C:\Users\Usuario\Desktop\UNI MARINA\master\TFM\FSD50K_DATA\FSD50K.dev_audio\FSD50K_cough_stage1_only\180043.wav,FSD50K_DATA/FSD50K.dev_audio/FSD50K_cough_stage1_only/180043.wav,28.55065759637188,0.0,28.55065759637188,"Cough,Respiratory_sounds","/m/01b_21,/m/09hlz4",Sickness 03:  cough + running nose,unfa,http://creativecommons.org/licenses/by/3.0/,CC-BY-3.0,True,,,False,cough_with_expected_hierarchy_only,already_present,C:\Users\Usuario\Desktop\UNI MARINA\master\TFM\FSD50K_DATA\FSD50K.dev_audio\FSD50K_cough_stage1_only\180043.wav,False,selected_license_safe,recommended_random_audit,https://freesound.org/s/180043/,source WAV preserved; model preprocessing may resample to 16 kHz mono and extract features,"""Sickness 03:  cough + running nose"" by unfa; Freesound ID 180043; CC-BY-3.0 (http://creativecommons.org/licenses/by/3.0/); accessed through FSD50K.",Cough|Respiratory_sounds,2518246,def87b5b5c28a28ac23d119f1b362233e6f88ec1a2b430c5477617f21f605263,44100,1,PCM_16,1259084,28.55065759637188,extracted_and_validated,,,0.5|0.5,0,2,0,0,positive_agreement_without_two_pp
155904,155904,155904_seg_0,155904,FSD50K,1,1,True,,SI,True,blank_means_yes_by_declared_protocol,True,86,1,unknown,3,unknown,not_applicable_fsd50k,False,fsd50k_has_no_dry_wet_annotation,cough,train,C:\Users\Usuario\Desktop\UNI MARINA\master\TFM\FSD50K_DATA\FSD50K.dev_audio\FSD50K_cough_stage1_only\155904.wav,FSD50K_DATA/FSD50K.dev_audio/FSD50K_cough_stage1_only/155904.wav,7.378299319727891,0.0,7.378299319727891,"Cough,Respiratory_sounds","/m/01b_21,/m/09hlz4",Cough2.wav,tiptoe84,http://creativecommons.org/publicdomain/zero/1.0/,CC0-1.0,True,,,False,cough_with_expected_hierarchy_only,already_present,C:\Users\Usuario\Desktop\UNI MARINA\master\TFM\FSD50K_DATA\FSD50K.dev_audio\FSD50K_cough_stage1_only\155904.wav,False,selected_license_safe,recommended_random_audit,https://freesound.org/s/155904/,source WAV preserved; model preprocessing may resample to 16 kHz mono and extract features,"""Cough2.wav"" by tiptoe84; Freesound ID 155904; CC0-1.0 (http://creativecommons.org/publicdomain/zero/1.0/); accessed through FSD50K.",Cough|Respiratory_sounds,650844,1e642ed8e094f0a4fc29d7e9d7777319ad522db421aa923f2b870e0feb016af5,44100,1,PCM_16,325383,7.378299319727891,extracted_and_validated,,,1.0|1.0,2,0,0,0,pp_agreement
132601,132601,132601_seg_0,132601,FSD50K,1,1,True,,SI,True,blank_means_yes_by_declared_protocol,True,87,1,unknown,3,unknown,not_applicable_fsd50k,False,fsd50k_has_no_dry_wet_annotation,cough,train,C:\Users\Usuario\Desktop\UNI MARINA\master\TFM\FSD50K_DATA\FSD50K.dev_audio\FSD50K_cough_stage1_only\132601.wav,FSD50K_DATA/FSD50K.dev_audio/FSD50K_cough_stage1_only/132601.wav,1.470272108843537,0.0,1.470272108843537,"Cough,Respiratory_sounds","/m/01b_21,/m/09hlz4",Cough.wav,CarlosSolano019,http://creativecommons.org/licenses/by/3.0/,CC-BY-3.0,True,,,False,cough_with_expected_hierarchy_only,already_present,C:\Users\Usuario\Desktop\UNI MARINA\master\TFM\FSD50K_DATA\FSD50K.dev_audio\FSD50K_cough_stage1_only\132601.wav,False,selected_license_safe,recommended_random_audit,https://freesound.org/s/132601/,source WAV preserved; model preprocessing may resample to 16 kHz mono and extract features,"""Cough.wav"" by CarlosSolano019; Freesound ID 132601; CC-BY-3.0 (http://creativecommons.org/licenses/by/3.0/); accessed through FSD50K.",Cough|Respiratory_sounds,129756,00925dc85b6f4eface697f95fd4e5fabaa836b51e6523b217aeef9f404e162ae,44100,1,PCM_16,64839,1.470272108843537,extracted_and_validated,,,1.0|1.0,2,0,0,0,pp_agreement
96189,96189,96189_seg_0,96189,FSD50K,1,1,True,,SI,True,blank_means_yes_by_declared_protocol,True,88,1,unknown,3,unknown,not_applicable_fsd50k,False,fsd50k_has_no_dry_wet_annotation,cough,train,C:\Users\Usuario\Desktop\UNI MARINA\master\TFM\FSD50K_DATA\FSD50K.dev_audio\FSD50K_cough_stage1_only\96189.wav,FSD50K_DATA/FSD50K.dev_audio/FSD50K_cough_stage1_only/96189.wav,4.650861678004535,0.0,4.650861678004535,"Cough,Respiratory_sounds","/m/01b_21,/m/09hlz4",cough.wav,IFartInUrGeneralDirection,http://creativecommons.org/licenses/by/3.0/,CC-BY-3.0,True,,,False,cough_with_expected_hierarchy_only,already_present,C:\Users\Usuario\Desktop\UNI MARINA\master\TFM\FSD50K_DATA\FSD50K.dev_audio\FSD50K_cough_stage1_only\96189.wav,False,selected_license_safe,recommended_random_audit,https://freesound.org/s/96189/,source WAV preserved; model preprocessing may resample to 16 kHz mono and extract features,"""cough.wav"" by IFartInUrGeneralDirection; Freesound ID 96189; CC-BY-3.0 (http://creativecommons.org/licenses/by/3.0/); accessed through FSD50K.",Cough|Respiratory_sounds,410284,dd7e75fdf2b7f94d87cf907628880228a9b83ec0e3967f993f04248ebda5483d,44100,1,PCM_16,205103,4.650861678004535,extracted_and_validated,,,1.0|1.0,2,0,0,0,pp_agreement
45575,45575,45575_seg_0,45575,FSD50K,1,1,True,,SI,True,blank_means_yes_by_declared_protocol,True,89,1,unknown,3,unknown,not_applicable_fsd50k,False,fsd50k_has_no_dry_wet_annotation,cough,train,C:\Users\Usuario\Desktop\UNI MARINA\master\TFM\FSD50K_DATA\FSD50K.dev_audio\FSD50K_cough_stage1_only\45575.wav,FSD50K_DATA/FSD50K.dev_audio/FSD50K_cough_stage1_only/45575.wav,18.805260770975057,0.0,18.805260770975057,"Cough,Respiratory_sounds","/m/01b_21,/m/09hlz4",Boy Cough 1 The second.mp3,J.Zazvurek,http://creativecommons.org/licenses/by/3.0/,CC-BY-3.0,True,,,False,cough_with_expected_hierarchy_only,already_present,C:\Users\Usuario\Desktop\UNI MARINA\master\TFM\FSD50K_DATA\FSD50K.dev_audio\FSD50K_cough_stage1_only\45575.wav,False,selected_license_safe,recommended_random_audit,https://freesound.org/s/45575/,source WAV preserved; model preprocessing may resample to 16 kHz mono and extract features,"""Boy Cough 1 The second.mp3"" by J.Zazvurek; Freesound ID 45575; CC-BY-3.0 (http://creativecommons.org/licenses/by/3.0/); accessed through FSD50K.",Cough|Respiratory_sounds,1658702,f58913197c5518236bcd6fea74c21e2c89aac558994dd7ccb6e87276fea9196a,44100,1,PCM_16,829312,18.805260770975057,extracted_and_validated,,,1.0|1.0,2,0,0,0,pp_agreement
411083,411083,411083_seg_0,411083,FSD50K,,,False,manual_review_no_audible_cough,NO,False,explicit_no_notes_column,True,90,1,unknown,3,unknown,not_applicable_fsd50k,False,fsd50k_has_no_dry_wet_annotation,cough,train,C:\Users\Usuario\Desktop\UNI MARINA\master\TFM\FSD50K_DATA\FSD50K.dev_audio\FSD50K_cough_stage1_only\411083.wav,FSD50K_DATA/FSD50K.dev_audio/FSD50K_cough_stage1_only/411083.wav,5.864920634920635,0.0,5.864920634920635,"Cough,Respiratory_sounds","/m/01b_21,/m/09hlz4",Man Clears Throat (plus raspberry & cough),Iceofdoom,http://creativecommons.org/licenses/by/3.0/,CC-BY-3.0,True,,,False,cough_with_expected_hierarchy_only,already_present,C:\Users\Usuario\Desktop\UNI MARINA\master\TFM\FSD50K_DATA\FSD50K.dev_audio\FSD50K_cough_stage1_only\411083.wav,False,selected_license_safe,recommended_random_audit,https://freesound.org/s/411083/,source WAV preserved; model preprocessing may resample to 16 kHz mono and extract features,"""Man Clears Throat (plus raspberry & cough)"" by Iceofdoom; Freesound ID 411083; CC-BY-3.0 (http://creativecommons.org/licenses/by/3.0/); accessed through FSD50K.",Cough|Respiratory_sounds,517364,3a8a71b66aa00e352744e267c3133f735593f36253d8d8ac3c323845efa17327,44100,1,PCM_16,258643,5.864920634920635,extracted_and_validated,,no,1.0|1.0,2,0,0,0,pp_agreement
154434,154434,154434_seg_0,154434,FSD50K,1,1,True,,SI,True,blank_means_yes_by_declared_protocol,True,91,1,unknown,3,unknown,not_applicable_fsd50k,False,fsd50k_has_no_dry_wet_annotation,cough,train,C:\Users\Usuario\Desktop\UNI MARINA\master\TFM\FSD50K_DATA\FSD50K.dev_audio\FSD50K_cough_stage1_only\154434.wav,FSD50K_DATA/FSD50K.dev_audio/FSD50K_cough_stage1_only/154434.wav,0.3811111111111111,0.0,0.3811111111111111,"Cough,Respiratory_sounds","/m/01b_21,/m/09hlz4",Cough 1.wav,ecfike,http://creativecommons.org/publicdomain/zero/1.0/,CC0-1.0,True,,,False,cough_with_expected_hierarchy_only,already_present,C:\Users\Usuario\Desktop\UNI MARINA\master\TFM\FSD50K_DATA\FSD50K.dev_audio\FSD50K_cough_stage1_only\154434.wav,False,selected_license_safe,recommended_random_audit,https://freesound.org/s/154434/,source WAV preserved; model preprocessing may resample to 16 kHz mono and extract features,"""Cough 1.wav"" by ecfike; Freesound ID 154434; CC0-1.0 (http://creativecommons.org/publicdomain/zero/1.0/); accessed through FSD50K.",Cough|Respiratory_sounds,33692,9dabe2c10f16298e06da5b57c860090a3f229b23bd43090b0153275eac26f311,44100,1,PCM_16,16807,0.3811111111111111,extracted_and_validated,,,1.0|1.0,2,0,0,0,pp_agreement
41386,41386,41386_seg_0,41386,FSD50K,1,1,True,,SI,True,blank_means_yes_by_declared_protocol,True,92,1,unknown,3,unknown,not_applicable_fsd50k,False,fsd50k_has_no_dry_wet_annotation,cough,train,C:\Users\Usuario\Desktop\UNI MARINA\master\TFM\FSD50K_DATA\FSD50K.dev_audio\FSD50K_cough_stage1_only\41386.wav,FSD50K_DATA/FSD50K.dev_audio/FSD50K_cough_stage1_only/41386.wav,1.1468934240362811,0.0,1.1468934240362811,"Cough,Respiratory_sounds","/m/01b_21,/m/09hlz4",DB COUGH 002.wav,sandyrb,http://creativecommons.org/licenses/by/3.0/,CC-BY-3.0,True,,,False,cough_with_expected_hierarchy_only,already_present,C:\Users\Usuario\Desktop\UNI MARINA\master\TFM\FSD50K_DATA\FSD50K.dev_audio\FSD50K_cough_stage1_only\41386.wav,False,selected_license_safe,recommended_random_audit,https://freesound.org/s/41386/,source WAV preserved; model preprocessing may resample to 16 kHz mono and extract features,"""DB COUGH 002.wav"" by sandyrb; Freesound ID 41386; CC-BY-3.0 (http://creativecommons.org/licenses/by/3.0/); accessed through FSD50K.",Cough|Respiratory_sounds,101234,577180c64a4c134c0291f2006e32394c714f0c451294004f2f6db775fd7ecce3,44100,1,PCM_16,50578,1.1468934240362811,extracted_and_validated,,,1.0|1.0|0,2,0,1,0,pp_agreement
257765,257765,257765_seg_0,257765,FSD50K,,,False,manual_review_no_audible_cough,NO,False,explicit_no_notes_column,True,93,1,unknown,3,unknown,not_applicable_fsd50k,False,fsd50k_has_no_dry_wet_annotation,cough,train,C:\Users\Usuario\Desktop\UNI MARINA\master\TFM\FSD50K_DATA\FSD50K.dev_audio\FSD50K_cough_stage1_only\257765.wav,FSD50K_DATA/FSD50K.dev_audio/FSD50K_cough_stage1_only/257765.wav,0.7470748299319728,0.0,0.7470748299319728,"Cough,Respiratory_sounds","/m/01b_21,/m/09hlz4",Coughing 2.wav,xtrgamr,http://creativecommons.org/licenses/by/3.0/,CC-BY-3.0,True,,,False,cough_with_expected_hierarchy_only,already_present,C:\Users\Usuario\Desktop\UNI MARINA\master\TFM\FSD50K_DATA\FSD50K.dev_audio\FSD50K_cough_stage1_only\257765.wav,False,selected_license_safe,recommended_random_audit,https://freesound.org/s/257765/,source WAV preserved; model preprocessing may resample to 16 kHz mono and extract features,"""Coughing 2.wav"" by xtrgamr; Freesound ID 257765; CC-BY-3.0 (http://creativecommons.org/licenses/by/3.0/); accessed through FSD50K.",Cough|Respiratory_sounds,65970,d727a7b0b949d4f312f46c8f09399ef9e194936a758745a71f4829930ffcddb7,44100,1,PCM_16,32946,0.7470748299319728,extracted_and_validated,,no,1.0|1.0|-1,2,0,0,1,pp_agreement
334154,334154,334154_seg_0,334154,FSD50K,1,1,True,,SI,True,blank_means_yes_by_declared_protocol,True,94,1,unknown,3,unknown,not_applicable_fsd50k,False,fsd50k_has_no_dry_wet_annotation,cough,val,C:\Users\Usuario\Desktop\UNI MARINA\master\TFM\FSD50K_DATA\FSD50K.dev_audio\FSD50K_cough_stage1_only\334154.wav,FSD50K_DATA/FSD50K.dev_audio/FSD50K_cough_stage1_only/334154.wav,4.237641723356009,0.0,4.237641723356009,"Cough,Respiratory_sounds","/m/01b_21,/m/09hlz4",Cough.mp3,oddmonolithsound,http://creativecommons.org/licenses/by/3.0/,CC-BY-3.0,True,,,False,cough_with_expected_hierarchy_only,already_present,C:\Users\Usuario\Desktop\UNI MARINA\master\TFM\FSD50K_DATA\FSD50K.dev_audio\FSD50K_cough_stage1_only\334154.wav,False,selected_license_safe,recommended_random_audit,https://freesound.org/s/334154/,source WAV preserved; model preprocessing may resample to 16 kHz mono and extract features,"""Cough.mp3"" by oddmonolithsound; Freesound ID 334154; CC-BY-3.0 (http://creativecommons.org/licenses/by/3.0/); accessed through FSD50K.",Cough|Respiratory_sounds,373838,2e2872297e5a23173b1fc730665db2c4f7dfec96a269867a0257534673534e8f,44100,1,PCM_16,186880,4.237641723356009,extracted_and_validated,,,1.0|1.0,2,0,0,0,pp_agreement
65184,65184,65184_seg_0,65184,FSD50K,,,False,manual_review_no_audible_cough,NO,False,explicit_no_notes_column,True,95,1,unknown,3,unknown,not_applicable_fsd50k,False,fsd50k_has_no_dry_wet_annotation,cough,val,C:\Users\Usuario\Desktop\UNI MARINA\master\TFM\FSD50K_DATA\FSD50K.dev_audio\FSD50K_cough_stage1_only\65184.wav,FSD50K_DATA/FSD50K.dev_audio/FSD50K_cough_stage1_only/65184.wav,3.4938775510204083,0.0,3.4938775510204083,"Cough,Respiratory_sounds","/m/01b_21,/m/09hlz4",coughing.wav,carbilicon,http://creativecommons.org/publicdomain/zero/1.0/,CC0-1.0,True,,,False,cough_with_expected_hierarchy_only,already_present,C:\Users\Usuario\Desktop\UNI MARINA\master\TFM\FSD50K_DATA\FSD50K.dev_audio\FSD50K_cough_stage1_only\65184.wav,False,selected_license_safe,recommended_random_audit,https://freesound.org/s/65184/,source WAV preserved; model preprocessing may resample to 16 kHz mono and extract features,"""coughing.wav"" by carbilicon; Freesound ID 65184; CC0-1.0 (http://creativecommons.org/publicdomain/zero/1.0/); accessed through FSD50K.",Cough|Respiratory_sounds,308238,7fe80ab536a6a99fbf882fd61a5a72860d36c96c4f498e9c4e2901b1305b1e55,44100,1,PCM_16,154080,3.4938775510204083,extracted_and_validated,,no,1.0|1.0|0.5|-1,2,1,0,1,pp_agreement
399463,399463,399463_seg_0,399463,FSD50K,,,False,manual_review_no_audible_cough,NO,False,explicit_no_notes_column,True,96,1,unknown,3,unknown,not_applicable_fsd50k,False,fsd50k_has_no_dry_wet_annotation,cough,train,C:\Users\Usuario\Desktop\UNI MARINA\master\TFM\FSD50K_DATA\FSD50K.dev_audio\FSD50K_cough_stage1_only\399463.wav,FSD50K_DATA/FSD50K.dev_audio/FSD50K_cough_stage1_only/399463.wav,6.72,0.0,6.72,"Cough,Respiratory_sounds","/m/01b_21,/m/09hlz4",dying cough.aif,Soulbuddy,http://creativecommons.org/licenses/by/3.0/,CC-BY-3.0,True,,,False,cough_with_expected_hierarchy_only,already_present,C:\Users\Usuario\Desktop\UNI MARINA\master\TFM\FSD50K_DATA\FSD50K.dev_audio\FSD50K_cough_stage1_only\399463.wav,False,selected_license_safe,recommended_random_audit,https://freesound.org/s/399463/,source WAV preserved; model preprocessing may resample to 16 kHz mono and extract features,"""dying cough.aif"" by Soulbuddy; Freesound ID 399463; CC-BY-3.0 (http://creativecommons.org/licenses/by/3.0/); accessed through FSD50K.",Cough|Respiratory_sounds,592782,edbed245dda1702c73f8e0ffb06b7bf84da5d6b20f4a3d66c82672a2ec2251d8,44100,1,PCM_16,296352,6.72,extracted_and_validated,,no,1.0|1.0,2,0,0,0,pp_agreement
331061,331061,331061_seg_0,331061,FSD50K,1,1,True,,SI,True,blank_means_yes_by_declared_protocol,True,97,1,unknown,3,unknown,not_applicable_fsd50k,False,fsd50k_has_no_dry_wet_annotation,cough,train,C:\Users\Usuario\Desktop\UNI MARINA\master\TFM\FSD50K_DATA\FSD50K.dev_audio\FSD50K_cough_stage1_only\331061.wav,FSD50K_DATA/FSD50K.dev_audio/FSD50K_cough_stage1_only/331061.wav,1.2007709750566893,0.0,1.2007709750566893,"Cough,Respiratory_sounds","/m/01b_21,/m/09hlz4",Cough_07.wav,n_audioman,http://creativecommons.org/licenses/by/3.0/,CC-BY-3.0,True,,,False,cough_with_expected_hierarchy_only,already_present,C:\Users\Usuario\Desktop\UNI MARINA\master\TFM\FSD50K_DATA\FSD50K.dev_audio\FSD50K_cough_stage1_only\331061.wav,False,selected_license_safe,recommended_random_audit,https://freesound.org/s/331061/,source WAV preserved; model preprocessing may resample to 16 kHz mono and extract features,"""Cough_07.wav"" by n_audioman; Freesound ID 331061; CC-BY-3.0 (http://creativecommons.org/licenses/by/3.0/); accessed through FSD50K.",Cough|Respiratory_sounds,105986,c83acb951178e0808aeebafd826a2ebe2dd862897ac1e5e89541b5dea11cd45a,44100,1,PCM_16,52954,1.2007709750566893,extracted_and_validated,,,1.0|1.0,2,0,0,0,pp_agreement
323693,323693,323693_seg_0,323693,FSD50K,,,False,manual_review_no_audible_cough,NO,False,explicit_no_notes_column,True,98,1,unknown,3,unknown,not_applicable_fsd50k,False,fsd50k_has_no_dry_wet_annotation,cough,train,C:\Users\Usuario\Desktop\UNI MARINA\master\TFM\FSD50K_DATA\FSD50K.dev_audio\FSD50K_cough_stage1_only\323693.wav,FSD50K_DATA/FSD50K.dev_audio/FSD50K_cough_stage1_only/323693.wav,1.0479591836734694,0.0,1.0479591836734694,"Human_voice,Cough,Respiratory_sounds","/m/09l8g,/m/01b_21,/m/09hlz4",clear throat12.wav,Reitanna,http://creativecommons.org/publicdomain/zero/1.0/,CC0-1.0,True,,,False,cough_with_expected_hierarchy_only,already_present,C:\Users\Usuario\Desktop\UNI MARINA\master\TFM\FSD50K_DATA\FSD50K.dev_audio\FSD50K_cough_stage1_only\323693.wav,False,selected_license_safe,recommended_random_audit,https://freesound.org/s/323693/,source WAV preserved; model preprocessing may resample to 16 kHz mono and extract features,"""clear throat12.wav"" by Reitanna; Freesound ID 323693; CC0-1.0 (http://creativecommons.org/publicdomain/zero/1.0/); accessed through FSD50K.",Cough|Human_voice|Respiratory_sounds,92508,72d25d57e3d4af785b8e7051cdd467267bddc4310c39f35e4784117f06bb1f24,44100,1,PCM_16,46215,1.0479591836734694,extracted_and_validated,,no,,0,0,0,0,missing
19120,19120,19120_seg_0,19120,FSD50K,1,1,True,,SI,True,blank_means_yes_by_declared_protocol,True,99,1,unknown,3,unknown,not_applicable_fsd50k,False,fsd50k_has_no_dry_wet_annotation,cough,train,C:\Users\Usuario\Desktop\UNI MARINA\master\TFM\FSD50K_DATA\FSD50K.dev_audio\FSD50K_cough_stage1_only\19120.wav,FSD50K_DATA/FSD50K.dev_audio/FSD50K_cough_stage1_only/19120.wav,1.1485714285714286,0.0,1.1485714285714286,"Cough,Respiratory_sounds","/m/01b_21,/m/09hlz4",cough5.aiff,Fratz,http://creativecommons.org/licenses/by/3.0/,CC-BY-3.0,True,,,False,cough_with_expected_hierarchy_only,already_present,C:\Users\Usuario\Desktop\UNI MARINA\master\TFM\FSD50K_DATA\FSD50K.dev_audio\FSD50K_cough_stage1_only\19120.wav,False,selected_license_safe,recommended_random_audit,https://freesound.org/s/19120/,source WAV preserved; model preprocessing may resample to 16 kHz mono and extract features,"""cough5.aiff"" by Fratz; Freesound ID 19120; CC-BY-3.0 (http://creativecommons.org/licenses/by/3.0/); accessed through FSD50K.",Cough|Respiratory_sounds,101382,76c9abd2671afea97763e9e1a70c68abaeafda505960fada8457b6c50e654089,44100,1,PCM_16,50652,1.1485714285714286,extracted_and_validated,,,1.0|1.0,2,0,0,0,pp_agreement
318079,318079,318079_seg_0,318079,FSD50K,1,1,True,,SI,True,blank_means_yes_by_declared_protocol,True,100,1,unknown,3,unknown,not_applicable_fsd50k,False,fsd50k_has_no_dry_wet_annotation,cough,train,C:\Users\Usuario\Desktop\UNI MARINA\master\TFM\FSD50K_DATA\FSD50K.dev_audio\FSD50K_cough_stage1_only\318079.wav,FSD50K_DATA/FSD50K.dev_audio/FSD50K_cough_stage1_only/318079.wav,8.841247165532879,0.0,8.841247165532879,"Human_voice,Cough,Respiratory_sounds","/m/09l8g,/m/01b_21,/m/09hlz4",Breathless Coughing_1,Drkvixn91,http://creativecommons.org/publicdomain/zero/1.0/,CC0-1.0,True,,,False,cough_with_expected_hierarchy_only,already_present,C:\Users\Usuario\Desktop\UNI MARINA\master\TFM\FSD50K_DATA\FSD50K.dev_audio\FSD50K_cough_stage1_only\318079.wav,False,selected_license_safe,recommended_random_audit,https://freesound.org/s/318079/,source WAV preserved; model preprocessing may resample to 16 kHz mono and extract features,"""Breathless Coughing_1"" by Drkvixn91; Freesound ID 318079; CC0-1.0 (http://creativecommons.org/publicdomain/zero/1.0/); accessed through FSD50K.",Cough|Human_voice|Respiratory_sounds,779876,0c5e0acfeadddd8d3912f2c0516d2b65f7c29e0b4c83117de68b10d6c7a6adf1,44100,1,PCM_16,389899,8.841247165532879,extracted_and_validated,,,0.5|0.5,0,2,0,0,positive_agreement_without_two_pp
87513,87513,87513_seg_0,87513,FSD50K,1,1,True,,SI,True,blank_means_yes_by_declared_protocol,True,101,1,unknown,3,unknown,not_applicable_fsd50k,False,fsd50k_has_no_dry_wet_annotation,cough,train,C:\Users\Usuario\Desktop\UNI MARINA\master\TFM\FSD50K_DATA\FSD50K.dev_audio\FSD50K_cough_stage1_only\87513.wav,FSD50K_DATA/FSD50K.dev_audio/FSD50K_cough_stage1_only/87513.wav,2.375963718820861,0.0,2.375963718820861,"Cough,Respiratory_sounds","/m/01b_21,/m/09hlz4",20100109.cough.02.wav,dobroide,http://creativecommons.org/licenses/by/3.0/,CC-BY-3.0,True,,,False,cough_with_expected_hierarchy_only,already_present,C:\Users\Usuario\Desktop\UNI MARINA\master\TFM\FSD50K_DATA\FSD50K.dev_audio\FSD50K_cough_stage1_only\87513.wav,False,selected_license_safe,recommended_random_audit,https://freesound.org/s/87513/,source WAV preserved; model preprocessing may resample to 16 kHz mono and extract features,"""20100109.cough.02.wav"" by dobroide; Freesound ID 87513; CC-BY-3.0 (http://creativecommons.org/licenses/by/3.0/); accessed through FSD50K.",Cough|Respiratory_sounds,209638,b021b17e2504d9322bbb80e7d790fcb17d659d1102f6bb913692977822edcee3,44100,1,PCM_16,104780,2.375963718820861,extracted_and_validated,,,1.0|1.0|0.5,2,1,0,0,pp_agreement
433639,433639,433639_seg_0,433639,FSD50K,1,1,True,,SI,True,blank_means_yes_by_declared_protocol,True,102,1,unknown,3,unknown,not_applicable_fsd50k,False,fsd50k_has_no_dry_wet_annotation,cough,train,C:\Users\Usuario\Desktop\UNI MARINA\master\TFM\FSD50K_DATA\FSD50K.dev_audio\FSD50K_cough_stage1_only\433639.wav,FSD50K_DATA/FSD50K.dev_audio/FSD50K_cough_stage1_only/433639.wav,3.564263038548753,0.0,3.564263038548753,"Cough,Respiratory_sounds","/m/01b_21,/m/09hlz4",Man cough,dersuperanton,http://creativecommons.org/licenses/by/3.0/,CC-BY-3.0,True,,,False,cough_with_expected_hierarchy_only,already_present,C:\Users\Usuario\Desktop\UNI MARINA\master\TFM\FSD50K_DATA\FSD50K.dev_audio\FSD50K_cough_stage1_only\433639.wav,False,selected_license_safe,recommended_random_audit,https://freesound.org/s/433639/,source WAV preserved; model preprocessing may resample to 16 kHz mono and extract features,"""Man cough"" by dersuperanton; Freesound ID 433639; CC-BY-3.0 (http://creativecommons.org/licenses/by/3.0/); accessed through FSD50K.",Cough|Respiratory_sounds,314446,7bb6001f3fbea6de9c2232387316e20afdfba3982e5b7fdb824ed2d74c8dc4a7,44100,1,PCM_16,157184,3.564263038548753,extracted_and_validated,,,1.0|1.0,2,0,0,0,pp_agreement
109639,109639,109639_seg_0,109639,FSD50K,1,1,True,,SI,True,blank_means_yes_by_declared_protocol,True,103,1,unknown,3,unknown,not_applicable_fsd50k,False,fsd50k_has_no_dry_wet_annotation,cough,train,C:\Users\Usuario\Desktop\UNI MARINA\master\TFM\FSD50K_DATA\FSD50K.dev_audio\FSD50K_cough_stage1_only\109639.wav,FSD50K_DATA/FSD50K.dev_audio/FSD50K_cough_stage1_only/109639.wav,3.141995464852608,0.0,3.141995464852608,"Cough,Respiratory_sounds","/m/01b_21,/m/09hlz4",FX - tos 3.wav,vinjatovix,http://creativecommons.org/licenses/by/3.0/,CC-BY-3.0,True,,,False,cough_with_expected_hierarchy_only,already_present,C:\Users\Usuario\Desktop\UNI MARINA\master\TFM\FSD50K_DATA\FSD50K.dev_audio\FSD50K_cough_stage1_only\109639.wav,False,selected_license_safe,recommended_random_audit,https://freesound.org/s/109639/,source WAV preserved; model preprocessing may resample to 16 kHz mono and extract features,"""FX - tos 3.wav"" by vinjatovix; Freesound ID 109639; CC-BY-3.0 (http://creativecommons.org/licenses/by/3.0/); accessed through FSD50K.",Cough|Respiratory_sounds,277202,99df6cafbb6aa0d6afe5ad68895bff43c32bd95ddc4cdbb3858b95af2f50bd9b,44100,1,PCM_16,138562,3.141995464852608,extracted_and_validated,,,1.0|1.0|0.5,2,1,0,0,pp_agreement
386210,386210,386210_seg_0,386210,FSD50K,1,1,True,,SI,True,blank_means_yes_by_declared_protocol,True,104,1,unknown,3,unknown,not_applicable_fsd50k,False,fsd50k_has_no_dry_wet_annotation,cough,train,C:\Users\Usuario\Desktop\UNI MARINA\master\TFM\FSD50K_DATA\FSD50K.dev_audio\FSD50K_cough_stage1_only\386210.wav,FSD50K_DATA/FSD50K.dev_audio/FSD50K_cough_stage1_only/386210.wav,2.9960997732426304,0.0,2.9960997732426304,"Cough,Respiratory_sounds","/m/01b_21,/m/09hlz4",Spoken - Drink fail,ldezem,http://creativecommons.org/publicdomain/zero/1.0/,CC0-1.0,True,,,False,cough_with_expected_hierarchy_only,already_present,C:\Users\Usuario\Desktop\UNI MARINA\master\TFM\FSD50K_DATA\FSD50K.dev_audio\FSD50K_cough_stage1_only\386210.wav,False,selected_license_safe,recommended_random_audit,https://freesound.org/s/386210/,source WAV preserved; model preprocessing may resample to 16 kHz mono and extract features,"""Spoken - Drink fail"" by ldezem; Freesound ID 386210; CC0-1.0 (http://creativecommons.org/publicdomain/zero/1.0/); accessed through FSD50K.",Cough|Respiratory_sounds,264334,f168f619fc179d61f40787c943179685ed749b009c401e1221f623f263371cb9,44100,1,PCM_16,132128,2.9960997732426304,extracted_and_validated,,,1.0|1.0,2,0,0,0,pp_agreement
332989,332989,332989_seg_0,332989,FSD50K,1,1,True,,SI,True,blank_means_yes_by_declared_protocol,True,105,1,unknown,3,unknown,not_applicable_fsd50k,False,fsd50k_has_no_dry_wet_annotation,cough,train,C:\Users\Usuario\Desktop\UNI MARINA\master\TFM\FSD50K_DATA\FSD50K.dev_audio\FSD50K_cough_stage1_only\332989.wav,FSD50K_DATA/FSD50K.dev_audio/FSD50K_cough_stage1_only/332989.wav,0.7912925170068027,0.0,0.7912925170068027,"Cough,Respiratory_sounds","/m/01b_21,/m/09hlz4",Coughing 01.wav,michael_kur95,http://creativecommons.org/licenses/by/3.0/,CC-BY-3.0,True,,,False,cough_with_expected_hierarchy_only,already_present,C:\Users\Usuario\Desktop\UNI MARINA\master\TFM\FSD50K_DATA\FSD50K.dev_audio\FSD50K_cough_stage1_only\332989.wav,False,selected_license_safe,recommended_random_audit,https://freesound.org/s/332989/,source WAV preserved; model preprocessing may resample to 16 kHz mono and extract features,"""Coughing 01.wav"" by michael_kur95; Freesound ID 332989; CC-BY-3.0 (http://creativecommons.org/licenses/by/3.0/); accessed through FSD50K.",Cough|Respiratory_sounds,69870,778d75f0103049b3248ae39fafa683c7f97b0f167b57d909448701ec87ccfbe2,44100,1,PCM_16,34896,0.7912925170068027,extracted_and_validated,,,1.0|1.0,2,0,0,0,pp_agreement
149042,149042,149042_seg_0,149042,FSD50K,1,1,True,,SI,True,blank_means_yes_by_declared_protocol,True,106,1,unknown,3,unknown,not_applicable_fsd50k,False,fsd50k_has_no_dry_wet_annotation,cough,train,C:\Users\Usuario\Desktop\UNI MARINA\master\TFM\FSD50K_DATA\FSD50K.dev_audio\FSD50K_cough_stage1_only\149042.wav,FSD50K_DATA/FSD50K.dev_audio/FSD50K_cough_stage1_only/149042.wav,2.0216780045351475,0.0,2.0216780045351475,"Cough,Respiratory_sounds","/m/01b_21,/m/09hlz4",manCough2.wav,Zabuhailo,http://creativecommons.org/licenses/by/3.0/,CC-BY-3.0,True,,,False,cough_with_expected_hierarchy_only,already_present,C:\Users\Usuario\Desktop\UNI MARINA\master\TFM\FSD50K_DATA\FSD50K.dev_audio\FSD50K_cough_stage1_only\149042.wav,False,selected_license_safe,recommended_random_audit,https://freesound.org/s/149042/,source WAV preserved; model preprocessing may resample to 16 kHz mono and extract features,"""manCough2.wav"" by Zabuhailo; Freesound ID 149042; CC-BY-3.0 (http://creativecommons.org/licenses/by/3.0/); accessed through FSD50K.",Cough|Respiratory_sounds,178390,e1a374fe0fc92954399525413e601d36aadd7cc0b5794e4e1fac8bfa1683b9b7,44100,1,PCM_16,89156,2.0216780045351475,extracted_and_validated,,,1.0|1.0,2,0,0,0,pp_agreement
365476,365476,365476_seg_0,365476,FSD50K,1,1,True,,SI,True,blank_means_yes_by_declared_protocol,True,107,1,unknown,3,unknown,not_applicable_fsd50k,False,fsd50k_has_no_dry_wet_annotation,cough,train,C:\Users\Usuario\Desktop\UNI MARINA\master\TFM\FSD50K_DATA\FSD50K.dev_audio\FSD50K_cough_stage1_only\365476.wav,FSD50K_DATA/FSD50K.dev_audio/FSD50K_cough_stage1_only/365476.wav,3.9706122448979593,0.0,3.9706122448979593,"Cough,Respiratory_sounds","/m/01b_21,/m/09hlz4",A person coughing,Caitlin_100,http://creativecommons.org/publicdomain/zero/1.0/,CC0-1.0,True,,,False,cough_with_expected_hierarchy_only,already_present,C:\Users\Usuario\Desktop\UNI MARINA\master\TFM\FSD50K_DATA\FSD50K.dev_audio\FSD50K_cough_stage1_only\365476.wav,False,selected_license_safe,recommended_random_audit,https://freesound.org/s/365476/,source WAV preserved; model preprocessing may resample to 16 kHz mono and extract features,"""A person coughing"" by Caitlin_100; Freesound ID 365476; CC0-1.0 (http://creativecommons.org/publicdomain/zero/1.0/); accessed through FSD50K.",Cough|Respiratory_sounds,350286,bc984a9301e96db01a2c48d60cd6b28fbab4ab110d6eccd4800aaf5f18182ba8,44100,1,PCM_16,175104,3.9706122448979593,extracted_and_validated,,,1.0|1.0,2,0,0,0,pp_agreement
151213,151213,151213_seg_0,151213,FSD50K,1,1,True,,SI,True,blank_means_yes_by_declared_protocol,True,108,1,unknown,3,unknown,not_applicable_fsd50k,False,fsd50k_has_no_dry_wet_annotation,cough,train,C:\Users\Usuario\Desktop\UNI MARINA\master\TFM\FSD50K_DATA\FSD50K.dev_audio\FSD50K_cough_stage1_only\151213.wav,FSD50K_DATA/FSD50K.dev_audio/FSD50K_cough_stage1_only/151213.wav,1.1147619047619048,0.0,1.1147619047619048,"Cough,Respiratory_sounds","/m/01b_21,/m/09hlz4",Cough Female,OwlStorm,http://creativecommons.org/licenses/by/3.0/,CC-BY-3.0,True,,,False,cough_with_expected_hierarchy_only,already_present,C:\Users\Usuario\Desktop\UNI MARINA\master\TFM\FSD50K_DATA\FSD50K.dev_audio\FSD50K_cough_stage1_only\151213.wav,False,selected_license_safe,recommended_random_audit,https://freesound.org/s/151213/,source WAV preserved; model preprocessing may resample to 16 kHz mono and extract features,"""Cough Female"" by OwlStorm; Freesound ID 151213; CC-BY-3.0 (http://creativecommons.org/licenses/by/3.0/); accessed through FSD50K.",Cough|Respiratory_sounds,98400,a9f9105747f39b3e54cf2db3859a1d075b42c66722117c550e3be04bbcd4a194,44100,1,PCM_16,49161,1.1147619047619048,extracted_and_validated,,,1.0|1.0,2,0,0,0,pp_agreement
95530,95530,95530_seg_0,95530,FSD50K,1,1,True,,SI,True,blank_means_yes_by_declared_protocol,True,109,1,unknown,3,unknown,not_applicable_fsd50k,False,fsd50k_has_no_dry_wet_annotation,cough,train,C:\Users\Usuario\Desktop\UNI MARINA\master\TFM\FSD50K_DATA\FSD50K.dev_audio\FSD50K_cough_stage1_only\95530.wav,FSD50K_DATA/FSD50K.dev_audio/FSD50K_cough_stage1_only/95530.wav,9.771519274376418,0.0,9.771519274376418,"Cough,Respiratory_sounds","/m/01b_21,/m/09hlz4",20100421.coughing.01.wav,dobroide,http://creativecommons.org/licenses/by/3.0/,CC-BY-3.0,True,,,False,cough_with_expected_hierarchy_only,already_present,C:\Users\Usuario\Desktop\UNI MARINA\master\TFM\FSD50K_DATA\FSD50K.dev_audio\FSD50K_cough_stage1_only\95530.wav,False,selected_license_safe,recommended_random_audit,https://freesound.org/s/95530/,source WAV preserved; model preprocessing may resample to 16 kHz mono and extract features,"""20100421.coughing.01.wav"" by dobroide; Freesound ID 95530; CC-BY-3.0 (http://creativecommons.org/licenses/by/3.0/); accessed through FSD50K.",Cough|Respiratory_sounds,861926,da893a447c8f29905d1d3782a7947f3b98503986a9d80825848bded4ed33c3e0,44100,1,PCM_16,430924,9.771519274376418,extracted_and_validated,,,0.5|0.5,0,2,0,0,positive_agreement_without_two_pp
155603,155603,155603_seg_0,155603,FSD50K,1,1,True,,SI,True,blank_means_yes_by_declared_protocol,True,110,1,unknown,3,unknown,not_applicable_fsd50k,False,fsd50k_has_no_dry_wet_annotation,cough,val,C:\Users\Usuario\Desktop\UNI MARINA\master\TFM\FSD50K_DATA\FSD50K.dev_audio\FSD50K_cough_stage1_only\155603.wav,FSD50K_DATA/FSD50K.dev_audio/FSD50K_cough_stage1_only/155603.wav,6.915963718820862,0.0,6.915963718820862,"Cough,Respiratory_sounds","/m/01b_21,/m/09hlz4",choking.wav,TheMightyMoltar,http://creativecommons.org/licenses/by/3.0/,CC-BY-3.0,True,,,False,cough_with_expected_hierarchy_only,already_present,C:\Users\Usuario\Desktop\UNI MARINA\master\TFM\FSD50K_DATA\FSD50K.dev_audio\FSD50K_cough_stage1_only\155603.wav,False,selected_license_safe,recommended_random_audit,https://freesound.org/s/155603/,source WAV preserved; model preprocessing may resample to 16 kHz mono and extract features,"""choking.wav"" by TheMightyMoltar; Freesound ID 155603; CC-BY-3.0 (http://creativecommons.org/licenses/by/3.0/); accessed through FSD50K.",Cough|Respiratory_sounds,610066,b5b4196ca4f7890257b7317f7ae601f1e29ce7a2e1b89f64c1f30c7407efa820,44100,1,PCM_16,304994,6.915963718820862,extracted_and_validated,,,1.0|1.0,2,0,0,0,pp_agreement
267055,267055,267055_seg_0,267055,FSD50K,,,False,manual_review_no_audible_cough,NO,False,explicit_no_notes_column,True,111,1,unknown,3,unknown,not_applicable_fsd50k,False,fsd50k_has_no_dry_wet_annotation,cough,train,C:\Users\Usuario\Desktop\UNI MARINA\master\TFM\FSD50K_DATA\FSD50K.dev_audio\FSD50K_cough_stage1_only\267055.wav,FSD50K_DATA/FSD50K.dev_audio/FSD50K_cough_stage1_only/267055.wav,19.202902494331067,0.0,19.202902494331067,"Cough,Respiratory_sounds","/m/01b_21,/m/09hlz4",Whiny cough 1,Huminaatio,http://creativecommons.org/licenses/by/3.0/,CC-BY-3.0,True,,,False,cough_with_expected_hierarchy_only,already_present,C:\Users\Usuario\Desktop\UNI MARINA\master\TFM\FSD50K_DATA\FSD50K.dev_audio\FSD50K_cough_stage1_only\267055.wav,False,selected_license_safe,recommended_random_audit,https://freesound.org/s/267055/,source WAV preserved; model preprocessing may resample to 16 kHz mono and extract features,"""Whiny cough 1"" by Huminaatio; Freesound ID 267055; CC-BY-3.0 (http://creativecommons.org/licenses/by/3.0/); accessed through FSD50K.",Cough|Respiratory_sounds,1693774,7d6156c1350ffcc1619c2b167a1fc4a3d5ff9fcadd4f92562249ce341f74ff9b,44100,1,PCM_16,846848,19.202902494331067,extracted_and_validated,,no,1.0|1.0,2,0,0,0,pp_agreement
120213,120213,120213_seg_0,120213,FSD50K,1,1,True,,SI,True,blank_means_yes_by_declared_protocol,True,112,1,unknown,3,unknown,not_applicable_fsd50k,False,fsd50k_has_no_dry_wet_annotation,cough,train,C:\Users\Usuario\Desktop\UNI MARINA\master\TFM\FSD50K_DATA\FSD50K.dev_audio\FSD50K_cough_stage1_only\120213.wav,FSD50K_DATA/FSD50K.dev_audio/FSD50K_cough_stage1_only/120213.wav,29.866666666666667,0.0,29.866666666666667,"Cough,Respiratory_sounds","/m/01b_21,/m/09hlz4",Coughing.wav,sportygurl37,http://creativecommons.org/licenses/by/3.0/,CC-BY-3.0,True,,,False,cough_with_expected_hierarchy_only,already_present,C:\Users\Usuario\Desktop\UNI MARINA\master\TFM\FSD50K_DATA\FSD50K.dev_audio\FSD50K_cough_stage1_only\120213.wav,False,selected_license_safe,recommended_random_audit,https://freesound.org/s/120213/,source WAV preserved; model preprocessing may resample to 16 kHz mono and extract features,"""Coughing.wav"" by sportygurl37; Freesound ID 120213; CC-BY-3.0 (http://creativecommons.org/licenses/by/3.0/); accessed through FSD50K.",Cough|Respiratory_sounds,2634318,85d589799861027e648eda24098479745d281ab2b4aee00eee081e9cfdb8c21f,44100,1,PCM_16,1317120,29.866666666666667,extracted_and_validated,,,0.5|0.5,0,2,0,0,positive_agreement_without_two_pp
87796,87796,87796_seg_0,87796,FSD50K,,,False,manual_review_no_audible_cough,NO,False,explicit_no_notes_column,True,113,1,unknown,3,unknown,not_applicable_fsd50k,False,fsd50k_has_no_dry_wet_annotation,cough,train,C:\Users\Usuario\Desktop\UNI MARINA\master\TFM\FSD50K_DATA\FSD50K.dev_audio\FSD50K_cough_stage1_only\87796.wav,FSD50K_DATA/FSD50K.dev_audio/FSD50K_cough_stage1_only/87796.wav,4.450975056689343,0.0,4.450975056689343,"Cough,Respiratory_sounds","/m/01b_21,/m/09hlz4",tos3(16.01.2009).ogg,aneolus,http://creativecommons.org/publicdomain/zero/1.0/,CC0-1.0,True,,,False,cough_with_expected_hierarchy_only,already_present,C:\Users\Usuario\Desktop\UNI MARINA\master\TFM\FSD50K_DATA\FSD50K.dev_audio\FSD50K_cough_stage1_only\87796.wav,False,selected_license_safe,recommended_random_audit,https://freesound.org/s/87796/,source WAV preserved; model preprocessing may resample to 16 kHz mono and extract features,"""tos3(16.01.2009).ogg"" by aneolus; Freesound ID 87796; CC0-1.0 (http://creativecommons.org/publicdomain/zero/1.0/); accessed through FSD50K.",Cough|Respiratory_sounds,392654,943f400aeca9fbb5682e3a8a7c28ecd4f57a20eb374fabce5770bcd0dec5b9ba,44100,1,PCM_16,196288,4.450975056689343,extracted_and_validated,,no,1.0|0.5|0.5,1,2,0,0,positive_agreement_without_two_pp
211197,211197,211197_seg_0,211197,FSD50K,1,1,True,,SI,True,blank_means_yes_by_declared_protocol,True,114,1,unknown,3,unknown,not_applicable_fsd50k,False,fsd50k_has_no_dry_wet_annotation,cough,train,C:\Users\Usuario\Desktop\UNI MARINA\master\TFM\FSD50K_DATA\FSD50K.dev_audio\FSD50K_cough_stage1_only\211197.wav,FSD50K_DATA/FSD50K.dev_audio/FSD50K_cough_stage1_only/211197.wav,6.478367346938776,0.0,6.478367346938776,"Cough,Respiratory_sounds","/m/01b_21,/m/09hlz4",Real Flu Chest Cold Coughing Male Middle Aged.MP3,squeakyballoon,http://creativecommons.org/licenses/by/3.0/,CC-BY-3.0,True,,,False,cough_with_expected_hierarchy_only,already_present,C:\Users\Usuario\Desktop\UNI MARINA\master\TFM\FSD50K_DATA\FSD50K.dev_audio\FSD50K_cough_stage1_only\211197.wav,False,selected_license_safe,recommended_random_audit,https://freesound.org/s/211197/,source WAV preserved; model preprocessing may resample to 16 kHz mono and extract features,"""Real Flu Chest Cold Coughing Male Middle Aged.MP3"" by squeakyballoon; Freesound ID 211197; CC-BY-3.0 (http://creativecommons.org/licenses/by/3.0/); accessed through FSD50K.",Cough|Respiratory_sounds,571470,68a38c8404e18726d53a0e45ff322f47a459dbfbbe68408784ad5b1d4b7fc7fb,44100,1,PCM_16,285696,6.478367346938776,extracted_and_validated,,,1.0|1.0,2,0,0,0,pp_agreement
87511,87511,87511_seg_0,87511,FSD50K,1,1,True,,SI,True,blank_means_yes_by_declared_protocol,True,115,1,unknown,3,unknown,not_applicable_fsd50k,False,fsd50k_has_no_dry_wet_annotation,cough,train,C:\Users\Usuario\Desktop\UNI MARINA\master\TFM\FSD50K_DATA\FSD50K.dev_audio\FSD50K_cough_stage1_only\87511.wav,FSD50K_DATA/FSD50K.dev_audio/FSD50K_cough_stage1_only/87511.wav,1.8234920634920635,0.0,1.8234920634920635,"Cough,Respiratory_sounds","/m/01b_21,/m/09hlz4",20100109.cough.00.wav,dobroide,http://creativecommons.org/licenses/by/3.0/,CC-BY-3.0,True,,,False,cough_with_expected_hierarchy_only,already_present,C:\Users\Usuario\Desktop\UNI MARINA\master\TFM\FSD50K_DATA\FSD50K.dev_audio\FSD50K_cough_stage1_only\87511.wav,False,selected_license_safe,recommended_random_audit,https://freesound.org/s/87511/,source WAV preserved; model preprocessing may resample to 16 kHz mono and extract features,"""20100109.cough.00.wav"" by dobroide; Freesound ID 87511; CC-BY-3.0 (http://creativecommons.org/licenses/by/3.0/); accessed through FSD50K.",Cough|Respiratory_sounds,160910,0f46a9b9bb24ca81eb1740880e85895ec50ccb26fa739cef961beaf775c88cc8,44100,1,PCM_16,80416,1.8234920634920635,extracted_and_validated,,,1.0|1.0,2,0,0,0,pp_agreement
180037,180037,180037_seg_0,180037,FSD50K,1,1,True,,SI,True,blank_means_yes_by_declared_protocol,True,116,1,unknown,3,unknown,not_applicable_fsd50k,False,fsd50k_has_no_dry_wet_annotation,cough,train,C:\Users\Usuario\Desktop\UNI MARINA\master\TFM\FSD50K_DATA\FSD50K.dev_audio\FSD50K_cough_stage1_only\180037.wav,FSD50K_DATA/FSD50K.dev_audio/FSD50K_cough_stage1_only/180037.wav,22.610113378684808,0.0,22.610113378684808,"Cough,Respiratory_sounds","/m/01b_21,/m/09hlz4",Sickness 07: blowing nose + cough,unfa,http://creativecommons.org/licenses/by/3.0/,CC-BY-3.0,True,,,False,cough_with_expected_hierarchy_only,already_present,C:\Users\Usuario\Desktop\UNI MARINA\master\TFM\FSD50K_DATA\FSD50K.dev_audio\FSD50K_cough_stage1_only\180037.wav,False,selected_license_safe,recommended_random_audit,https://freesound.org/s/180037/,source WAV preserved; model preprocessing may resample to 16 kHz mono and extract features,"""Sickness 07: blowing nose + cough"" by unfa; Freesound ID 180037; CC-BY-3.0 (http://creativecommons.org/licenses/by/3.0/); accessed through FSD50K.",Cough|Respiratory_sounds,1994290,4393b9eaef74402f6afcaf3d822fc820dfcf7991c28f5458566970127a463ef3,44100,1,PCM_16,997106,22.610113378684808,extracted_and_validated,,,0.5|0.5,0,2,0,0,positive_agreement_without_two_pp
149043,149043,149043_seg_0,149043,FSD50K,1,1,True,,SI,True,blank_means_yes_by_declared_protocol,True,117,1,unknown,3,unknown,not_applicable_fsd50k,False,fsd50k_has_no_dry_wet_annotation,cough,train,C:\Users\Usuario\Desktop\UNI MARINA\master\TFM\FSD50K_DATA\FSD50K.dev_audio\FSD50K_cough_stage1_only\149043.wav,FSD50K_DATA/FSD50K.dev_audio/FSD50K_cough_stage1_only/149043.wav,2.841201814058957,0.0,2.841201814058957,"Cough,Respiratory_sounds","/m/01b_21,/m/09hlz4",manCough1.wav,Zabuhailo,http://creativecommons.org/licenses/by/3.0/,CC-BY-3.0,True,,,False,cough_with_expected_hierarchy_only,already_present,C:\Users\Usuario\Desktop\UNI MARINA\master\TFM\FSD50K_DATA\FSD50K.dev_audio\FSD50K_cough_stage1_only\149043.wav,False,selected_license_safe,recommended_random_audit,https://freesound.org/s/149043/,source WAV preserved; model preprocessing may resample to 16 kHz mono and extract features,"""manCough1.wav"" by Zabuhailo; Freesound ID 149043; CC-BY-3.0 (http://creativecommons.org/licenses/by/3.0/); accessed through FSD50K.",Cough|Respiratory_sounds,250672,a75d68df725ae622ba408c78a5bd9b52643c6a7843f2245a15694e5440c37a91,44100,1,PCM_16,125297,2.841201814058957,extracted_and_validated,,,1.0,1,0,0,0,single_positive
213047,213047,213047_seg_0,213047,FSD50K,1,1,True,,SI,True,blank_means_yes_by_declared_protocol,True,118,1,unknown,3,unknown,not_applicable_fsd50k,False,fsd50k_has_no_dry_wet_annotation,cough,train,C:\Users\Usuario\Desktop\UNI MARINA\master\TFM\FSD50K_DATA\FSD50K.dev_audio\FSD50K_cough_stage1_only\213047.wav,FSD50K_DATA/FSD50K.dev_audio/FSD50K_cough_stage1_only/213047.wav,1.584013605442177,0.0,1.584013605442177,"Sneeze,Cough,Respiratory_sounds","/m/01hsr_,/m/01b_21,/m/09hlz4",Sneeze.mp3,Taira Komori,http://creativecommons.org/licenses/by/3.0/,CC-BY-3.0,True,,Sneeze,True,cough_with_additional_labels_review_required,already_present,C:\Users\Usuario\Desktop\UNI MARINA\master\TFM\FSD50K_DATA\FSD50K.dev_audio\FSD50K_cough_stage1_only\213047.wav,False,selected_license_safe,mandatory_review_before_training,https://freesound.org/s/213047/,source WAV preserved; model preprocessing may resample to 16 kHz mono and extract features,"""Sneeze.mp3"" by Taira Komori; Freesound ID 213047; CC-BY-3.0 (http://creativecommons.org/licenses/by/3.0/); accessed through FSD50K.",Cough|Respiratory_sounds|Sneeze,139788,e924c420304a3a14b7b98586b6774f232b6f81c6dd5c64dbd88999baeb689290,44100,1,PCM_16,69855,1.584013605442177,extracted_and_validated,,,1.0|1.0|0.5|0,2,1,1,0,pp_agreement
171396,171396,171396_seg_0,171396,FSD50K,1,1,True,,SI,True,blank_means_yes_by_declared_protocol,True,119,1,unknown,3,unknown,not_applicable_fsd50k,False,fsd50k_has_no_dry_wet_annotation,cough,train,C:\Users\Usuario\Desktop\UNI MARINA\master\TFM\FSD50K_DATA\FSD50K.dev_audio\FSD50K_cough_stage1_only\171396.wav,FSD50K_DATA/FSD50K.dev_audio/FSD50K_cough_stage1_only/171396.wav,14.25002267573696,0.0,14.25002267573696,"Cough,Respiratory_sounds","/m/01b_21,/m/09hlz4",Wet Cough,unfa,http://creativecommons.org/licenses/by/3.0/,CC-BY-3.0,True,,,False,cough_with_expected_hierarchy_only,already_present,C:\Users\Usuario\Desktop\UNI MARINA\master\TFM\FSD50K_DATA\FSD50K.dev_audio\FSD50K_cough_stage1_only\171396.wav,False,selected_license_safe,recommended_random_audit,https://freesound.org/s/171396/,source WAV preserved; model preprocessing may resample to 16 kHz mono and extract features,"""Wet Cough"" by unfa; Freesound ID 171396; CC-BY-3.0 (http://creativecommons.org/licenses/by/3.0/); accessed through FSD50K.",Cough|Respiratory_sounds,1256930,1ad1ef0b8c7b0f846d581222679fd80070385d8527c4d633dfee46627a90ee5d,44100,1,PCM_16,628426,14.25002267573696,extracted_and_validated,,,1.0|1.0,2,0,0,0,pp_agreement
410493,410493,410493_seg_0,410493,FSD50K,1,1,True,,SI,True,blank_means_yes_by_declared_protocol,True,120,1,unknown,3,unknown,not_applicable_fsd50k,False,fsd50k_has_no_dry_wet_annotation,cough,train,C:\Users\Usuario\Desktop\UNI MARINA\master\TFM\FSD50K_DATA\FSD50K.dev_audio\FSD50K_cough_stage1_only\410493.wav,FSD50K_DATA/FSD50K.dev_audio/FSD50K_cough_stage1_only/410493.wav,11.447437641723356,0.0,11.447437641723356,"Cough,Respiratory_sounds","/m/01b_21,/m/09hlz4",Cough Cof Cof Cof,fmceretta,http://creativecommons.org/publicdomain/zero/1.0/,CC0-1.0,True,,,False,cough_with_expected_hierarchy_only,already_present,C:\Users\Usuario\Desktop\UNI MARINA\master\TFM\FSD50K_DATA\FSD50K.dev_audio\FSD50K_cough_stage1_only\410493.wav,False,selected_license_safe,recommended_random_audit,https://freesound.org/s/410493/,source WAV preserved; model preprocessing may resample to 16 kHz mono and extract features,"""Cough Cof Cof Cof"" by fmceretta; Freesound ID 410493; CC0-1.0 (http://creativecommons.org/publicdomain/zero/1.0/); accessed through FSD50K.",Cough|Respiratory_sounds,1009742,6ec9bffc6de0b7e25652f49b2870540b19a68849d314347832ad4e59fd239dba,44100,1,PCM_16,504832,11.447437641723356,extracted_and_validated,,,1.0|1.0,2,0,0,0,pp_agreement
63752,63752,63752_seg_0,63752,FSD50K,1,1,True,,SI,True,blank_means_yes_by_declared_protocol,True,121,1,unknown,3,unknown,not_applicable_fsd50k,False,fsd50k_has_no_dry_wet_annotation,cough,train,C:\Users\Usuario\Desktop\UNI MARINA\master\TFM\FSD50K_DATA\FSD50K.dev_audio\FSD50K_cough_stage1_only\63752.wav,FSD50K_DATA/FSD50K.dev_audio/FSD50K_cough_stage1_only/63752.wav,0.8776417233560091,0.0,0.8776417233560091,"Cough,Respiratory_sounds","/m/01b_21,/m/09hlz4",20081118.bad.cough.wav,dobroide,http://creativecommons.org/licenses/by/3.0/,CC-BY-3.0,True,,,False,cough_with_expected_hierarchy_only,already_present,C:\Users\Usuario\Desktop\UNI MARINA\master\TFM\FSD50K_DATA\FSD50K.dev_audio\FSD50K_cough_stage1_only\63752.wav,False,selected_license_safe,recommended_random_audit,https://freesound.org/s/63752/,source WAV preserved; model preprocessing may resample to 16 kHz mono and extract features,"""20081118.bad.cough.wav"" by dobroide; Freesound ID 63752; CC-BY-3.0 (http://creativecommons.org/licenses/by/3.0/); accessed through FSD50K.",Cough|Respiratory_sounds,77486,88c7bc63b16f32e86e2244979321cf2526e2f0f6e497e7cf8db1d545674edb3d,44100,1,PCM_16,38704,0.8776417233560091,extracted_and_validated,,,1.0|1.0,2,0,0,0,pp_agreement
260907,260907,260907_seg_0,260907,FSD50K,,,False,manual_review_no_audible_cough,NO,False,explicit_no_notes_column,True,122,1,unknown,3,unknown,not_applicable_fsd50k,False,fsd50k_has_no_dry_wet_annotation,cough,val,C:\Users\Usuario\Desktop\UNI MARINA\master\TFM\FSD50K_DATA\FSD50K.dev_audio\FSD50K_cough_stage1_only\260907.wav,FSD50K_DATA/FSD50K.dev_audio/FSD50K_cough_stage1_only/260907.wav,8.986122448979591,0.0,8.986122448979591,"Cough,Respiratory_sounds","/m/01b_21,/m/09hlz4",erin_gremlin_coughs.mp3,jennerallydrawing,http://creativecommons.org/publicdomain/zero/1.0/,CC0-1.0,True,,,False,cough_with_expected_hierarchy_only,already_present,C:\Users\Usuario\Desktop\UNI MARINA\master\TFM\FSD50K_DATA\FSD50K.dev_audio\FSD50K_cough_stage1_only\260907.wav,False,selected_license_safe,recommended_random_audit,https://freesound.org/s/260907/,source WAV preserved; model preprocessing may resample to 16 kHz mono and extract features,"""erin_gremlin_coughs.mp3"" by jennerallydrawing; Freesound ID 260907; CC0-1.0 (http://creativecommons.org/publicdomain/zero/1.0/); accessed through FSD50K.",Cough|Respiratory_sounds,792654,90f6924fb1b82f20d8e56a0175c8dfa803bb6cf7dcd2819d92a00f2d4d62878e,44100,1,PCM_16,396288,8.986122448979591,extracted_and_validated,,no,1.0|0.5|0.5|0,1,2,1,0,positive_agreement_without_two_pp
19803,19803,19803_seg_0,19803,FSD50K,,,False,manual_review_no_audible_cough,NO,False,explicit_no_notes_column,True,123,1,unknown,3,unknown,not_applicable_fsd50k,False,fsd50k_has_no_dry_wet_annotation,cough,train,C:\Users\Usuario\Desktop\UNI MARINA\master\TFM\FSD50K_DATA\FSD50K.dev_audio\FSD50K_cough_stage1_only\19803.wav,FSD50K_DATA/FSD50K.dev_audio/FSD50K_cough_stage1_only/19803.wav,1.073968253968254,0.0,1.073968253968254,"Human_voice,Cough,Respiratory_sounds","/m/09l8g,/m/01b_21,/m/09hlz4",Cough11.wav,LG,http://creativecommons.org/licenses/by/3.0/,CC-BY-3.0,True,,,False,cough_with_expected_hierarchy_only,already_present,C:\Users\Usuario\Desktop\UNI MARINA\master\TFM\FSD50K_DATA\FSD50K.dev_audio\FSD50K_cough_stage1_only\19803.wav,False,selected_license_safe,recommended_random_audit,https://freesound.org/s/19803/,source WAV preserved; model preprocessing may resample to 16 kHz mono and extract features,"""Cough11.wav"" by LG; Freesound ID 19803; CC-BY-3.0 (http://creativecommons.org/licenses/by/3.0/); accessed through FSD50K.",Cough|Human_voice|Respiratory_sounds,94802,006780361ad210a94dc9dffd0417c305653b49553755e654daded9d4ba21c92f,44100,1,PCM_16,47362,1.073968253968254,extracted_and_validated,,no,1.0|1.0|0|-1,2,0,1,1,pp_agreement
95531,95531,95531_seg_0,95531,FSD50K,1,1,True,,SI,True,blank_means_yes_by_declared_protocol,True,124,1,unknown,3,unknown,not_applicable_fsd50k,False,fsd50k_has_no_dry_wet_annotation,cough,train,C:\Users\Usuario\Desktop\UNI MARINA\master\TFM\FSD50K_DATA\FSD50K.dev_audio\FSD50K_cough_stage1_only\95531.wav,FSD50K_DATA/FSD50K.dev_audio/FSD50K_cough_stage1_only/95531.wav,14.629024943310656,0.0,14.629024943310656,"Cough,Respiratory_sounds","/m/01b_21,/m/09hlz4",20100421.coughing.02.wav,dobroide,http://creativecommons.org/licenses/by/3.0/,CC-BY-3.0,True,,,False,cough_with_expected_hierarchy_only,already_present,C:\Users\Usuario\Desktop\UNI MARINA\master\TFM\FSD50K_DATA\FSD50K.dev_audio\FSD50K_cough_stage1_only\95531.wav,False,selected_license_safe,recommended_random_audit,https://freesound.org/s/95531/,source WAV preserved; model preprocessing may resample to 16 kHz mono and extract features,"""20100421.coughing.02.wav"" by dobroide; Freesound ID 95531; CC-BY-3.0 (http://creativecommons.org/licenses/by/3.0/); accessed through FSD50K.",Cough|Respiratory_sounds,1290358,5761e736b493081483ccf811bb5cbd1f0820eddf8b1dafac2b6891893972b974,44100,1,PCM_16,645140,14.629024943310656,extracted_and_validated,,,1.0|0.5|0.5,1,2,0,0,positive_agreement_without_two_pp
254467,254467,254467_seg_0,254467,FSD50K,1,1,True,,SI,True,blank_means_yes_by_declared_protocol,True,125,1,unknown,3,unknown,not_applicable_fsd50k,False,fsd50k_has_no_dry_wet_annotation,cough,train,C:\Users\Usuario\Desktop\UNI MARINA\master\TFM\FSD50K_DATA\FSD50K.dev_audio\FSD50K_cough_stage1_only\254467.wav,FSD50K_DATA/FSD50K.dev_audio/FSD50K_cough_stage1_only/254467.wav,2.3803628117913838,0.0,2.3803628117913838,"Cough,Respiratory_sounds","/m/01b_21,/m/09hlz4",marvie_cough1.flac,wjoojoo,http://creativecommons.org/licenses/by/3.0/,CC-BY-3.0,True,,,False,cough_with_expected_hierarchy_only,already_present,C:\Users\Usuario\Desktop\UNI MARINA\master\TFM\FSD50K_DATA\FSD50K.dev_audio\FSD50K_cough_stage1_only\254467.wav,False,selected_license_safe,recommended_random_audit,https://freesound.org/s/254467/,source WAV preserved; model preprocessing may resample to 16 kHz mono and extract features,"""marvie_cough1.flac"" by wjoojoo; Freesound ID 254467; CC-BY-3.0 (http://creativecommons.org/licenses/by/3.0/); accessed through FSD50K.",Cough|Respiratory_sounds,210026,df2cbe8484768741d1a1ddef4bccf28628e60af84a7c146218ddf8fa8455c9c2,44100,1,PCM_16,104974,2.3803628117913838,extracted_and_validated,,,1.0|1.0,2,0,0,0,pp_agreement
432095,432095,432095_seg_0,432095,FSD50K,,,False,manual_review_no_audible_cough,NO,False,explicit_no_notes_column,True,126,1,unknown,3,unknown,not_applicable_fsd50k,False,fsd50k_has_no_dry_wet_annotation,cough,val,C:\Users\Usuario\Desktop\UNI MARINA\master\TFM\FSD50K_DATA\FSD50K.dev_audio\FSD50K_cough_stage1_only\432095.wav,FSD50K_DATA/FSD50K.dev_audio/FSD50K_cough_stage1_only/432095.wav,0.4992290249433107,0.0,0.4992290249433107,"Cough,Respiratory_sounds","/m/01b_21,/m/09hlz4",Clearing Throat,jasper_sounds,http://creativecommons.org/publicdomain/zero/1.0/,CC0-1.0,True,,,False,cough_with_expected_hierarchy_only,already_present,C:\Users\Usuario\Desktop\UNI MARINA\master\TFM\FSD50K_DATA\FSD50K.dev_audio\FSD50K_cough_stage1_only\432095.wav,False,selected_license_safe,recommended_random_audit,https://freesound.org/s/432095/,source WAV preserved; model preprocessing may resample to 16 kHz mono and extract features,"""Clearing Throat"" by jasper_sounds; Freesound ID 432095; CC0-1.0 (http://creativecommons.org/publicdomain/zero/1.0/); accessed through FSD50K.",Cough|Respiratory_sounds,44110,a7eed352406aa35fa7e8e95600f92bc113c60f559e091908a31cc3b40616f841,44100,1,PCM_16,22016,0.4992290249433107,extracted_and_validated,,no,,0,0,0,0,missing
195771,195771,195771_seg_0,195771,FSD50K,1,1,True,,SI,True,blank_means_yes_by_declared_protocol,True,127,1,unknown,3,unknown,not_applicable_fsd50k,False,fsd50k_has_no_dry_wet_annotation,cough,train,C:\Users\Usuario\Desktop\UNI MARINA\master\TFM\FSD50K_DATA\FSD50K.dev_audio\FSD50K_cough_stage1_only\195771.wav,FSD50K_DATA/FSD50K.dev_audio/FSD50K_cough_stage1_only/195771.wav,1.4707709750566893,0.0,1.4707709750566893,"Cough,Respiratory_sounds","/m/01b_21,/m/09hlz4",Cough (One Shot),xDimebagx,http://creativecommons.org/licenses/by/3.0/,CC-BY-3.0,True,,,False,cough_with_expected_hierarchy_only,already_present,C:\Users\Usuario\Desktop\UNI MARINA\master\TFM\FSD50K_DATA\FSD50K.dev_audio\FSD50K_cough_stage1_only\195771.wav,False,selected_license_safe,recommended_random_audit,https://freesound.org/s/195771/,source WAV preserved; model preprocessing may resample to 16 kHz mono and extract features,"""Cough (One Shot)"" by xDimebagx; Freesound ID 195771; CC-BY-3.0 (http://creativecommons.org/licenses/by/3.0/); accessed through FSD50K.",Cough|Respiratory_sounds,129800,6b18d8af96e750f2b2acfb67f012ed32c8984565efe824f8863d5d99e78e90a0,44100,1,PCM_16,64861,1.4707709750566893,extracted_and_validated,,,1.0|1.0,2,0,0,0,pp_agreement
334051,334051,334051_seg_0,334051,FSD50K,1,1,True,,SI,True,blank_means_yes_by_declared_protocol,True,128,1,unknown,3,unknown,not_applicable_fsd50k,False,fsd50k_has_no_dry_wet_annotation,cough,train,C:\Users\Usuario\Desktop\UNI MARINA\master\TFM\FSD50K_DATA\FSD50K.dev_audio\FSD50K_cough_stage1_only\334051.wav,FSD50K_DATA/FSD50K.dev_audio/FSD50K_cough_stage1_only/334051.wav,1.9814739229024945,0.0,1.9814739229024945,"Human_voice,Cough,Respiratory_sounds","/m/09l8g,/m/01b_21,/m/09hlz4",Cough.mp3,LittleRainySeasons,http://creativecommons.org/licenses/by/3.0/,CC-BY-3.0,True,,,False,cough_with_expected_hierarchy_only,already_present,C:\Users\Usuario\Desktop\UNI MARINA\master\TFM\FSD50K_DATA\FSD50K.dev_audio\FSD50K_cough_stage1_only\334051.wav,False,selected_license_safe,recommended_random_audit,https://freesound.org/s/334051/,source WAV preserved; model preprocessing may resample to 16 kHz mono and extract features,"""Cough.mp3"" by LittleRainySeasons; Freesound ID 334051; CC-BY-3.0 (http://creativecommons.org/licenses/by/3.0/); accessed through FSD50K.",Cough|Human_voice|Respiratory_sounds,174844,5d1022f686326a051dfc57d09cbcb8430b6b76d83fdc5141a23fbb57349b9ba6,44100,1,PCM_16,87383,1.9814739229024945,extracted_and_validated,,,1.0|1.0,2,0,0,0,pp_agreement
180042,180042,180042_seg_0,180042,FSD50K,1,1,True,,SI,True,blank_means_yes_by_declared_protocol,True,129,1,unknown,3,unknown,not_applicable_fsd50k,False,fsd50k_has_no_dry_wet_annotation,cough,train,C:\Users\Usuario\Desktop\UNI MARINA\master\TFM\FSD50K_DATA\FSD50K.dev_audio\FSD50K_cough_stage1_only\180042.wav,FSD50K_DATA/FSD50K.dev_audio/FSD50K_cough_stage1_only/180042.wav,22.33868480725624,0.0,22.33868480725624,"Cough,Respiratory_sounds","/m/01b_21,/m/09hlz4",Sickness 01:  cough,unfa,http://creativecommons.org/licenses/by/3.0/,CC-BY-3.0,True,,,False,cough_with_expected_hierarchy_only,already_present,C:\Users\Usuario\Desktop\UNI MARINA\master\TFM\FSD50K_DATA\FSD50K.dev_audio\FSD50K_cough_stage1_only\180042.wav,False,selected_license_safe,recommended_random_audit,https://freesound.org/s/180042/,source WAV preserved; model preprocessing may resample to 16 kHz mono and extract features,"""Sickness 01:  cough"" by unfa; Freesound ID 180042; CC-BY-3.0 (http://creativecommons.org/licenses/by/3.0/); accessed through FSD50K.",Cough|Respiratory_sounds,1970350,3ef32e80e46b800831b6f9df589c8012565034828d9e47182a05c799c3a1a8b6,44100,1,PCM_16,985136,22.33868480725624,extracted_and_validated,,,1.0|1.0,2,0,0,0,pp_agreement
353669,353669,353669_seg_0,353669,FSD50K,1,1,True,,SI,True,blank_means_yes_by_declared_protocol,True,130,1,unknown,3,unknown,not_applicable_fsd50k,False,fsd50k_has_no_dry_wet_annotation,cough,val,C:\Users\Usuario\Desktop\UNI MARINA\master\TFM\FSD50K_DATA\FSD50K.dev_audio\FSD50K_cough_stage1_only\353669.wav,FSD50K_DATA/FSD50K.dev_audio/FSD50K_cough_stage1_only/353669.wav,1.3061224489795915,0.0,1.3061224489795915,"Cough,Respiratory_sounds","/m/01b_21,/m/09hlz4",Realistic Cough,ReyhanAF,http://creativecommons.org/publicdomain/zero/1.0/,CC0-1.0,True,,,False,cough_with_expected_hierarchy_only,already_present,C:\Users\Usuario\Desktop\UNI MARINA\master\TFM\FSD50K_DATA\FSD50K.dev_audio\FSD50K_cough_stage1_only\353669.wav,False,selected_license_safe,recommended_random_audit,https://freesound.org/s/353669/,source WAV preserved; model preprocessing may resample to 16 kHz mono and extract features,"""Realistic Cough"" by ReyhanAF; Freesound ID 353669; CC0-1.0 (http://creativecommons.org/publicdomain/zero/1.0/); accessed through FSD50K.",Cough|Respiratory_sounds,115278,4c207e421be8ad2a54ac449ab634287ac09705ab2b23f9e3e5eac1c19e5ff2b2,44100,1,PCM_16,57600,1.3061224489795915,extracted_and_validated,,,1.0|1.0,2,0,0,0,pp_agreement
323510,323510,323510_seg_0,323510,FSD50K,,,False,manual_review_no_audible_cough,NO,False,explicit_no_notes_column,True,131,1,unknown,3,unknown,not_applicable_fsd50k,False,fsd50k_has_no_dry_wet_annotation,cough,train,C:\Users\Usuario\Desktop\UNI MARINA\master\TFM\FSD50K_DATA\FSD50K.dev_audio\FSD50K_cough_stage1_only\323510.wav,FSD50K_DATA/FSD50K.dev_audio/FSD50K_cough_stage1_only/323510.wav,1.1377777777777778,0.0,1.1377777777777778,"Cough,Respiratory_sounds","/m/01b_21,/m/09hlz4",clearing throat,yugi16dm,http://creativecommons.org/publicdomain/zero/1.0/,CC0-1.0,True,,,False,cough_with_expected_hierarchy_only,already_present,C:\Users\Usuario\Desktop\UNI MARINA\master\TFM\FSD50K_DATA\FSD50K.dev_audio\FSD50K_cough_stage1_only\323510.wav,False,selected_license_safe,recommended_random_audit,https://freesound.org/s/323510/,source WAV preserved; model preprocessing may resample to 16 kHz mono and extract features,"""clearing throat"" by yugi16dm; Freesound ID 323510; CC0-1.0 (http://creativecommons.org/publicdomain/zero/1.0/); accessed through FSD50K.",Cough|Respiratory_sounds,100430,a31d2cd5a99796d587bd459a39ac1cb66de79e2fa782b7bdcd0fef76db69b363,44100,1,PCM_16,50176,1.1377777777777778,extracted_and_validated,,no,,0,0,0,0,missing
386527,386527,386527_seg_0,386527,FSD50K,,,False,manual_review_no_audible_cough,NO,False,explicit_no_notes_column,True,132,1,unknown,3,unknown,not_applicable_fsd50k,False,fsd50k_has_no_dry_wet_annotation,cough,train,C:\Users\Usuario\Desktop\UNI MARINA\master\TFM\FSD50K_DATA\FSD50K.dev_audio\FSD50K_cough_stage1_only\386527.wav,FSD50K_DATA/FSD50K.dev_audio/FSD50K_cough_stage1_only/386527.wav,1.8410884353741497,0.0,1.8410884353741497,"Cough,Respiratory_sounds","/m/01b_21,/m/09hlz4",clearing_throat.wav,GlennM,http://creativecommons.org/licenses/by/3.0/,CC-BY-3.0,True,,,False,cough_with_expected_hierarchy_only,already_present,C:\Users\Usuario\Desktop\UNI MARINA\master\TFM\FSD50K_DATA\FSD50K.dev_audio\FSD50K_cough_stage1_only\386527.wav,False,selected_license_safe,recommended_random_audit,https://freesound.org/s/386527/,source WAV preserved; model preprocessing may resample to 16 kHz mono and extract features,"""clearing_throat.wav"" by GlennM; Freesound ID 386527; CC-BY-3.0 (http://creativecommons.org/licenses/by/3.0/); accessed through FSD50K.",Cough|Respiratory_sounds,162462,9194c158692f1cdb3516438f1e7e735f9038aa635f8793fa8ed4c5dd90ae5f9a,44100,1,PCM_16,81192,1.8410884353741497,extracted_and_validated,,no,,0,0,0,0,missing
19804,19804,19804_seg_0,19804,FSD50K,1,1,True,,SI,True,blank_means_yes_by_declared_protocol,True,133,1,unknown,3,unknown,not_applicable_fsd50k,False,fsd50k_has_no_dry_wet_annotation,cough,train,C:\Users\Usuario\Desktop\UNI MARINA\master\TFM\FSD50K_DATA\FSD50K.dev_audio\FSD50K_cough_stage1_only\19804.wav,FSD50K_DATA/FSD50K.dev_audio/FSD50K_cough_stage1_only/19804.wav,0.6498185941043084,0.0,0.6498185941043084,"Cough,Respiratory_sounds","/m/01b_21,/m/09hlz4",Cough12.wav,LG,http://creativecommons.org/licenses/by/3.0/,CC-BY-3.0,True,,,False,cough_with_expected_hierarchy_only,already_present,C:\Users\Usuario\Desktop\UNI MARINA\master\TFM\FSD50K_DATA\FSD50K.dev_audio\FSD50K_cough_stage1_only\19804.wav,False,selected_license_safe,recommended_random_audit,https://freesound.org/s/19804/,source WAV preserved; model preprocessing may resample to 16 kHz mono and extract features,"""Cough12.wav"" by LG; Freesound ID 19804; CC-BY-3.0 (http://creativecommons.org/licenses/by/3.0/); accessed through FSD50K.",Cough|Respiratory_sounds,57392,d20c763df7239f7bb3344d622cf9df11cc36ef8748353b3d0e111f8fb469f29f,44100,1,PCM_16,28657,0.6498185941043084,extracted_and_validated,,,1.0|1.0,2,0,0,0,pp_agreement
19122,19122,19122_seg_0,19122,FSD50K,,,False,manual_review_no_audible_cough,NO,False,explicit_no_notes_column,True,134,1,unknown,3,unknown,not_applicable_fsd50k,False,fsd50k_has_no_dry_wet_annotation,cough,train,C:\Users\Usuario\Desktop\UNI MARINA\master\TFM\FSD50K_DATA\FSD50K.dev_audio\FSD50K_cough_stage1_only\19122.wav,FSD50K_DATA/FSD50K.dev_audio/FSD50K_cough_stage1_only/19122.wav,0.6136054421768707,0.0,0.6136054421768707,"Cough,Respiratory_sounds","/m/01b_21,/m/09hlz4",cough7.aiff,Fratz,http://creativecommons.org/licenses/by/3.0/,CC-BY-3.0,True,,,False,cough_with_expected_hierarchy_only,already_present,C:\Users\Usuario\Desktop\UNI MARINA\master\TFM\FSD50K_DATA\FSD50K.dev_audio\FSD50K_cough_stage1_only\19122.wav,False,selected_license_safe,recommended_random_audit,https://freesound.org/s/19122/,source WAV preserved; model preprocessing may resample to 16 kHz mono and extract features,"""cough7.aiff"" by Fratz; Freesound ID 19122; CC-BY-3.0 (http://creativecommons.org/licenses/by/3.0/); accessed through FSD50K.",Cough|Respiratory_sounds,54198,a6016b0d0b4acbadef1d7c9fa02478d1b40b1d1f776f9d5d8b1c2be765c49cb0,44100,1,PCM_16,27060,0.6136054421768707,extracted_and_validated,,no,1.0|1.0,2,0,0,0,pp_agreement
252231,252231,252231_seg_0,252231,FSD50K,,,False,manual_review_no_audible_cough,NO,False,explicit_no_notes_column,True,135,1,unknown,3,unknown,not_applicable_fsd50k,False,fsd50k_has_no_dry_wet_annotation,cough,train,C:\Users\Usuario\Desktop\UNI MARINA\master\TFM\FSD50K_DATA\FSD50K.dev_audio\FSD50K_cough_stage1_only\252231.wav,FSD50K_DATA/FSD50K.dev_audio/FSD50K_cough_stage1_only/252231.wav,0.3366893424036281,0.0,0.3366893424036281,"Cough,Respiratory_sounds","/m/01b_21,/m/09hlz4",rough grunt.wav,Reitanna,http://creativecommons.org/publicdomain/zero/1.0/,CC0-1.0,True,,,False,cough_with_expected_hierarchy_only,already_present,C:\Users\Usuario\Desktop\UNI MARINA\master\TFM\FSD50K_DATA\FSD50K.dev_audio\FSD50K_cough_stage1_only\252231.wav,False,selected_license_safe,recommended_random_audit,https://freesound.org/s/252231/,source WAV preserved; model preprocessing may resample to 16 kHz mono and extract features,"""rough grunt.wav"" by Reitanna; Freesound ID 252231; CC0-1.0 (http://creativecommons.org/publicdomain/zero/1.0/); accessed through FSD50K.",Cough|Respiratory_sounds,29774,5f9f389f7f82a3c7db922193015ca04b0801fcec400d0610bb5a8b410974477c,44100,1,PCM_16,14848,0.3366893424036281,extracted_and_validated,,no,1.0|1.0|0|-1,2,0,1,1,pp_agreement
432377,432377,432377_seg_0,432377,FSD50K,1,1,True,,SI,True,blank_means_yes_by_declared_protocol,True,136,1,unknown,3,unknown,not_applicable_fsd50k,False,fsd50k_has_no_dry_wet_annotation,cough,val,C:\Users\Usuario\Desktop\UNI MARINA\master\TFM\FSD50K_DATA\FSD50K.dev_audio\FSD50K_cough_stage1_only\432377.wav,FSD50K_DATA/FSD50K.dev_audio/FSD50K_cough_stage1_only/432377.wav,18.06086167800453,0.0,18.06086167800453,"Cough,Respiratory_sounds","/m/01b_21,/m/09hlz4",CoughingFit.wav,Sam54123,http://creativecommons.org/publicdomain/zero/1.0/,CC0-1.0,True,,,False,cough_with_expected_hierarchy_only,already_present,C:\Users\Usuario\Desktop\UNI MARINA\master\TFM\FSD50K_DATA\FSD50K.dev_audio\FSD50K_cough_stage1_only\432377.wav,False,selected_license_safe,recommended_random_audit,https://freesound.org/s/432377/,source WAV preserved; model preprocessing may resample to 16 kHz mono and extract features,"""CoughingFit.wav"" by Sam54123; Freesound ID 432377; CC0-1.0 (http://creativecommons.org/publicdomain/zero/1.0/); accessed through FSD50K.",Cough|Respiratory_sounds,1593046,f4260e6af45ca6fba9bc58f2e3e0250347c54bee044adcc1b0ad0285d7d9164b,44100,1,PCM_16,796484,18.06086167800453,extracted_and_validated,,,1.0|1.0,2,0,0,0,pp_agreement
336529,336529,336529_seg_0,336529,FSD50K,1,1,True,,SI,True,blank_means_yes_by_declared_protocol,True,137,1,unknown,3,unknown,not_applicable_fsd50k,False,fsd50k_has_no_dry_wet_annotation,cough,train,C:\Users\Usuario\Desktop\UNI MARINA\master\TFM\FSD50K_DATA\FSD50K.dev_audio\FSD50K_cough_stage1_only\336529.wav,FSD50K_DATA/FSD50K.dev_audio/FSD50K_cough_stage1_only/336529.wav,8.999229024943311,0.0,8.999229024943311,"Cough,Respiratory_sounds","/m/01b_21,/m/09hlz4",Cough,chrillz3r,http://creativecommons.org/publicdomain/zero/1.0/,CC0-1.0,True,,,False,cough_with_expected_hierarchy_only,already_present,C:\Users\Usuario\Desktop\UNI MARINA\master\TFM\FSD50K_DATA\FSD50K.dev_audio\FSD50K_cough_stage1_only\336529.wav,False,selected_license_safe,recommended_random_audit,https://freesound.org/s/336529/,source WAV preserved; model preprocessing may resample to 16 kHz mono and extract features,"""Cough"" by chrillz3r; Freesound ID 336529; CC0-1.0 (http://creativecommons.org/publicdomain/zero/1.0/); accessed through FSD50K.",Cough|Respiratory_sounds,793810,668d5a7b6be09abd4b2c3cae04c89524a62cf751b864173d3da76a2cd5aeca5b,44100,1,PCM_16,396866,8.999229024943311,extracted_and_validated,,,1.0|1.0,2,0,0,0,pp_agreement
432266,432266,432266_seg_0,432266,FSD50K,,,False,manual_review_no_audible_cough,NO,False,explicit_no_notes_column,True,138,1,unknown,3,unknown,not_applicable_fsd50k,False,fsd50k_has_no_dry_wet_annotation,cough,train,C:\Users\Usuario\Desktop\UNI MARINA\master\TFM\FSD50K_DATA\FSD50K.dev_audio\FSD50K_cough_stage1_only\432266.wav,FSD50K_DATA/FSD50K.dev_audio/FSD50K_cough_stage1_only/432266.wav,2.3853514739229027,0.0,2.3853514739229027,"Cough,Respiratory_sounds","/m/01b_21,/m/09hlz4",MONO-013.wav,DEYIL,http://creativecommons.org/publicdomain/zero/1.0/,CC0-1.0,True,,,False,cough_with_expected_hierarchy_only,already_present,C:\Users\Usuario\Desktop\UNI MARINA\master\TFM\FSD50K_DATA\FSD50K.dev_audio\FSD50K_cough_stage1_only\432266.wav,False,selected_license_safe,recommended_random_audit,https://freesound.org/s/432266/,source WAV preserved; model preprocessing may resample to 16 kHz mono and extract features,"""MONO-013.wav"" by DEYIL; Freesound ID 432266; CC0-1.0 (http://creativecommons.org/publicdomain/zero/1.0/); accessed through FSD50K.",Cough|Respiratory_sounds,210466,1e87898ff162bb1c6cc35abdfe5ac510e56909da7657be70d23a37b1ff03d4c9,44100,1,PCM_16,105194,2.3853514739229027,extracted_and_validated,,no,1.0|1.0,2,0,0,0,pp_agreement
426271,426271,426271_seg_0,426271,FSD50K,1,1,True,,SI,True,blank_means_yes_by_declared_protocol,True,139,1,unknown,3,unknown,not_applicable_fsd50k,False,fsd50k_has_no_dry_wet_annotation,cough,train,C:\Users\Usuario\Desktop\UNI MARINA\master\TFM\FSD50K_DATA\FSD50K.dev_audio\FSD50K_cough_stage1_only\426271.wav,FSD50K_DATA/FSD50K.dev_audio/FSD50K_cough_stage1_only/426271.wav,2.947482993197279,0.0,2.947482993197279,"Cough,Respiratory_sounds","/m/01b_21,/m/09hlz4",cough_female.m4a,Clurky,http://creativecommons.org/publicdomain/zero/1.0/,CC0-1.0,True,,,False,cough_with_expected_hierarchy_only,already_present,C:\Users\Usuario\Desktop\UNI MARINA\master\TFM\FSD50K_DATA\FSD50K.dev_audio\FSD50K_cough_stage1_only\426271.wav,False,selected_license_safe,recommended_random_audit,https://freesound.org/s/426271/,source WAV preserved; model preprocessing may resample to 16 kHz mono and extract features,"""cough_female.m4a"" by Clurky; Freesound ID 426271; CC0-1.0 (http://creativecommons.org/publicdomain/zero/1.0/); accessed through FSD50K.",Cough|Respiratory_sounds,260046,9341ae2820d3bc45d7491f7ee46d37d08601c016a0642774bb1c9e2358e1a805,44100,1,PCM_16,129984,2.947482993197279,extracted_and_validated,,,1.0|1.0,2,0,0,0,pp_agreement
341086,341086,341086_seg_0,341086,FSD50K,1,1,True,,SI,True,blank_means_yes_by_declared_protocol,True,140,1,unknown,3,unknown,not_applicable_fsd50k,False,fsd50k_has_no_dry_wet_annotation,cough,train,C:\Users\Usuario\Desktop\UNI MARINA\master\TFM\FSD50K_DATA\FSD50K.dev_audio\FSD50K_cough_stage1_only\341086.wav,FSD50K_DATA/FSD50K.dev_audio/FSD50K_cough_stage1_only/341086.wav,1.0686621315192744,0.0,1.0686621315192744,"Cough,Respiratory_sounds","/m/01b_21,/m/09hlz4",Unprocessed_Cough_Rode_NT2000.flac,cabled_mess,http://creativecommons.org/publicdomain/zero/1.0/,CC0-1.0,True,,,False,cough_with_expected_hierarchy_only,already_present,C:\Users\Usuario\Desktop\UNI MARINA\master\TFM\FSD50K_DATA\FSD50K.dev_audio\FSD50K_cough_stage1_only\341086.wav,False,selected_license_safe,recommended_random_audit,https://freesound.org/s/341086/,source WAV preserved; model preprocessing may resample to 16 kHz mono and extract features,"""Unprocessed_Cough_Rode_NT2000.flac"" by cabled_mess; Freesound ID 341086; CC0-1.0 (http://creativecommons.org/publicdomain/zero/1.0/); accessed through FSD50K.",Cough|Respiratory_sounds,94334,762225ea375bec7dc6072497760e6c1f5a33ebe1e6edc0a1d838f7f6950d1d55,44100,1,PCM_16,47128,1.0686621315192744,extracted_and_validated,,,1.0|1.0,2,0,0,0,pp_agreement
69491,69491,69491_seg_0,69491,FSD50K,,,False,manual_review_no_audible_cough,NO,False,explicit_no_notes_column,True,141,1,unknown,3,unknown,not_applicable_fsd50k,False,fsd50k_has_no_dry_wet_annotation,cough,val,C:\Users\Usuario\Desktop\UNI MARINA\master\TFM\FSD50K_DATA\FSD50K.dev_audio\FSD50K_cough_stage1_only\69491.wav,FSD50K_DATA/FSD50K.dev_audio/FSD50K_cough_stage1_only/69491.wav,15.43750566893424,0.0,15.43750566893424,"Cough,Respiratory_sounds","/m/01b_21,/m/09hlz4",Vocoded'n'b-Papa xXD.wav,szuhogyisziszi,http://creativecommons.org/publicdomain/zero/1.0/,CC0-1.0,True,,,False,cough_with_expected_hierarchy_only,already_present,C:\Users\Usuario\Desktop\UNI MARINA\master\TFM\FSD50K_DATA\FSD50K.dev_audio\FSD50K_cough_stage1_only\69491.wav,False,selected_license_safe,recommended_random_audit,https://freesound.org/s/69491/,source WAV preserved; model preprocessing may resample to 16 kHz mono and extract features,"""Vocoded'n'b-Papa xXD.wav"" by szuhogyisziszi; Freesound ID 69491; CC0-1.0 (http://creativecommons.org/publicdomain/zero/1.0/); accessed through FSD50K.",Cough|Respiratory_sounds,1361666,3e6658ff28baf2ba47a67fbaa616058cc35ecdbb33ceb63a538d61aa024a2b40,44100,1,PCM_16,680794,15.43750566893424,extracted_and_validated,,no,0.5|0.5|-1,0,2,0,1,positive_agreement_without_two_pp
32169,32169,32169_seg_0,32169,FSD50K,1,1,True,,SI,True,blank_means_yes_by_declared_protocol,True,142,1,unknown,3,unknown,not_applicable_fsd50k,False,fsd50k_has_no_dry_wet_annotation,cough,train,C:\Users\Usuario\Desktop\UNI MARINA\master\TFM\FSD50K_DATA\FSD50K.dev_audio\FSD50K_cough_stage1_only\32169.wav,FSD50K_DATA/FSD50K.dev_audio/FSD50K_cough_stage1_only/32169.wav,14.106122448979592,0.0,14.106122448979592,"Cough,Respiratory_sounds","/m/01b_21,/m/09hlz4",tobacco_cough.wav,FreqMan,http://creativecommons.org/licenses/by/3.0/,CC-BY-3.0,True,,,False,cough_with_expected_hierarchy_only,already_present,C:\Users\Usuario\Desktop\UNI MARINA\master\TFM\FSD50K_DATA\FSD50K.dev_audio\FSD50K_cough_stage1_only\32169.wav,False,selected_license_safe,recommended_random_audit,https://freesound.org/s/32169/,source WAV preserved; model preprocessing may resample to 16 kHz mono and extract features,"""tobacco_cough.wav"" by FreqMan; Freesound ID 32169; CC-BY-3.0 (http://creativecommons.org/licenses/by/3.0/); accessed through FSD50K.",Cough|Respiratory_sounds,1244238,1b7977a46ccf8f1cb9febf7dfb7a70f443d3cc351f72fc1230ed7d9e194a0b05,44100,1,PCM_16,622080,14.106122448979592,extracted_and_validated,,,0.5|0.5,0,2,0,0,positive_agreement_without_two_pp
91974,91974,91974_seg_0,91974,FSD50K,,,False,manual_review_no_audible_cough,NO,False,explicit_no_notes_column,True,143,1,unknown,3,unknown,not_applicable_fsd50k,False,fsd50k_has_no_dry_wet_annotation,cough,val,C:\Users\Usuario\Desktop\UNI MARINA\master\TFM\FSD50K_DATA\FSD50K.dev_audio\FSD50K_cough_stage1_only\91974.wav,FSD50K_DATA/FSD50K.dev_audio/FSD50K_cough_stage1_only/91974.wav,1.8017913832199544,0.0,1.8017913832199544,"Cough,Respiratory_sounds","/m/01b_21,/m/09hlz4",cleaningthroat.WAV,ladoscuro,http://creativecommons.org/publicdomain/zero/1.0/,CC0-1.0,True,,,False,cough_with_expected_hierarchy_only,already_present,C:\Users\Usuario\Desktop\UNI MARINA\master\TFM\FSD50K_DATA\FSD50K.dev_audio\FSD50K_cough_stage1_only\91974.wav,False,selected_license_safe,recommended_random_audit,https://freesound.org/s/91974/,source WAV preserved; model preprocessing may resample to 16 kHz mono and extract features,"""cleaningthroat.WAV"" by ladoscuro; Freesound ID 91974; CC0-1.0 (http://creativecommons.org/publicdomain/zero/1.0/); accessed through FSD50K.",Cough|Respiratory_sounds,158996,a7d5968d04fd4ff58f7d4f2587fcde9036043d4cf2d002cfdeb8c5b63874e395,44100,1,PCM_16,79459,1.8017913832199544,extracted_and_validated,,no,,0,0,0,0,missing
210431,210431,210431_seg_0,210431,FSD50K,,,False,manual_review_no_audible_cough,NO,False,explicit_no_notes_column,True,144,1,unknown,3,unknown,not_applicable_fsd50k,False,fsd50k_has_no_dry_wet_annotation,cough,train,C:\Users\Usuario\Desktop\UNI MARINA\master\TFM\FSD50K_DATA\FSD50K.dev_audio\FSD50K_cough_stage1_only\210431.wav,FSD50K_DATA/FSD50K.dev_audio/FSD50K_cough_stage1_only/210431.wav,17.637913832199548,0.0,17.637913832199548,"Cough,Respiratory_sounds","/m/01b_21,/m/09hlz4",Hem & Throat-Clearing,qubodup,http://creativecommons.org/licenses/by/3.0/,CC-BY-3.0,True,,,False,cough_with_expected_hierarchy_only,already_present,C:\Users\Usuario\Desktop\UNI MARINA\master\TFM\FSD50K_DATA\FSD50K.dev_audio\FSD50K_cough_stage1_only\210431.wav,False,selected_license_safe,recommended_random_audit,https://freesound.org/s/210431/,source WAV preserved; model preprocessing may resample to 16 kHz mono and extract features,"""Hem & Throat-Clearing"" by qubodup; Freesound ID 210431; CC-BY-3.0 (http://creativecommons.org/licenses/by/3.0/); accessed through FSD50K.",Cough|Respiratory_sounds,1555742,fa358c72a854bbb0ed2240a7df89d4d0520d9e4a0d42559566f1061e098bad26,44100,1,PCM_16,777832,17.637913832199548,extracted_and_validated,,no,1.0|1.0,2,0,0,0,pp_agreement
142603,142603,142603_seg_0,142603,FSD50K,1,1,True,,SI,True,blank_means_yes_by_declared_protocol,True,145,1,unknown,3,unknown,not_applicable_fsd50k,False,fsd50k_has_no_dry_wet_annotation,cough,train,C:\Users\Usuario\Desktop\UNI MARINA\master\TFM\FSD50K_DATA\FSD50K.dev_audio\FSD50K_cough_stage1_only\142603.wav,FSD50K_DATA/FSD50K.dev_audio/FSD50K_cough_stage1_only/142603.wav,2.352018140589569,0.0,2.352018140589569,"Cough,Respiratory_sounds","/m/01b_21,/m/09hlz4",cough2.mp3,loisgwenllian,http://creativecommons.org/publicdomain/zero/1.0/,CC0-1.0,True,,,False,cough_with_expected_hierarchy_only,already_present,C:\Users\Usuario\Desktop\UNI MARINA\master\TFM\FSD50K_DATA\FSD50K.dev_audio\FSD50K_cough_stage1_only\142603.wav,False,selected_license_safe,recommended_random_audit,https://freesound.org/s/142603/,source WAV preserved; model preprocessing may resample to 16 kHz mono and extract features,"""cough2.mp3"" by loisgwenllian; Freesound ID 142603; CC0-1.0 (http://creativecommons.org/publicdomain/zero/1.0/); accessed through FSD50K.",Cough|Respiratory_sounds,207526,127b3c4eb813bbb4a37c9d281c70148b1699c04ec0ad4e706a1e8b23d34c4107,44100,1,PCM_16,103724,2.352018140589569,extracted_and_validated,,,1.0|1.0,2,0,0,0,pp_agreement
389289,389289,389289_seg_0,389289,FSD50K,1,1,True,,SI,True,blank_means_yes_by_declared_protocol,True,146,1,unknown,3,unknown,not_applicable_fsd50k,False,fsd50k_has_no_dry_wet_annotation,cough,train,C:\Users\Usuario\Desktop\UNI MARINA\master\TFM\FSD50K_DATA\FSD50K.dev_audio\FSD50K_cough_stage1_only\389289.wav,FSD50K_DATA/FSD50K.dev_audio/FSD50K_cough_stage1_only/389289.wav,1.28,0.0,1.28,"Cough,Respiratory_sounds","/m/01b_21,/m/09hlz4",Tos_Sound_WET.wav,ThemaggotR,http://creativecommons.org/licenses/by/3.0/,CC-BY-3.0,True,,,False,cough_with_expected_hierarchy_only,already_present,C:\Users\Usuario\Desktop\UNI MARINA\master\TFM\FSD50K_DATA\FSD50K.dev_audio\FSD50K_cough_stage1_only\389289.wav,False,selected_license_safe,recommended_random_audit,https://freesound.org/s/389289/,source WAV preserved; model preprocessing may resample to 16 kHz mono and extract features,"""Tos_Sound_WET.wav"" by ThemaggotR; Freesound ID 389289; CC-BY-3.0 (http://creativecommons.org/licenses/by/3.0/); accessed through FSD50K.",Cough|Respiratory_sounds,112974,e69fcb89777a20741f41ab81febcd48392fe168b71f3b32c99ed273525a8e2e8,44100,1,PCM_16,56448,1.28,extracted_and_validated,,,1.0|1.0,2,0,0,0,pp_agreement
433640,433640,433640_seg_0,433640,FSD50K,,,False,manual_review_no_audible_cough,NO,False,explicit_no_notes_column,True,147,1,unknown,3,unknown,not_applicable_fsd50k,False,fsd50k_has_no_dry_wet_annotation,cough,train,C:\Users\Usuario\Desktop\UNI MARINA\master\TFM\FSD50K_DATA\FSD50K.dev_audio\FSD50K_cough_stage1_only\433640.wav,FSD50K_DATA/FSD50K.dev_audio/FSD50K_cough_stage1_only/433640.wav,3.66875283446712,0.0,3.66875283446712,"Cough,Respiratory_sounds","/m/01b_21,/m/09hlz4",Cough slightly clear throat,dersuperanton,http://creativecommons.org/licenses/by/3.0/,CC-BY-3.0,True,,,False,cough_with_expected_hierarchy_only,already_present,C:\Users\Usuario\Desktop\UNI MARINA\master\TFM\FSD50K_DATA\FSD50K.dev_audio\FSD50K_cough_stage1_only\433640.wav,False,selected_license_safe,recommended_random_audit,https://freesound.org/s/433640/,source WAV preserved; model preprocessing may resample to 16 kHz mono and extract features,"""Cough slightly clear throat"" by dersuperanton; Freesound ID 433640; CC-BY-3.0 (http://creativecommons.org/licenses/by/3.0/); accessed through FSD50K.",Cough|Respiratory_sounds,323662,b140ff590361bc572902efe05779524232cb320f796f5442efd60fcd52859d95,44100,1,PCM_16,161792,3.66875283446712,extracted_and_validated,,no,1.0|1.0,2,0,0,0,pp_agreement
336672,336672,336672_seg_0,336672,FSD50K,,,False,manual_review_no_audible_cough,NO,False,explicit_no_notes_column,True,148,1,unknown,3,unknown,not_applicable_fsd50k,False,fsd50k_has_no_dry_wet_annotation,cough,val,C:\Users\Usuario\Desktop\UNI MARINA\master\TFM\FSD50K_DATA\FSD50K.dev_audio\FSD50K_cough_stage1_only\336672.wav,FSD50K_DATA/FSD50K.dev_audio/FSD50K_cough_stage1_only/336672.wav,7.047256235827664,0.0,7.047256235827664,"Cough,Respiratory_sounds","/m/01b_21,/m/09hlz4",throat_clear_female.wav,merrygreen,http://creativecommons.org/publicdomain/zero/1.0/,CC0-1.0,True,,,False,cough_with_expected_hierarchy_only,already_present,C:\Users\Usuario\Desktop\UNI MARINA\master\TFM\FSD50K_DATA\FSD50K.dev_audio\FSD50K_cough_stage1_only\336672.wav,False,selected_license_safe,recommended_random_audit,https://freesound.org/s/336672/,source WAV preserved; model preprocessing may resample to 16 kHz mono and extract features,"""throat_clear_female.wav"" by merrygreen; Freesound ID 336672; CC0-1.0 (http://creativecommons.org/publicdomain/zero/1.0/); accessed through FSD50K.",Cough|Respiratory_sounds,621646,3c3a81ccc2c5eb192790a53285d9200eaba140c7586e149844a652b8c6ee5a3a,44100,1,PCM_16,310784,7.047256235827664,extracted_and_validated,,no,,0,0,0,0,missing
148225,148225,148225_seg_0,148225,FSD50K,1,1,True,,SI,True,blank_means_yes_by_declared_protocol,True,149,1,unknown,3,unknown,not_applicable_fsd50k,False,fsd50k_has_no_dry_wet_annotation,cough,train,C:\Users\Usuario\Desktop\UNI MARINA\master\TFM\FSD50K_DATA\FSD50K.dev_audio\FSD50K_cough_stage1_only\148225.wav,FSD50K_DATA/FSD50K.dev_audio/FSD50K_cough_stage1_only/148225.wav,0.9046938775510204,0.0,0.9046938775510204,"Human_voice,Cough,Respiratory_sounds","/m/09l8g,/m/01b_21,/m/09hlz4",cough1.flac,skxr,http://creativecommons.org/publicdomain/zero/1.0/,CC0-1.0,True,,,False,cough_with_expected_hierarchy_only,already_present,C:\Users\Usuario\Desktop\UNI MARINA\master\TFM\FSD50K_DATA\FSD50K.dev_audio\FSD50K_cough_stage1_only\148225.wav,False,selected_license_safe,recommended_random_audit,https://freesound.org/s/148225/,source WAV preserved; model preprocessing may resample to 16 kHz mono and extract features,"""cough1.flac"" by skxr; Freesound ID 148225; CC0-1.0 (http://creativecommons.org/publicdomain/zero/1.0/); accessed through FSD50K.",Cough|Human_voice|Respiratory_sounds,79872,6b54c3a891bd1e07ea1c90a2ec35a14f30c7e7eb0b75da4fdd2faa4b6b7a975e,44100,1,PCM_16,39897,0.9046938775510204,extracted_and_validated,,,1.0|1.0,2,0,0,0,pp_agreement
191337,191337,191337_seg_0,191337,FSD50K,,,False,manual_review_no_audible_cough,NO,False,explicit_no_notes_column,True,150,1,unknown,3,unknown,not_applicable_fsd50k,False,fsd50k_has_no_dry_wet_annotation,cough,train,C:\Users\Usuario\Desktop\UNI MARINA\master\TFM\FSD50K_DATA\FSD50K.dev_audio\FSD50K_cough_stage1_only\191337.wav,FSD50K_DATA/FSD50K.dev_audio/FSD50K_cough_stage1_only/191337.wav,11.35716553287982,0.0,11.35716553287982,"Cough,Respiratory_sounds","/m/01b_21,/m/09hlz4",coughing in church 01 130525_13.wav,klankbeeld,http://creativecommons.org/licenses/by/3.0/,CC-BY-3.0,True,,,False,cough_with_expected_hierarchy_only,already_present,C:\Users\Usuario\Desktop\UNI MARINA\master\TFM\FSD50K_DATA\FSD50K.dev_audio\FSD50K_cough_stage1_only\191337.wav,False,selected_license_safe,recommended_random_audit,https://freesound.org/s/191337/,source WAV preserved; model preprocessing may resample to 16 kHz mono and extract features,"""coughing in church 01 130525_13.wav"" by klankbeeld; Freesound ID 191337; CC-BY-3.0 (http://creativecommons.org/licenses/by/3.0/); accessed through FSD50K.",Cough|Respiratory_sounds,1001780,d56dc7cb76086376f3953ed06ddc0a904477c5f768216d815d0affff2b2e17a8,44100,1,PCM_16,500851,11.35716553287982,extracted_and_validated,,no,0.5|0.5,0,2,0,0,positive_agreement_without_two_pp
323695,323695,323695_seg_0,323695,FSD50K,,,False,manual_review_no_audible_cough,NO,False,explicit_no_notes_column,True,151,1,unknown,3,unknown,not_applicable_fsd50k,False,fsd50k_has_no_dry_wet_annotation,cough,train,C:\Users\Usuario\Desktop\UNI MARINA\master\TFM\FSD50K_DATA\FSD50K.dev_audio\FSD50K_cough_stage1_only\323695.wav,FSD50K_DATA/FSD50K.dev_audio/FSD50K_cough_stage1_only/323695.wav,1.0573696145124716,0.0,1.0573696145124716,"Cough,Respiratory_sounds","/m/01b_21,/m/09hlz4",clear throat10.wav,Reitanna,http://creativecommons.org/publicdomain/zero/1.0/,CC0-1.0,True,,,False,cough_with_expected_hierarchy_only,already_present,C:\Users\Usuario\Desktop\UNI MARINA\master\TFM\FSD50K_DATA\FSD50K.dev_audio\FSD50K_cough_stage1_only\323695.wav,False,selected_license_safe,recommended_random_audit,https://freesound.org/s/323695/,source WAV preserved; model preprocessing may resample to 16 kHz mono and extract features,"""clear throat10.wav"" by Reitanna; Freesound ID 323695; CC0-1.0 (http://creativecommons.org/publicdomain/zero/1.0/); accessed through FSD50K.",Cough|Respiratory_sounds,93338,dab3420cf9c8eeb48012d903e57f5e9010bbd466a6fa85a53a2255a7608aa347,44100,1,PCM_16,46630,1.0573696145124716,extracted_and_validated,,no,,0,0,0,0,missing
381372,381372,381372_seg_0,381372,FSD50K,,,False,manual_review_no_audible_cough,NO,False,explicit_no_notes_column,True,152,1,unknown,3,unknown,not_applicable_fsd50k,False,fsd50k_has_no_dry_wet_annotation,cough,train,C:\Users\Usuario\Desktop\UNI MARINA\master\TFM\FSD50K_DATA\FSD50K.dev_audio\FSD50K_cough_stage1_only\381372.wav,FSD50K_DATA/FSD50K.dev_audio/FSD50K_cough_stage1_only/381372.wav,1.0971428571428572,0.0,1.0971428571428572,"Cough,Respiratory_sounds","/m/01b_21,/m/09hlz4",Cough Faint 1.mp3,FunWithSound,http://creativecommons.org/publicdomain/zero/1.0/,CC0-1.0,True,,,False,cough_with_expected_hierarchy_only,already_present,C:\Users\Usuario\Desktop\UNI MARINA\master\TFM\FSD50K_DATA\FSD50K.dev_audio\FSD50K_cough_stage1_only\381372.wav,False,selected_license_safe,recommended_random_audit,https://freesound.org/s/381372/,source WAV preserved; model preprocessing may resample to 16 kHz mono and extract features,"""Cough Faint 1.mp3"" by FunWithSound; Freesound ID 381372; CC0-1.0 (http://creativecommons.org/publicdomain/zero/1.0/); accessed through FSD50K.",Cough|Respiratory_sounds,96846,888fd548c83b573365a1cbbc93ea99e7fdf2d3ae6432538fd450ea19a7cd360e,44100,1,PCM_16,48384,1.0971428571428572,extracted_and_validated,,no,1.0|0.5|0.5|0,1,2,1,0,positive_agreement_without_two_pp
252240,252240,252240_seg_0,252240,FSD50K,1,1,True,,SI,True,blank_means_yes_by_declared_protocol,True,153,1,unknown,3,unknown,not_applicable_fsd50k,False,fsd50k_has_no_dry_wet_annotation,cough,train,C:\Users\Usuario\Desktop\UNI MARINA\master\TFM\FSD50K_DATA\FSD50K.dev_audio\FSD50K_cough_stage1_only\252240.wav,FSD50K_DATA/FSD50K.dev_audio/FSD50K_cough_stage1_only/252240.wav,0.4414965986394558,0.0,0.4414965986394558,"Cough,Respiratory_sounds","/m/01b_21,/m/09hlz4",real cough.wav,Reitanna,http://creativecommons.org/publicdomain/zero/1.0/,CC0-1.0,True,,,False,cough_with_expected_hierarchy_only,already_present,C:\Users\Usuario\Desktop\UNI MARINA\master\TFM\FSD50K_DATA\FSD50K.dev_audio\FSD50K_cough_stage1_only\252240.wav,False,selected_license_safe,recommended_random_audit,https://freesound.org/s/252240/,source WAV preserved; model preprocessing may resample to 16 kHz mono and extract features,"""real cough.wav"" by Reitanna; Freesound ID 252240; CC0-1.0 (http://creativecommons.org/publicdomain/zero/1.0/); accessed through FSD50K.",Cough|Respiratory_sounds,39018,6d9b5554627eadfc958a6fb9f044c62324a81c9e5fee1a5f6f91d6346aadf115,44100,1,PCM_16,19470,0.4414965986394558,extracted_and_validated,,,1.0|1.0|0,2,0,1,0,pp_agreement
180041,180041,180041_seg_0,180041,FSD50K,1,1,True,,SI,True,blank_means_yes_by_declared_protocol,True,154,1,unknown,3,unknown,not_applicable_fsd50k,False,fsd50k_has_no_dry_wet_annotation,cough,train,C:\Users\Usuario\Desktop\UNI MARINA\master\TFM\FSD50K_DATA\FSD50K.dev_audio\FSD50K_cough_stage1_only\180041.wav,FSD50K_DATA/FSD50K.dev_audio/FSD50K_cough_stage1_only/180041.wav,17.296689342403628,0.0,17.296689342403628,"Cough,Respiratory_sounds","/m/01b_21,/m/09hlz4",Sickness 02:  cough,unfa,http://creativecommons.org/licenses/by/3.0/,CC-BY-3.0,True,,,False,cough_with_expected_hierarchy_only,already_present,C:\Users\Usuario\Desktop\UNI MARINA\master\TFM\FSD50K_DATA\FSD50K.dev_audio\FSD50K_cough_stage1_only\180041.wav,False,selected_license_safe,recommended_random_audit,https://freesound.org/s/180041/,source WAV preserved; model preprocessing may resample to 16 kHz mono and extract features,"""Sickness 02:  cough"" by unfa; Freesound ID 180041; CC-BY-3.0 (http://creativecommons.org/licenses/by/3.0/); accessed through FSD50K.",Cough|Respiratory_sounds,1525646,97ecd59bc60811cc4b34c6cf7abccdf1ec9f45ed7cd61b896f45ab4366d3c263,44100,1,PCM_16,762784,17.296689342403628,extracted_and_validated,,,1.0|1.0,2,0,0,0,pp_agreement
422136,422136,422136_seg_0,422136,FSD50K,1,1,True,,SI,True,blank_means_yes_by_declared_protocol,True,155,1,unknown,3,unknown,not_applicable_fsd50k,False,fsd50k_has_no_dry_wet_annotation,cough,val,C:\Users\Usuario\Desktop\UNI MARINA\master\TFM\FSD50K_DATA\FSD50K.dev_audio\FSD50K_cough_stage1_only\422136.wav,FSD50K_DATA/FSD50K.dev_audio/FSD50K_cough_stage1_only/422136.wav,2.154671201814059,0.0,2.154671201814059,"Cough,Respiratory_sounds","/m/01b_21,/m/09hlz4",7_Cough.wav,14GPanskaZackovaM,http://creativecommons.org/publicdomain/zero/1.0/,CC0-1.0,True,,,False,cough_with_expected_hierarchy_only,already_present,C:\Users\Usuario\Desktop\UNI MARINA\master\TFM\FSD50K_DATA\FSD50K.dev_audio\FSD50K_cough_stage1_only\422136.wav,False,selected_license_safe,recommended_random_audit,https://freesound.org/s/422136/,source WAV preserved; model preprocessing may resample to 16 kHz mono and extract features,"""7_Cough.wav"" by 14GPanskaZackovaM; Freesound ID 422136; CC0-1.0 (http://creativecommons.org/publicdomain/zero/1.0/); accessed through FSD50K.",Cough|Respiratory_sounds,190120,5022d0327779f6501cfbfbbee4acabf1aa52376fb3cb6a56968df2092aaa69e1,44100,1,PCM_16,95021,2.154671201814059,extracted_and_validated,,,1.0|0.5|0.5,1,2,0,0,positive_agreement_without_two_pp
152367,152367,152367_seg_0,152367,FSD50K,1,1,True,,SI,True,blank_means_yes_by_declared_protocol,True,156,1,unknown,3,unknown,not_applicable_fsd50k,False,fsd50k_has_no_dry_wet_annotation,cough,val,C:\Users\Usuario\Desktop\UNI MARINA\master\TFM\FSD50K_DATA\FSD50K.dev_audio\FSD50K_cough_stage1_only\152367.wav,FSD50K_DATA/FSD50K.dev_audio/FSD50K_cough_stage1_only/152367.wav,3.2624943310657595,0.0,3.2624943310657595,"Cough,Respiratory_sounds","/m/01b_21,/m/09hlz4",cough.wav,cogitoandcradle,http://creativecommons.org/publicdomain/zero/1.0/,CC0-1.0,True,,,False,cough_with_expected_hierarchy_only,already_present,C:\Users\Usuario\Desktop\UNI MARINA\master\TFM\FSD50K_DATA\FSD50K.dev_audio\FSD50K_cough_stage1_only\152367.wav,False,selected_license_safe,recommended_random_audit,https://freesound.org/s/152367/,source WAV preserved; model preprocessing may resample to 16 kHz mono and extract features,"""cough.wav"" by cogitoandcradle; Freesound ID 152367; CC0-1.0 (http://creativecommons.org/publicdomain/zero/1.0/); accessed through FSD50K.",Cough|Respiratory_sounds,287830,865815088c637357b38a280b750359f859002c602380b88ba5a7b89e38f903c2,44100,1,PCM_16,143876,3.2624943310657595,extracted_and_validated,,,1.0|1.0,2,0,0,0,pp_agreement
68034,68034,68034_seg_0,68034,FSD50K,1,1,True,,SI,True,blank_means_yes_by_declared_protocol,True,157,1,unknown,3,unknown,not_applicable_fsd50k,False,fsd50k_has_no_dry_wet_annotation,cough,train,C:\Users\Usuario\Desktop\UNI MARINA\master\TFM\FSD50K_DATA\FSD50K.dev_audio\FSD50K_cough_stage1_only\68034.wav,FSD50K_DATA/FSD50K.dev_audio/FSD50K_cough_stage1_only/68034.wav,14.491292517006803,0.0,14.491292517006803,"Cough,Respiratory_sounds","/m/01b_21,/m/09hlz4",20090215.so.cold.here.wav,dobroide,http://creativecommons.org/licenses/by/3.0/,CC-BY-3.0,True,,,False,cough_with_expected_hierarchy_only,already_present,C:\Users\Usuario\Desktop\UNI MARINA\master\TFM\FSD50K_DATA\FSD50K.dev_audio\FSD50K_cough_stage1_only\68034.wav,False,selected_license_safe,recommended_random_audit,https://freesound.org/s/68034/,source WAV preserved; model preprocessing may resample to 16 kHz mono and extract features,"""20090215.so.cold.here.wav"" by dobroide; Freesound ID 68034; CC-BY-3.0 (http://creativecommons.org/licenses/by/3.0/); accessed through FSD50K.",Cough|Respiratory_sounds,1278210,d00a22a2080ef8d241075afaeab66d8983f0fa21c409b4df30e6e1f5a78f7d4d,44100,1,PCM_16,639066,14.491292517006803,extracted_and_validated,,,1.0|0.5|0.5,1,2,0,0,positive_agreement_without_two_pp
46971,46971,46971_seg_0,46971,FSD50K,1,1,True,,SI,True,blank_means_yes_by_declared_protocol,True,158,1,unknown,3,unknown,not_applicable_fsd50k,False,fsd50k_has_no_dry_wet_annotation,cough,train,C:\Users\Usuario\Desktop\UNI MARINA\master\TFM\FSD50K_DATA\FSD50K.dev_audio\FSD50K_cough_stage1_only\46971.wav,FSD50K_DATA/FSD50K.dev_audio/FSD50K_cough_stage1_only/46971.wav,5.108888888888889,0.0,5.108888888888889,"Cough,Respiratory_sounds","/m/01b_21,/m/09hlz4",annoyingcough.wav,stomachache,http://creativecommons.org/publicdomain/zero/1.0/,CC0-1.0,True,,,False,cough_with_expected_hierarchy_only,already_present,C:\Users\Usuario\Desktop\UNI MARINA\master\TFM\FSD50K_DATA\FSD50K.dev_audio\FSD50K_cough_stage1_only\46971.wav,False,selected_license_safe,recommended_random_audit,https://freesound.org/s/46971/,source WAV preserved; model preprocessing may resample to 16 kHz mono and extract features,"""annoyingcough.wav"" by stomachache; Freesound ID 46971; CC0-1.0 (http://creativecommons.org/publicdomain/zero/1.0/); accessed through FSD50K.",Cough|Respiratory_sounds,450682,7a7a3a9bd1177c41453cb1d58d3375f06f622c2e561ce18a702a94dae764136f,44100,1,PCM_16,225302,5.108888888888889,extracted_and_validated,,,1.0|1.0|0.5,2,1,0,0,pp_agreement
145487,145487,145487_seg_0,145487,FSD50K,1,1,True,,SI,True,blank_means_yes_by_declared_protocol,True,159,1,unknown,3,unknown,not_applicable_fsd50k,False,fsd50k_has_no_dry_wet_annotation,cough,train,C:\Users\Usuario\Desktop\UNI MARINA\master\TFM\FSD50K_DATA\FSD50K.dev_audio\FSD50K_cough_stage1_only\145487.wav,FSD50K_DATA/FSD50K.dev_audio/FSD50K_cough_stage1_only/145487.wav,0.709342403628118,0.0,0.709342403628118,"Cough,Respiratory_sounds","/m/01b_21,/m/09hlz4",0005 Cough,bmoreno,http://creativecommons.org/licenses/by/3.0/,CC-BY-3.0,True,,,False,cough_with_expected_hierarchy_only,already_present,C:\Users\Usuario\Desktop\UNI MARINA\master\TFM\FSD50K_DATA\FSD50K.dev_audio\FSD50K_cough_stage1_only\145487.wav,False,selected_license_safe,recommended_random_audit,https://freesound.org/s/145487/,source WAV preserved; model preprocessing may resample to 16 kHz mono and extract features,"""0005 Cough"" by bmoreno; Freesound ID 145487; CC-BY-3.0 (http://creativecommons.org/licenses/by/3.0/); accessed through FSD50K.",Cough|Respiratory_sounds,62642,93a90d2cd5e4c0a77ac08cff1b3e38520fe8d78acc74bbc3b5d5780ab69ef50e,44100,1,PCM_16,31282,0.709342403628118,extracted_and_validated,,,1.0|1.0,2,0,0,0,pp_agreement
19124,19124,19124_seg_0,19124,FSD50K,1,1,True,,SI,True,blank_means_yes_by_declared_protocol,True,160,1,unknown,3,unknown,not_applicable_fsd50k,False,fsd50k_has_no_dry_wet_annotation,cough,train,C:\Users\Usuario\Desktop\UNI MARINA\master\TFM\FSD50K_DATA\FSD50K.dev_audio\FSD50K_cough_stage1_only\19124.wav,FSD50K_DATA/FSD50K.dev_audio/FSD50K_cough_stage1_only/19124.wav,0.6220861678004536,0.0,0.6220861678004536,"Cough,Respiratory_sounds","/m/01b_21,/m/09hlz4",cough9.aiff,Fratz,http://creativecommons.org/licenses/by/3.0/,CC-BY-3.0,True,,,False,cough_with_expected_hierarchy_only,already_present,C:\Users\Usuario\Desktop\UNI MARINA\master\TFM\FSD50K_DATA\FSD50K.dev_audio\FSD50K_cough_stage1_only\19124.wav,False,selected_license_safe,recommended_random_audit,https://freesound.org/s/19124/,source WAV preserved; model preprocessing may resample to 16 kHz mono and extract features,"""cough9.aiff"" by Fratz; Freesound ID 19124; CC-BY-3.0 (http://creativecommons.org/licenses/by/3.0/); accessed through FSD50K.",Cough|Respiratory_sounds,54946,53990e5c884582031d9bfe060a0558f1ab8889ee501fec16b7524f86fe478a93,44100,1,PCM_16,27434,0.6220861678004536,extracted_and_validated,,,1.0|1.0,2,0,0,0,pp_agreement
180044,180044,180044_seg_0,180044,FSD50K,,,False,manual_review_no_audible_cough,NO,False,explicit_no_notes_column,True,161,1,unknown,3,unknown,not_applicable_fsd50k,False,fsd50k_has_no_dry_wet_annotation,cough,train,C:\Users\Usuario\Desktop\UNI MARINA\master\TFM\FSD50K_DATA\FSD50K.dev_audio\FSD50K_cough_stage1_only\180044.wav,FSD50K_DATA/FSD50K.dev_audio/FSD50K_cough_stage1_only/180044.wav,27.39854875283447,0.0,27.39854875283447,"Cough,Respiratory_sounds","/m/01b_21,/m/09hlz4",Sickness 05: running nose,unfa,http://creativecommons.org/licenses/by/3.0/,CC-BY-3.0,True,,,False,cough_with_expected_hierarchy_only,already_present,C:\Users\Usuario\Desktop\UNI MARINA\master\TFM\FSD50K_DATA\FSD50K.dev_audio\FSD50K_cough_stage1_only\180044.wav,False,selected_license_safe,recommended_random_audit,https://freesound.org/s/180044/,source WAV preserved; model preprocessing may resample to 16 kHz mono and extract features,"""Sickness 05: running nose"" by unfa; Freesound ID 180044; CC-BY-3.0 (http://creativecommons.org/licenses/by/3.0/); accessed through FSD50K.",Cough|Respiratory_sounds,2416630,3c8bb7ff783c7bfc61337be7ed1ad800b130b552f7854f902880cc6840ee44b1,44100,1,PCM_16,1208276,27.39854875283447,extracted_and_validated,,no,0.5|0.5,0,2,0,0,positive_agreement_without_two_pp
148310,148310,148310_seg_0,148310,FSD50K,1,1,True,,SI,True,blank_means_yes_by_declared_protocol,True,162,1,unknown,3,unknown,not_applicable_fsd50k,False,fsd50k_has_no_dry_wet_annotation,cough,train,C:\Users\Usuario\Desktop\UNI MARINA\master\TFM\FSD50K_DATA\FSD50K.dev_audio\FSD50K_cough_stage1_only\148310.wav,FSD50K_DATA/FSD50K.dev_audio/FSD50K_cough_stage1_only/148310.wav,7.28,0.0,7.28,"Cough,Respiratory_sounds","/m/01b_21,/m/09hlz4",cough.wav,ElGeorgia,http://creativecommons.org/publicdomain/zero/1.0/,CC0-1.0,True,,,False,cough_with_expected_hierarchy_only,already_present,C:\Users\Usuario\Desktop\UNI MARINA\master\TFM\FSD50K_DATA\FSD50K.dev_audio\FSD50K_cough_stage1_only\148310.wav,False,selected_license_safe,recommended_random_audit,https://freesound.org/s/148310/,source WAV preserved; model preprocessing may resample to 16 kHz mono and extract features,"""cough.wav"" by ElGeorgia; Freesound ID 148310; CC0-1.0 (http://creativecommons.org/publicdomain/zero/1.0/); accessed through FSD50K.",Cough|Respiratory_sounds,642174,3126d40b98b2e47ad21de4eb7881ce9884863a068fd9ec6fb271e8c36666655e,44100,1,PCM_16,321048,7.28,extracted_and_validated,,,1.0|1.0,2,0,0,0,pp_agreement
319363,319363,319363_seg_0,319363,FSD50K,1,1,True,,SI,True,blank_means_yes_by_declared_protocol,True,163,1,unknown,3,unknown,not_applicable_fsd50k,False,fsd50k_has_no_dry_wet_annotation,cough,val,C:\Users\Usuario\Desktop\UNI MARINA\master\TFM\FSD50K_DATA\FSD50K.dev_audio\FSD50K_cough_stage1_only\319363.wav,FSD50K_DATA/FSD50K.dev_audio/FSD50K_cough_stage1_only/319363.wav,1.1840136054421768,0.0,1.1840136054421768,"Cough,Respiratory_sounds","/m/01b_21,/m/09hlz4",facet kaszle - guy coughs 01.wav,monosfera,http://creativecommons.org/publicdomain/zero/1.0/,CC0-1.0,True,,,False,cough_with_expected_hierarchy_only,already_present,C:\Users\Usuario\Desktop\UNI MARINA\master\TFM\FSD50K_DATA\FSD50K.dev_audio\FSD50K_cough_stage1_only\319363.wav,False,selected_license_safe,recommended_random_audit,https://freesound.org/s/319363/,source WAV preserved; model preprocessing may resample to 16 kHz mono and extract features,"""facet kaszle - guy coughs 01.wav"" by monosfera; Freesound ID 319363; CC0-1.0 (http://creativecommons.org/publicdomain/zero/1.0/); accessed through FSD50K.",Cough|Respiratory_sounds,104508,a01ac087a2f2da80dec5cccc9e9f46f78e3712b24b30091d57e0bd68721ceb03,44100,1,PCM_16,52215,1.1840136054421768,extracted_and_validated,,,1.0|1.0,2,0,0,0,pp_agreement
177835,177835,177835_seg_0,177835,FSD50K,1,1,True,,SI,True,blank_means_yes_by_declared_protocol,True,164,1,unknown,3,unknown,not_applicable_fsd50k,False,fsd50k_has_no_dry_wet_annotation,cough,train,C:\Users\Usuario\Desktop\UNI MARINA\master\TFM\FSD50K_DATA\FSD50K.dev_audio\FSD50K_cough_stage1_only\177835.wav,FSD50K_DATA/FSD50K.dev_audio/FSD50K_cough_stage1_only/177835.wav,13.676757369614512,0.0,13.676757369614512,"Cough,Respiratory_sounds","/m/01b_21,/m/09hlz4",Cough Funny,unfa,http://creativecommons.org/licenses/by/3.0/,CC-BY-3.0,True,,,False,cough_with_expected_hierarchy_only,already_present,C:\Users\Usuario\Desktop\UNI MARINA\master\TFM\FSD50K_DATA\FSD50K.dev_audio\FSD50K_cough_stage1_only\177835.wav,False,selected_license_safe,recommended_random_audit,https://freesound.org/s/177835/,source WAV preserved; model preprocessing may resample to 16 kHz mono and extract features,"""Cough Funny"" by unfa; Freesound ID 177835; CC-BY-3.0 (http://creativecommons.org/licenses/by/3.0/); accessed through FSD50K.",Cough|Respiratory_sounds,1206368,956dc5a9dc3155a2d9d40cc278e644f1e0c5ef6089ce208831eb5df4eea1429d,44100,1,PCM_16,603145,13.676757369614512,extracted_and_validated,,,1.0|1.0,2,0,0,0,pp_agreement
98676,98676,98676_seg_0,98676,FSD50K,1,1,True,,SI,True,blank_means_yes_by_declared_protocol,True,165,1,unknown,3,unknown,not_applicable_fsd50k,False,fsd50k_has_no_dry_wet_annotation,cough,val,C:\Users\Usuario\Desktop\UNI MARINA\master\TFM\FSD50K_DATA\FSD50K.dev_audio\FSD50K_cough_stage1_only\98676.wav,FSD50K_DATA/FSD50K.dev_audio/FSD50K_cough_stage1_only/98676.wav,2.1681632653061222,0.0,2.1681632653061222,"Cough,Respiratory_sounds","/m/01b_21,/m/09hlz4",distant cough.mp3,TheWah,http://creativecommons.org/publicdomain/zero/1.0/,CC0-1.0,True,,,False,cough_with_expected_hierarchy_only,already_present,C:\Users\Usuario\Desktop\UNI MARINA\master\TFM\FSD50K_DATA\FSD50K.dev_audio\FSD50K_cough_stage1_only\98676.wav,False,selected_license_safe,recommended_random_audit,https://freesound.org/s/98676/,source WAV preserved; model preprocessing may resample to 16 kHz mono and extract features,"""distant cough.mp3"" by TheWah; Freesound ID 98676; CC0-1.0 (http://creativecommons.org/publicdomain/zero/1.0/); accessed through FSD50K.",Cough|Respiratory_sounds,191310,657dbbf6452cc273155d4e182e13cab66f9a7959bb46340985475bcaefbcc171,44100,1,PCM_16,95616,2.1681632653061222,extracted_and_validated,,,1.0|1.0,2,0,0,0,pp_agreement
272029,272029,272029_seg_0,272029,FSD50K,1,1,True,,SI,True,blank_means_yes_by_declared_protocol,True,166,1,unknown,3,unknown,not_applicable_fsd50k,False,fsd50k_has_no_dry_wet_annotation,cough,train,C:\Users\Usuario\Desktop\UNI MARINA\master\TFM\FSD50K_DATA\FSD50K.dev_audio\FSD50K_cough_stage1_only\272029.wav,FSD50K_DATA/FSD50K.dev_audio/FSD50K_cough_stage1_only/272029.wav,0.8758956916099774,0.0,0.8758956916099774,"Human_voice,Cough,Respiratory_sounds","/m/09l8g,/m/01b_21,/m/09hlz4",Male cough,aldenroth2,http://creativecommons.org/publicdomain/zero/1.0/,CC0-1.0,True,,,False,cough_with_expected_hierarchy_only,already_present,C:\Users\Usuario\Desktop\UNI MARINA\master\TFM\FSD50K_DATA\FSD50K.dev_audio\FSD50K_cough_stage1_only\272029.wav,False,selected_license_safe,recommended_random_audit,https://freesound.org/s/272029/,source WAV preserved; model preprocessing may resample to 16 kHz mono and extract features,"""Male cough"" by aldenroth2; Freesound ID 272029; CC0-1.0 (http://creativecommons.org/publicdomain/zero/1.0/); accessed through FSD50K.",Cough|Human_voice|Respiratory_sounds,77332,e026fdaef895ea836389b74257f88831de2682d0f24bfd0e84dd2bd74ab7b227,44100,1,PCM_16,38627,0.8758956916099774,extracted_and_validated,,,1.0|1.0,2,0,0,0,pp_agreement
157293,157293,157293_seg_0,157293,FSD50K,1,1,True,,SI,True,blank_means_yes_by_declared_protocol,True,167,1,unknown,3,unknown,not_applicable_fsd50k,False,fsd50k_has_no_dry_wet_annotation,cough,train,C:\Users\Usuario\Desktop\UNI MARINA\master\TFM\FSD50K_DATA\FSD50K.dev_audio\FSD50K_cough_stage1_only\157293.wav,FSD50K_DATA/FSD50K.dev_audio/FSD50K_cough_stage1_only/157293.wav,5.294149659863946,0.0,5.294149659863946,"Cough,Respiratory_sounds","/m/01b_21,/m/09hlz4",Bug Sprayed.wav,husky70,http://creativecommons.org/publicdomain/zero/1.0/,CC0-1.0,True,,,False,cough_with_expected_hierarchy_only,already_present,C:\Users\Usuario\Desktop\UNI MARINA\master\TFM\FSD50K_DATA\FSD50K.dev_audio\FSD50K_cough_stage1_only\157293.wav,False,selected_license_safe,recommended_random_audit,https://freesound.org/s/157293/,source WAV preserved; model preprocessing may resample to 16 kHz mono and extract features,"""Bug Sprayed.wav"" by husky70; Freesound ID 157293; CC0-1.0 (http://creativecommons.org/publicdomain/zero/1.0/); accessed through FSD50K.",Cough|Respiratory_sounds,467022,6ae998e16037d175c3319bac7b6cf54dc898bc8c600f3d642da3900b57c3b96f,44100,1,PCM_16,233472,5.294149659863946,extracted_and_validated,,,0.5|0.5|-1,0,2,0,1,positive_agreement_without_two_pp
26336,26336,26336_seg_0,26336,FSD50K,,,False,manual_review_no_audible_cough,NO,False,explicit_no_notes_column,True,168,1,unknown,3,unknown,not_applicable_fsd50k,False,fsd50k_has_no_dry_wet_annotation,cough,train,C:\Users\Usuario\Desktop\UNI MARINA\master\TFM\FSD50K_DATA\FSD50K.dev_audio\FSD50K_cough_stage1_only\26336.wav,FSD50K_DATA/FSD50K.dev_audio/FSD50K_cough_stage1_only/26336.wav,1.4880045351473925,0.0,1.4880045351473925,"Cough,Respiratory_sounds","/m/01b_21,/m/09hlz4",clear_throat.aiff,Staile,http://creativecommons.org/licenses/by/3.0/,CC-BY-3.0,True,,,False,cough_with_expected_hierarchy_only,already_present,C:\Users\Usuario\Desktop\UNI MARINA\master\TFM\FSD50K_DATA\FSD50K.dev_audio\FSD50K_cough_stage1_only\26336.wav,False,selected_license_safe,recommended_random_audit,https://freesound.org/s/26336/,source WAV preserved; model preprocessing may resample to 16 kHz mono and extract features,"""clear_throat.aiff"" by Staile; Freesound ID 26336; CC-BY-3.0 (http://creativecommons.org/licenses/by/3.0/); accessed through FSD50K.",Cough|Respiratory_sounds,131320,036b27de0d53501088094a63aaf597ec327b85b68a11e901bdc14569e8ddaca1,44100,1,PCM_16,65621,1.4880045351473925,extracted_and_validated,,no,,0,0,0,0,missing
377260,377260,377260_seg_0,377260,FSD50K,,,False,manual_review_no_audible_cough,NO,False,explicit_no_notes_column,True,169,1,unknown,3,unknown,not_applicable_fsd50k,False,fsd50k_has_no_dry_wet_annotation,cough,train,C:\Users\Usuario\Desktop\UNI MARINA\master\TFM\FSD50K_DATA\FSD50K.dev_audio\FSD50K_cough_stage1_only\377260.wav,FSD50K_DATA/FSD50K.dev_audio/FSD50K_cough_stage1_only/377260.wav,0.4619727891156462,0.0,0.4619727891156462,"Cough,Respiratory_sounds","/m/01b_21,/m/09hlz4",Clearing Throat 2.wav,johnnypanic,http://creativecommons.org/licenses/by/3.0/,CC-BY-3.0,True,,,False,cough_with_expected_hierarchy_only,already_present,C:\Users\Usuario\Desktop\UNI MARINA\master\TFM\FSD50K_DATA\FSD50K.dev_audio\FSD50K_cough_stage1_only\377260.wav,False,selected_license_safe,recommended_random_audit,https://freesound.org/s/377260/,source WAV preserved; model preprocessing may resample to 16 kHz mono and extract features,"""Clearing Throat 2.wav"" by johnnypanic; Freesound ID 377260; CC-BY-3.0 (http://creativecommons.org/licenses/by/3.0/); accessed through FSD50K.",Cough|Respiratory_sounds,40824,2b7a9c33f05ffa9ad6c77007b6f0f9590d4df6517d44f283d797eecaa3020a64,44100,1,PCM_16,20373,0.4619727891156462,extracted_and_validated,,no,,0,0,0,0,missing
331060,331060,331060_seg_0,331060,FSD50K,1,1,True,,SI,True,blank_means_yes_by_declared_protocol,True,170,1,unknown,3,unknown,not_applicable_fsd50k,False,fsd50k_has_no_dry_wet_annotation,cough,train,C:\Users\Usuario\Desktop\UNI MARINA\master\TFM\FSD50K_DATA\FSD50K.dev_audio\FSD50K_cough_stage1_only\331060.wav,FSD50K_DATA/FSD50K.dev_audio/FSD50K_cough_stage1_only/331060.wav,0.8700907029478459,0.0,0.8700907029478459,"Cough,Respiratory_sounds","/m/01b_21,/m/09hlz4",Cough_08.wav,n_audioman,http://creativecommons.org/licenses/by/3.0/,CC-BY-3.0,True,,,False,cough_with_expected_hierarchy_only,already_present,C:\Users\Usuario\Desktop\UNI MARINA\master\TFM\FSD50K_DATA\FSD50K.dev_audio\FSD50K_cough_stage1_only\331060.wav,False,selected_license_safe,recommended_random_audit,https://freesound.org/s/331060/,source WAV preserved; model preprocessing may resample to 16 kHz mono and extract features,"""Cough_08.wav"" by n_audioman; Freesound ID 331060; CC-BY-3.0 (http://creativecommons.org/licenses/by/3.0/); accessed through FSD50K.",Cough|Respiratory_sounds,76820,d9ce0d021a941a433635e3d6d078a926fbee4a469416cb124f8b2d58ecce5558,44100,1,PCM_16,38371,0.8700907029478459,extracted_and_validated,,,1.0|1.0,2,0,0,0,pp_agreement
180040,180040,180040_seg_0,180040,FSD50K,1,1,True,,SI,True,blank_means_yes_by_declared_protocol,True,171,1,unknown,3,unknown,not_applicable_fsd50k,False,fsd50k_has_no_dry_wet_annotation,cough,train,C:\Users\Usuario\Desktop\UNI MARINA\master\TFM\FSD50K_DATA\FSD50K.dev_audio\FSD50K_cough_stage1_only\180040.wav,FSD50K_DATA/FSD50K.dev_audio/FSD50K_cough_stage1_only/180040.wav,5.760544217687075,0.0,5.760544217687075,"Cough,Respiratory_sounds","/m/01b_21,/m/09hlz4",Sickness 08:  cough,unfa,http://creativecommons.org/licenses/by/3.0/,CC-BY-3.0,True,,,False,cough_with_expected_hierarchy_only,already_present,C:\Users\Usuario\Desktop\UNI MARINA\master\TFM\FSD50K_DATA\FSD50K.dev_audio\FSD50K_cough_stage1_only\180040.wav,False,selected_license_safe,recommended_random_audit,https://freesound.org/s/180040/,source WAV preserved; model preprocessing may resample to 16 kHz mono and extract features,"""Sickness 08:  cough"" by unfa; Freesound ID 180040; CC-BY-3.0 (http://creativecommons.org/licenses/by/3.0/); accessed through FSD50K.",Cough|Respiratory_sounds,508158,be6d0e9e09de4cdd42b44559225694a9ed4dd2702681c184a4078a4ecc1a1173,44100,1,PCM_16,254040,5.760544217687075,extracted_and_validated,,,1.0|1.0,2,0,0,0,pp_agreement
365158,365158,365158_seg_0,365158,FSD50K,1,1,True,,SI,True,blank_means_yes_by_declared_protocol,True,172,1,unknown,3,unknown,not_applicable_fsd50k,False,fsd50k_has_no_dry_wet_annotation,cough,train,C:\Users\Usuario\Desktop\UNI MARINA\master\TFM\FSD50K_DATA\FSD50K.dev_audio\FSD50K_cough_stage1_only\365158.wav,FSD50K_DATA/FSD50K.dev_audio/FSD50K_cough_stage1_only/365158.wav,5.568072562358276,0.0,5.568072562358276,"Cough,Respiratory_sounds","/m/01b_21,/m/09hlz4",Man coughing.wav,Jack_Freedom5712,http://creativecommons.org/licenses/by/3.0/,CC-BY-3.0,True,,,False,cough_with_expected_hierarchy_only,already_present,C:\Users\Usuario\Desktop\UNI MARINA\master\TFM\FSD50K_DATA\FSD50K.dev_audio\FSD50K_cough_stage1_only\365158.wav,False,selected_license_safe,recommended_random_audit,https://freesound.org/s/365158/,source WAV preserved; model preprocessing may resample to 16 kHz mono and extract features,"""Man coughing.wav"" by Jack_Freedom5712; Freesound ID 365158; CC-BY-3.0 (http://creativecommons.org/licenses/by/3.0/); accessed through FSD50K.",Cough|Respiratory_sounds,491182,2ea951a72221dd16fb814691266d5bb38f85ce1ce05aa63e2bd8a8a8fb89d95e,44100,1,PCM_16,245552,5.568072562358276,extracted_and_validated,,,1.0|1.0,2,0,0,0,pp_agreement
87798,87798,87798_seg_0,87798,FSD50K,1,1,True,,SI,True,blank_means_yes_by_declared_protocol,True,173,1,unknown,3,unknown,not_applicable_fsd50k,False,fsd50k_has_no_dry_wet_annotation,cough,train,C:\Users\Usuario\Desktop\UNI MARINA\master\TFM\FSD50K_DATA\FSD50K.dev_audio\FSD50K_cough_stage1_only\87798.wav,FSD50K_DATA/FSD50K.dev_audio/FSD50K_cough_stage1_only/87798.wav,5.751292517006803,0.0,5.751292517006803,"Cough,Respiratory_sounds","/m/01b_21,/m/09hlz4",tos5(16.01.2009).ogg,aneolus,http://creativecommons.org/publicdomain/zero/1.0/,CC0-1.0,True,,,False,cough_with_expected_hierarchy_only,already_present,C:\Users\Usuario\Desktop\UNI MARINA\master\TFM\FSD50K_DATA\FSD50K.dev_audio\FSD50K_cough_stage1_only\87798.wav,False,selected_license_safe,recommended_random_audit,https://freesound.org/s/87798/,source WAV preserved; model preprocessing may resample to 16 kHz mono and extract features,"""tos5(16.01.2009).ogg"" by aneolus; Freesound ID 87798; CC0-1.0 (http://creativecommons.org/publicdomain/zero/1.0/); accessed through FSD50K.",Cough|Respiratory_sounds,507342,9111158d02f1ed1b32fb3e8365987a635d2c5cd1eaabc25913db756ace3bbffa,44100,1,PCM_16,253632,5.751292517006803,extracted_and_validated,,,0.5|0.5,0,2,0,0,positive_agreement_without_two_pp
87794,87794,87794_seg_0,87794,FSD50K,1,1,True,,SI,True,blank_means_yes_by_declared_protocol,True,174,1,unknown,3,unknown,not_applicable_fsd50k,False,fsd50k_has_no_dry_wet_annotation,cough,train,C:\Users\Usuario\Desktop\UNI MARINA\master\TFM\FSD50K_DATA\FSD50K.dev_audio\FSD50K_cough_stage1_only\87794.wav,FSD50K_DATA/FSD50K.dev_audio/FSD50K_cough_stage1_only/87794.wav,4.781859410430839,0.0,4.781859410430839,"Cough,Respiratory_sounds","/m/01b_21,/m/09hlz4",tos1(16.01.2009).ogg,aneolus,http://creativecommons.org/publicdomain/zero/1.0/,CC0-1.0,True,,,False,cough_with_expected_hierarchy_only,already_present,C:\Users\Usuario\Desktop\UNI MARINA\master\TFM\FSD50K_DATA\FSD50K.dev_audio\FSD50K_cough_stage1_only\87794.wav,False,selected_license_safe,recommended_random_audit,https://freesound.org/s/87794/,source WAV preserved; model preprocessing may resample to 16 kHz mono and extract features,"""tos1(16.01.2009).ogg"" by aneolus; Freesound ID 87794; CC0-1.0 (http://creativecommons.org/publicdomain/zero/1.0/); accessed through FSD50K.",Cough|Respiratory_sounds,421838,59b80d1b9aeff7c012439c247ceca56c914f377dbcb0364c39dfa2a925066dcb,44100,1,PCM_16,210880,4.781859410430839,extracted_and_validated,,,1.0|1.0|0.5,2,1,0,0,pp_agreement
90073,90073,90073_seg_0,90073,FSD50K,1,1,True,,SI,True,blank_means_yes_by_declared_protocol,True,175,1,unknown,3,unknown,not_applicable_fsd50k,False,fsd50k_has_no_dry_wet_annotation,cough,train,C:\Users\Usuario\Desktop\UNI MARINA\master\TFM\FSD50K_DATA\FSD50K.dev_audio\FSD50K_cough_stage1_only\90073.wav,FSD50K_DATA/FSD50K.dev_audio/FSD50K_cough_stage1_only/90073.wav,14.848004535147393,0.0,14.848004535147393,"Cough,Respiratory_sounds","/m/01b_21,/m/09hlz4",MOV0024A.OGG,aneolus,http://creativecommons.org/publicdomain/zero/1.0/,CC0-1.0,True,,,False,cough_with_expected_hierarchy_only,already_present,C:\Users\Usuario\Desktop\UNI MARINA\master\TFM\FSD50K_DATA\FSD50K.dev_audio\FSD50K_cough_stage1_only\90073.wav,False,selected_license_safe,recommended_random_audit,https://freesound.org/s/90073/,source WAV preserved; model preprocessing may resample to 16 kHz mono and extract features,"""MOV0024A.OGG"" by aneolus; Freesound ID 90073; CC0-1.0 (http://creativecommons.org/publicdomain/zero/1.0/); accessed through FSD50K.",Cough|Respiratory_sounds,1309672,ff7370bb3268ee781ce62161069def5c389ba385702a222853e11545644ea780,44100,1,PCM_16,654797,14.848004535147393,extracted_and_validated,,,1.0|1.0,2,0,0,0,pp_agreement
240375,240375,240375_seg_0,240375,FSD50K,1,1,True,,SI,True,blank_means_yes_by_declared_protocol,True,176,1,unknown,3,unknown,not_applicable_fsd50k,False,fsd50k_has_no_dry_wet_annotation,cough,train,C:\Users\Usuario\Desktop\UNI MARINA\master\TFM\FSD50K_DATA\FSD50K.dev_audio\FSD50K_cough_stage1_only\240375.wav,FSD50K_DATA/FSD50K.dev_audio/FSD50K_cough_stage1_only/240375.wav,0.7406349206349206,0.0,0.7406349206349206,"Cough,Respiratory_sounds","/m/01b_21,/m/09hlz4",cough.mp3,mariiao2,http://creativecommons.org/publicdomain/zero/1.0/,CC0-1.0,True,,,False,cough_with_expected_hierarchy_only,already_present,C:\Users\Usuario\Desktop\UNI MARINA\master\TFM\FSD50K_DATA\FSD50K.dev_audio\FSD50K_cough_stage1_only\240375.wav,False,selected_license_safe,recommended_random_audit,https://freesound.org/s/240375/,source WAV preserved; model preprocessing may resample to 16 kHz mono and extract features,"""cough.mp3"" by mariiao2; Freesound ID 240375; CC0-1.0 (http://creativecommons.org/publicdomain/zero/1.0/); accessed through FSD50K.",Cough|Respiratory_sounds,65402,dba28e4e7d94a1beb53836068023dc9be15626b56150550512273dabdd627633,44100,1,PCM_16,32662,0.7406349206349206,extracted_and_validated,,,1.0|1.0,2,0,0,0,pp_agreement
151212,151212,151212_seg_0,151212,FSD50K,1,1,True,,SI,True,blank_means_yes_by_declared_protocol,True,177,1,unknown,3,unknown,not_applicable_fsd50k,False,fsd50k_has_no_dry_wet_annotation,cough,train,C:\Users\Usuario\Desktop\UNI MARINA\master\TFM\FSD50K_DATA\FSD50K.dev_audio\FSD50K_cough_stage1_only\151212.wav,FSD50K_DATA/FSD50K.dev_audio/FSD50K_cough_stage1_only/151212.wav,1.6133106575963718,0.0,1.6133106575963718,"Cough,Respiratory_sounds","/m/01b_21,/m/09hlz4",Cough (2),OwlStorm,http://creativecommons.org/licenses/by/3.0/,CC-BY-3.0,True,,,False,cough_with_expected_hierarchy_only,already_present,C:\Users\Usuario\Desktop\UNI MARINA\master\TFM\FSD50K_DATA\FSD50K.dev_audio\FSD50K_cough_stage1_only\151212.wav,False,selected_license_safe,recommended_random_audit,https://freesound.org/s/151212/,source WAV preserved; model preprocessing may resample to 16 kHz mono and extract features,"""Cough (2)"" by OwlStorm; Freesound ID 151212; CC-BY-3.0 (http://creativecommons.org/licenses/by/3.0/); accessed through FSD50K.",Cough|Respiratory_sounds,142372,04aa72f194b69d8339fe845febbd74a5e2143d7ac0af2d0773e9050c107a67e7,44100,1,PCM_16,71147,1.6133106575963718,extracted_and_validated,,,1.0,1,0,0,0,single_positive
432193,432193,432193_seg_0,432193,FSD50K,1,1,True,,SI,True,blank_means_yes_by_declared_protocol,True,178,1,unknown,3,unknown,not_applicable_fsd50k,False,fsd50k_has_no_dry_wet_annotation,cough,train,C:\Users\Usuario\Desktop\UNI MARINA\master\TFM\FSD50K_DATA\FSD50K.dev_audio\FSD50K_cough_stage1_only\432193.wav,FSD50K_DATA/FSD50K.dev_audio/FSD50K_cough_stage1_only/432193.wav,5.688888888888889,0.0,5.688888888888889,"Cough,Respiratory_sounds","/m/01b_21,/m/09hlz4",Voice 017.m4a,PringlesCan,http://creativecommons.org/publicdomain/zero/1.0/,CC0-1.0,True,,,False,cough_with_expected_hierarchy_only,already_present,C:\Users\Usuario\Desktop\UNI MARINA\master\TFM\FSD50K_DATA\FSD50K.dev_audio\FSD50K_cough_stage1_only\432193.wav,False,selected_license_safe,recommended_random_audit,https://freesound.org/s/432193/,source WAV preserved; model preprocessing may resample to 16 kHz mono and extract features,"""Voice 017.m4a"" by PringlesCan; Freesound ID 432193; CC0-1.0 (http://creativecommons.org/publicdomain/zero/1.0/); accessed through FSD50K.",Cough|Respiratory_sounds,501838,eeb47966418f0c807aa2d141f2f926112fa15ccba0f19ed58b22e67dbd4542ed,44100,1,PCM_16,250880,5.688888888888889,extracted_and_validated,,,1.0|1.0,2,0,0,0,pp_agreement
47134,47134,47134_seg_0,47134,FSD50K,,,False,manual_review_no_audible_cough,NO,False,explicit_no_notes_column,True,179,1,unknown,3,unknown,not_applicable_fsd50k,False,fsd50k_has_no_dry_wet_annotation,cough,train,C:\Users\Usuario\Desktop\UNI MARINA\master\TFM\FSD50K_DATA\FSD50K.dev_audio\FSD50K_cough_stage1_only\47134.wav,FSD50K_DATA/FSD50K.dev_audio/FSD50K_cough_stage1_only/47134.wav,12.664875283446712,0.0,12.664875283446712,"Cough,Respiratory_sounds","/m/01b_21,/m/09hlz4",20080121.flu.00.wav,dobroide,http://creativecommons.org/licenses/by/3.0/,CC-BY-3.0,True,,,False,cough_with_expected_hierarchy_only,already_present,C:\Users\Usuario\Desktop\UNI MARINA\master\TFM\FSD50K_DATA\FSD50K.dev_audio\FSD50K_cough_stage1_only\47134.wav,False,selected_license_safe,recommended_random_audit,https://freesound.org/s/47134/,source WAV preserved; model preprocessing may resample to 16 kHz mono and extract features,"""20080121.flu.00.wav"" by dobroide; Freesound ID 47134; CC-BY-3.0 (http://creativecommons.org/licenses/by/3.0/); accessed through FSD50K.",Cough|Respiratory_sounds,1117120,f23702dcfc90e6911917d7e400272a3a97db7438c0bee992e6bf8b37f7214718,44100,1,PCM_16,558521,12.664875283446712,extracted_and_validated,,no,0.5|0.5,0,2,0,0,positive_agreement_without_two_pp
77459,77459,77459_seg_0,77459,FSD50K,,,False,manual_review_no_audible_cough,NO,False,explicit_no_notes_column,True,180,1,unknown,3,unknown,not_applicable_fsd50k,False,fsd50k_has_no_dry_wet_annotation,cough,train,C:\Users\Usuario\Desktop\UNI MARINA\master\TFM\FSD50K_DATA\FSD50K.dev_audio\FSD50K_cough_stage1_only\77459.wav,FSD50K_DATA/FSD50K.dev_audio/FSD50K_cough_stage1_only/77459.wav,1.907482993197279,0.0,1.907482993197279,"Cough,Respiratory_sounds","/m/01b_21,/m/09hlz4",throat.wav,Kyster,http://creativecommons.org/licenses/by/3.0/,CC-BY-3.0,True,,,False,cough_with_expected_hierarchy_only,already_present,C:\Users\Usuario\Desktop\UNI MARINA\master\TFM\FSD50K_DATA\FSD50K.dev_audio\FSD50K_cough_stage1_only\77459.wav,False,selected_license_safe,recommended_random_audit,https://freesound.org/s/77459/,source WAV preserved; model preprocessing may resample to 16 kHz mono and extract features,"""throat.wav"" by Kyster; Freesound ID 77459; CC-BY-3.0 (http://creativecommons.org/licenses/by/3.0/); accessed through FSD50K.",Cough|Respiratory_sounds,168318,0b0592b34ddb77ec997d957233658b16463e86632e0a8a2a455d420d46b2214c,44100,1,PCM_16,84120,1.907482993197279,extracted_and_validated,,no,,0,0,0,0,missing
41387,41387,41387_seg_0,41387,FSD50K,1,1,True,,SI,True,blank_means_yes_by_declared_protocol,True,181,1,unknown,3,unknown,not_applicable_fsd50k,False,fsd50k_has_no_dry_wet_annotation,cough,train,C:\Users\Usuario\Desktop\UNI MARINA\master\TFM\FSD50K_DATA\FSD50K.dev_audio\FSD50K_cough_stage1_only\41387.wav,FSD50K_DATA/FSD50K.dev_audio/FSD50K_cough_stage1_only/41387.wav,0.6996598639455782,0.0,0.6996598639455782,"Cough,Respiratory_sounds","/m/01b_21,/m/09hlz4",DB COUGH 003.wav,sandyrb,http://creativecommons.org/licenses/by/3.0/,CC-BY-3.0,True,,,False,cough_with_expected_hierarchy_only,already_present,C:\Users\Usuario\Desktop\UNI MARINA\master\TFM\FSD50K_DATA\FSD50K.dev_audio\FSD50K_cough_stage1_only\41387.wav,False,selected_license_safe,recommended_random_audit,https://freesound.org/s/41387/,source WAV preserved; model preprocessing may resample to 16 kHz mono and extract features,"""DB COUGH 003.wav"" by sandyrb; Freesound ID 41387; CC-BY-3.0 (http://creativecommons.org/licenses/by/3.0/); accessed through FSD50K.",Cough|Respiratory_sounds,61788,260555346f183ccab33d1b778b1770df3945380d89e320ee38fcd7e5ec585893,44100,1,PCM_16,30855,0.6996598639455782,extracted_and_validated,,,1.0|1.0|0,2,0,1,0,pp_agreement
180036,180036,180036_seg_0,180036,FSD50K,,,False,manual_review_no_audible_cough,NO,False,explicit_no_notes_column,True,182,1,unknown,3,unknown,not_applicable_fsd50k,False,fsd50k_has_no_dry_wet_annotation,cough,train,C:\Users\Usuario\Desktop\UNI MARINA\master\TFM\FSD50K_DATA\FSD50K.dev_audio\FSD50K_cough_stage1_only\180036.wav,FSD50K_DATA/FSD50K.dev_audio/FSD50K_cough_stage1_only/180036.wav,18.109682539682534,0.0,18.109682539682534,"Cough,Respiratory_sounds","/m/01b_21,/m/09hlz4",Sickness 09: blowing nose + cough,unfa,http://creativecommons.org/licenses/by/3.0/,CC-BY-3.0,True,,,False,cough_with_expected_hierarchy_only,already_present,C:\Users\Usuario\Desktop\UNI MARINA\master\TFM\FSD50K_DATA\FSD50K.dev_audio\FSD50K_cough_stage1_only\180036.wav,False,selected_license_safe,recommended_random_audit,https://freesound.org/s/180036/,source WAV preserved; model preprocessing may resample to 16 kHz mono and extract features,"""Sickness 09: blowing nose + cough"" by unfa; Freesound ID 180036; CC-BY-3.0 (http://creativecommons.org/licenses/by/3.0/); accessed through FSD50K.",Cough|Respiratory_sounds,1597352,14929e213ff6dc2494607f72f8a5d4530a3bcd3a67bd44bcf413fbfee0181b3c,44100,1,PCM_16,798637,18.109682539682534,extracted_and_validated,,no,0.5|0.5,0,2,0,0,positive_agreement_without_two_pp
142604,142604,142604_seg_0,142604,FSD50K,1,1,True,,SI,True,blank_means_yes_by_declared_protocol,True,183,1,unknown,3,unknown,not_applicable_fsd50k,False,fsd50k_has_no_dry_wet_annotation,cough,train,C:\Users\Usuario\Desktop\UNI MARINA\master\TFM\FSD50K_DATA\FSD50K.dev_audio\FSD50K_cough_stage1_only\142604.wav,FSD50K_DATA/FSD50K.dev_audio/FSD50K_cough_stage1_only/142604.wav,7.224013605442177,0.0,7.224013605442177,"Cough,Respiratory_sounds","/m/01b_21,/m/09hlz4",cough1.mp3,loisgwenllian,http://creativecommons.org/publicdomain/zero/1.0/,CC0-1.0,True,,,False,cough_with_expected_hierarchy_only,already_present,C:\Users\Usuario\Desktop\UNI MARINA\master\TFM\FSD50K_DATA\FSD50K.dev_audio\FSD50K_cough_stage1_only\142604.wav,False,selected_license_safe,recommended_random_audit,https://freesound.org/s/142604/,source WAV preserved; model preprocessing may resample to 16 kHz mono and extract features,"""cough1.mp3"" by loisgwenllian; Freesound ID 142604; CC0-1.0 (http://creativecommons.org/publicdomain/zero/1.0/); accessed through FSD50K.",Cough|Respiratory_sounds,637236,c98c7426ed4607eda19f2c461f1f1dba074e6e33b87227263cf30611c0ef29c9,44100,1,PCM_16,318579,7.224013605442177,extracted_and_validated,,,1.0|1.0,2,0,0,0,pp_agreement
154443,154443,154443_seg_0,154443,FSD50K,1,1,True,,SI,True,blank_means_yes_by_declared_protocol,True,184,1,unknown,3,unknown,not_applicable_fsd50k,False,fsd50k_has_no_dry_wet_annotation,cough,train,C:\Users\Usuario\Desktop\UNI MARINA\master\TFM\FSD50K_DATA\FSD50K.dev_audio\FSD50K_cough_stage1_only\154443.wav,FSD50K_DATA/FSD50K.dev_audio/FSD50K_cough_stage1_only/154443.wav,0.9527664399092972,0.0,0.9527664399092972,"Cough,Respiratory_sounds","/m/01b_21,/m/09hlz4",Cough 2.wav,ecfike,http://creativecommons.org/publicdomain/zero/1.0/,CC0-1.0,True,,,False,cough_with_expected_hierarchy_only,already_present,C:\Users\Usuario\Desktop\UNI MARINA\master\TFM\FSD50K_DATA\FSD50K.dev_audio\FSD50K_cough_stage1_only\154443.wav,False,selected_license_safe,recommended_random_audit,https://freesound.org/s/154443/,source WAV preserved; model preprocessing may resample to 16 kHz mono and extract features,"""Cough 2.wav"" by ecfike; Freesound ID 154443; CC0-1.0 (http://creativecommons.org/publicdomain/zero/1.0/); accessed through FSD50K.",Cough|Respiratory_sounds,84112,4899feb5bdc16d022728d875339c462d71f0f6044fe5c76057834d26f3abc529,44100,1,PCM_16,42017,0.9527664399092972,extracted_and_validated,,,1.0|1.0|0,2,0,1,0,pp_agreement
45574,45574,45574_seg_0,45574,FSD50K,1,1,True,,SI,True,blank_means_yes_by_declared_protocol,True,185,1,unknown,3,unknown,not_applicable_fsd50k,False,fsd50k_has_no_dry_wet_annotation,cough,train,C:\Users\Usuario\Desktop\UNI MARINA\master\TFM\FSD50K_DATA\FSD50K.dev_audio\FSD50K_cough_stage1_only\45574.wav,FSD50K_DATA/FSD50K.dev_audio/FSD50K_cough_stage1_only/45574.wav,20.079455782312927,0.0,20.079455782312927,"Cough,Respiratory_sounds","/m/01b_21,/m/09hlz4",Boy Cough 1 The first.mp3,J.Zazvurek,http://creativecommons.org/licenses/by/3.0/,CC-BY-3.0,True,,,False,cough_with_expected_hierarchy_only,already_present,C:\Users\Usuario\Desktop\UNI MARINA\master\TFM\FSD50K_DATA\FSD50K.dev_audio\FSD50K_cough_stage1_only\45574.wav,False,selected_license_safe,recommended_random_audit,https://freesound.org/s/45574/,source WAV preserved; model preprocessing may resample to 16 kHz mono and extract features,"""Boy Cough 1 The first.mp3"" by J.Zazvurek; Freesound ID 45574; CC-BY-3.0 (http://creativecommons.org/licenses/by/3.0/); accessed through FSD50K.",Cough|Respiratory_sounds,1771086,1c1f0c2a3221e61ea9e39a7f983cfa92e682867414f16ca781a5f64a7ea6b834,44100,1,PCM_16,885504,20.079455782312927,extracted_and_validated,,,1.0|1.0,2,0,0,0,pp_agreement
184871,184871,184871_seg_0,184871,FSD50K,1,1,True,,SI,True,blank_means_yes_by_declared_protocol,True,186,1,unknown,3,unknown,not_applicable_fsd50k,False,fsd50k_has_no_dry_wet_annotation,cough,train,C:\Users\Usuario\Desktop\UNI MARINA\master\TFM\FSD50K_DATA\FSD50K.dev_audio\FSD50K_cough_stage1_only\184871.wav,FSD50K_DATA/FSD50K.dev_audio/FSD50K_cough_stage1_only/184871.wav,12.656961451247165,0.0,12.656961451247165,"Cough,Respiratory_sounds","/m/01b_21,/m/09hlz4",coughing,Eelke,http://creativecommons.org/publicdomain/zero/1.0/,CC0-1.0,True,,,False,cough_with_expected_hierarchy_only,already_present,C:\Users\Usuario\Desktop\UNI MARINA\master\TFM\FSD50K_DATA\FSD50K.dev_audio\FSD50K_cough_stage1_only\184871.wav,False,selected_license_safe,recommended_random_audit,https://freesound.org/s/184871/,source WAV preserved; model preprocessing may resample to 16 kHz mono and extract features,"""coughing"" by Eelke; Freesound ID 184871; CC0-1.0 (http://creativecommons.org/publicdomain/zero/1.0/); accessed through FSD50K.",Cough|Respiratory_sounds,1116422,511a8d863a6348ab5f9b859c2a722d3f5f9b2e34e518fb1ea255ae6f8094e981,44100,1,PCM_16,558172,12.656961451247165,extracted_and_validated,,,1.0|1.0,2,0,0,0,pp_agreement
343905,343905,343905_seg_0,343905,FSD50K,,,False,manual_review_no_audible_cough,NO,False,explicit_no_notes_column,True,187,1,unknown,3,unknown,not_applicable_fsd50k,False,fsd50k_has_no_dry_wet_annotation,cough,train,C:\Users\Usuario\Desktop\UNI MARINA\master\TFM\FSD50K_DATA\FSD50K.dev_audio\FSD50K_cough_stage1_only\343905.wav,FSD50K_DATA/FSD50K.dev_audio/FSD50K_cough_stage1_only/343905.wav,1.0681179138321997,0.0,1.0681179138321997,"Human_voice,Cough,Respiratory_sounds","/m/09l8g,/m/01b_21,/m/09hlz4",clear throat16.wav,Reitanna,http://creativecommons.org/publicdomain/zero/1.0/,CC0-1.0,True,,,False,cough_with_expected_hierarchy_only,already_present,C:\Users\Usuario\Desktop\UNI MARINA\master\TFM\FSD50K_DATA\FSD50K.dev_audio\FSD50K_cough_stage1_only\343905.wav,False,selected_license_safe,recommended_random_audit,https://freesound.org/s/343905/,source WAV preserved; model preprocessing may resample to 16 kHz mono and extract features,"""clear throat16.wav"" by Reitanna; Freesound ID 343905; CC0-1.0 (http://creativecommons.org/publicdomain/zero/1.0/); accessed through FSD50K.",Cough|Human_voice|Respiratory_sounds,94286,bb5602d10562b3d925cbb89c02544c1a21120f906a6d896b2d567c1641a4d7da,44100,1,PCM_16,47104,1.0681179138321997,extracted_and_validated,,no,,0,0,0,0,missing
148224,148224,148224_seg_0,148224,FSD50K,1,1,True,,SI,True,blank_means_yes_by_declared_protocol,True,188,1,unknown,3,unknown,not_applicable_fsd50k,False,fsd50k_has_no_dry_wet_annotation,cough,train,C:\Users\Usuario\Desktop\UNI MARINA\master\TFM\FSD50K_DATA\FSD50K.dev_audio\FSD50K_cough_stage1_only\148224.wav,FSD50K_DATA/FSD50K.dev_audio/FSD50K_cough_stage1_only/148224.wav,1.0956689342403627,0.0,1.0956689342403627,"Cough,Respiratory_sounds","/m/01b_21,/m/09hlz4",cough2,skxr,http://creativecommons.org/publicdomain/zero/1.0/,CC0-1.0,True,,,False,cough_with_expected_hierarchy_only,already_present,C:\Users\Usuario\Desktop\UNI MARINA\master\TFM\FSD50K_DATA\FSD50K.dev_audio\FSD50K_cough_stage1_only\148224.wav,False,selected_license_safe,recommended_random_audit,https://freesound.org/s/148224/,source WAV preserved; model preprocessing may resample to 16 kHz mono and extract features,"""cough2"" by skxr; Freesound ID 148224; CC0-1.0 (http://creativecommons.org/publicdomain/zero/1.0/); accessed through FSD50K.",Cough|Respiratory_sounds,96716,f820a25aba4000e0fde922c97f73ad62896529acb806ed80a983d3689c9abbe5,44100,1,PCM_16,48319,1.0956689342403627,extracted_and_validated,,,1.0,1,0,0,0,single_positive
218306,218306,218306_seg_0,218306,FSD50K,1,1,True,,SI,True,blank_means_yes_by_declared_protocol,True,189,1,unknown,3,unknown,not_applicable_fsd50k,False,fsd50k_has_no_dry_wet_annotation,cough,train,C:\Users\Usuario\Desktop\UNI MARINA\master\TFM\FSD50K_DATA\FSD50K.dev_audio\FSD50K_cough_stage1_only\218306.wav,FSD50K_DATA/FSD50K.dev_audio/FSD50K_cough_stage1_only/218306.wav,18.090680272108845,0.0,18.090680272108845,"Cough,Respiratory_sounds","/m/01b_21,/m/09hlz4","Woman, female, coughing, sniffing.wav",SpliceSound,http://creativecommons.org/publicdomain/zero/1.0/,CC0-1.0,True,,,False,cough_with_expected_hierarchy_only,already_present,C:\Users\Usuario\Desktop\UNI MARINA\master\TFM\FSD50K_DATA\FSD50K.dev_audio\FSD50K_cough_stage1_only\218306.wav,False,selected_license_safe,recommended_random_audit,https://freesound.org/s/218306/,source WAV preserved; model preprocessing may resample to 16 kHz mono and extract features,"""Woman, female, coughing, sniffing.wav"" by SpliceSound; Freesound ID 218306; CC0-1.0 (http://creativecommons.org/publicdomain/zero/1.0/); accessed through FSD50K.",Cough|Respiratory_sounds,1595676,399cb938cad6b91e5ae0b935315c48f802e38a402828b3059fc96bba7e3b5aff,44100,1,PCM_16,797799,18.090680272108845,extracted_and_validated,,,1.0|1.0|0.5,2,1,0,0,pp_agreement
30091,30091,30091_seg_0,30091,FSD50K,1,1,True,,SI,True,blank_means_yes_by_declared_protocol,True,190,1,unknown,3,unknown,not_applicable_fsd50k,False,fsd50k_has_no_dry_wet_annotation,cough,train,C:\Users\Usuario\Desktop\UNI MARINA\master\TFM\FSD50K_DATA\FSD50K.dev_audio\FSD50K_cough_stage1_only\30091.wav,FSD50K_DATA/FSD50K.dev_audio/FSD50K_cough_stage1_only/30091.wav,5.851269841269842,0.0,5.851269841269842,"Cough,Respiratory_sounds","/m/01b_21,/m/09hlz4",20070128.cough.wav,dobroide,http://creativecommons.org/licenses/by/3.0/,CC-BY-3.0,True,,,False,cough_with_expected_hierarchy_only,already_present,C:\Users\Usuario\Desktop\UNI MARINA\master\TFM\FSD50K_DATA\FSD50K.dev_audio\FSD50K_cough_stage1_only\30091.wav,False,selected_license_safe,recommended_random_audit,https://freesound.org/s/30091/,source WAV preserved; model preprocessing may resample to 16 kHz mono and extract features,"""20070128.cough.wav"" by dobroide; Freesound ID 30091; CC-BY-3.0 (http://creativecommons.org/licenses/by/3.0/); accessed through FSD50K.",Cough|Respiratory_sounds,516160,27f66ff3359ab94e39a226362904067a25efa469ba1b3032853cb042405cbbd5,44100,1,PCM_16,258041,5.851269841269842,extracted_and_validated,,,1.0,1,0,0,0,single_positive
109640,109640,109640_seg_0,109640,FSD50K,1,1,True,,SI,True,blank_means_yes_by_declared_protocol,True,191,1,unknown,3,unknown,not_applicable_fsd50k,False,fsd50k_has_no_dry_wet_annotation,cough,train,C:\Users\Usuario\Desktop\UNI MARINA\master\TFM\FSD50K_DATA\FSD50K.dev_audio\FSD50K_cough_stage1_only\109640.wav,FSD50K_DATA/FSD50K.dev_audio/FSD50K_cough_stage1_only/109640.wav,4.84342403628118,0.0,4.84342403628118,"Cough,Respiratory_sounds","/m/01b_21,/m/09hlz4",FX - tos.wav,vinjatovix,http://creativecommons.org/licenses/by/3.0/,CC-BY-3.0,True,,,False,cough_with_expected_hierarchy_only,already_present,C:\Users\Usuario\Desktop\UNI MARINA\master\TFM\FSD50K_DATA\FSD50K.dev_audio\FSD50K_cough_stage1_only\109640.wav,False,selected_license_safe,recommended_random_audit,https://freesound.org/s/109640/,source WAV preserved; model preprocessing may resample to 16 kHz mono and extract features,"""FX - tos.wav"" by vinjatovix; Freesound ID 109640; CC-BY-3.0 (http://creativecommons.org/licenses/by/3.0/); accessed through FSD50K.",Cough|Respiratory_sounds,427268,c9e7f19b892d44eb705abf55a8dfcbe5ec4488a6b858c383ae196330d9ebbd08,44100,1,PCM_16,213595,4.84342403628118,extracted_and_validated,,,1.0|0.5|0.5,1,2,0,0,positive_agreement_without_two_pp
240374,240374,240374_seg_0,240374,FSD50K,,,False,manual_review_no_audible_cough,NO,False,explicit_no_notes_column,True,192,1,unknown,3,unknown,not_applicable_fsd50k,False,fsd50k_has_no_dry_wet_annotation,cough,train,C:\Users\Usuario\Desktop\UNI MARINA\master\TFM\FSD50K_DATA\FSD50K.dev_audio\FSD50K_cough_stage1_only\240374.wav,FSD50K_DATA/FSD50K.dev_audio/FSD50K_cough_stage1_only/240374.wav,0.5928117913832199,0.0,0.5928117913832199,"Cough,Respiratory_sounds","/m/01b_21,/m/09hlz4",clear one's throat.mp3,mariiao2,http://creativecommons.org/publicdomain/zero/1.0/,CC0-1.0,True,,,False,cough_with_expected_hierarchy_only,already_present,C:\Users\Usuario\Desktop\UNI MARINA\master\TFM\FSD50K_DATA\FSD50K.dev_audio\FSD50K_cough_stage1_only\240374.wav,False,selected_license_safe,recommended_random_audit,https://freesound.org/s/240374/,source WAV preserved; model preprocessing may resample to 16 kHz mono and extract features,"""clear one's throat.mp3"" by mariiao2; Freesound ID 240374; CC0-1.0 (http://creativecommons.org/publicdomain/zero/1.0/); accessed through FSD50K.",Cough|Respiratory_sounds,52364,2bef4c5654d813e4d76486494a7cb8541a2adc0565d4edd62816d8a3e6cc340a,44100,1,PCM_16,26143,0.5928117913832199,extracted_and_validated,,no,1.0|1.0,2,0,0,0,pp_agreement
253775,253775,253775_seg_0,253775,FSD50K,,,False,manual_review_no_audible_cough,NO,False,explicit_no_notes_column,True,193,1,unknown,3,unknown,not_applicable_fsd50k,False,fsd50k_has_no_dry_wet_annotation,cough,train,C:\Users\Usuario\Desktop\UNI MARINA\master\TFM\FSD50K_DATA\FSD50K.dev_audio\FSD50K_cough_stage1_only\253775.wav,FSD50K_DATA/FSD50K.dev_audio/FSD50K_cough_stage1_only/253775.wav,1.1029478458049886,0.0,1.1029478458049886,"Cough,Respiratory_sounds","/m/01b_21,/m/09hlz4",throat clear.wav,Reitanna,http://creativecommons.org/publicdomain/zero/1.0/,CC0-1.0,True,,,False,cough_with_expected_hierarchy_only,already_present,C:\Users\Usuario\Desktop\UNI MARINA\master\TFM\FSD50K_DATA\FSD50K.dev_audio\FSD50K_cough_stage1_only\253775.wav,False,selected_license_safe,recommended_random_audit,https://freesound.org/s/253775/,source WAV preserved; model preprocessing may resample to 16 kHz mono and extract features,"""throat clear.wav"" by Reitanna; Freesound ID 253775; CC0-1.0 (http://creativecommons.org/publicdomain/zero/1.0/); accessed through FSD50K.",Cough|Respiratory_sounds,97358,de571ee02ee879670ce673815cf5d0ba12cb4aad6491365ff097e48683695e0d,44100,1,PCM_16,48640,1.1029478458049886,extracted_and_validated,,no,,0,0,0,0,missing
240373,240373,240373_seg_0,240373,FSD50K,1,1,True,,SI,True,blank_means_yes_by_declared_protocol,True,194,1,unknown,3,unknown,not_applicable_fsd50k,False,fsd50k_has_no_dry_wet_annotation,cough,train,C:\Users\Usuario\Desktop\UNI MARINA\master\TFM\FSD50K_DATA\FSD50K.dev_audio\FSD50K_cough_stage1_only\240373.wav,FSD50K_DATA/FSD50K.dev_audio/FSD50K_cough_stage1_only/240373.wav,1.2774603174603174,0.0,1.2774603174603174,"Cough,Respiratory_sounds","/m/01b_21,/m/09hlz4",cough (2).mp3,mariiao2,http://creativecommons.org/publicdomain/zero/1.0/,CC0-1.0,True,,,False,cough_with_expected_hierarchy_only,already_present,C:\Users\Usuario\Desktop\UNI MARINA\master\TFM\FSD50K_DATA\FSD50K.dev_audio\FSD50K_cough_stage1_only\240373.wav,False,selected_license_safe,recommended_random_audit,https://freesound.org/s/240373/,source WAV preserved; model preprocessing may resample to 16 kHz mono and extract features,"""cough (2).mp3"" by mariiao2; Freesound ID 240373; CC0-1.0 (http://creativecommons.org/publicdomain/zero/1.0/); accessed through FSD50K.",Cough|Respiratory_sounds,112750,cb75364ed8553a1459522751d56895b5245a85f2ab405047b800775514d5a4a5,44100,1,PCM_16,56336,1.2774603174603174,extracted_and_validated,,,1.0|1.0,2,0,0,0,pp_agreement
39878,39878,39878_seg_0,39878,FSD50K,,,False,manual_review_no_audible_cough,NO,False,explicit_no_notes_column,True,195,1,unknown,3,unknown,not_applicable_fsd50k,False,fsd50k_has_no_dry_wet_annotation,cough,train,C:\Users\Usuario\Desktop\UNI MARINA\master\TFM\FSD50K_DATA\FSD50K.dev_audio\FSD50K_cough_stage1_only\39878.wav,FSD50K_DATA/FSD50K.dev_audio/FSD50K_cough_stage1_only/39878.wav,21.70328798185941,0.0,21.70328798185941,"Cough,Respiratory_sounds","/m/01b_21,/m/09hlz4",delphiz COUGH LOOP COMBI #120 [ DEMO ].WAV,delphidebrain,http://creativecommons.org/licenses/by/3.0/,CC-BY-3.0,True,,,False,cough_with_expected_hierarchy_only,already_present,C:\Users\Usuario\Desktop\UNI MARINA\master\TFM\FSD50K_DATA\FSD50K.dev_audio\FSD50K_cough_stage1_only\39878.wav,False,selected_license_safe,recommended_random_audit,https://freesound.org/s/39878/,source WAV preserved; model preprocessing may resample to 16 kHz mono and extract features,"""delphiz COUGH LOOP COMBI #120 [ DEMO ].WAV"" by delphidebrain; Freesound ID 39878; CC-BY-3.0 (http://creativecommons.org/licenses/by/3.0/); accessed through FSD50K.",Cough|Respiratory_sounds,1914308,a7736166389a9fb671f46ec0850e457704c956ba5a1129ad3765d641793c692f,44100,1,PCM_16,957115,21.70328798185941,extracted_and_validated,,no,1.0|1.0,2,0,0,0,pp_agreement
17167,17167,17167_seg_0,17167,FSD50K,1,1,True,,SI,True,blank_means_yes_by_declared_protocol,True,196,1,unknown,3,unknown,not_applicable_fsd50k,False,fsd50k_has_no_dry_wet_annotation,cough,train,C:\Users\Usuario\Desktop\UNI MARINA\master\TFM\FSD50K_DATA\FSD50K.dev_audio\FSD50K_cough_stage1_only\17167.wav,FSD50K_DATA/FSD50K.dev_audio/FSD50K_cough_stage1_only/17167.wav,1.5020181405895692,0.0,1.5020181405895692,"Cough,Respiratory_sounds","/m/01b_21,/m/09hlz4",Cough01.wav,LG,http://creativecommons.org/licenses/by/3.0/,CC-BY-3.0,True,,,False,cough_with_expected_hierarchy_only,already_present,C:\Users\Usuario\Desktop\UNI MARINA\master\TFM\FSD50K_DATA\FSD50K.dev_audio\FSD50K_cough_stage1_only\17167.wav,False,selected_license_safe,recommended_random_audit,https://freesound.org/s/17167/,source WAV preserved; model preprocessing may resample to 16 kHz mono and extract features,"""Cough01.wav"" by LG; Freesound ID 17167; CC-BY-3.0 (http://creativecommons.org/licenses/by/3.0/); accessed through FSD50K.",Cough|Respiratory_sounds,132556,422399a213ffd29c244fe4d2d60e0e1e7ad12fa6580befcf902b52301c112592,44100,1,PCM_16,66239,1.5020181405895692,extracted_and_validated,,,1.0|1.0,2,0,0,0,pp_agreement
389285,389285,389285_seg_0,389285,FSD50K,1,1,True,,SI,True,blank_means_yes_by_declared_protocol,True,197,1,unknown,3,unknown,not_applicable_fsd50k,False,fsd50k_has_no_dry_wet_annotation,cough,train,C:\Users\Usuario\Desktop\UNI MARINA\master\TFM\FSD50K_DATA\FSD50K.dev_audio\FSD50K_cough_stage1_only\389285.wav,FSD50K_DATA/FSD50K.dev_audio/FSD50K_cough_stage1_only/389285.wav,1.28,0.0,1.28,"Cough,Respiratory_sounds","/m/01b_21,/m/09hlz4",Tos_Sound_FX.wav,ThemaggotR,http://creativecommons.org/licenses/by/3.0/,CC-BY-3.0,True,,,False,cough_with_expected_hierarchy_only,already_present,C:\Users\Usuario\Desktop\UNI MARINA\master\TFM\FSD50K_DATA\FSD50K.dev_audio\FSD50K_cough_stage1_only\389285.wav,False,selected_license_safe,recommended_random_audit,https://freesound.org/s/389285/,source WAV preserved; model preprocessing may resample to 16 kHz mono and extract features,"""Tos_Sound_FX.wav"" by ThemaggotR; Freesound ID 389285; CC-BY-3.0 (http://creativecommons.org/licenses/by/3.0/); accessed through FSD50K.",Cough|Respiratory_sounds,112974,ff110eb1a73c3ece5a1bdf21194a358276f03874e6594d17b5683bb9515cee2b,44100,1,PCM_16,56448,1.28,extracted_and_validated,,,1.0|0.5|0.5,1,2,0,0,positive_agreement_without_two_pp
252242,252242,252242_seg_0,252242,FSD50K,1,1,True,,SI,True,blank_means_yes_by_declared_protocol,True,198,1,unknown,3,unknown,not_applicable_fsd50k,False,fsd50k_has_no_dry_wet_annotation,cough,train,C:\Users\Usuario\Desktop\UNI MARINA\master\TFM\FSD50K_DATA\FSD50K.dev_audio\FSD50K_cough_stage1_only\252242.wav,FSD50K_DATA/FSD50K.dev_audio/FSD50K_cough_stage1_only/252242.wav,1.5426303854875285,0.0,1.5426303854875285,"Cough,Respiratory_sounds","/m/01b_21,/m/09hlz4",real choking cough.wav,Reitanna,http://creativecommons.org/publicdomain/zero/1.0/,CC0-1.0,True,,,False,cough_with_expected_hierarchy_only,already_present,C:\Users\Usuario\Desktop\UNI MARINA\master\TFM\FSD50K_DATA\FSD50K.dev_audio\FSD50K_cough_stage1_only\252242.wav,False,selected_license_safe,recommended_random_audit,https://freesound.org/s/252242/,source WAV preserved; model preprocessing may resample to 16 kHz mono and extract features,"""real choking cough.wav"" by Reitanna; Freesound ID 252242; CC0-1.0 (http://creativecommons.org/publicdomain/zero/1.0/); accessed through FSD50K.",Cough|Respiratory_sounds,136138,b33b90938cc2dc82ac5d29495dd87ff8001ab363b725390df960f891ad044b43,44100,1,PCM_16,68030,1.5426303854875285,extracted_and_validated,,,1.0|1.0|0.5,2,1,0,0,pp_agreement
323696,323696,323696_seg_0,323696,FSD50K,,,False,manual_review_no_audible_cough,NO,False,explicit_no_notes_column,True,199,1,unknown,3,unknown,not_applicable_fsd50k,False,fsd50k_has_no_dry_wet_annotation,cough,train,C:\Users\Usuario\Desktop\UNI MARINA\master\TFM\FSD50K_DATA\FSD50K.dev_audio\FSD50K_cough_stage1_only\323696.wav,FSD50K_DATA/FSD50K.dev_audio/FSD50K_cough_stage1_only/323696.wav,0.7175056689342404,0.0,0.7175056689342404,"Human_voice,Cough,Respiratory_sounds","/m/09l8g,/m/01b_21,/m/09hlz4",clear throat8.wav,Reitanna,http://creativecommons.org/publicdomain/zero/1.0/,CC0-1.0,True,,,False,cough_with_expected_hierarchy_only,already_present,C:\Users\Usuario\Desktop\UNI MARINA\master\TFM\FSD50K_DATA\FSD50K.dev_audio\FSD50K_cough_stage1_only\323696.wav,False,selected_license_safe,recommended_random_audit,https://freesound.org/s/323696/,source WAV preserved; model preprocessing may resample to 16 kHz mono and extract features,"""clear throat8.wav"" by Reitanna; Freesound ID 323696; CC0-1.0 (http://creativecommons.org/publicdomain/zero/1.0/); accessed through FSD50K.",Cough|Human_voice|Respiratory_sounds,63362,0b8eeb55c5a6af926d428b2eabd9232bd78921a2a17cd4f4684298d39ac052a9,44100,1,PCM_16,31642,0.7175056689342404,extracted_and_validated,,no,,0,0,0,0,missing
201733,201733,201733_seg_0,201733,FSD50K,1,1,True,,SI,True,blank_means_yes_by_declared_protocol,True,200,1,unknown,3,unknown,not_applicable_fsd50k,False,fsd50k_has_no_dry_wet_annotation,cough,train,C:\Users\Usuario\Desktop\UNI MARINA\master\TFM\FSD50K_DATA\FSD50K.dev_audio\FSD50K_cough_stage1_only\201733.wav,FSD50K_DATA/FSD50K.dev_audio/FSD50K_cough_stage1_only/201733.wav,3.67641723356009,0.0,3.67641723356009,"Cough,Respiratory_sounds","/m/01b_21,/m/09hlz4",GALLE_Florian_2013_2014_son3.wav,univ_lyon3,http://creativecommons.org/publicdomain/zero/1.0/,CC0-1.0,True,,,False,cough_with_expected_hierarchy_only,already_present,C:\Users\Usuario\Desktop\UNI MARINA\master\TFM\FSD50K_DATA\FSD50K.dev_audio\FSD50K_cough_stage1_only\201733.wav,False,selected_license_safe,recommended_random_audit,https://freesound.org/s/201733/,source WAV preserved; model preprocessing may resample to 16 kHz mono and extract features,"""GALLE_Florian_2013_2014_son3.wav"" by univ_lyon3; Freesound ID 201733; CC0-1.0 (http://creativecommons.org/publicdomain/zero/1.0/); accessed through FSD50K.",Cough|Respiratory_sounds,324338,853155b693bbabf7d30198037558e92d3a53a84ec5680aecc622b558c4b20d35,44100,1,PCM_16,162130,3.67641723356009,extracted_and_validated,,,1.0|1.0|0.5,2,1,0,0,pp_agreement
148212,148212,148212_seg_0,148212,FSD50K,1,1,True,,SI,True,blank_means_yes_by_declared_protocol,True,201,1,unknown,3,unknown,not_applicable_fsd50k,False,fsd50k_has_no_dry_wet_annotation,cough,train,C:\Users\Usuario\Desktop\UNI MARINA\master\TFM\FSD50K_DATA\FSD50K.dev_audio\FSD50K_cough_stage1_only\148212.wav,FSD50K_DATA/FSD50K.dev_audio/FSD50K_cough_stage1_only/148212.wav,4.230657596371882,0.0,4.230657596371882,"Cough,Respiratory_sounds","/m/01b_21,/m/09hlz4",tos_aeiraval_petits.mp3,espaitecnologic,http://creativecommons.org/publicdomain/zero/1.0/,CC0-1.0,True,,,False,cough_with_expected_hierarchy_only,already_present,C:\Users\Usuario\Desktop\UNI MARINA\master\TFM\FSD50K_DATA\FSD50K.dev_audio\FSD50K_cough_stage1_only\148212.wav,False,selected_license_safe,recommended_random_audit,https://freesound.org/s/148212/,source WAV preserved; model preprocessing may resample to 16 kHz mono and extract features,"""tos_aeiraval_petits.mp3"" by espaitecnologic; Freesound ID 148212; CC0-1.0 (http://creativecommons.org/publicdomain/zero/1.0/); accessed through FSD50K.",Cough|Respiratory_sounds,373222,c75a93c71cf2426139db2002168d87578a1436bdb830a03913f531375bd68925,44100,1,PCM_16,186572,4.230657596371882,extracted_and_validated,,,1.0|1.0,2,0,0,0,pp_agreement
324769,324769,324769_seg_0,324769,FSD50K,1,1,True,,SI,True,blank_means_yes_by_declared_protocol,True,202,1,unknown,3,unknown,not_applicable_fsd50k,False,fsd50k_has_no_dry_wet_annotation,cough,train,C:\Users\Usuario\Desktop\UNI MARINA\master\TFM\FSD50K_DATA\FSD50K.dev_audio\FSD50K_cough_stage1_only\324769.wav,FSD50K_DATA/FSD50K.dev_audio/FSD50K_cough_stage1_only/324769.wav,3.601995464852608,0.0,3.601995464852608,"Cough,Respiratory_sounds","/m/01b_21,/m/09hlz4",Cough.wav,FatimaSalas94,http://creativecommons.org/licenses/by/3.0/,CC-BY-3.0,True,,,False,cough_with_expected_hierarchy_only,already_present,C:\Users\Usuario\Desktop\UNI MARINA\master\TFM\FSD50K_DATA\FSD50K.dev_audio\FSD50K_cough_stage1_only\324769.wav,False,selected_license_safe,recommended_random_audit,https://freesound.org/s/324769/,source WAV preserved; model preprocessing may resample to 16 kHz mono and extract features,"""Cough.wav"" by FatimaSalas94; Freesound ID 324769; CC-BY-3.0 (http://creativecommons.org/licenses/by/3.0/); accessed through FSD50K.",Cough|Respiratory_sounds,317774,3095c91a4c301cf0bc981c98d78ac2c0a40e45504bc1f68db65a0ef8a334b343,44100,1,PCM_16,158848,3.601995464852608,extracted_and_validated,,,1.0|1.0|0.5,2,1,0,0,pp_agreement
19114,19114,19114_seg_0,19114,FSD50K,1,1,True,,SI,True,blank_means_yes_by_declared_protocol,True,203,1,unknown,3,unknown,not_applicable_fsd50k,False,fsd50k_has_no_dry_wet_annotation,cough,train,C:\Users\Usuario\Desktop\UNI MARINA\master\TFM\FSD50K_DATA\FSD50K.dev_audio\FSD50K_cough_stage1_only\19114.wav,FSD50K_DATA/FSD50K.dev_audio/FSD50K_cough_stage1_only/19114.wav,1.5546938775510204,0.0,1.5546938775510204,"Cough,Respiratory_sounds","/m/01b_21,/m/09hlz4",cough12.aiff,Fratz,http://creativecommons.org/licenses/by/3.0/,CC-BY-3.0,True,,,False,cough_with_expected_hierarchy_only,already_present,C:\Users\Usuario\Desktop\UNI MARINA\master\TFM\FSD50K_DATA\FSD50K.dev_audio\FSD50K_cough_stage1_only\19114.wav,False,selected_license_safe,recommended_random_audit,https://freesound.org/s/19114/,source WAV preserved; model preprocessing may resample to 16 kHz mono and extract features,"""cough12.aiff"" by Fratz; Freesound ID 19114; CC-BY-3.0 (http://creativecommons.org/licenses/by/3.0/); accessed through FSD50K.",Cough|Respiratory_sounds,137202,21d5ca7097f76c87f7a8ef3a35bf38757a5453086ba958aff04aa5af1ce484aa,44100,1,PCM_16,68562,1.5546938775510204,extracted_and_validated,,,1.0|1.0|0,2,0,1,0,pp_agreement
395199,395199,395199_seg_0,395199,FSD50K,1,1,True,,SI,True,blank_means_yes_by_declared_protocol,True,204,1,unknown,3,unknown,not_applicable_fsd50k,False,fsd50k_has_no_dry_wet_annotation,cough,train,C:\Users\Usuario\Desktop\UNI MARINA\master\TFM\FSD50K_DATA\FSD50K.dev_audio\FSD50K_cough_stage1_only\395199.wav,FSD50K_DATA/FSD50K.dev_audio/FSD50K_cough_stage1_only/395199.wav,5.537959183673469,0.0,5.537959183673469,"Cough,Respiratory_sounds","/m/01b_21,/m/09hlz4",Child Cough.mp3,bvaudio,http://creativecommons.org/publicdomain/zero/1.0/,CC0-1.0,True,,,False,cough_with_expected_hierarchy_only,already_present,C:\Users\Usuario\Desktop\UNI MARINA\master\TFM\FSD50K_DATA\FSD50K.dev_audio\FSD50K_cough_stage1_only\395199.wav,False,selected_license_safe,recommended_random_audit,https://freesound.org/s/395199/,source WAV preserved; model preprocessing may resample to 16 kHz mono and extract features,"""Child Cough.mp3"" by bvaudio; Freesound ID 395199; CC0-1.0 (http://creativecommons.org/publicdomain/zero/1.0/); accessed through FSD50K.",Cough|Respiratory_sounds,488526,5921e7b713ff8af1d4f495cc8ea521192f8ef5ed634e376c0bb9e5dda4586de7,44100,1,PCM_16,244224,5.537959183673469,extracted_and_validated,,,1.0|1.0,2,0,0,0,pp_agreement
344632,344632,344632_seg_0,344632,FSD50K,1,1,True,,SI,True,blank_means_yes_by_declared_protocol,True,205,1,unknown,3,unknown,not_applicable_fsd50k,False,fsd50k_has_no_dry_wet_annotation,cough,train,C:\Users\Usuario\Desktop\UNI MARINA\master\TFM\FSD50K_DATA\FSD50K.dev_audio\FSD50K_cough_stage1_only\344632.wav,FSD50K_DATA/FSD50K.dev_audio/FSD50K_cough_stage1_only/344632.wav,8.194671201814058,0.0,8.194671201814058,"Cough,Respiratory_sounds","/m/01b_21,/m/09hlz4",Man Coughing.wav,Chubbers1995,http://creativecommons.org/licenses/by/3.0/,CC-BY-3.0,True,,,False,cough_with_expected_hierarchy_only,already_present,C:\Users\Usuario\Desktop\UNI MARINA\master\TFM\FSD50K_DATA\FSD50K.dev_audio\FSD50K_cough_stage1_only\344632.wav,False,selected_license_safe,recommended_random_audit,https://freesound.org/s/344632/,source WAV preserved; model preprocessing may resample to 16 kHz mono and extract features,"""Man Coughing.wav"" by Chubbers1995; Freesound ID 344632; CC-BY-3.0 (http://creativecommons.org/licenses/by/3.0/); accessed through FSD50K.",Cough|Respiratory_sounds,722848,eb88a71b3571615467bafa240e1857d79f6756bd6583e10f850389acb501ab42,44100,1,PCM_16,361385,8.194671201814058,extracted_and_validated,,,1.0|1.0,2,0,0,0,pp_agreement
343986,343986,343986_seg_0,343986,FSD50K,1,1,True,,SI,True,blank_means_yes_by_declared_protocol,True,206,1,unknown,3,unknown,not_applicable_fsd50k,False,fsd50k_has_no_dry_wet_annotation,cough,train,C:\Users\Usuario\Desktop\UNI MARINA\master\TFM\FSD50K_DATA\FSD50K.dev_audio\FSD50K_cough_stage1_only\343986.wav,FSD50K_DATA/FSD50K.dev_audio/FSD50K_cough_stage1_only/343986.wav,1.4628571428571429,0.0,1.4628571428571429,"Human_voice,Cough,Respiratory_sounds","/m/09l8g,/m/01b_21,/m/09hlz4",four coughs.wav,Reitanna,http://creativecommons.org/publicdomain/zero/1.0/,CC0-1.0,True,,,False,cough_with_expected_hierarchy_only,already_present,C:\Users\Usuario\Desktop\UNI MARINA\master\TFM\FSD50K_DATA\FSD50K.dev_audio\FSD50K_cough_stage1_only\343986.wav,False,selected_license_safe,recommended_random_audit,https://freesound.org/s/343986/,source WAV preserved; model preprocessing may resample to 16 kHz mono and extract features,"""four coughs.wav"" by Reitanna; Freesound ID 343986; CC0-1.0 (http://creativecommons.org/publicdomain/zero/1.0/); accessed through FSD50K.",Cough|Human_voice|Respiratory_sounds,129102,4fbb491f051085745f916b68120e0e0dbc7d5a52c3ecbea2e1692d48a1146a3c,44100,1,PCM_16,64512,1.4628571428571429,extracted_and_validated,,,1.0|1.0|0,2,0,1,0,pp_agreement
45925,45925,45925_seg_0,45925,FSD50K,1,1,True,,SI,True,blank_means_yes_by_declared_protocol,True,207,1,unknown,3,unknown,not_applicable_fsd50k,False,fsd50k_has_no_dry_wet_annotation,cough,train,C:\Users\Usuario\Desktop\UNI MARINA\master\TFM\FSD50K_DATA\FSD50K.dev_audio\FSD50K_cough_stage1_only\45925.wav,FSD50K_DATA/FSD50K.dev_audio/FSD50K_cough_stage1_only/45925.wav,5.8,0.0,5.8,"Cough,Respiratory_sounds","/m/01b_21,/m/09hlz4",20071229.oldman.cough.24bit.wav,dobroide,http://creativecommons.org/licenses/by/3.0/,CC-BY-3.0,True,,,False,cough_with_expected_hierarchy_only,already_present,C:\Users\Usuario\Desktop\UNI MARINA\master\TFM\FSD50K_DATA\FSD50K.dev_audio\FSD50K_cough_stage1_only\45925.wav,False,selected_license_safe,recommended_random_audit,https://freesound.org/s/45925/,source WAV preserved; model preprocessing may resample to 16 kHz mono and extract features,"""20071229.oldman.cough.24bit.wav"" by dobroide; Freesound ID 45925; CC-BY-3.0 (http://creativecommons.org/licenses/by/3.0/); accessed through FSD50K.",Cough|Respiratory_sounds,511638,9d1218709e98f7b0a335695a81405daebc7c508d1cb3cdb09fff8d4604ae8aa3,44100,1,PCM_16,255780,5.8,extracted_and_validated,,,1.0|1.0,2,0,0,0,pp_agreement
169726,169726,169726_seg_0,169726,FSD50K,1,1,True,,SI,True,blank_means_yes_by_declared_protocol,True,208,1,unknown,3,unknown,not_applicable_fsd50k,False,fsd50k_has_no_dry_wet_annotation,cough,train,C:\Users\Usuario\Desktop\UNI MARINA\master\TFM\FSD50K_DATA\FSD50K.dev_audio\FSD50K_cough_stage1_only\169726.wav,FSD50K_DATA/FSD50K.dev_audio/FSD50K_cough_stage1_only/169726.wav,1.252857142857143,0.0,1.252857142857143,"Cough,Respiratory_sounds","/m/01b_21,/m/09hlz4",Cough!,qubodup,http://creativecommons.org/publicdomain/zero/1.0/,CC0-1.0,True,,,False,cough_with_expected_hierarchy_only,already_present,C:\Users\Usuario\Desktop\UNI MARINA\master\TFM\FSD50K_DATA\FSD50K.dev_audio\FSD50K_cough_stage1_only\169726.wav,False,selected_license_safe,recommended_random_audit,https://freesound.org/s/169726/,source WAV preserved; model preprocessing may resample to 16 kHz mono and extract features,"""Cough!"" by qubodup; Freesound ID 169726; CC0-1.0 (http://creativecommons.org/publicdomain/zero/1.0/); accessed through FSD50K.",Cough|Respiratory_sounds,110580,db8fb324d3a6388c64890053a9ce74690adaa7f98a9709c61c8428d17a24314a,44100,1,PCM_16,55251,1.252857142857143,extracted_and_validated,,,1.0|1.0,2,0,0,0,pp_agreement
432380,432380,432380_seg_0,432380,FSD50K,1,1,True,,SI,True,blank_means_yes_by_declared_protocol,True,209,1,unknown,3,unknown,not_applicable_fsd50k,False,fsd50k_has_no_dry_wet_annotation,cough,train,C:\Users\Usuario\Desktop\UNI MARINA\master\TFM\FSD50K_DATA\FSD50K.dev_audio\FSD50K_cough_stage1_only\432380.wav,FSD50K_DATA/FSD50K.dev_audio/FSD50K_cough_stage1_only/432380.wav,11.471337868480726,0.0,11.471337868480726,"Cough,Respiratory_sounds","/m/01b_21,/m/09hlz4",Dry cough.wav,Fedor_Ogon,http://creativecommons.org/publicdomain/zero/1.0/,CC0-1.0,True,,,False,cough_with_expected_hierarchy_only,already_present,C:\Users\Usuario\Desktop\UNI MARINA\master\TFM\FSD50K_DATA\FSD50K.dev_audio\FSD50K_cough_stage1_only\432380.wav,False,selected_license_safe,recommended_random_audit,https://freesound.org/s/432380/,source WAV preserved; model preprocessing may resample to 16 kHz mono and extract features,"""Dry cough.wav"" by Fedor_Ogon; Freesound ID 432380; CC0-1.0 (http://creativecommons.org/publicdomain/zero/1.0/); accessed through FSD50K.",Cough|Respiratory_sounds,1011850,1779c808fb8bf2909236b298bebd9e1f851913dae611a376ae5d47b6780a7e5b,44100,1,PCM_16,505886,11.471337868480726,extracted_and_validated,,,1.0|1.0,2,0,0,0,pp_agreement
17168,17168,17168_seg_0,17168,FSD50K,1,1,True,,SI,True,blank_means_yes_by_declared_protocol,True,210,1,unknown,3,unknown,not_applicable_fsd50k,False,fsd50k_has_no_dry_wet_annotation,cough,train,C:\Users\Usuario\Desktop\UNI MARINA\master\TFM\FSD50K_DATA\FSD50K.dev_audio\FSD50K_cough_stage1_only\17168.wav,FSD50K_DATA/FSD50K.dev_audio/FSD50K_cough_stage1_only/17168.wav,0.7487074829931972,0.0,0.7487074829931972,"Human_voice,Cough,Respiratory_sounds","/m/09l8g,/m/01b_21,/m/09hlz4",Cough02.wav,LG,http://creativecommons.org/licenses/by/3.0/,CC-BY-3.0,True,,,False,cough_with_expected_hierarchy_only,already_present,C:\Users\Usuario\Desktop\UNI MARINA\master\TFM\FSD50K_DATA\FSD50K.dev_audio\FSD50K_cough_stage1_only\17168.wav,False,selected_license_safe,recommended_random_audit,https://freesound.org/s/17168/,source WAV preserved; model preprocessing may resample to 16 kHz mono and extract features,"""Cough02.wav"" by LG; Freesound ID 17168; CC-BY-3.0 (http://creativecommons.org/licenses/by/3.0/); accessed through FSD50K.",Cough|Human_voice|Respiratory_sounds,66114,8abdc68583ebafadfef6563d45494fdf052eabe253d590054528ea5fbce51d65,44100,1,PCM_16,33018,0.7487074829931972,extracted_and_validated,,,1.0|1.0|0,2,0,1,0,pp_agreement
157296,157296,157296_seg_0,157296,FSD50K,1,1,True,,SI,True,blank_means_yes_by_declared_protocol,True,211,1,unknown,3,unknown,not_applicable_fsd50k,False,fsd50k_has_no_dry_wet_annotation,cough,train,C:\Users\Usuario\Desktop\UNI MARINA\master\TFM\FSD50K_DATA\FSD50K.dev_audio\FSD50K_cough_stage1_only\157296.wav,FSD50K_DATA/FSD50K.dev_audio/FSD50K_cough_stage1_only/157296.wav,6.792199546485261,0.0,6.792199546485261,"Cough,Respiratory_sounds","/m/01b_21,/m/09hlz4",Coughing Cough.wav,husky70,http://creativecommons.org/publicdomain/zero/1.0/,CC0-1.0,True,,,False,cough_with_expected_hierarchy_only,already_present,C:\Users\Usuario\Desktop\UNI MARINA\master\TFM\FSD50K_DATA\FSD50K.dev_audio\FSD50K_cough_stage1_only\157296.wav,False,selected_license_safe,recommended_random_audit,https://freesound.org/s/157296/,source WAV preserved; model preprocessing may resample to 16 kHz mono and extract features,"""Coughing Cough.wav"" by husky70; Freesound ID 157296; CC0-1.0 (http://creativecommons.org/publicdomain/zero/1.0/); accessed through FSD50K.",Cough|Respiratory_sounds,599150,ffa52b44c833779bc8168ae5b8e557faf029719e1e162fea11f456ebedc3e74a,44100,1,PCM_16,299536,6.792199546485261,extracted_and_validated,,,1.0|1.0,2,0,0,0,pp_agreement
19118,19118,19118_seg_0,19118,FSD50K,1,1,True,,SI,True,blank_means_yes_by_declared_protocol,True,212,1,unknown,3,unknown,not_applicable_fsd50k,False,fsd50k_has_no_dry_wet_annotation,cough,train,C:\Users\Usuario\Desktop\UNI MARINA\master\TFM\FSD50K_DATA\FSD50K.dev_audio\FSD50K_cough_stage1_only\19118.wav,FSD50K_DATA/FSD50K.dev_audio/FSD50K_cough_stage1_only/19118.wav,1.0977777777777775,0.0,1.0977777777777775,"Cough,Respiratory_sounds","/m/01b_21,/m/09hlz4",cough3.aiff,Fratz,http://creativecommons.org/licenses/by/3.0/,CC-BY-3.0,True,,,False,cough_with_expected_hierarchy_only,already_present,C:\Users\Usuario\Desktop\UNI MARINA\master\TFM\FSD50K_DATA\FSD50K.dev_audio\FSD50K_cough_stage1_only\19118.wav,False,selected_license_safe,recommended_random_audit,https://freesound.org/s/19118/,source WAV preserved; model preprocessing may resample to 16 kHz mono and extract features,"""cough3.aiff"" by Fratz; Freesound ID 19118; CC-BY-3.0 (http://creativecommons.org/licenses/by/3.0/); accessed through FSD50K.",Cough|Respiratory_sounds,96902,5b7a7cd1d58118d94f1a3f07fda946d0d35e87b273377f107fe5f5dfc37bd07e,44100,1,PCM_16,48412,1.0977777777777775,extracted_and_validated,,,1.0|1.0,2,0,0,0,pp_agreement
323694,323694,323694_seg_0,323694,FSD50K,,,False,manual_review_no_audible_cough,NO,False,explicit_no_notes_column,True,213,1,unknown,3,unknown,not_applicable_fsd50k,False,fsd50k_has_no_dry_wet_annotation,cough,train,C:\Users\Usuario\Desktop\UNI MARINA\master\TFM\FSD50K_DATA\FSD50K.dev_audio\FSD50K_cough_stage1_only\323694.wav,FSD50K_DATA/FSD50K.dev_audio/FSD50K_cough_stage1_only/323694.wav,1.0762585034013603,0.0,1.0762585034013603,"Human_voice,Cough,Respiratory_sounds","/m/09l8g,/m/01b_21,/m/09hlz4",clear throat11.wav,Reitanna,http://creativecommons.org/publicdomain/zero/1.0/,CC0-1.0,True,,,False,cough_with_expected_hierarchy_only,already_present,C:\Users\Usuario\Desktop\UNI MARINA\master\TFM\FSD50K_DATA\FSD50K.dev_audio\FSD50K_cough_stage1_only\323694.wav,False,selected_license_safe,recommended_random_audit,https://freesound.org/s/323694/,source WAV preserved; model preprocessing may resample to 16 kHz mono and extract features,"""clear throat11.wav"" by Reitanna; Freesound ID 323694; CC0-1.0 (http://creativecommons.org/publicdomain/zero/1.0/); accessed through FSD50K.",Cough|Human_voice|Respiratory_sounds,95004,e5724e94b5c5966581556aa51cf613cb8851005095954459f69f9318e5005582,44100,1,PCM_16,47463,1.0762585034013603,extracted_and_validated,,no,,0,0,0,0,missing
399627,399627,399627_seg_0,399627,FSD50K,1,1,True,,SI,True,blank_means_yes_by_declared_protocol,True,214,1,unknown,3,unknown,not_applicable_fsd50k,False,fsd50k_has_no_dry_wet_annotation,cough,train,C:\Users\Usuario\Desktop\UNI MARINA\master\TFM\FSD50K_DATA\FSD50K.dev_audio\FSD50K_cough_stage1_only\399627.wav,FSD50K_DATA/FSD50K.dev_audio/FSD50K_cough_stage1_only/399627.wav,3.9706122448979593,0.0,3.9706122448979593,"Cough,Respiratory_sounds","/m/01b_21,/m/09hlz4",Man Coughing #1.MP3,SoundsForHim,http://creativecommons.org/publicdomain/zero/1.0/,CC0-1.0,True,,,False,cough_with_expected_hierarchy_only,already_present,C:\Users\Usuario\Desktop\UNI MARINA\master\TFM\FSD50K_DATA\FSD50K.dev_audio\FSD50K_cough_stage1_only\399627.wav,False,selected_license_safe,recommended_random_audit,https://freesound.org/s/399627/,source WAV preserved; model preprocessing may resample to 16 kHz mono and extract features,"""Man Coughing #1.MP3"" by SoundsForHim; Freesound ID 399627; CC0-1.0 (http://creativecommons.org/publicdomain/zero/1.0/); accessed through FSD50K.",Cough|Respiratory_sounds,350286,f1636d29a484187bf878e42fbc753ca0d3bb809a6b4946aacccd205eb5ce1492,44100,1,PCM_16,175104,3.9706122448979593,extracted_and_validated,,,1.0|1.0,2,0,0,0,pp_agreement
87961,87961,87961_seg_0,87961,FSD50K,1,1,True,,SI,True,blank_means_yes_by_declared_protocol,True,215,1,unknown,3,unknown,not_applicable_fsd50k,False,fsd50k_has_no_dry_wet_annotation,cough,train,C:\Users\Usuario\Desktop\UNI MARINA\master\TFM\FSD50K_DATA\FSD50K.dev_audio\FSD50K_cough_stage1_only\87961.wav,FSD50K_DATA/FSD50K.dev_audio/FSD50K_cough_stage1_only/87961.wav,15.151020408163266,0.0,15.151020408163266,"Cough,Respiratory_sounds","/m/01b_21,/m/09hlz4",MOV0019A.mp3,aneolus,http://creativecommons.org/publicdomain/zero/1.0/,CC0-1.0,True,,,False,cough_with_expected_hierarchy_only,already_present,C:\Users\Usuario\Desktop\UNI MARINA\master\TFM\FSD50K_DATA\FSD50K.dev_audio\FSD50K_cough_stage1_only\87961.wav,False,selected_license_safe,recommended_random_audit,https://freesound.org/s/87961/,source WAV preserved; model preprocessing may resample to 16 kHz mono and extract features,"""MOV0019A.mp3"" by aneolus; Freesound ID 87961; CC0-1.0 (http://creativecommons.org/publicdomain/zero/1.0/); accessed through FSD50K.",Cough|Respiratory_sounds,1336398,f9ee4df5f90a10abb4c77ba4c0d249d3130428e861fde85e07aa3b18254a803b,44100,1,PCM_16,668160,15.151020408163266,extracted_and_validated,,,1.0|1.0|0.5,2,1,0,0,pp_agreement
77157,77157,77157_seg_0,77157,FSD50K,1,1,True,,SI,True,blank_means_yes_by_declared_protocol,True,216,1,unknown,3,unknown,not_applicable_fsd50k,False,fsd50k_has_no_dry_wet_annotation,cough,train,C:\Users\Usuario\Desktop\UNI MARINA\master\TFM\FSD50K_DATA\FSD50K.dev_audio\FSD50K_cough_stage1_only\77157.wav,FSD50K_DATA/FSD50K.dev_audio/FSD50K_cough_stage1_only/77157.wav,1.9041496598639456,0.0,1.9041496598639456,"Cough,Respiratory_sounds","/m/01b_21,/m/09hlz4",cough.wav,Kyster,http://creativecommons.org/licenses/by/3.0/,CC-BY-3.0,True,,,False,cough_with_expected_hierarchy_only,already_present,C:\Users\Usuario\Desktop\UNI MARINA\master\TFM\FSD50K_DATA\FSD50K.dev_audio\FSD50K_cough_stage1_only\77157.wav,False,selected_license_safe,recommended_random_audit,https://freesound.org/s/77157/,source WAV preserved; model preprocessing may resample to 16 kHz mono and extract features,"""cough.wav"" by Kyster; Freesound ID 77157; CC-BY-3.0 (http://creativecommons.org/licenses/by/3.0/); accessed through FSD50K.",Cough|Respiratory_sounds,168024,c9e072d02fcd974b585bec99f1410d0350fcd62e862f08826b10e00a1b3f9605,44100,1,PCM_16,83973,1.9041496598639456,extracted_and_validated,,,1.0|1.0|0|-1,2,0,1,1,pp_agreement
331057,331057,331057_seg_0,331057,FSD50K,1,1,True,,SI,True,blank_means_yes_by_declared_protocol,True,217,1,unknown,3,unknown,not_applicable_fsd50k,False,fsd50k_has_no_dry_wet_annotation,cough,train,C:\Users\Usuario\Desktop\UNI MARINA\master\TFM\FSD50K_DATA\FSD50K.dev_audio\FSD50K_cough_stage1_only\331057.wav,FSD50K_DATA/FSD50K.dev_audio/FSD50K_cough_stage1_only/331057.wav,1.8838548752834468,0.0,1.8838548752834468,"Cough,Respiratory_sounds","/m/01b_21,/m/09hlz4",Cough_05.wav,n_audioman,http://creativecommons.org/licenses/by/3.0/,CC-BY-3.0,True,,,False,cough_with_expected_hierarchy_only,already_present,C:\Users\Usuario\Desktop\UNI MARINA\master\TFM\FSD50K_DATA\FSD50K.dev_audio\FSD50K_cough_stage1_only\331057.wav,False,selected_license_safe,recommended_random_audit,https://freesound.org/s/331057/,source WAV preserved; model preprocessing may resample to 16 kHz mono and extract features,"""Cough_05.wav"" by n_audioman; Freesound ID 331057; CC-BY-3.0 (http://creativecommons.org/licenses/by/3.0/); accessed through FSD50K.",Cough|Respiratory_sounds,166234,82a043677f2cca88f5c3988db3b1552f2f23882424d122d1d78c187c0df0e4a5,44100,1,PCM_16,83078,1.8838548752834468,extracted_and_validated,,,1.0|1.0|-1,2,0,0,1,pp_agreement
368380,368380,368380_seg_0,368380,FSD50K,,,False,manual_review_no_audible_cough,NO,False,explicit_no_notes_column,True,218,1,unknown,3,unknown,not_applicable_fsd50k,False,fsd50k_has_no_dry_wet_annotation,cough,val,C:\Users\Usuario\Desktop\UNI MARINA\master\TFM\FSD50K_DATA\FSD50K.dev_audio\FSD50K_cough_stage1_only\368380.wav,FSD50K_DATA/FSD50K.dev_audio/FSD50K_cough_stage1_only/368380.wav,9.810430839002269,0.0,9.810430839002269,"Female_speech_and_woman_speaking,Cough,Speech,Human_voice,Respiratory_sounds","/m/02zsn,/m/01b_21,/m/09x0r,/m/09l8g,/m/09hlz4",Cigarette girl,MadamVicious,http://creativecommons.org/publicdomain/zero/1.0/,CC0-1.0,True,,Female_speech_and_woman_speaking|Speech,True,cough_with_additional_labels_review_required,already_present,C:\Users\Usuario\Desktop\UNI MARINA\master\TFM\FSD50K_DATA\FSD50K.dev_audio\FSD50K_cough_stage1_only\368380.wav,False,selected_license_safe,mandatory_review_before_training,https://freesound.org/s/368380/,source WAV preserved; model preprocessing may resample to 16 kHz mono and extract features,"""Cigarette girl"" by MadamVicious; Freesound ID 368380; CC0-1.0 (http://creativecommons.org/publicdomain/zero/1.0/); accessed through FSD50K.",Cough|Female_speech_and_woman_speaking|Human_voice|Respiratory_sounds|Speech,865358,28c6b8f55b49a21fa5a092d84ad5abf344b4183bcb8b593c7d32f8a5852059f9,44100,1,PCM_16,432640,9.810430839002269,extracted_and_validated,,no,0.5|0.5|0.5|0.5|0,0,4,1,0,positive_agreement_without_two_pp
331056,331056,331056_seg_0,331056,FSD50K,1,1,True,,SI,True,blank_means_yes_by_declared_protocol,True,219,1,unknown,3,unknown,not_applicable_fsd50k,False,fsd50k_has_no_dry_wet_annotation,cough,train,C:\Users\Usuario\Desktop\UNI MARINA\master\TFM\FSD50K_DATA\FSD50K.dev_audio\FSD50K_cough_stage1_only\331056.wav,FSD50K_DATA/FSD50K.dev_audio/FSD50K_cough_stage1_only/331056.wav,1.3493877551020408,0.0,1.3493877551020408,"Cough,Respiratory_sounds","/m/01b_21,/m/09hlz4",Cough_06.wav,n_audioman,http://creativecommons.org/licenses/by/3.0/,CC-BY-3.0,True,,,False,cough_with_expected_hierarchy_only,already_present,C:\Users\Usuario\Desktop\UNI MARINA\master\TFM\FSD50K_DATA\FSD50K.dev_audio\FSD50K_cough_stage1_only\331056.wav,False,selected_license_safe,recommended_random_audit,https://freesound.org/s/331056/,source WAV preserved; model preprocessing may resample to 16 kHz mono and extract features,"""Cough_06.wav"" by n_audioman; Freesound ID 331056; CC-BY-3.0 (http://creativecommons.org/licenses/by/3.0/); accessed through FSD50K.",Cough|Respiratory_sounds,119094,14e28a15dadcd8980545f29a27ed76fb4763ee8431149cde9c2f19dd30fb1b01,44100,1,PCM_16,59508,1.3493877551020408,extracted_and_validated,,,1.0|1.0,2,0,0,0,pp_agreement
360890,360890,360890_seg_0,360890,FSD50K,1,1,True,,SI,True,blank_means_yes_by_declared_protocol,True,220,1,unknown,3,unknown,not_applicable_fsd50k,False,fsd50k_has_no_dry_wet_annotation,cough,val,C:\Users\Usuario\Desktop\UNI MARINA\master\TFM\FSD50K_DATA\FSD50K.dev_audio\FSD50K_cough_stage1_only\360890.wav,FSD50K_DATA/FSD50K.dev_audio/FSD50K_cough_stage1_only/360890.wav,5.954467120181406,0.0,5.954467120181406,"Cough,Respiratory_sounds","/m/01b_21,/m/09hlz4",Young male coughing,dinkdonkdork,http://creativecommons.org/publicdomain/zero/1.0/,CC0-1.0,True,,,False,cough_with_expected_hierarchy_only,already_present,C:\Users\Usuario\Desktop\UNI MARINA\master\TFM\FSD50K_DATA\FSD50K.dev_audio\FSD50K_cough_stage1_only\360890.wav,False,selected_license_safe,recommended_random_audit,https://freesound.org/s/360890/,source WAV preserved; model preprocessing may resample to 16 kHz mono and extract features,"""Young male coughing"" by dinkdonkdork; Freesound ID 360890; CC0-1.0 (http://creativecommons.org/publicdomain/zero/1.0/); accessed through FSD50K.",Cough|Respiratory_sounds,525262,1f02fb46e44d9cda4cfb0e8342ae2b29beecf548f020dcf3d64b6f1580216f94,44100,1,PCM_16,262592,5.954467120181406,extracted_and_validated,,,1.0|1.0,2,0,0,0,pp_agreement
210733,210733,210733_seg_0,210733,FSD50K,1,1,True,,SI,True,blank_means_yes_by_declared_protocol,True,221,1,unknown,3,unknown,not_applicable_fsd50k,False,fsd50k_has_no_dry_wet_annotation,cough,train,C:\Users\Usuario\Desktop\UNI MARINA\master\TFM\FSD50K_DATA\FSD50K.dev_audio\FSD50K_cough_stage1_only\210733.wav,FSD50K_DATA/FSD50K.dev_audio/FSD50K_cough_stage1_only/210733.wav,13.514489795918369,0.0,13.514489795918369,"Cough,Respiratory_sounds","/m/01b_21,/m/09hlz4","Cold, Sick, Snort, Disgusting",qubodup,http://creativecommons.org/licenses/by/3.0/,CC-BY-3.0,True,,,False,cough_with_expected_hierarchy_only,already_present,C:\Users\Usuario\Desktop\UNI MARINA\master\TFM\FSD50K_DATA\FSD50K.dev_audio\FSD50K_cough_stage1_only\210733.wav,False,selected_license_safe,recommended_random_audit,https://freesound.org/s/210733/,source WAV preserved; model preprocessing may resample to 16 kHz mono and extract features,"""Cold, Sick, Snort, Disgusting"" by qubodup; Freesound ID 210733; CC-BY-3.0 (http://creativecommons.org/licenses/by/3.0/); accessed through FSD50K.",Cough|Respiratory_sounds,1192056,643887030ffaa563fb190dc02d696ef831e28af5c195814331aba46aa6bfa846,44100,1,PCM_16,595989,13.514489795918369,extracted_and_validated,,,1.0|1.0|0.5,2,1,0,0,pp_agreement
125418,125418,125418_seg_0,125418,FSD50K,1,1,True,,SI,True,blank_means_yes_by_declared_protocol,True,222,1,unknown,3,unknown,not_applicable_fsd50k,False,fsd50k_has_no_dry_wet_annotation,cough,train,C:\Users\Usuario\Desktop\UNI MARINA\master\TFM\FSD50K_DATA\FSD50K.dev_audio\FSD50K_cough_stage1_only\125418.wav,FSD50K_DATA/FSD50K.dev_audio/FSD50K_cough_stage1_only/125418.wav,3.705056689342404,0.0,3.705056689342404,"Cough,Respiratory_sounds","/m/01b_21,/m/09hlz4",Man Coughing.wav,jyoung20,http://creativecommons.org/publicdomain/zero/1.0/,CC0-1.0,True,,,False,cough_with_expected_hierarchy_only,already_present,C:\Users\Usuario\Desktop\UNI MARINA\master\TFM\FSD50K_DATA\FSD50K.dev_audio\FSD50K_cough_stage1_only\125418.wav,False,selected_license_safe,recommended_random_audit,https://freesound.org/s/125418/,source WAV preserved; model preprocessing may resample to 16 kHz mono and extract features,"""Man Coughing.wav"" by jyoung20; Freesound ID 125418; CC0-1.0 (http://creativecommons.org/publicdomain/zero/1.0/); accessed through FSD50K.",Cough|Respiratory_sounds,326864,2d4515e0466f8041ebe50b2ab9a1eea4b60714131f6fe9d4fcb211cff1b20708,44100,1,PCM_16,163393,3.705056689342404,extracted_and_validated,,,1.0|1.0|0.5,2,1,0,0,pp_agreement
19115,19115,19115_seg_0,19115,FSD50K,1,1,True,,SI,True,blank_means_yes_by_declared_protocol,True,223,1,unknown,3,unknown,not_applicable_fsd50k,False,fsd50k_has_no_dry_wet_annotation,cough,train,C:\Users\Usuario\Desktop\UNI MARINA\master\TFM\FSD50K_DATA\FSD50K.dev_audio\FSD50K_cough_stage1_only\19115.wav,FSD50K_DATA/FSD50K.dev_audio/FSD50K_cough_stage1_only/19115.wav,1.4258503401360545,0.0,1.4258503401360545,"Cough,Respiratory_sounds","/m/01b_21,/m/09hlz4",cough13.aiff,Fratz,http://creativecommons.org/licenses/by/3.0/,CC-BY-3.0,True,,,False,cough_with_expected_hierarchy_only,already_present,C:\Users\Usuario\Desktop\UNI MARINA\master\TFM\FSD50K_DATA\FSD50K.dev_audio\FSD50K_cough_stage1_only\19115.wav,False,selected_license_safe,recommended_random_audit,https://freesound.org/s/19115/,source WAV preserved; model preprocessing may resample to 16 kHz mono and extract features,"""cough13.aiff"" by Fratz; Freesound ID 19115; CC-BY-3.0 (http://creativecommons.org/licenses/by/3.0/); accessed through FSD50K.",Cough|Respiratory_sounds,125838,70a775984529d7336f79303edc0eb9d9a732c19e6107806dcea80ae8547c942d,44100,1,PCM_16,62880,1.4258503401360545,extracted_and_validated,,,1.0|1.0,2,0,0,0,pp_agreement
331052,331052,331052_seg_0,331052,FSD50K,1,1,True,,SI,True,blank_means_yes_by_declared_protocol,True,224,1,unknown,3,unknown,not_applicable_fsd50k,False,fsd50k_has_no_dry_wet_annotation,cough,train,C:\Users\Usuario\Desktop\UNI MARINA\master\TFM\FSD50K_DATA\FSD50K.dev_audio\FSD50K_cough_stage1_only\331052.wav,FSD50K_DATA/FSD50K.dev_audio/FSD50K_cough_stage1_only/331052.wav,1.323560090702948,0.0,1.323560090702948,"Cough,Respiratory_sounds","/m/01b_21,/m/09hlz4",Cough_02.wav,n_audioman,http://creativecommons.org/licenses/by/3.0/,CC-BY-3.0,True,,,False,cough_with_expected_hierarchy_only,already_present,C:\Users\Usuario\Desktop\UNI MARINA\master\TFM\FSD50K_DATA\FSD50K.dev_audio\FSD50K_cough_stage1_only\331052.wav,False,selected_license_safe,recommended_random_audit,https://freesound.org/s/331052/,source WAV preserved; model preprocessing may resample to 16 kHz mono and extract features,"""Cough_02.wav"" by n_audioman; Freesound ID 331052; CC-BY-3.0 (http://creativecommons.org/licenses/by/3.0/); accessed through FSD50K.",Cough|Respiratory_sounds,116816,f40528ad26e531af93cd247e6b0f62c6c415519deeeb0353bd2e868970050644,44100,1,PCM_16,58369,1.323560090702948,extracted_and_validated,,,1.0|1.0,2,0,0,0,pp_agreement
343885,343885,343885_seg_0,343885,FSD50K,,,False,manual_review_no_audible_cough,NO,False,explicit_no_notes_column,True,225,1,unknown,3,unknown,not_applicable_fsd50k,False,fsd50k_has_no_dry_wet_annotation,cough,train,C:\Users\Usuario\Desktop\UNI MARINA\master\TFM\FSD50K_DATA\FSD50K.dev_audio\FSD50K_cough_stage1_only\343885.wav,FSD50K_DATA/FSD50K.dev_audio/FSD50K_cough_stage1_only/343885.wav,1.6137868480725623,0.0,1.6137868480725623,"Cough,Respiratory_sounds","/m/01b_21,/m/09hlz4",angry cough of sorts.wav,Reitanna,http://creativecommons.org/publicdomain/zero/1.0/,CC0-1.0,True,,,False,cough_with_expected_hierarchy_only,already_present,C:\Users\Usuario\Desktop\UNI MARINA\master\TFM\FSD50K_DATA\FSD50K.dev_audio\FSD50K_cough_stage1_only\343885.wav,False,selected_license_safe,recommended_random_audit,https://freesound.org/s/343885/,source WAV preserved; model preprocessing may resample to 16 kHz mono and extract features,"""angry cough of sorts.wav"" by Reitanna; Freesound ID 343885; CC0-1.0 (http://creativecommons.org/publicdomain/zero/1.0/); accessed through FSD50K.",Cough|Respiratory_sounds,142414,a3557865825a2d134704b6e8368924bffc44d9bfea224749eccd78efed4a9dcd,44100,1,PCM_16,71168,1.6137868480725623,extracted_and_validated,,no,0.5|0.5,0,2,0,0,positive_agreement_without_two_pp
154444,154444,154444_seg_0,154444,FSD50K,1,1,True,,SI,True,blank_means_yes_by_declared_protocol,True,226,1,unknown,3,unknown,not_applicable_fsd50k,False,fsd50k_has_no_dry_wet_annotation,cough,train,C:\Users\Usuario\Desktop\UNI MARINA\master\TFM\FSD50K_DATA\FSD50K.dev_audio\FSD50K_cough_stage1_only\154444.wav,FSD50K_DATA/FSD50K.dev_audio/FSD50K_cough_stage1_only/154444.wav,1.947891156462585,0.0,1.947891156462585,"Cough,Respiratory_sounds","/m/01b_21,/m/09hlz4",Cough 3.wav,ecfike,http://creativecommons.org/publicdomain/zero/1.0/,CC0-1.0,True,,,False,cough_with_expected_hierarchy_only,already_present,C:\Users\Usuario\Desktop\UNI MARINA\master\TFM\FSD50K_DATA\FSD50K.dev_audio\FSD50K_cough_stage1_only\154444.wav,False,selected_license_safe,recommended_random_audit,https://freesound.org/s/154444/,source WAV preserved; model preprocessing may resample to 16 kHz mono and extract features,"""Cough 3.wav"" by ecfike; Freesound ID 154444; CC0-1.0 (http://creativecommons.org/publicdomain/zero/1.0/); accessed through FSD50K.",Cough|Respiratory_sounds,171882,faecf79a3d8a12793de843773ef2a2a4710295c2fc520cf4499ebfd67a001d80,44100,1,PCM_16,85902,1.947891156462585,extracted_and_validated,,,1.0|1.0,2,0,0,0,pp_agreement
155591,155591,155591_seg_0,155591,FSD50K,1,1,True,,SI,True,blank_means_yes_by_declared_protocol,True,227,1,unknown,3,unknown,not_applicable_fsd50k,False,fsd50k_has_no_dry_wet_annotation,cough,val,C:\Users\Usuario\Desktop\UNI MARINA\master\TFM\FSD50K_DATA\FSD50K.dev_audio\FSD50K_cough_stage1_only\155591.wav,FSD50K_DATA/FSD50K.dev_audio/FSD50K_cough_stage1_only/155591.wav,3.0964172335600906,0.0,3.0964172335600906,"Cough,Respiratory_sounds","/m/01b_21,/m/09hlz4",leprecough.aif,bugfish,http://creativecommons.org/licenses/by/3.0/,CC-BY-3.0,True,,,False,cough_with_expected_hierarchy_only,already_present,C:\Users\Usuario\Desktop\UNI MARINA\master\TFM\FSD50K_DATA\FSD50K.dev_audio\FSD50K_cough_stage1_only\155591.wav,False,selected_license_safe,recommended_random_audit,https://freesound.org/s/155591/,source WAV preserved; model preprocessing may resample to 16 kHz mono and extract features,"""leprecough.aif"" by bugfish; Freesound ID 155591; CC-BY-3.0 (http://creativecommons.org/licenses/by/3.0/); accessed through FSD50K.",Cough|Respiratory_sounds,273182,833de1e65f4e727c8f2f27cfe71e9897e2b38991f0bf389041e04cc86863c8d7,44100,1,PCM_16,136552,3.0964172335600906,extracted_and_validated,,,1.0|1.0|0.5,2,1,0,0,pp_agreement
151217,151217,151217_seg_0,151217,FSD50K,1,1,True,,SI,True,blank_means_yes_by_declared_protocol,True,228,1,unknown,3,unknown,not_applicable_fsd50k,False,fsd50k_has_no_dry_wet_annotation,cough,train,C:\Users\Usuario\Desktop\UNI MARINA\master\TFM\FSD50K_DATA\FSD50K.dev_audio\FSD50K_cough_stage1_only\151217.wav,FSD50K_DATA/FSD50K.dev_audio/FSD50K_cough_stage1_only/151217.wav,0.8984126984126984,0.0,0.8984126984126984,"Cough,Respiratory_sounds","/m/01b_21,/m/09hlz4",Cough (3),OwlStorm,http://creativecommons.org/licenses/by/3.0/,CC-BY-3.0,True,,,False,cough_with_expected_hierarchy_only,already_present,C:\Users\Usuario\Desktop\UNI MARINA\master\TFM\FSD50K_DATA\FSD50K.dev_audio\FSD50K_cough_stage1_only\151217.wav,False,selected_license_safe,recommended_random_audit,https://freesound.org/s/151217/,source WAV preserved; model preprocessing may resample to 16 kHz mono and extract features,"""Cough (3)"" by OwlStorm; Freesound ID 151217; CC-BY-3.0 (http://creativecommons.org/licenses/by/3.0/); accessed through FSD50K.",Cough|Respiratory_sounds,79318,532812cc8e4d3b2ba6ff2fc5f4761f9cf729f6b3161c414cfd7337324716df41,44100,1,PCM_16,39620,0.8984126984126984,extracted_and_validated,,,1.0|1.0,2,0,0,0,pp_agreement
326096,326096,326096_seg_0,326096,FSD50K,1,1,True,,SI,True,blank_means_yes_by_declared_protocol,True,229,1,unknown,3,unknown,not_applicable_fsd50k,False,fsd50k_has_no_dry_wet_annotation,cough,val,C:\Users\Usuario\Desktop\UNI MARINA\master\TFM\FSD50K_DATA\FSD50K.dev_audio\FSD50K_cough_stage1_only\326096.wav,FSD50K_DATA/FSD50K.dev_audio/FSD50K_cough_stage1_only/326096.wav,1.0565079365079366,0.0,1.0565079365079366,"Cough,Respiratory_sounds","/m/01b_21,/m/09hlz4",Cough cough,1980supra,http://creativecommons.org/publicdomain/zero/1.0/,CC0-1.0,True,,,False,cough_with_expected_hierarchy_only,already_present,C:\Users\Usuario\Desktop\UNI MARINA\master\TFM\FSD50K_DATA\FSD50K.dev_audio\FSD50K_cough_stage1_only\326096.wav,False,selected_license_safe,recommended_random_audit,https://freesound.org/s/326096/,source WAV preserved; model preprocessing may resample to 16 kHz mono and extract features,"""Cough cough"" by 1980supra; Freesound ID 326096; CC0-1.0 (http://creativecommons.org/publicdomain/zero/1.0/); accessed through FSD50K.",Cough|Respiratory_sounds,93262,d7118c29c37089cecca93b0c3707440f7cea67f3d48716b99c24710fcb6a55dc,44100,1,PCM_16,46592,1.0565079365079366,extracted_and_validated,,,1.0|1.0,2,0,0,0,pp_agreement
51136,51136,51136_seg_0,51136,FSD50K,1,1,True,,SI,True,blank_means_yes_by_declared_protocol,True,230,1,unknown,3,unknown,not_applicable_fsd50k,False,fsd50k_has_no_dry_wet_annotation,cough,train,C:\Users\Usuario\Desktop\UNI MARINA\master\TFM\FSD50K_DATA\FSD50K.dev_audio\FSD50K_cough_stage1_only\51136.wav,FSD50K_DATA/FSD50K.dev_audio/FSD50K_cough_stage1_only/51136.wav,5.4,0.0,5.4,"Cough,Respiratory_sounds","/m/01b_21,/m/09hlz4",Coughing Young Man (me).wav,RutgerMuller,http://creativecommons.org/publicdomain/zero/1.0/,CC0-1.0,True,,,False,cough_with_expected_hierarchy_only,already_present,C:\Users\Usuario\Desktop\UNI MARINA\master\TFM\FSD50K_DATA\FSD50K.dev_audio\FSD50K_cough_stage1_only\51136.wav,False,selected_license_safe,recommended_random_audit,https://freesound.org/s/51136/,source WAV preserved; model preprocessing may resample to 16 kHz mono and extract features,"""Coughing Young Man (me).wav"" by RutgerMuller; Freesound ID 51136; CC0-1.0 (http://creativecommons.org/publicdomain/zero/1.0/); accessed through FSD50K.",Cough|Respiratory_sounds,476358,54e2f3193a4aa3a7c45db0624d78094df8a2fac27ad2e923514181162aa3dec4,44100,1,PCM_16,238140,5.4,extracted_and_validated,,,1.0|1.0,2,0,0,0,pp_agreement
346489,346489,346489_seg_0,346489,FSD50K,1,1,True,,SI,True,blank_means_yes_by_declared_protocol,True,231,1,unknown,3,unknown,not_applicable_fsd50k,False,fsd50k_has_no_dry_wet_annotation,cough,train,C:\Users\Usuario\Desktop\UNI MARINA\master\TFM\FSD50K_DATA\FSD50K.dev_audio\FSD50K_cough_stage1_only\346489.wav,FSD50K_DATA/FSD50K.dev_audio/FSD50K_cough_stage1_only/346489.wav,0.7079138321995465,0.0,0.7079138321995465,"Cough,Respiratory_sounds","/m/01b_21,/m/09hlz4",cough-2.wav,_def,http://creativecommons.org/licenses/by/3.0/,CC-BY-3.0,True,,,False,cough_with_expected_hierarchy_only,already_present,C:\Users\Usuario\Desktop\UNI MARINA\master\TFM\FSD50K_DATA\FSD50K.dev_audio\FSD50K_cough_stage1_only\346489.wav,False,selected_license_safe,recommended_random_audit,https://freesound.org/s/346489/,source WAV preserved; model preprocessing may resample to 16 kHz mono and extract features,"""cough-2.wav"" by _def; Freesound ID 346489; CC-BY-3.0 (http://creativecommons.org/licenses/by/3.0/); accessed through FSD50K.",Cough|Respiratory_sounds,62516,554f9ed9058f70a669e1a49dcc5ad1d8002e7fc0bcf1131ca39ef600cc89c0af,44100,1,PCM_16,31219,0.7079138321995465,extracted_and_validated,,,1.0|1.0,2,0,0,0,pp_agreement
219768,219768,219768_seg_0,219768,FSD50K,,,False,manual_review_no_audible_cough,NO,False,explicit_no_notes_column,True,232,1,unknown,3,unknown,not_applicable_fsd50k,False,fsd50k_has_no_dry_wet_annotation,cough,val,C:\Users\Usuario\Desktop\UNI MARINA\master\TFM\FSD50K_DATA\FSD50K.dev_audio\FSD50K_cough_stage1_only\219768.wav,FSD50K_DATA/FSD50K.dev_audio/FSD50K_cough_stage1_only/219768.wav,2.83124716553288,0.0,2.83124716553288,"Cough,Respiratory_sounds","/m/01b_21,/m/09hlz4",Female Ehem,MadamVicious,http://creativecommons.org/publicdomain/zero/1.0/,CC0-1.0,True,,,False,cough_with_expected_hierarchy_only,already_present,C:\Users\Usuario\Desktop\UNI MARINA\master\TFM\FSD50K_DATA\FSD50K.dev_audio\FSD50K_cough_stage1_only\219768.wav,False,selected_license_safe,recommended_random_audit,https://freesound.org/s/219768/,source WAV preserved; model preprocessing may resample to 16 kHz mono and extract features,"""Female Ehem"" by MadamVicious; Freesound ID 219768; CC0-1.0 (http://creativecommons.org/publicdomain/zero/1.0/); accessed through FSD50K.",Cough|Respiratory_sounds,249794,7d4c9641eefcf146abc72232b0a7a1ae7bb53f82c916e491ab2749d6a8cbb701,44100,1,PCM_16,124858,2.83124716553288,extracted_and_validated,,no,1.0|1.0,2,0,0,0,pp_agreement
87412,87412,87412_seg_0,87412,FSD50K,1,1,True,,SI,True,blank_means_yes_by_declared_protocol,True,233,1,unknown,3,unknown,not_applicable_fsd50k,False,fsd50k_has_no_dry_wet_annotation,cough,train,C:\Users\Usuario\Desktop\UNI MARINA\master\TFM\FSD50K_DATA\FSD50K.dev_audio\FSD50K_cough_stage1_only\87412.wav,FSD50K_DATA/FSD50K.dev_audio/FSD50K_cough_stage1_only/87412.wav,2.25,0.0,2.25,"Cough,Respiratory_sounds","/m/01b_21,/m/09hlz4",woman cough.wav,bowlingballout,http://creativecommons.org/publicdomain/zero/1.0/,CC0-1.0,True,,,False,cough_with_expected_hierarchy_only,already_present,C:\Users\Usuario\Desktop\UNI MARINA\master\TFM\FSD50K_DATA\FSD50K.dev_audio\FSD50K_cough_stage1_only\87412.wav,False,selected_license_safe,recommended_random_audit,https://freesound.org/s/87412/,source WAV preserved; model preprocessing may resample to 16 kHz mono and extract features,"""woman cough.wav"" by bowlingballout; Freesound ID 87412; CC0-1.0 (http://creativecommons.org/publicdomain/zero/1.0/); accessed through FSD50K.",Cough|Respiratory_sounds,198528,4ab78ce9d40621d83675dec913923929bd226637ade078386075a3834c8448d0,44100,1,PCM_16,99225,2.25,extracted_and_validated,,,1.0,1,0,0,0,single_positive
343910,343910,343910_seg_0,343910,FSD50K,,,False,manual_review_no_audible_cough,NO,False,explicit_no_notes_column,True,234,1,unknown,3,unknown,not_applicable_fsd50k,False,fsd50k_has_no_dry_wet_annotation,cough,train,C:\Users\Usuario\Desktop\UNI MARINA\master\TFM\FSD50K_DATA\FSD50K.dev_audio\FSD50K_cough_stage1_only\343910.wav,FSD50K_DATA/FSD50K.dev_audio/FSD50K_cough_stage1_only/343910.wav,1.253877551020408,0.0,1.253877551020408,"Human_voice,Cough,Respiratory_sounds","/m/09l8g,/m/01b_21,/m/09hlz4",clear throat13.wav,Reitanna,http://creativecommons.org/publicdomain/zero/1.0/,CC0-1.0,True,,,False,cough_with_expected_hierarchy_only,already_present,C:\Users\Usuario\Desktop\UNI MARINA\master\TFM\FSD50K_DATA\FSD50K.dev_audio\FSD50K_cough_stage1_only\343910.wav,False,selected_license_safe,recommended_random_audit,https://freesound.org/s/343910/,source WAV preserved; model preprocessing may resample to 16 kHz mono and extract features,"""clear throat13.wav"" by Reitanna; Freesound ID 343910; CC0-1.0 (http://creativecommons.org/publicdomain/zero/1.0/); accessed through FSD50K.",Cough|Human_voice|Respiratory_sounds,110670,69773a27e1e68228cd3c0b96b8e6be59391d02acdf2f4bcc329da73ac90bf211,44100,1,PCM_16,55296,1.253877551020408,extracted_and_validated,,no,,0,0,0,0,missing
252219,252219,252219_seg_0,252219,FSD50K,,,False,manual_review_no_audible_cough,NO,False,explicit_no_notes_column,True,235,1,unknown,3,unknown,not_applicable_fsd50k,False,fsd50k_has_no_dry_wet_annotation,cough,train,C:\Users\Usuario\Desktop\UNI MARINA\master\TFM\FSD50K_DATA\FSD50K.dev_audio\FSD50K_cough_stage1_only\252219.wav,FSD50K_DATA/FSD50K.dev_audio/FSD50K_cough_stage1_only/252219.wav,0.5340816326530612,0.0,0.5340816326530612,"Cough,Respiratory_sounds","/m/01b_21,/m/09hlz4",clear throat2.wav,Reitanna,http://creativecommons.org/publicdomain/zero/1.0/,CC0-1.0,True,,,False,cough_with_expected_hierarchy_only,already_present,C:\Users\Usuario\Desktop\UNI MARINA\master\TFM\FSD50K_DATA\FSD50K.dev_audio\FSD50K_cough_stage1_only\252219.wav,False,selected_license_safe,recommended_random_audit,https://freesound.org/s/252219/,source WAV preserved; model preprocessing may resample to 16 kHz mono and extract features,"""clear throat2.wav"" by Reitanna; Freesound ID 252219; CC0-1.0 (http://creativecommons.org/publicdomain/zero/1.0/); accessed through FSD50K.",Cough|Respiratory_sounds,47184,b022dad4430bfa67ff116be907a3106a922471ce3e09121e27e292696db27211,44100,1,PCM_16,23553,0.5340816326530612,extracted_and_validated,,no,,0,0,0,0,missing
263935,263935,263935_seg_0,263935,FSD50K,1,1,True,,SI,True,blank_means_yes_by_declared_protocol,True,236,1,unknown,3,unknown,not_applicable_fsd50k,False,fsd50k_has_no_dry_wet_annotation,cough,val,C:\Users\Usuario\Desktop\UNI MARINA\master\TFM\FSD50K_DATA\FSD50K.dev_audio\FSD50K_cough_stage1_only\263935.wav,FSD50K_DATA/FSD50K.dev_audio/FSD50K_cough_stage1_only/263935.wav,22.46931972789116,0.0,22.46931972789116,"Cough,Respiratory_sounds","/m/01b_21,/m/09hlz4",sunshinesongwithcoughing.wav,cullenmarie,http://creativecommons.org/licenses/by/3.0/,CC-BY-3.0,True,,,False,cough_with_expected_hierarchy_only,already_present,C:\Users\Usuario\Desktop\UNI MARINA\master\TFM\FSD50K_DATA\FSD50K.dev_audio\FSD50K_cough_stage1_only\263935.wav,False,selected_license_safe,recommended_random_audit,https://freesound.org/s/263935/,source WAV preserved; model preprocessing may resample to 16 kHz mono and extract features,"""sunshinesongwithcoughing.wav"" by cullenmarie; Freesound ID 263935; CC-BY-3.0 (http://creativecommons.org/licenses/by/3.0/); accessed through FSD50K.",Cough|Respiratory_sounds,1981872,907b5ddf462c1710b09b2344f295a38474dbcd2fdea48d6b61527d4db09eff50,44100,1,PCM_16,990897,22.46931972789116,extracted_and_validated,,,0.5|0.5,0,2,0,0,positive_agreement_without_two_pp
223522,223522,223522_seg_0,223522,FSD50K,1,1,True,,SI,True,blank_means_yes_by_declared_protocol,True,237,1,unknown,3,unknown,not_applicable_fsd50k,False,fsd50k_has_no_dry_wet_annotation,cough,train,C:\Users\Usuario\Desktop\UNI MARINA\master\TFM\FSD50K_DATA\FSD50K.dev_audio\FSD50K_cough_stage1_only\223522.wav,FSD50K_DATA/FSD50K.dev_audio/FSD50K_cough_stage1_only/223522.wav,12.957732426303854,0.0,12.957732426303854,"Laughter,Cough,Human_voice,Respiratory_sounds","/m/01j3sz,/m/01b_21,/m/09l8g,/m/09hlz4",Grotesque Laugh Cough,JarAxe,http://creativecommons.org/publicdomain/zero/1.0/,CC0-1.0,True,,Laughter,True,cough_with_additional_labels_review_required,already_present,C:\Users\Usuario\Desktop\UNI MARINA\master\TFM\FSD50K_DATA\FSD50K.dev_audio\FSD50K_cough_stage1_only\223522.wav,False,selected_license_safe,mandatory_review_before_training,https://freesound.org/s/223522/,source WAV preserved; model preprocessing may resample to 16 kHz mono and extract features,"""Grotesque Laugh Cough"" by JarAxe; Freesound ID 223522; CC0-1.0 (http://creativecommons.org/publicdomain/zero/1.0/); accessed through FSD50K.",Cough|Human_voice|Laughter|Respiratory_sounds,1142950,a7aa0727a7063fe9dead41ff0fc781f94e16fe0e671fd00f36e6c616279db4b5,44100,1,PCM_16,571436,12.957732426303854,extracted_and_validated,,,1.0|0.5|0.5|-1,1,2,0,1,positive_agreement_without_two_pp
348364,348364,348364_seg_0,348364,FSD50K,1,1,True,,SI,True,blank_means_yes_by_declared_protocol,True,238,1,unknown,3,unknown,not_applicable_fsd50k,False,fsd50k_has_no_dry_wet_annotation,cough,train,C:\Users\Usuario\Desktop\UNI MARINA\master\TFM\FSD50K_DATA\FSD50K.dev_audio\FSD50K_cough_stage1_only\348364.wav,FSD50K_DATA/FSD50K.dev_audio/FSD50K_cough_stage1_only/348364.wav,4.504671201814059,0.0,4.504671201814059,"Cough,Respiratory_sounds","/m/01b_21,/m/09hlz4",Cough,FrostyFrost,http://creativecommons.org/publicdomain/zero/1.0/,CC0-1.0,True,,,False,cough_with_expected_hierarchy_only,already_present,C:\Users\Usuario\Desktop\UNI MARINA\master\TFM\FSD50K_DATA\FSD50K.dev_audio\FSD50K_cough_stage1_only\348364.wav,False,selected_license_safe,recommended_random_audit,https://freesound.org/s/348364/,source WAV preserved; model preprocessing may resample to 16 kHz mono and extract features,"""Cough"" by FrostyFrost; Freesound ID 348364; CC0-1.0 (http://creativecommons.org/publicdomain/zero/1.0/); accessed through FSD50K.",Cough|Respiratory_sounds,397390,e4c9c1b19db99545ebbea4de37f90a36d8dcef1aabbca5d06560e56bf90d3fa2,44100,1,PCM_16,198656,4.504671201814059,extracted_and_validated,,,1.0|1.0,2,0,0,0,pp_agreement
331067,331067,331067_seg_0,331067,FSD50K,,,False,manual_review_no_audible_cough,NO,False,explicit_no_notes_column,True,239,1,unknown,3,unknown,not_applicable_fsd50k,False,fsd50k_has_no_dry_wet_annotation,cough,train,C:\Users\Usuario\Desktop\UNI MARINA\master\TFM\FSD50K_DATA\FSD50K.dev_audio\FSD50K_cough_stage1_only\331067.wav,FSD50K_DATA/FSD50K.dev_audio/FSD50K_cough_stage1_only/331067.wav,0.6065079365079366,0.0,0.6065079365079366,"Cough,Respiratory_sounds","/m/01b_21,/m/09hlz4",Throat_Clear_03.wav,n_audioman,http://creativecommons.org/licenses/by/3.0/,CC-BY-3.0,True,,,False,cough_with_expected_hierarchy_only,already_present,C:\Users\Usuario\Desktop\UNI MARINA\master\TFM\FSD50K_DATA\FSD50K.dev_audio\FSD50K_cough_stage1_only\331067.wav,False,selected_license_safe,recommended_random_audit,https://freesound.org/s/331067/,source WAV preserved; model preprocessing may resample to 16 kHz mono and extract features,"""Throat_Clear_03.wav"" by n_audioman; Freesound ID 331067; CC-BY-3.0 (http://creativecommons.org/licenses/by/3.0/); accessed through FSD50K.",Cough|Respiratory_sounds,53572,452d0d77426e34159afa2fe9e2fc77a0989c9fa2c145275184e14f08824ebb60,44100,1,PCM_16,26747,0.6065079365079366,extracted_and_validated,,no,1.0|1.0|-1,2,0,0,1,pp_agreement
