fname,labels,mids,split,title,uploader,license,license_id,license_allowed,license_rejection_reason,additional_non_hierarchical_labels,has_additional_non_hierarchical_labels,audio_profile,local_audio_status,local_paths,conflict_in_negative_directory,selection_status,manual_review_status,dataset_origin,label,stage1_target,cough_type,cough_type_label,cough_type_consensus,stage2_eligible,stage2_exclusion_reason,source_url,planned_transformations,attribution_text,labels_exact
102539,"Speech,Cough,Human_voice,Respiratory_sounds","/m/09x0r,/m/01b_21,/m/09l8g,/m/09hlz4",train,TUBE OUT-TAKE.wav,sandyrb,http://creativecommons.org/licenses/by/3.0/,CC-BY-3.0,True,,Speech,True,cough_with_additional_labels_review_required,already_present,C:\Users\Usuario\Desktop\UNI MARINA\master\TFM\FSD50K_DATA\FSD50K.dev_audio\FSD50K_cough_stage1_only\102539.wav,False,selected_license_safe,mandatory_review_before_training,FSD50K,1,1,unknown,3,not_applicable_fsd50k,False,fsd50k_has_no_dry_wet_annotation,https://freesound.org/s/102539/,source WAV preserved; model preprocessing may resample to 16 kHz mono and extract features,"""TUBE OUT-TAKE.wav"" by sandyrb; Freesound ID 102539; CC-BY-3.0 (http://creativecommons.org/licenses/by/3.0/); accessed through FSD50K.",Cough|Human_voice|Respiratory_sounds|Speech
109638,"Cough,Respiratory_sounds","/m/01b_21,/m/09hlz4",train,FX - tos 2.wav,vinjatovix,http://creativecommons.org/licenses/by/3.0/,CC-BY-3.0,True,,,False,cough_with_expected_hierarchy_only,already_present,C:\Users\Usuario\Desktop\UNI MARINA\master\TFM\FSD50K_DATA\FSD50K.dev_audio\FSD50K_cough_stage1_only\109638.wav,False,selected_license_safe,recommended_random_audit,FSD50K,1,1,unknown,3,not_applicable_fsd50k,False,fsd50k_has_no_dry_wet_annotation,https://freesound.org/s/109638/,source WAV preserved; model preprocessing may resample to 16 kHz mono and extract features,"""FX - tos 2.wav"" by vinjatovix; Freesound ID 109638; CC-BY-3.0 (http://creativecommons.org/licenses/by/3.0/); accessed through FSD50K.",Cough|Respiratory_sounds
109639,"Cough,Respiratory_sounds","/m/01b_21,/m/09hlz4",train,FX - tos 3.wav,vinjatovix,http://creativecommons.org/licenses/by/3.0/,CC-BY-3.0,True,,,False,cough_with_expected_hierarchy_only,already_present,C:\Users\Usuario\Desktop\UNI MARINA\master\TFM\FSD50K_DATA\FSD50K.dev_audio\FSD50K_cough_stage1_only\109639.wav,False,selected_license_safe,recommended_random_audit,FSD50K,1,1,unknown,3,not_applicable_fsd50k,False,fsd50k_has_no_dry_wet_annotation,https://freesound.org/s/109639/,source WAV preserved; model preprocessing may resample to 16 kHz mono and extract features,"""FX - tos 3.wav"" by vinjatovix; Freesound ID 109639; CC-BY-3.0 (http://creativecommons.org/licenses/by/3.0/); accessed through FSD50K.",Cough|Respiratory_sounds
109640,"Cough,Respiratory_sounds","/m/01b_21,/m/09hlz4",train,FX - tos.wav,vinjatovix,http://creativecommons.org/licenses/by/3.0/,CC-BY-3.0,True,,,False,cough_with_expected_hierarchy_only,already_present,C:\Users\Usuario\Desktop\UNI MARINA\master\TFM\FSD50K_DATA\FSD50K.dev_audio\FSD50K_cough_stage1_only\109640.wav,False,selected_license_safe,recommended_random_audit,FSD50K,1,1,unknown,3,not_applicable_fsd50k,False,fsd50k_has_no_dry_wet_annotation,https://freesound.org/s/109640/,source WAV preserved; model preprocessing may resample to 16 kHz mono and extract features,"""FX - tos.wav"" by vinjatovix; Freesound ID 109640; CC-BY-3.0 (http://creativecommons.org/licenses/by/3.0/); accessed through FSD50K.",Cough|Respiratory_sounds
120213,"Cough,Respiratory_sounds","/m/01b_21,/m/09hlz4",train,Coughing.wav,sportygurl37,http://creativecommons.org/licenses/by/3.0/,CC-BY-3.0,True,,,False,cough_with_expected_hierarchy_only,already_present,C:\Users\Usuario\Desktop\UNI MARINA\master\TFM\FSD50K_DATA\FSD50K.dev_audio\FSD50K_cough_stage1_only\120213.wav,False,selected_license_safe,recommended_random_audit,FSD50K,1,1,unknown,3,not_applicable_fsd50k,False,fsd50k_has_no_dry_wet_annotation,https://freesound.org/s/120213/,source WAV preserved; model preprocessing may resample to 16 kHz mono and extract features,"""Coughing.wav"" by sportygurl37; Freesound ID 120213; CC-BY-3.0 (http://creativecommons.org/licenses/by/3.0/); accessed through FSD50K.",Cough|Respiratory_sounds
125418,"Cough,Respiratory_sounds","/m/01b_21,/m/09hlz4",train,Man Coughing.wav,jyoung20,http://creativecommons.org/publicdomain/zero/1.0/,CC0-1.0,True,,,False,cough_with_expected_hierarchy_only,already_present,C:\Users\Usuario\Desktop\UNI MARINA\master\TFM\FSD50K_DATA\FSD50K.dev_audio\FSD50K_cough_stage1_only\125418.wav,False,selected_license_safe,recommended_random_audit,FSD50K,1,1,unknown,3,not_applicable_fsd50k,False,fsd50k_has_no_dry_wet_annotation,https://freesound.org/s/125418/,source WAV preserved; model preprocessing may resample to 16 kHz mono and extract features,"""Man Coughing.wav"" by jyoung20; Freesound ID 125418; CC0-1.0 (http://creativecommons.org/publicdomain/zero/1.0/); accessed through FSD50K.",Cough|Respiratory_sounds
132601,"Cough,Respiratory_sounds","/m/01b_21,/m/09hlz4",train,Cough.wav,CarlosSolano019,http://creativecommons.org/licenses/by/3.0/,CC-BY-3.0,True,,,False,cough_with_expected_hierarchy_only,already_present,C:\Users\Usuario\Desktop\UNI MARINA\master\TFM\FSD50K_DATA\FSD50K.dev_audio\FSD50K_cough_stage1_only\132601.wav,False,selected_license_safe,recommended_random_audit,FSD50K,1,1,unknown,3,not_applicable_fsd50k,False,fsd50k_has_no_dry_wet_annotation,https://freesound.org/s/132601/,source WAV preserved; model preprocessing may resample to 16 kHz mono and extract features,"""Cough.wav"" by CarlosSolano019; Freesound ID 132601; CC-BY-3.0 (http://creativecommons.org/licenses/by/3.0/); accessed through FSD50K.",Cough|Respiratory_sounds
142603,"Cough,Respiratory_sounds","/m/01b_21,/m/09hlz4",train,cough2.mp3,loisgwenllian,http://creativecommons.org/publicdomain/zero/1.0/,CC0-1.0,True,,,False,cough_with_expected_hierarchy_only,already_present,C:\Users\Usuario\Desktop\UNI MARINA\master\TFM\FSD50K_DATA\FSD50K.dev_audio\FSD50K_cough_stage1_only\142603.wav,False,selected_license_safe,recommended_random_audit,FSD50K,1,1,unknown,3,not_applicable_fsd50k,False,fsd50k_has_no_dry_wet_annotation,https://freesound.org/s/142603/,source WAV preserved; model preprocessing may resample to 16 kHz mono and extract features,"""cough2.mp3"" by loisgwenllian; Freesound ID 142603; CC0-1.0 (http://creativecommons.org/publicdomain/zero/1.0/); accessed through FSD50K.",Cough|Respiratory_sounds
142604,"Cough,Respiratory_sounds","/m/01b_21,/m/09hlz4",train,cough1.mp3,loisgwenllian,http://creativecommons.org/publicdomain/zero/1.0/,CC0-1.0,True,,,False,cough_with_expected_hierarchy_only,already_present,C:\Users\Usuario\Desktop\UNI MARINA\master\TFM\FSD50K_DATA\FSD50K.dev_audio\FSD50K_cough_stage1_only\142604.wav,False,selected_license_safe,recommended_random_audit,FSD50K,1,1,unknown,3,not_applicable_fsd50k,False,fsd50k_has_no_dry_wet_annotation,https://freesound.org/s/142604/,source WAV preserved; model preprocessing may resample to 16 kHz mono and extract features,"""cough1.mp3"" by loisgwenllian; Freesound ID 142604; CC0-1.0 (http://creativecommons.org/publicdomain/zero/1.0/); accessed through FSD50K.",Cough|Respiratory_sounds
144254,"Cough,Respiratory_sounds","/m/01b_21,/m/09hlz4",train,Human-Man-Coughing.wav,D W,http://creativecommons.org/licenses/by/3.0/,CC-BY-3.0,True,,,False,cough_with_expected_hierarchy_only,already_present,C:\Users\Usuario\Desktop\UNI MARINA\master\TFM\FSD50K_DATA\FSD50K.dev_audio\FSD50K_cough_stage1_only\144254.wav,False,selected_license_safe,recommended_random_audit,FSD50K,1,1,unknown,3,not_applicable_fsd50k,False,fsd50k_has_no_dry_wet_annotation,https://freesound.org/s/144254/,source WAV preserved; model preprocessing may resample to 16 kHz mono and extract features,"""Human-Man-Coughing.wav"" by D W; Freesound ID 144254; CC-BY-3.0 (http://creativecommons.org/licenses/by/3.0/); accessed through FSD50K.",Cough|Respiratory_sounds
145487,"Cough,Respiratory_sounds","/m/01b_21,/m/09hlz4",train,0005 Cough,bmoreno,http://creativecommons.org/licenses/by/3.0/,CC-BY-3.0,True,,,False,cough_with_expected_hierarchy_only,already_present,C:\Users\Usuario\Desktop\UNI MARINA\master\TFM\FSD50K_DATA\FSD50K.dev_audio\FSD50K_cough_stage1_only\145487.wav,False,selected_license_safe,recommended_random_audit,FSD50K,1,1,unknown,3,not_applicable_fsd50k,False,fsd50k_has_no_dry_wet_annotation,https://freesound.org/s/145487/,source WAV preserved; model preprocessing may resample to 16 kHz mono and extract features,"""0005 Cough"" by bmoreno; Freesound ID 145487; CC-BY-3.0 (http://creativecommons.org/licenses/by/3.0/); accessed through FSD50K.",Cough|Respiratory_sounds
148205,"Cough,Respiratory_sounds","/m/01b_21,/m/09hlz4",train,riure 3_aeiraval_petits.mp3,espaitecnologic,http://creativecommons.org/publicdomain/zero/1.0/,CC0-1.0,True,,,False,cough_with_expected_hierarchy_only,already_present,C:\Users\Usuario\Desktop\UNI MARINA\master\TFM\FSD50K_DATA\FSD50K.dev_audio\FSD50K_cough_stage1_only\148205.wav,False,selected_license_safe,recommended_random_audit,FSD50K,1,1,unknown,3,not_applicable_fsd50k,False,fsd50k_has_no_dry_wet_annotation,https://freesound.org/s/148205/,source WAV preserved; model preprocessing may resample to 16 kHz mono and extract features,"""riure 3_aeiraval_petits.mp3"" by espaitecnologic; Freesound ID 148205; CC0-1.0 (http://creativecommons.org/publicdomain/zero/1.0/); accessed through FSD50K.",Cough|Respiratory_sounds
148212,"Cough,Respiratory_sounds","/m/01b_21,/m/09hlz4",train,tos_aeiraval_petits.mp3,espaitecnologic,http://creativecommons.org/publicdomain/zero/1.0/,CC0-1.0,True,,,False,cough_with_expected_hierarchy_only,already_present,C:\Users\Usuario\Desktop\UNI MARINA\master\TFM\FSD50K_DATA\FSD50K.dev_audio\FSD50K_cough_stage1_only\148212.wav,False,selected_license_safe,recommended_random_audit,FSD50K,1,1,unknown,3,not_applicable_fsd50k,False,fsd50k_has_no_dry_wet_annotation,https://freesound.org/s/148212/,source WAV preserved; model preprocessing may resample to 16 kHz mono and extract features,"""tos_aeiraval_petits.mp3"" by espaitecnologic; Freesound ID 148212; CC0-1.0 (http://creativecommons.org/publicdomain/zero/1.0/); accessed through FSD50K.",Cough|Respiratory_sounds
148224,"Cough,Respiratory_sounds","/m/01b_21,/m/09hlz4",train,cough2,skxr,http://creativecommons.org/publicdomain/zero/1.0/,CC0-1.0,True,,,False,cough_with_expected_hierarchy_only,already_present,C:\Users\Usuario\Desktop\UNI MARINA\master\TFM\FSD50K_DATA\FSD50K.dev_audio\FSD50K_cough_stage1_only\148224.wav,False,selected_license_safe,recommended_random_audit,FSD50K,1,1,unknown,3,not_applicable_fsd50k,False,fsd50k_has_no_dry_wet_annotation,https://freesound.org/s/148224/,source WAV preserved; model preprocessing may resample to 16 kHz mono and extract features,"""cough2"" by skxr; Freesound ID 148224; CC0-1.0 (http://creativecommons.org/publicdomain/zero/1.0/); accessed through FSD50K.",Cough|Respiratory_sounds
148225,"Human_voice,Cough,Respiratory_sounds","/m/09l8g,/m/01b_21,/m/09hlz4",train,cough1.flac,skxr,http://creativecommons.org/publicdomain/zero/1.0/,CC0-1.0,True,,,False,cough_with_expected_hierarchy_only,already_present,C:\Users\Usuario\Desktop\UNI MARINA\master\TFM\FSD50K_DATA\FSD50K.dev_audio\FSD50K_cough_stage1_only\148225.wav,False,selected_license_safe,recommended_random_audit,FSD50K,1,1,unknown,3,not_applicable_fsd50k,False,fsd50k_has_no_dry_wet_annotation,https://freesound.org/s/148225/,source WAV preserved; model preprocessing may resample to 16 kHz mono and extract features,"""cough1.flac"" by skxr; Freesound ID 148225; CC0-1.0 (http://creativecommons.org/publicdomain/zero/1.0/); accessed through FSD50K.",Cough|Human_voice|Respiratory_sounds
148310,"Cough,Respiratory_sounds","/m/01b_21,/m/09hlz4",train,cough.wav,ElGeorgia,http://creativecommons.org/publicdomain/zero/1.0/,CC0-1.0,True,,,False,cough_with_expected_hierarchy_only,already_present,C:\Users\Usuario\Desktop\UNI MARINA\master\TFM\FSD50K_DATA\FSD50K.dev_audio\FSD50K_cough_stage1_only\148310.wav,False,selected_license_safe,recommended_random_audit,FSD50K,1,1,unknown,3,not_applicable_fsd50k,False,fsd50k_has_no_dry_wet_annotation,https://freesound.org/s/148310/,source WAV preserved; model preprocessing may resample to 16 kHz mono and extract features,"""cough.wav"" by ElGeorgia; Freesound ID 148310; CC0-1.0 (http://creativecommons.org/publicdomain/zero/1.0/); accessed through FSD50K.",Cough|Respiratory_sounds
149042,"Cough,Respiratory_sounds","/m/01b_21,/m/09hlz4",train,manCough2.wav,Zabuhailo,http://creativecommons.org/licenses/by/3.0/,CC-BY-3.0,True,,,False,cough_with_expected_hierarchy_only,already_present,C:\Users\Usuario\Desktop\UNI MARINA\master\TFM\FSD50K_DATA\FSD50K.dev_audio\FSD50K_cough_stage1_only\149042.wav,False,selected_license_safe,recommended_random_audit,FSD50K,1,1,unknown,3,not_applicable_fsd50k,False,fsd50k_has_no_dry_wet_annotation,https://freesound.org/s/149042/,source WAV preserved; model preprocessing may resample to 16 kHz mono and extract features,"""manCough2.wav"" by Zabuhailo; Freesound ID 149042; CC-BY-3.0 (http://creativecommons.org/licenses/by/3.0/); accessed through FSD50K.",Cough|Respiratory_sounds
149043,"Cough,Respiratory_sounds","/m/01b_21,/m/09hlz4",train,manCough1.wav,Zabuhailo,http://creativecommons.org/licenses/by/3.0/,CC-BY-3.0,True,,,False,cough_with_expected_hierarchy_only,already_present,C:\Users\Usuario\Desktop\UNI MARINA\master\TFM\FSD50K_DATA\FSD50K.dev_audio\FSD50K_cough_stage1_only\149043.wav,False,selected_license_safe,recommended_random_audit,FSD50K,1,1,unknown,3,not_applicable_fsd50k,False,fsd50k_has_no_dry_wet_annotation,https://freesound.org/s/149043/,source WAV preserved; model preprocessing may resample to 16 kHz mono and extract features,"""manCough1.wav"" by Zabuhailo; Freesound ID 149043; CC-BY-3.0 (http://creativecommons.org/licenses/by/3.0/); accessed through FSD50K.",Cough|Respiratory_sounds
151212,"Cough,Respiratory_sounds","/m/01b_21,/m/09hlz4",train,Cough (2),OwlStorm,http://creativecommons.org/licenses/by/3.0/,CC-BY-3.0,True,,,False,cough_with_expected_hierarchy_only,already_present,C:\Users\Usuario\Desktop\UNI MARINA\master\TFM\FSD50K_DATA\FSD50K.dev_audio\FSD50K_cough_stage1_only\151212.wav,False,selected_license_safe,recommended_random_audit,FSD50K,1,1,unknown,3,not_applicable_fsd50k,False,fsd50k_has_no_dry_wet_annotation,https://freesound.org/s/151212/,source WAV preserved; model preprocessing may resample to 16 kHz mono and extract features,"""Cough (2)"" by OwlStorm; Freesound ID 151212; CC-BY-3.0 (http://creativecommons.org/licenses/by/3.0/); accessed through FSD50K.",Cough|Respiratory_sounds
151213,"Cough,Respiratory_sounds","/m/01b_21,/m/09hlz4",train,Cough Female,OwlStorm,http://creativecommons.org/licenses/by/3.0/,CC-BY-3.0,True,,,False,cough_with_expected_hierarchy_only,already_present,C:\Users\Usuario\Desktop\UNI MARINA\master\TFM\FSD50K_DATA\FSD50K.dev_audio\FSD50K_cough_stage1_only\151213.wav,False,selected_license_safe,recommended_random_audit,FSD50K,1,1,unknown,3,not_applicable_fsd50k,False,fsd50k_has_no_dry_wet_annotation,https://freesound.org/s/151213/,source WAV preserved; model preprocessing may resample to 16 kHz mono and extract features,"""Cough Female"" by OwlStorm; Freesound ID 151213; CC-BY-3.0 (http://creativecommons.org/licenses/by/3.0/); accessed through FSD50K.",Cough|Respiratory_sounds
151217,"Cough,Respiratory_sounds","/m/01b_21,/m/09hlz4",train,Cough (3),OwlStorm,http://creativecommons.org/licenses/by/3.0/,CC-BY-3.0,True,,,False,cough_with_expected_hierarchy_only,already_present,C:\Users\Usuario\Desktop\UNI MARINA\master\TFM\FSD50K_DATA\FSD50K.dev_audio\FSD50K_cough_stage1_only\151217.wav,False,selected_license_safe,recommended_random_audit,FSD50K,1,1,unknown,3,not_applicable_fsd50k,False,fsd50k_has_no_dry_wet_annotation,https://freesound.org/s/151217/,source WAV preserved; model preprocessing may resample to 16 kHz mono and extract features,"""Cough (3)"" by OwlStorm; Freesound ID 151217; CC-BY-3.0 (http://creativecommons.org/licenses/by/3.0/); accessed through FSD50K.",Cough|Respiratory_sounds
151921,"Cough,Respiratory_sounds","/m/01b_21,/m/09hlz4",train,Clearing throat.aif,carroll27,http://creativecommons.org/publicdomain/zero/1.0/,CC0-1.0,True,,,False,cough_with_expected_hierarchy_only,already_present,C:\Users\Usuario\Desktop\UNI MARINA\master\TFM\FSD50K_DATA\FSD50K.dev_audio\FSD50K_cough_stage1_only\151921.wav,False,selected_license_safe,recommended_random_audit,FSD50K,1,1,unknown,3,not_applicable_fsd50k,False,fsd50k_has_no_dry_wet_annotation,https://freesound.org/s/151921/,source WAV preserved; model preprocessing may resample to 16 kHz mono and extract features,"""Clearing throat.aif"" by carroll27; Freesound ID 151921; CC0-1.0 (http://creativecommons.org/publicdomain/zero/1.0/); accessed through FSD50K.",Cough|Respiratory_sounds
154434,"Cough,Respiratory_sounds","/m/01b_21,/m/09hlz4",train,Cough 1.wav,ecfike,http://creativecommons.org/publicdomain/zero/1.0/,CC0-1.0,True,,,False,cough_with_expected_hierarchy_only,already_present,C:\Users\Usuario\Desktop\UNI MARINA\master\TFM\FSD50K_DATA\FSD50K.dev_audio\FSD50K_cough_stage1_only\154434.wav,False,selected_license_safe,recommended_random_audit,FSD50K,1,1,unknown,3,not_applicable_fsd50k,False,fsd50k_has_no_dry_wet_annotation,https://freesound.org/s/154434/,source WAV preserved; model preprocessing may resample to 16 kHz mono and extract features,"""Cough 1.wav"" by ecfike; Freesound ID 154434; CC0-1.0 (http://creativecommons.org/publicdomain/zero/1.0/); accessed through FSD50K.",Cough|Respiratory_sounds
154443,"Cough,Respiratory_sounds","/m/01b_21,/m/09hlz4",train,Cough 2.wav,ecfike,http://creativecommons.org/publicdomain/zero/1.0/,CC0-1.0,True,,,False,cough_with_expected_hierarchy_only,already_present,C:\Users\Usuario\Desktop\UNI MARINA\master\TFM\FSD50K_DATA\FSD50K.dev_audio\FSD50K_cough_stage1_only\154443.wav,False,selected_license_safe,recommended_random_audit,FSD50K,1,1,unknown,3,not_applicable_fsd50k,False,fsd50k_has_no_dry_wet_annotation,https://freesound.org/s/154443/,source WAV preserved; model preprocessing may resample to 16 kHz mono and extract features,"""Cough 2.wav"" by ecfike; Freesound ID 154443; CC0-1.0 (http://creativecommons.org/publicdomain/zero/1.0/); accessed through FSD50K.",Cough|Respiratory_sounds
154444,"Cough,Respiratory_sounds","/m/01b_21,/m/09hlz4",train,Cough 3.wav,ecfike,http://creativecommons.org/publicdomain/zero/1.0/,CC0-1.0,True,,,False,cough_with_expected_hierarchy_only,already_present,C:\Users\Usuario\Desktop\UNI MARINA\master\TFM\FSD50K_DATA\FSD50K.dev_audio\FSD50K_cough_stage1_only\154444.wav,False,selected_license_safe,recommended_random_audit,FSD50K,1,1,unknown,3,not_applicable_fsd50k,False,fsd50k_has_no_dry_wet_annotation,https://freesound.org/s/154444/,source WAV preserved; model preprocessing may resample to 16 kHz mono and extract features,"""Cough 3.wav"" by ecfike; Freesound ID 154444; CC0-1.0 (http://creativecommons.org/publicdomain/zero/1.0/); accessed through FSD50K.",Cough|Respiratory_sounds
155904,"Cough,Respiratory_sounds","/m/01b_21,/m/09hlz4",train,Cough2.wav,tiptoe84,http://creativecommons.org/publicdomain/zero/1.0/,CC0-1.0,True,,,False,cough_with_expected_hierarchy_only,already_present,C:\Users\Usuario\Desktop\UNI MARINA\master\TFM\FSD50K_DATA\FSD50K.dev_audio\FSD50K_cough_stage1_only\155904.wav,False,selected_license_safe,recommended_random_audit,FSD50K,1,1,unknown,3,not_applicable_fsd50k,False,fsd50k_has_no_dry_wet_annotation,https://freesound.org/s/155904/,source WAV preserved; model preprocessing may resample to 16 kHz mono and extract features,"""Cough2.wav"" by tiptoe84; Freesound ID 155904; CC0-1.0 (http://creativecommons.org/publicdomain/zero/1.0/); accessed through FSD50K.",Cough|Respiratory_sounds
155905,"Cough,Respiratory_sounds","/m/01b_21,/m/09hlz4",train,Cough.wav,tiptoe84,http://creativecommons.org/publicdomain/zero/1.0/,CC0-1.0,True,,,False,cough_with_expected_hierarchy_only,already_present,C:\Users\Usuario\Desktop\UNI MARINA\master\TFM\FSD50K_DATA\FSD50K.dev_audio\FSD50K_cough_stage1_only\155905.wav,False,selected_license_safe,recommended_random_audit,FSD50K,1,1,unknown,3,not_applicable_fsd50k,False,fsd50k_has_no_dry_wet_annotation,https://freesound.org/s/155905/,source WAV preserved; model preprocessing may resample to 16 kHz mono and extract features,"""Cough.wav"" by tiptoe84; Freesound ID 155905; CC0-1.0 (http://creativecommons.org/publicdomain/zero/1.0/); accessed through FSD50K.",Cough|Respiratory_sounds
157293,"Cough,Respiratory_sounds","/m/01b_21,/m/09hlz4",train,Bug Sprayed.wav,husky70,http://creativecommons.org/publicdomain/zero/1.0/,CC0-1.0,True,,,False,cough_with_expected_hierarchy_only,already_present,C:\Users\Usuario\Desktop\UNI MARINA\master\TFM\FSD50K_DATA\FSD50K.dev_audio\FSD50K_cough_stage1_only\157293.wav,False,selected_license_safe,recommended_random_audit,FSD50K,1,1,unknown,3,not_applicable_fsd50k,False,fsd50k_has_no_dry_wet_annotation,https://freesound.org/s/157293/,source WAV preserved; model preprocessing may resample to 16 kHz mono and extract features,"""Bug Sprayed.wav"" by husky70; Freesound ID 157293; CC0-1.0 (http://creativecommons.org/publicdomain/zero/1.0/); accessed through FSD50K.",Cough|Respiratory_sounds
157296,"Cough,Respiratory_sounds","/m/01b_21,/m/09hlz4",train,Coughing Cough.wav,husky70,http://creativecommons.org/publicdomain/zero/1.0/,CC0-1.0,True,,,False,cough_with_expected_hierarchy_only,already_present,C:\Users\Usuario\Desktop\UNI MARINA\master\TFM\FSD50K_DATA\FSD50K.dev_audio\FSD50K_cough_stage1_only\157296.wav,False,selected_license_safe,recommended_random_audit,FSD50K,1,1,unknown,3,not_applicable_fsd50k,False,fsd50k_has_no_dry_wet_annotation,https://freesound.org/s/157296/,source WAV preserved; model preprocessing may resample to 16 kHz mono and extract features,"""Coughing Cough.wav"" by husky70; Freesound ID 157296; CC0-1.0 (http://creativecommons.org/publicdomain/zero/1.0/); accessed through FSD50K.",Cough|Respiratory_sounds
169726,"Cough,Respiratory_sounds","/m/01b_21,/m/09hlz4",train,Cough!,qubodup,http://creativecommons.org/publicdomain/zero/1.0/,CC0-1.0,True,,,False,cough_with_expected_hierarchy_only,already_present,C:\Users\Usuario\Desktop\UNI MARINA\master\TFM\FSD50K_DATA\FSD50K.dev_audio\FSD50K_cough_stage1_only\169726.wav,False,selected_license_safe,recommended_random_audit,FSD50K,1,1,unknown,3,not_applicable_fsd50k,False,fsd50k_has_no_dry_wet_annotation,https://freesound.org/s/169726/,source WAV preserved; model preprocessing may resample to 16 kHz mono and extract features,"""Cough!"" by qubodup; Freesound ID 169726; CC0-1.0 (http://creativecommons.org/publicdomain/zero/1.0/); accessed through FSD50K.",Cough|Respiratory_sounds
171396,"Cough,Respiratory_sounds","/m/01b_21,/m/09hlz4",train,Wet Cough,unfa,http://creativecommons.org/licenses/by/3.0/,CC-BY-3.0,True,,,False,cough_with_expected_hierarchy_only,already_present,C:\Users\Usuario\Desktop\UNI MARINA\master\TFM\FSD50K_DATA\FSD50K.dev_audio\FSD50K_cough_stage1_only\171396.wav,False,selected_license_safe,recommended_random_audit,FSD50K,1,1,unknown,3,not_applicable_fsd50k,False,fsd50k_has_no_dry_wet_annotation,https://freesound.org/s/171396/,source WAV preserved; model preprocessing may resample to 16 kHz mono and extract features,"""Wet Cough"" by unfa; Freesound ID 171396; CC-BY-3.0 (http://creativecommons.org/licenses/by/3.0/); accessed through FSD50K.",Cough|Respiratory_sounds
171542,"Cough,Respiratory_sounds","/m/01b_21,/m/09hlz4",train,coughing,Eelke,http://creativecommons.org/licenses/by/3.0/,CC-BY-3.0,True,,,False,cough_with_expected_hierarchy_only,already_present,C:\Users\Usuario\Desktop\UNI MARINA\master\TFM\FSD50K_DATA\FSD50K.dev_audio\FSD50K_cough_stage1_only\171542.wav,False,selected_license_safe,recommended_random_audit,FSD50K,1,1,unknown,3,not_applicable_fsd50k,False,fsd50k_has_no_dry_wet_annotation,https://freesound.org/s/171542/,source WAV preserved; model preprocessing may resample to 16 kHz mono and extract features,"""coughing"" by Eelke; Freesound ID 171542; CC-BY-3.0 (http://creativecommons.org/licenses/by/3.0/); accessed through FSD50K.",Cough|Respiratory_sounds
17167,"Cough,Respiratory_sounds","/m/01b_21,/m/09hlz4",train,Cough01.wav,LG,http://creativecommons.org/licenses/by/3.0/,CC-BY-3.0,True,,,False,cough_with_expected_hierarchy_only,already_present,C:\Users\Usuario\Desktop\UNI MARINA\master\TFM\FSD50K_DATA\FSD50K.dev_audio\FSD50K_cough_stage1_only\17167.wav,False,selected_license_safe,recommended_random_audit,FSD50K,1,1,unknown,3,not_applicable_fsd50k,False,fsd50k_has_no_dry_wet_annotation,https://freesound.org/s/17167/,source WAV preserved; model preprocessing may resample to 16 kHz mono and extract features,"""Cough01.wav"" by LG; Freesound ID 17167; CC-BY-3.0 (http://creativecommons.org/licenses/by/3.0/); accessed through FSD50K.",Cough|Respiratory_sounds
17168,"Human_voice,Cough,Respiratory_sounds","/m/09l8g,/m/01b_21,/m/09hlz4",train,Cough02.wav,LG,http://creativecommons.org/licenses/by/3.0/,CC-BY-3.0,True,,,False,cough_with_expected_hierarchy_only,already_present,C:\Users\Usuario\Desktop\UNI MARINA\master\TFM\FSD50K_DATA\FSD50K.dev_audio\FSD50K_cough_stage1_only\17168.wav,False,selected_license_safe,recommended_random_audit,FSD50K,1,1,unknown,3,not_applicable_fsd50k,False,fsd50k_has_no_dry_wet_annotation,https://freesound.org/s/17168/,source WAV preserved; model preprocessing may resample to 16 kHz mono and extract features,"""Cough02.wav"" by LG; Freesound ID 17168; CC-BY-3.0 (http://creativecommons.org/licenses/by/3.0/); accessed through FSD50K.",Cough|Human_voice|Respiratory_sounds
177835,"Cough,Respiratory_sounds","/m/01b_21,/m/09hlz4",train,Cough Funny,unfa,http://creativecommons.org/licenses/by/3.0/,CC-BY-3.0,True,,,False,cough_with_expected_hierarchy_only,already_present,C:\Users\Usuario\Desktop\UNI MARINA\master\TFM\FSD50K_DATA\FSD50K.dev_audio\FSD50K_cough_stage1_only\177835.wav,False,selected_license_safe,recommended_random_audit,FSD50K,1,1,unknown,3,not_applicable_fsd50k,False,fsd50k_has_no_dry_wet_annotation,https://freesound.org/s/177835/,source WAV preserved; model preprocessing may resample to 16 kHz mono and extract features,"""Cough Funny"" by unfa; Freesound ID 177835; CC-BY-3.0 (http://creativecommons.org/licenses/by/3.0/); accessed through FSD50K.",Cough|Respiratory_sounds
178997,"Cough,Respiratory_sounds","/m/01b_21,/m/09hlz4",train,Coughing.wav,BIGTexan7213,http://creativecommons.org/licenses/by/3.0/,CC-BY-3.0,True,,,False,cough_with_expected_hierarchy_only,already_present,C:\Users\Usuario\Desktop\UNI MARINA\master\TFM\FSD50K_DATA\FSD50K.dev_audio\FSD50K_cough_stage1_only\178997.wav,False,selected_license_safe,recommended_random_audit,FSD50K,1,1,unknown,3,not_applicable_fsd50k,False,fsd50k_has_no_dry_wet_annotation,https://freesound.org/s/178997/,source WAV preserved; model preprocessing may resample to 16 kHz mono and extract features,"""Coughing.wav"" by BIGTexan7213; Freesound ID 178997; CC-BY-3.0 (http://creativecommons.org/licenses/by/3.0/); accessed through FSD50K.",Cough|Respiratory_sounds
180036,"Cough,Respiratory_sounds","/m/01b_21,/m/09hlz4",train,Sickness 09: blowing nose + cough,unfa,http://creativecommons.org/licenses/by/3.0/,CC-BY-3.0,True,,,False,cough_with_expected_hierarchy_only,already_present,C:\Users\Usuario\Desktop\UNI MARINA\master\TFM\FSD50K_DATA\FSD50K.dev_audio\FSD50K_cough_stage1_only\180036.wav,False,selected_license_safe,recommended_random_audit,FSD50K,1,1,unknown,3,not_applicable_fsd50k,False,fsd50k_has_no_dry_wet_annotation,https://freesound.org/s/180036/,source WAV preserved; model preprocessing may resample to 16 kHz mono and extract features,"""Sickness 09: blowing nose + cough"" by unfa; Freesound ID 180036; CC-BY-3.0 (http://creativecommons.org/licenses/by/3.0/); accessed through FSD50K.",Cough|Respiratory_sounds
180037,"Cough,Respiratory_sounds","/m/01b_21,/m/09hlz4",train,Sickness 07: blowing nose + cough,unfa,http://creativecommons.org/licenses/by/3.0/,CC-BY-3.0,True,,,False,cough_with_expected_hierarchy_only,already_present,C:\Users\Usuario\Desktop\UNI MARINA\master\TFM\FSD50K_DATA\FSD50K.dev_audio\FSD50K_cough_stage1_only\180037.wav,False,selected_license_safe,recommended_random_audit,FSD50K,1,1,unknown,3,not_applicable_fsd50k,False,fsd50k_has_no_dry_wet_annotation,https://freesound.org/s/180037/,source WAV preserved; model preprocessing may resample to 16 kHz mono and extract features,"""Sickness 07: blowing nose + cough"" by unfa; Freesound ID 180037; CC-BY-3.0 (http://creativecommons.org/licenses/by/3.0/); accessed through FSD50K.",Cough|Respiratory_sounds
180040,"Cough,Respiratory_sounds","/m/01b_21,/m/09hlz4",train,Sickness 08:  cough,unfa,http://creativecommons.org/licenses/by/3.0/,CC-BY-3.0,True,,,False,cough_with_expected_hierarchy_only,already_present,C:\Users\Usuario\Desktop\UNI MARINA\master\TFM\FSD50K_DATA\FSD50K.dev_audio\FSD50K_cough_stage1_only\180040.wav,False,selected_license_safe,recommended_random_audit,FSD50K,1,1,unknown,3,not_applicable_fsd50k,False,fsd50k_has_no_dry_wet_annotation,https://freesound.org/s/180040/,source WAV preserved; model preprocessing may resample to 16 kHz mono and extract features,"""Sickness 08:  cough"" by unfa; Freesound ID 180040; CC-BY-3.0 (http://creativecommons.org/licenses/by/3.0/); accessed through FSD50K.",Cough|Respiratory_sounds
180041,"Cough,Respiratory_sounds","/m/01b_21,/m/09hlz4",train,Sickness 02:  cough,unfa,http://creativecommons.org/licenses/by/3.0/,CC-BY-3.0,True,,,False,cough_with_expected_hierarchy_only,already_present,C:\Users\Usuario\Desktop\UNI MARINA\master\TFM\FSD50K_DATA\FSD50K.dev_audio\FSD50K_cough_stage1_only\180041.wav,False,selected_license_safe,recommended_random_audit,FSD50K,1,1,unknown,3,not_applicable_fsd50k,False,fsd50k_has_no_dry_wet_annotation,https://freesound.org/s/180041/,source WAV preserved; model preprocessing may resample to 16 kHz mono and extract features,"""Sickness 02:  cough"" by unfa; Freesound ID 180041; CC-BY-3.0 (http://creativecommons.org/licenses/by/3.0/); accessed through FSD50K.",Cough|Respiratory_sounds
180042,"Cough,Respiratory_sounds","/m/01b_21,/m/09hlz4",train,Sickness 01:  cough,unfa,http://creativecommons.org/licenses/by/3.0/,CC-BY-3.0,True,,,False,cough_with_expected_hierarchy_only,already_present,C:\Users\Usuario\Desktop\UNI MARINA\master\TFM\FSD50K_DATA\FSD50K.dev_audio\FSD50K_cough_stage1_only\180042.wav,False,selected_license_safe,recommended_random_audit,FSD50K,1,1,unknown,3,not_applicable_fsd50k,False,fsd50k_has_no_dry_wet_annotation,https://freesound.org/s/180042/,source WAV preserved; model preprocessing may resample to 16 kHz mono and extract features,"""Sickness 01:  cough"" by unfa; Freesound ID 180042; CC-BY-3.0 (http://creativecommons.org/licenses/by/3.0/); accessed through FSD50K.",Cough|Respiratory_sounds
180043,"Cough,Respiratory_sounds","/m/01b_21,/m/09hlz4",train,Sickness 03:  cough + running nose,unfa,http://creativecommons.org/licenses/by/3.0/,CC-BY-3.0,True,,,False,cough_with_expected_hierarchy_only,already_present,C:\Users\Usuario\Desktop\UNI MARINA\master\TFM\FSD50K_DATA\FSD50K.dev_audio\FSD50K_cough_stage1_only\180043.wav,False,selected_license_safe,recommended_random_audit,FSD50K,1,1,unknown,3,not_applicable_fsd50k,False,fsd50k_has_no_dry_wet_annotation,https://freesound.org/s/180043/,source WAV preserved; model preprocessing may resample to 16 kHz mono and extract features,"""Sickness 03:  cough + running nose"" by unfa; Freesound ID 180043; CC-BY-3.0 (http://creativecommons.org/licenses/by/3.0/); accessed through FSD50K.",Cough|Respiratory_sounds
180044,"Cough,Respiratory_sounds","/m/01b_21,/m/09hlz4",train,Sickness 05: running nose,unfa,http://creativecommons.org/licenses/by/3.0/,CC-BY-3.0,True,,,False,cough_with_expected_hierarchy_only,already_present,C:\Users\Usuario\Desktop\UNI MARINA\master\TFM\FSD50K_DATA\FSD50K.dev_audio\FSD50K_cough_stage1_only\180044.wav,False,selected_license_safe,recommended_random_audit,FSD50K,1,1,unknown,3,not_applicable_fsd50k,False,fsd50k_has_no_dry_wet_annotation,https://freesound.org/s/180044/,source WAV preserved; model preprocessing may resample to 16 kHz mono and extract features,"""Sickness 05: running nose"" by unfa; Freesound ID 180044; CC-BY-3.0 (http://creativecommons.org/licenses/by/3.0/); accessed through FSD50K.",Cough|Respiratory_sounds
180045,"Cough,Respiratory_sounds","/m/01b_21,/m/09hlz4",train,Sickness 10: cough,unfa,http://creativecommons.org/licenses/by/3.0/,CC-BY-3.0,True,,,False,cough_with_expected_hierarchy_only,already_present,C:\Users\Usuario\Desktop\UNI MARINA\master\TFM\FSD50K_DATA\FSD50K.dev_audio\FSD50K_cough_stage1_only\180045.wav,False,selected_license_safe,recommended_random_audit,FSD50K,1,1,unknown,3,not_applicable_fsd50k,False,fsd50k_has_no_dry_wet_annotation,https://freesound.org/s/180045/,source WAV preserved; model preprocessing may resample to 16 kHz mono and extract features,"""Sickness 10: cough"" by unfa; Freesound ID 180045; CC-BY-3.0 (http://creativecommons.org/licenses/by/3.0/); accessed through FSD50K.",Cough|Respiratory_sounds
180046,"Sneeze,Cough,Respiratory_sounds","/m/01hsr_,/m/01b_21,/m/09hlz4",train,Sickness 11: sneeze + blowing nose,unfa,http://creativecommons.org/licenses/by/3.0/,CC-BY-3.0,True,,Sneeze,True,cough_with_additional_labels_review_required,already_present,C:\Users\Usuario\Desktop\UNI MARINA\master\TFM\FSD50K_DATA\FSD50K.dev_audio\FSD50K_cough_stage1_only\180046.wav,False,selected_license_safe,mandatory_review_before_training,FSD50K,1,1,unknown,3,not_applicable_fsd50k,False,fsd50k_has_no_dry_wet_annotation,https://freesound.org/s/180046/,source WAV preserved; model preprocessing may resample to 16 kHz mono and extract features,"""Sickness 11: sneeze + blowing nose"" by unfa; Freesound ID 180046; CC-BY-3.0 (http://creativecommons.org/licenses/by/3.0/); accessed through FSD50K.",Cough|Respiratory_sounds|Sneeze
184871,"Cough,Respiratory_sounds","/m/01b_21,/m/09hlz4",train,coughing,Eelke,http://creativecommons.org/publicdomain/zero/1.0/,CC0-1.0,True,,,False,cough_with_expected_hierarchy_only,already_present,C:\Users\Usuario\Desktop\UNI MARINA\master\TFM\FSD50K_DATA\FSD50K.dev_audio\FSD50K_cough_stage1_only\184871.wav,False,selected_license_safe,recommended_random_audit,FSD50K,1,1,unknown,3,not_applicable_fsd50k,False,fsd50k_has_no_dry_wet_annotation,https://freesound.org/s/184871/,source WAV preserved; model preprocessing may resample to 16 kHz mono and extract features,"""coughing"" by Eelke; Freesound ID 184871; CC0-1.0 (http://creativecommons.org/publicdomain/zero/1.0/); accessed through FSD50K.",Cough|Respiratory_sounds
19111,"Cough,Respiratory_sounds","/m/01b_21,/m/09hlz4",train,cough1.aiff,Fratz,http://creativecommons.org/licenses/by/3.0/,CC-BY-3.0,True,,,False,cough_with_expected_hierarchy_only,already_present,C:\Users\Usuario\Desktop\UNI MARINA\master\TFM\FSD50K_DATA\FSD50K.dev_audio\FSD50K_cough_stage1_only\19111.wav,False,selected_license_safe,recommended_random_audit,FSD50K,1,1,unknown,3,not_applicable_fsd50k,False,fsd50k_has_no_dry_wet_annotation,https://freesound.org/s/19111/,source WAV preserved; model preprocessing may resample to 16 kHz mono and extract features,"""cough1.aiff"" by Fratz; Freesound ID 19111; CC-BY-3.0 (http://creativecommons.org/licenses/by/3.0/); accessed through FSD50K.",Cough|Respiratory_sounds
19112,"Cough,Respiratory_sounds","/m/01b_21,/m/09hlz4",train,cough10.aiff,Fratz,http://creativecommons.org/licenses/by/3.0/,CC-BY-3.0,True,,,False,cough_with_expected_hierarchy_only,already_present,C:\Users\Usuario\Desktop\UNI MARINA\master\TFM\FSD50K_DATA\FSD50K.dev_audio\FSD50K_cough_stage1_only\19112.wav,False,selected_license_safe,recommended_random_audit,FSD50K,1,1,unknown,3,not_applicable_fsd50k,False,fsd50k_has_no_dry_wet_annotation,https://freesound.org/s/19112/,source WAV preserved; model preprocessing may resample to 16 kHz mono and extract features,"""cough10.aiff"" by Fratz; Freesound ID 19112; CC-BY-3.0 (http://creativecommons.org/licenses/by/3.0/); accessed through FSD50K.",Cough|Respiratory_sounds
19113,"Cough,Respiratory_sounds","/m/01b_21,/m/09hlz4",train,cough11.aiff,Fratz,http://creativecommons.org/licenses/by/3.0/,CC-BY-3.0,True,,,False,cough_with_expected_hierarchy_only,already_present,C:\Users\Usuario\Desktop\UNI MARINA\master\TFM\FSD50K_DATA\FSD50K.dev_audio\FSD50K_cough_stage1_only\19113.wav,False,selected_license_safe,recommended_random_audit,FSD50K,1,1,unknown,3,not_applicable_fsd50k,False,fsd50k_has_no_dry_wet_annotation,https://freesound.org/s/19113/,source WAV preserved; model preprocessing may resample to 16 kHz mono and extract features,"""cough11.aiff"" by Fratz; Freesound ID 19113; CC-BY-3.0 (http://creativecommons.org/licenses/by/3.0/); accessed through FSD50K.",Cough|Respiratory_sounds
19114,"Cough,Respiratory_sounds","/m/01b_21,/m/09hlz4",train,cough12.aiff,Fratz,http://creativecommons.org/licenses/by/3.0/,CC-BY-3.0,True,,,False,cough_with_expected_hierarchy_only,already_present,C:\Users\Usuario\Desktop\UNI MARINA\master\TFM\FSD50K_DATA\FSD50K.dev_audio\FSD50K_cough_stage1_only\19114.wav,False,selected_license_safe,recommended_random_audit,FSD50K,1,1,unknown,3,not_applicable_fsd50k,False,fsd50k_has_no_dry_wet_annotation,https://freesound.org/s/19114/,source WAV preserved; model preprocessing may resample to 16 kHz mono and extract features,"""cough12.aiff"" by Fratz; Freesound ID 19114; CC-BY-3.0 (http://creativecommons.org/licenses/by/3.0/); accessed through FSD50K.",Cough|Respiratory_sounds
19115,"Cough,Respiratory_sounds","/m/01b_21,/m/09hlz4",train,cough13.aiff,Fratz,http://creativecommons.org/licenses/by/3.0/,CC-BY-3.0,True,,,False,cough_with_expected_hierarchy_only,already_present,C:\Users\Usuario\Desktop\UNI MARINA\master\TFM\FSD50K_DATA\FSD50K.dev_audio\FSD50K_cough_stage1_only\19115.wav,False,selected_license_safe,recommended_random_audit,FSD50K,1,1,unknown,3,not_applicable_fsd50k,False,fsd50k_has_no_dry_wet_annotation,https://freesound.org/s/19115/,source WAV preserved; model preprocessing may resample to 16 kHz mono and extract features,"""cough13.aiff"" by Fratz; Freesound ID 19115; CC-BY-3.0 (http://creativecommons.org/licenses/by/3.0/); accessed through FSD50K.",Cough|Respiratory_sounds
19116,"Cough,Respiratory_sounds","/m/01b_21,/m/09hlz4",train,cough14.aiff,Fratz,http://creativecommons.org/licenses/by/3.0/,CC-BY-3.0,True,,,False,cough_with_expected_hierarchy_only,already_present,C:\Users\Usuario\Desktop\UNI MARINA\master\TFM\FSD50K_DATA\FSD50K.dev_audio\FSD50K_cough_stage1_only\19116.wav,False,selected_license_safe,recommended_random_audit,FSD50K,1,1,unknown,3,not_applicable_fsd50k,False,fsd50k_has_no_dry_wet_annotation,https://freesound.org/s/19116/,source WAV preserved; model preprocessing may resample to 16 kHz mono and extract features,"""cough14.aiff"" by Fratz; Freesound ID 19116; CC-BY-3.0 (http://creativecommons.org/licenses/by/3.0/); accessed through FSD50K.",Cough|Respiratory_sounds
19117,"Cough,Respiratory_sounds","/m/01b_21,/m/09hlz4",train,cough2.aiff,Fratz,http://creativecommons.org/licenses/by/3.0/,CC-BY-3.0,True,,,False,cough_with_expected_hierarchy_only,already_present,C:\Users\Usuario\Desktop\UNI MARINA\master\TFM\FSD50K_DATA\FSD50K.dev_audio\FSD50K_cough_stage1_only\19117.wav,False,selected_license_safe,recommended_random_audit,FSD50K,1,1,unknown,3,not_applicable_fsd50k,False,fsd50k_has_no_dry_wet_annotation,https://freesound.org/s/19117/,source WAV preserved; model preprocessing may resample to 16 kHz mono and extract features,"""cough2.aiff"" by Fratz; Freesound ID 19117; CC-BY-3.0 (http://creativecommons.org/licenses/by/3.0/); accessed through FSD50K.",Cough|Respiratory_sounds
19118,"Cough,Respiratory_sounds","/m/01b_21,/m/09hlz4",train,cough3.aiff,Fratz,http://creativecommons.org/licenses/by/3.0/,CC-BY-3.0,True,,,False,cough_with_expected_hierarchy_only,already_present,C:\Users\Usuario\Desktop\UNI MARINA\master\TFM\FSD50K_DATA\FSD50K.dev_audio\FSD50K_cough_stage1_only\19118.wav,False,selected_license_safe,recommended_random_audit,FSD50K,1,1,unknown,3,not_applicable_fsd50k,False,fsd50k_has_no_dry_wet_annotation,https://freesound.org/s/19118/,source WAV preserved; model preprocessing may resample to 16 kHz mono and extract features,"""cough3.aiff"" by Fratz; Freesound ID 19118; CC-BY-3.0 (http://creativecommons.org/licenses/by/3.0/); accessed through FSD50K.",Cough|Respiratory_sounds
19119,"Cough,Respiratory_sounds","/m/01b_21,/m/09hlz4",train,cough4.aiff,Fratz,http://creativecommons.org/licenses/by/3.0/,CC-BY-3.0,True,,,False,cough_with_expected_hierarchy_only,already_present,C:\Users\Usuario\Desktop\UNI MARINA\master\TFM\FSD50K_DATA\FSD50K.dev_audio\FSD50K_cough_stage1_only\19119.wav,False,selected_license_safe,recommended_random_audit,FSD50K,1,1,unknown,3,not_applicable_fsd50k,False,fsd50k_has_no_dry_wet_annotation,https://freesound.org/s/19119/,source WAV preserved; model preprocessing may resample to 16 kHz mono and extract features,"""cough4.aiff"" by Fratz; Freesound ID 19119; CC-BY-3.0 (http://creativecommons.org/licenses/by/3.0/); accessed through FSD50K.",Cough|Respiratory_sounds
19120,"Cough,Respiratory_sounds","/m/01b_21,/m/09hlz4",train,cough5.aiff,Fratz,http://creativecommons.org/licenses/by/3.0/,CC-BY-3.0,True,,,False,cough_with_expected_hierarchy_only,already_present,C:\Users\Usuario\Desktop\UNI MARINA\master\TFM\FSD50K_DATA\FSD50K.dev_audio\FSD50K_cough_stage1_only\19120.wav,False,selected_license_safe,recommended_random_audit,FSD50K,1,1,unknown,3,not_applicable_fsd50k,False,fsd50k_has_no_dry_wet_annotation,https://freesound.org/s/19120/,source WAV preserved; model preprocessing may resample to 16 kHz mono and extract features,"""cough5.aiff"" by Fratz; Freesound ID 19120; CC-BY-3.0 (http://creativecommons.org/licenses/by/3.0/); accessed through FSD50K.",Cough|Respiratory_sounds
19122,"Cough,Respiratory_sounds","/m/01b_21,/m/09hlz4",train,cough7.aiff,Fratz,http://creativecommons.org/licenses/by/3.0/,CC-BY-3.0,True,,,False,cough_with_expected_hierarchy_only,already_present,C:\Users\Usuario\Desktop\UNI MARINA\master\TFM\FSD50K_DATA\FSD50K.dev_audio\FSD50K_cough_stage1_only\19122.wav,False,selected_license_safe,recommended_random_audit,FSD50K,1,1,unknown,3,not_applicable_fsd50k,False,fsd50k_has_no_dry_wet_annotation,https://freesound.org/s/19122/,source WAV preserved; model preprocessing may resample to 16 kHz mono and extract features,"""cough7.aiff"" by Fratz; Freesound ID 19122; CC-BY-3.0 (http://creativecommons.org/licenses/by/3.0/); accessed through FSD50K.",Cough|Respiratory_sounds
19123,"Cough,Respiratory_sounds","/m/01b_21,/m/09hlz4",train,cough8.aiff,Fratz,http://creativecommons.org/licenses/by/3.0/,CC-BY-3.0,True,,,False,cough_with_expected_hierarchy_only,already_present,C:\Users\Usuario\Desktop\UNI MARINA\master\TFM\FSD50K_DATA\FSD50K.dev_audio\FSD50K_cough_stage1_only\19123.wav,False,selected_license_safe,recommended_random_audit,FSD50K,1,1,unknown,3,not_applicable_fsd50k,False,fsd50k_has_no_dry_wet_annotation,https://freesound.org/s/19123/,source WAV preserved; model preprocessing may resample to 16 kHz mono and extract features,"""cough8.aiff"" by Fratz; Freesound ID 19123; CC-BY-3.0 (http://creativecommons.org/licenses/by/3.0/); accessed through FSD50K.",Cough|Respiratory_sounds
19124,"Cough,Respiratory_sounds","/m/01b_21,/m/09hlz4",train,cough9.aiff,Fratz,http://creativecommons.org/licenses/by/3.0/,CC-BY-3.0,True,,,False,cough_with_expected_hierarchy_only,already_present,C:\Users\Usuario\Desktop\UNI MARINA\master\TFM\FSD50K_DATA\FSD50K.dev_audio\FSD50K_cough_stage1_only\19124.wav,False,selected_license_safe,recommended_random_audit,FSD50K,1,1,unknown,3,not_applicable_fsd50k,False,fsd50k_has_no_dry_wet_annotation,https://freesound.org/s/19124/,source WAV preserved; model preprocessing may resample to 16 kHz mono and extract features,"""cough9.aiff"" by Fratz; Freesound ID 19124; CC-BY-3.0 (http://creativecommons.org/licenses/by/3.0/); accessed through FSD50K.",Cough|Respiratory_sounds
191337,"Cough,Respiratory_sounds","/m/01b_21,/m/09hlz4",train,coughing in church 01 130525_13.wav,klankbeeld,http://creativecommons.org/licenses/by/3.0/,CC-BY-3.0,True,,,False,cough_with_expected_hierarchy_only,already_present,C:\Users\Usuario\Desktop\UNI MARINA\master\TFM\FSD50K_DATA\FSD50K.dev_audio\FSD50K_cough_stage1_only\191337.wav,False,selected_license_safe,recommended_random_audit,FSD50K,1,1,unknown,3,not_applicable_fsd50k,False,fsd50k_has_no_dry_wet_annotation,https://freesound.org/s/191337/,source WAV preserved; model preprocessing may resample to 16 kHz mono and extract features,"""coughing in church 01 130525_13.wav"" by klankbeeld; Freesound ID 191337; CC-BY-3.0 (http://creativecommons.org/licenses/by/3.0/); accessed through FSD50K.",Cough|Respiratory_sounds
195771,"Cough,Respiratory_sounds","/m/01b_21,/m/09hlz4",train,Cough (One Shot),xDimebagx,http://creativecommons.org/licenses/by/3.0/,CC-BY-3.0,True,,,False,cough_with_expected_hierarchy_only,already_present,C:\Users\Usuario\Desktop\UNI MARINA\master\TFM\FSD50K_DATA\FSD50K.dev_audio\FSD50K_cough_stage1_only\195771.wav,False,selected_license_safe,recommended_random_audit,FSD50K,1,1,unknown,3,not_applicable_fsd50k,False,fsd50k_has_no_dry_wet_annotation,https://freesound.org/s/195771/,source WAV preserved; model preprocessing may resample to 16 kHz mono and extract features,"""Cough (One Shot)"" by xDimebagx; Freesound ID 195771; CC-BY-3.0 (http://creativecommons.org/licenses/by/3.0/); accessed through FSD50K.",Cough|Respiratory_sounds
196283,"Cough,Respiratory_sounds","/m/01b_21,/m/09hlz4",train,Man coughing.wav,paulw2k,http://creativecommons.org/publicdomain/zero/1.0/,CC0-1.0,True,,,False,cough_with_expected_hierarchy_only,already_present,C:\Users\Usuario\Desktop\UNI MARINA\master\TFM\FSD50K_DATA\FSD50K.dev_audio\FSD50K_cough_stage1_only\196283.wav,False,selected_license_safe,recommended_random_audit,FSD50K,1,1,unknown,3,not_applicable_fsd50k,False,fsd50k_has_no_dry_wet_annotation,https://freesound.org/s/196283/,source WAV preserved; model preprocessing may resample to 16 kHz mono and extract features,"""Man coughing.wav"" by paulw2k; Freesound ID 196283; CC0-1.0 (http://creativecommons.org/publicdomain/zero/1.0/); accessed through FSD50K.",Cough|Respiratory_sounds
19803,"Human_voice,Cough,Respiratory_sounds","/m/09l8g,/m/01b_21,/m/09hlz4",train,Cough11.wav,LG,http://creativecommons.org/licenses/by/3.0/,CC-BY-3.0,True,,,False,cough_with_expected_hierarchy_only,already_present,C:\Users\Usuario\Desktop\UNI MARINA\master\TFM\FSD50K_DATA\FSD50K.dev_audio\FSD50K_cough_stage1_only\19803.wav,False,selected_license_safe,recommended_random_audit,FSD50K,1,1,unknown,3,not_applicable_fsd50k,False,fsd50k_has_no_dry_wet_annotation,https://freesound.org/s/19803/,source WAV preserved; model preprocessing may resample to 16 kHz mono and extract features,"""Cough11.wav"" by LG; Freesound ID 19803; CC-BY-3.0 (http://creativecommons.org/licenses/by/3.0/); accessed through FSD50K.",Cough|Human_voice|Respiratory_sounds
19804,"Cough,Respiratory_sounds","/m/01b_21,/m/09hlz4",train,Cough12.wav,LG,http://creativecommons.org/licenses/by/3.0/,CC-BY-3.0,True,,,False,cough_with_expected_hierarchy_only,already_present,C:\Users\Usuario\Desktop\UNI MARINA\master\TFM\FSD50K_DATA\FSD50K.dev_audio\FSD50K_cough_stage1_only\19804.wav,False,selected_license_safe,recommended_random_audit,FSD50K,1,1,unknown,3,not_applicable_fsd50k,False,fsd50k_has_no_dry_wet_annotation,https://freesound.org/s/19804/,source WAV preserved; model preprocessing may resample to 16 kHz mono and extract features,"""Cough12.wav"" by LG; Freesound ID 19804; CC-BY-3.0 (http://creativecommons.org/licenses/by/3.0/); accessed through FSD50K.",Cough|Respiratory_sounds
201733,"Cough,Respiratory_sounds","/m/01b_21,/m/09hlz4",train,GALLE_Florian_2013_2014_son3.wav,univ_lyon3,http://creativecommons.org/publicdomain/zero/1.0/,CC0-1.0,True,,,False,cough_with_expected_hierarchy_only,already_present,C:\Users\Usuario\Desktop\UNI MARINA\master\TFM\FSD50K_DATA\FSD50K.dev_audio\FSD50K_cough_stage1_only\201733.wav,False,selected_license_safe,recommended_random_audit,FSD50K,1,1,unknown,3,not_applicable_fsd50k,False,fsd50k_has_no_dry_wet_annotation,https://freesound.org/s/201733/,source WAV preserved; model preprocessing may resample to 16 kHz mono and extract features,"""GALLE_Florian_2013_2014_son3.wav"" by univ_lyon3; Freesound ID 201733; CC0-1.0 (http://creativecommons.org/publicdomain/zero/1.0/); accessed through FSD50K.",Cough|Respiratory_sounds
208761,"Cough,Respiratory_sounds","/m/01b_21,/m/09hlz4",train,Cough.wav,Harris85,http://creativecommons.org/publicdomain/zero/1.0/,CC0-1.0,True,,,False,cough_with_expected_hierarchy_only,already_present,C:\Users\Usuario\Desktop\UNI MARINA\master\TFM\FSD50K_DATA\FSD50K.dev_audio\FSD50K_cough_stage1_only\208761.wav,False,selected_license_safe,recommended_random_audit,FSD50K,1,1,unknown,3,not_applicable_fsd50k,False,fsd50k_has_no_dry_wet_annotation,https://freesound.org/s/208761/,source WAV preserved; model preprocessing may resample to 16 kHz mono and extract features,"""Cough.wav"" by Harris85; Freesound ID 208761; CC0-1.0 (http://creativecommons.org/publicdomain/zero/1.0/); accessed through FSD50K.",Cough|Respiratory_sounds
210431,"Cough,Respiratory_sounds","/m/01b_21,/m/09hlz4",train,Hem & Throat-Clearing,qubodup,http://creativecommons.org/licenses/by/3.0/,CC-BY-3.0,True,,,False,cough_with_expected_hierarchy_only,already_present,C:\Users\Usuario\Desktop\UNI MARINA\master\TFM\FSD50K_DATA\FSD50K.dev_audio\FSD50K_cough_stage1_only\210431.wav,False,selected_license_safe,recommended_random_audit,FSD50K,1,1,unknown,3,not_applicable_fsd50k,False,fsd50k_has_no_dry_wet_annotation,https://freesound.org/s/210431/,source WAV preserved; model preprocessing may resample to 16 kHz mono and extract features,"""Hem & Throat-Clearing"" by qubodup; Freesound ID 210431; CC-BY-3.0 (http://creativecommons.org/licenses/by/3.0/); accessed through FSD50K.",Cough|Respiratory_sounds
210733,"Cough,Respiratory_sounds","/m/01b_21,/m/09hlz4",train,"Cold, Sick, Snort, Disgusting",qubodup,http://creativecommons.org/licenses/by/3.0/,CC-BY-3.0,True,,,False,cough_with_expected_hierarchy_only,already_present,C:\Users\Usuario\Desktop\UNI MARINA\master\TFM\FSD50K_DATA\FSD50K.dev_audio\FSD50K_cough_stage1_only\210733.wav,False,selected_license_safe,recommended_random_audit,FSD50K,1,1,unknown,3,not_applicable_fsd50k,False,fsd50k_has_no_dry_wet_annotation,https://freesound.org/s/210733/,source WAV preserved; model preprocessing may resample to 16 kHz mono and extract features,"""Cold, Sick, Snort, Disgusting"" by qubodup; Freesound ID 210733; CC-BY-3.0 (http://creativecommons.org/licenses/by/3.0/); accessed through FSD50K.",Cough|Respiratory_sounds
211197,"Cough,Respiratory_sounds","/m/01b_21,/m/09hlz4",train,Real Flu Chest Cold Coughing Male Middle Aged.MP3,squeakyballoon,http://creativecommons.org/licenses/by/3.0/,CC-BY-3.0,True,,,False,cough_with_expected_hierarchy_only,already_present,C:\Users\Usuario\Desktop\UNI MARINA\master\TFM\FSD50K_DATA\FSD50K.dev_audio\FSD50K_cough_stage1_only\211197.wav,False,selected_license_safe,recommended_random_audit,FSD50K,1,1,unknown,3,not_applicable_fsd50k,False,fsd50k_has_no_dry_wet_annotation,https://freesound.org/s/211197/,source WAV preserved; model preprocessing may resample to 16 kHz mono and extract features,"""Real Flu Chest Cold Coughing Male Middle Aged.MP3"" by squeakyballoon; Freesound ID 211197; CC-BY-3.0 (http://creativecommons.org/licenses/by/3.0/); accessed through FSD50K.",Cough|Respiratory_sounds
211524,"Cough,Respiratory_sounds","/m/01b_21,/m/09hlz4",train,Cough.mp3,CelesteOminous,http://creativecommons.org/licenses/by/3.0/,CC-BY-3.0,True,,,False,cough_with_expected_hierarchy_only,already_present,C:\Users\Usuario\Desktop\UNI MARINA\master\TFM\FSD50K_DATA\FSD50K.dev_audio\FSD50K_cough_stage1_only\211524.wav,False,selected_license_safe,recommended_random_audit,FSD50K,1,1,unknown,3,not_applicable_fsd50k,False,fsd50k_has_no_dry_wet_annotation,https://freesound.org/s/211524/,source WAV preserved; model preprocessing may resample to 16 kHz mono and extract features,"""Cough.mp3"" by CelesteOminous; Freesound ID 211524; CC-BY-3.0 (http://creativecommons.org/licenses/by/3.0/); accessed through FSD50K.",Cough|Respiratory_sounds
213047,"Sneeze,Cough,Respiratory_sounds","/m/01hsr_,/m/01b_21,/m/09hlz4",train,Sneeze.mp3,Taira Komori,http://creativecommons.org/licenses/by/3.0/,CC-BY-3.0,True,,Sneeze,True,cough_with_additional_labels_review_required,already_present,C:\Users\Usuario\Desktop\UNI MARINA\master\TFM\FSD50K_DATA\FSD50K.dev_audio\FSD50K_cough_stage1_only\213047.wav,False,selected_license_safe,mandatory_review_before_training,FSD50K,1,1,unknown,3,not_applicable_fsd50k,False,fsd50k_has_no_dry_wet_annotation,https://freesound.org/s/213047/,source WAV preserved; model preprocessing may resample to 16 kHz mono and extract features,"""Sneeze.mp3"" by Taira Komori; Freesound ID 213047; CC-BY-3.0 (http://creativecommons.org/licenses/by/3.0/); accessed through FSD50K.",Cough|Respiratory_sounds|Sneeze
213856,"Cough,Respiratory_sounds","/m/01b_21,/m/09hlz4",train,"Noseblow, Cough, Throatclear",qubodup,http://creativecommons.org/licenses/by/3.0/,CC-BY-3.0,True,,,False,cough_with_expected_hierarchy_only,already_present,C:\Users\Usuario\Desktop\UNI MARINA\master\TFM\FSD50K_DATA\FSD50K.dev_audio\FSD50K_cough_stage1_only\213856.wav,False,selected_license_safe,recommended_random_audit,FSD50K,1,1,unknown,3,not_applicable_fsd50k,False,fsd50k_has_no_dry_wet_annotation,https://freesound.org/s/213856/,source WAV preserved; model preprocessing may resample to 16 kHz mono and extract features,"""Noseblow, Cough, Throatclear"" by qubodup; Freesound ID 213856; CC-BY-3.0 (http://creativecommons.org/licenses/by/3.0/); accessed through FSD50K.",Cough|Respiratory_sounds
218306,"Cough,Respiratory_sounds","/m/01b_21,/m/09hlz4",train,"Woman, female, coughing, sniffing.wav",SpliceSound,http://creativecommons.org/publicdomain/zero/1.0/,CC0-1.0,True,,,False,cough_with_expected_hierarchy_only,already_present,C:\Users\Usuario\Desktop\UNI MARINA\master\TFM\FSD50K_DATA\FSD50K.dev_audio\FSD50K_cough_stage1_only\218306.wav,False,selected_license_safe,recommended_random_audit,FSD50K,1,1,unknown,3,not_applicable_fsd50k,False,fsd50k_has_no_dry_wet_annotation,https://freesound.org/s/218306/,source WAV preserved; model preprocessing may resample to 16 kHz mono and extract features,"""Woman, female, coughing, sniffing.wav"" by SpliceSound; Freesound ID 218306; CC0-1.0 (http://creativecommons.org/publicdomain/zero/1.0/); accessed through FSD50K.",Cough|Respiratory_sounds
223522,"Laughter,Cough,Human_voice,Respiratory_sounds","/m/01j3sz,/m/01b_21,/m/09l8g,/m/09hlz4",train,Grotesque Laugh Cough,JarAxe,http://creativecommons.org/publicdomain/zero/1.0/,CC0-1.0,True,,Laughter,True,cough_with_additional_labels_review_required,already_present,C:\Users\Usuario\Desktop\UNI MARINA\master\TFM\FSD50K_DATA\FSD50K.dev_audio\FSD50K_cough_stage1_only\223522.wav,False,selected_license_safe,mandatory_review_before_training,FSD50K,1,1,unknown,3,not_applicable_fsd50k,False,fsd50k_has_no_dry_wet_annotation,https://freesound.org/s/223522/,source WAV preserved; model preprocessing may resample to 16 kHz mono and extract features,"""Grotesque Laugh Cough"" by JarAxe; Freesound ID 223522; CC0-1.0 (http://creativecommons.org/publicdomain/zero/1.0/); accessed through FSD50K.",Cough|Human_voice|Laughter|Respiratory_sounds
240373,"Cough,Respiratory_sounds","/m/01b_21,/m/09hlz4",train,cough (2).mp3,mariiao2,http://creativecommons.org/publicdomain/zero/1.0/,CC0-1.0,True,,,False,cough_with_expected_hierarchy_only,already_present,C:\Users\Usuario\Desktop\UNI MARINA\master\TFM\FSD50K_DATA\FSD50K.dev_audio\FSD50K_cough_stage1_only\240373.wav,False,selected_license_safe,recommended_random_audit,FSD50K,1,1,unknown,3,not_applicable_fsd50k,False,fsd50k_has_no_dry_wet_annotation,https://freesound.org/s/240373/,source WAV preserved; model preprocessing may resample to 16 kHz mono and extract features,"""cough (2).mp3"" by mariiao2; Freesound ID 240373; CC0-1.0 (http://creativecommons.org/publicdomain/zero/1.0/); accessed through FSD50K.",Cough|Respiratory_sounds
240374,"Cough,Respiratory_sounds","/m/01b_21,/m/09hlz4",train,clear one's throat.mp3,mariiao2,http://creativecommons.org/publicdomain/zero/1.0/,CC0-1.0,True,,,False,cough_with_expected_hierarchy_only,already_present,C:\Users\Usuario\Desktop\UNI MARINA\master\TFM\FSD50K_DATA\FSD50K.dev_audio\FSD50K_cough_stage1_only\240374.wav,False,selected_license_safe,recommended_random_audit,FSD50K,1,1,unknown,3,not_applicable_fsd50k,False,fsd50k_has_no_dry_wet_annotation,https://freesound.org/s/240374/,source WAV preserved; model preprocessing may resample to 16 kHz mono and extract features,"""clear one's throat.mp3"" by mariiao2; Freesound ID 240374; CC0-1.0 (http://creativecommons.org/publicdomain/zero/1.0/); accessed through FSD50K.",Cough|Respiratory_sounds
240375,"Cough,Respiratory_sounds","/m/01b_21,/m/09hlz4",train,cough.mp3,mariiao2,http://creativecommons.org/publicdomain/zero/1.0/,CC0-1.0,True,,,False,cough_with_expected_hierarchy_only,already_present,C:\Users\Usuario\Desktop\UNI MARINA\master\TFM\FSD50K_DATA\FSD50K.dev_audio\FSD50K_cough_stage1_only\240375.wav,False,selected_license_safe,recommended_random_audit,FSD50K,1,1,unknown,3,not_applicable_fsd50k,False,fsd50k_has_no_dry_wet_annotation,https://freesound.org/s/240375/,source WAV preserved; model preprocessing may resample to 16 kHz mono and extract features,"""cough.mp3"" by mariiao2; Freesound ID 240375; CC0-1.0 (http://creativecommons.org/publicdomain/zero/1.0/); accessed through FSD50K.",Cough|Respiratory_sounds
252219,"Cough,Respiratory_sounds","/m/01b_21,/m/09hlz4",train,clear throat2.wav,Reitanna,http://creativecommons.org/publicdomain/zero/1.0/,CC0-1.0,True,,,False,cough_with_expected_hierarchy_only,already_present,C:\Users\Usuario\Desktop\UNI MARINA\master\TFM\FSD50K_DATA\FSD50K.dev_audio\FSD50K_cough_stage1_only\252219.wav,False,selected_license_safe,recommended_random_audit,FSD50K,1,1,unknown,3,not_applicable_fsd50k,False,fsd50k_has_no_dry_wet_annotation,https://freesound.org/s/252219/,source WAV preserved; model preprocessing may resample to 16 kHz mono and extract features,"""clear throat2.wav"" by Reitanna; Freesound ID 252219; CC0-1.0 (http://creativecommons.org/publicdomain/zero/1.0/); accessed through FSD50K.",Cough|Respiratory_sounds
252220,"Cough,Respiratory_sounds","/m/01b_21,/m/09hlz4",train,clear throat.wav,Reitanna,http://creativecommons.org/publicdomain/zero/1.0/,CC0-1.0,True,,,False,cough_with_expected_hierarchy_only,already_present,C:\Users\Usuario\Desktop\UNI MARINA\master\TFM\FSD50K_DATA\FSD50K.dev_audio\FSD50K_cough_stage1_only\252220.wav,False,selected_license_safe,recommended_random_audit,FSD50K,1,1,unknown,3,not_applicable_fsd50k,False,fsd50k_has_no_dry_wet_annotation,https://freesound.org/s/252220/,source WAV preserved; model preprocessing may resample to 16 kHz mono and extract features,"""clear throat.wav"" by Reitanna; Freesound ID 252220; CC0-1.0 (http://creativecommons.org/publicdomain/zero/1.0/); accessed through FSD50K.",Cough|Respiratory_sounds
252223,"Cough,Respiratory_sounds","/m/01b_21,/m/09hlz4",train,disgusting cough.wav,Reitanna,http://creativecommons.org/publicdomain/zero/1.0/,CC0-1.0,True,,,False,cough_with_expected_hierarchy_only,already_present,C:\Users\Usuario\Desktop\UNI MARINA\master\TFM\FSD50K_DATA\FSD50K.dev_audio\FSD50K_cough_stage1_only\252223.wav,False,selected_license_safe,recommended_random_audit,FSD50K,1,1,unknown,3,not_applicable_fsd50k,False,fsd50k_has_no_dry_wet_annotation,https://freesound.org/s/252223/,source WAV preserved; model preprocessing may resample to 16 kHz mono and extract features,"""disgusting cough.wav"" by Reitanna; Freesound ID 252223; CC0-1.0 (http://creativecommons.org/publicdomain/zero/1.0/); accessed through FSD50K.",Cough|Respiratory_sounds
252229,"Cough,Respiratory_sounds","/m/01b_21,/m/09hlz4",train,sempai clears throat.wav,Reitanna,http://creativecommons.org/publicdomain/zero/1.0/,CC0-1.0,True,,,False,cough_with_expected_hierarchy_only,already_present,C:\Users\Usuario\Desktop\UNI MARINA\master\TFM\FSD50K_DATA\FSD50K.dev_audio\FSD50K_cough_stage1_only\252229.wav,False,selected_license_safe,recommended_random_audit,FSD50K,1,1,unknown,3,not_applicable_fsd50k,False,fsd50k_has_no_dry_wet_annotation,https://freesound.org/s/252229/,source WAV preserved; model preprocessing may resample to 16 kHz mono and extract features,"""sempai clears throat.wav"" by Reitanna; Freesound ID 252229; CC0-1.0 (http://creativecommons.org/publicdomain/zero/1.0/); accessed through FSD50K.",Cough|Respiratory_sounds
252231,"Cough,Respiratory_sounds","/m/01b_21,/m/09hlz4",train,rough grunt.wav,Reitanna,http://creativecommons.org/publicdomain/zero/1.0/,CC0-1.0,True,,,False,cough_with_expected_hierarchy_only,already_present,C:\Users\Usuario\Desktop\UNI MARINA\master\TFM\FSD50K_DATA\FSD50K.dev_audio\FSD50K_cough_stage1_only\252231.wav,False,selected_license_safe,recommended_random_audit,FSD50K,1,1,unknown,3,not_applicable_fsd50k,False,fsd50k_has_no_dry_wet_annotation,https://freesound.org/s/252231/,source WAV preserved; model preprocessing may resample to 16 kHz mono and extract features,"""rough grunt.wav"" by Reitanna; Freesound ID 252231; CC0-1.0 (http://creativecommons.org/publicdomain/zero/1.0/); accessed through FSD50K.",Cough|Respiratory_sounds
252240,"Cough,Respiratory_sounds","/m/01b_21,/m/09hlz4",train,real cough.wav,Reitanna,http://creativecommons.org/publicdomain/zero/1.0/,CC0-1.0,True,,,False,cough_with_expected_hierarchy_only,already_present,C:\Users\Usuario\Desktop\UNI MARINA\master\TFM\FSD50K_DATA\FSD50K.dev_audio\FSD50K_cough_stage1_only\252240.wav,False,selected_license_safe,recommended_random_audit,FSD50K,1,1,unknown,3,not_applicable_fsd50k,False,fsd50k_has_no_dry_wet_annotation,https://freesound.org/s/252240/,source WAV preserved; model preprocessing may resample to 16 kHz mono and extract features,"""real cough.wav"" by Reitanna; Freesound ID 252240; CC0-1.0 (http://creativecommons.org/publicdomain/zero/1.0/); accessed through FSD50K.",Cough|Respiratory_sounds
252241,"Cough,Respiratory_sounds","/m/01b_21,/m/09hlz4",train,real choking cough2.wav,Reitanna,http://creativecommons.org/publicdomain/zero/1.0/,CC0-1.0,True,,,False,cough_with_expected_hierarchy_only,already_present,C:\Users\Usuario\Desktop\UNI MARINA\master\TFM\FSD50K_DATA\FSD50K.dev_audio\FSD50K_cough_stage1_only\252241.wav,False,selected_license_safe,recommended_random_audit,FSD50K,1,1,unknown,3,not_applicable_fsd50k,False,fsd50k_has_no_dry_wet_annotation,https://freesound.org/s/252241/,source WAV preserved; model preprocessing may resample to 16 kHz mono and extract features,"""real choking cough2.wav"" by Reitanna; Freesound ID 252241; CC0-1.0 (http://creativecommons.org/publicdomain/zero/1.0/); accessed through FSD50K.",Cough|Respiratory_sounds
252242,"Cough,Respiratory_sounds","/m/01b_21,/m/09hlz4",train,real choking cough.wav,Reitanna,http://creativecommons.org/publicdomain/zero/1.0/,CC0-1.0,True,,,False,cough_with_expected_hierarchy_only,already_present,C:\Users\Usuario\Desktop\UNI MARINA\master\TFM\FSD50K_DATA\FSD50K.dev_audio\FSD50K_cough_stage1_only\252242.wav,False,selected_license_safe,recommended_random_audit,FSD50K,1,1,unknown,3,not_applicable_fsd50k,False,fsd50k_has_no_dry_wet_annotation,https://freesound.org/s/252242/,source WAV preserved; model preprocessing may resample to 16 kHz mono and extract features,"""real choking cough.wav"" by Reitanna; Freesound ID 252242; CC0-1.0 (http://creativecommons.org/publicdomain/zero/1.0/); accessed through FSD50K.",Cough|Respiratory_sounds
253775,"Cough,Respiratory_sounds","/m/01b_21,/m/09hlz4",train,throat clear.wav,Reitanna,http://creativecommons.org/publicdomain/zero/1.0/,CC0-1.0,True,,,False,cough_with_expected_hierarchy_only,already_present,C:\Users\Usuario\Desktop\UNI MARINA\master\TFM\FSD50K_DATA\FSD50K.dev_audio\FSD50K_cough_stage1_only\253775.wav,False,selected_license_safe,recommended_random_audit,FSD50K,1,1,unknown,3,not_applicable_fsd50k,False,fsd50k_has_no_dry_wet_annotation,https://freesound.org/s/253775/,source WAV preserved; model preprocessing may resample to 16 kHz mono and extract features,"""throat clear.wav"" by Reitanna; Freesound ID 253775; CC0-1.0 (http://creativecommons.org/publicdomain/zero/1.0/); accessed through FSD50K.",Cough|Respiratory_sounds
254466,"Cough,Respiratory_sounds","/m/01b_21,/m/09hlz4",train,marvie_cough2.flac,wjoojoo,http://creativecommons.org/licenses/by/3.0/,CC-BY-3.0,True,,,False,cough_with_expected_hierarchy_only,already_present,C:\Users\Usuario\Desktop\UNI MARINA\master\TFM\FSD50K_DATA\FSD50K.dev_audio\FSD50K_cough_stage1_only\254466.wav,False,selected_license_safe,recommended_random_audit,FSD50K,1,1,unknown,3,not_applicable_fsd50k,False,fsd50k_has_no_dry_wet_annotation,https://freesound.org/s/254466/,source WAV preserved; model preprocessing may resample to 16 kHz mono and extract features,"""marvie_cough2.flac"" by wjoojoo; Freesound ID 254466; CC-BY-3.0 (http://creativecommons.org/licenses/by/3.0/); accessed through FSD50K.",Cough|Respiratory_sounds
254467,"Cough,Respiratory_sounds","/m/01b_21,/m/09hlz4",train,marvie_cough1.flac,wjoojoo,http://creativecommons.org/licenses/by/3.0/,CC-BY-3.0,True,,,False,cough_with_expected_hierarchy_only,already_present,C:\Users\Usuario\Desktop\UNI MARINA\master\TFM\FSD50K_DATA\FSD50K.dev_audio\FSD50K_cough_stage1_only\254467.wav,False,selected_license_safe,recommended_random_audit,FSD50K,1,1,unknown,3,not_applicable_fsd50k,False,fsd50k_has_no_dry_wet_annotation,https://freesound.org/s/254467/,source WAV preserved; model preprocessing may resample to 16 kHz mono and extract features,"""marvie_cough1.flac"" by wjoojoo; Freesound ID 254467; CC-BY-3.0 (http://creativecommons.org/licenses/by/3.0/); accessed through FSD50K.",Cough|Respiratory_sounds
257765,"Cough,Respiratory_sounds","/m/01b_21,/m/09hlz4",train,Coughing 2.wav,xtrgamr,http://creativecommons.org/licenses/by/3.0/,CC-BY-3.0,True,,,False,cough_with_expected_hierarchy_only,already_present,C:\Users\Usuario\Desktop\UNI MARINA\master\TFM\FSD50K_DATA\FSD50K.dev_audio\FSD50K_cough_stage1_only\257765.wav,False,selected_license_safe,recommended_random_audit,FSD50K,1,1,unknown,3,not_applicable_fsd50k,False,fsd50k_has_no_dry_wet_annotation,https://freesound.org/s/257765/,source WAV preserved; model preprocessing may resample to 16 kHz mono and extract features,"""Coughing 2.wav"" by xtrgamr; Freesound ID 257765; CC-BY-3.0 (http://creativecommons.org/licenses/by/3.0/); accessed through FSD50K.",Cough|Respiratory_sounds
257770,"Cough,Respiratory_sounds","/m/01b_21,/m/09hlz4",train,Coughing.wav,xtrgamr,http://creativecommons.org/licenses/by/3.0/,CC-BY-3.0,True,,,False,cough_with_expected_hierarchy_only,already_present,C:\Users\Usuario\Desktop\UNI MARINA\master\TFM\FSD50K_DATA\FSD50K.dev_audio\FSD50K_cough_stage1_only\257770.wav,False,selected_license_safe,recommended_random_audit,FSD50K,1,1,unknown,3,not_applicable_fsd50k,False,fsd50k_has_no_dry_wet_annotation,https://freesound.org/s/257770/,source WAV preserved; model preprocessing may resample to 16 kHz mono and extract features,"""Coughing.wav"" by xtrgamr; Freesound ID 257770; CC-BY-3.0 (http://creativecommons.org/licenses/by/3.0/); accessed through FSD50K.",Cough|Respiratory_sounds
26336,"Cough,Respiratory_sounds","/m/01b_21,/m/09hlz4",train,clear_throat.aiff,Staile,http://creativecommons.org/licenses/by/3.0/,CC-BY-3.0,True,,,False,cough_with_expected_hierarchy_only,already_present,C:\Users\Usuario\Desktop\UNI MARINA\master\TFM\FSD50K_DATA\FSD50K.dev_audio\FSD50K_cough_stage1_only\26336.wav,False,selected_license_safe,recommended_random_audit,FSD50K,1,1,unknown,3,not_applicable_fsd50k,False,fsd50k_has_no_dry_wet_annotation,https://freesound.org/s/26336/,source WAV preserved; model preprocessing may resample to 16 kHz mono and extract features,"""clear_throat.aiff"" by Staile; Freesound ID 26336; CC-BY-3.0 (http://creativecommons.org/licenses/by/3.0/); accessed through FSD50K.",Cough|Respiratory_sounds
267055,"Cough,Respiratory_sounds","/m/01b_21,/m/09hlz4",train,Whiny cough 1,Huminaatio,http://creativecommons.org/licenses/by/3.0/,CC-BY-3.0,True,,,False,cough_with_expected_hierarchy_only,already_present,C:\Users\Usuario\Desktop\UNI MARINA\master\TFM\FSD50K_DATA\FSD50K.dev_audio\FSD50K_cough_stage1_only\267055.wav,False,selected_license_safe,recommended_random_audit,FSD50K,1,1,unknown,3,not_applicable_fsd50k,False,fsd50k_has_no_dry_wet_annotation,https://freesound.org/s/267055/,source WAV preserved; model preprocessing may resample to 16 kHz mono and extract features,"""Whiny cough 1"" by Huminaatio; Freesound ID 267055; CC-BY-3.0 (http://creativecommons.org/licenses/by/3.0/); accessed through FSD50K.",Cough|Respiratory_sounds
272029,"Human_voice,Cough,Respiratory_sounds","/m/09l8g,/m/01b_21,/m/09hlz4",train,Male cough,aldenroth2,http://creativecommons.org/publicdomain/zero/1.0/,CC0-1.0,True,,,False,cough_with_expected_hierarchy_only,already_present,C:\Users\Usuario\Desktop\UNI MARINA\master\TFM\FSD50K_DATA\FSD50K.dev_audio\FSD50K_cough_stage1_only\272029.wav,False,selected_license_safe,recommended_random_audit,FSD50K,1,1,unknown,3,not_applicable_fsd50k,False,fsd50k_has_no_dry_wet_annotation,https://freesound.org/s/272029/,source WAV preserved; model preprocessing may resample to 16 kHz mono and extract features,"""Male cough"" by aldenroth2; Freesound ID 272029; CC0-1.0 (http://creativecommons.org/publicdomain/zero/1.0/); accessed through FSD50K.",Cough|Human_voice|Respiratory_sounds
273602,"Cough,Respiratory_sounds","/m/01b_21,/m/09hlz4",train,Clear Throat.wav,n_audioman,http://creativecommons.org/licenses/by/3.0/,CC-BY-3.0,True,,,False,cough_with_expected_hierarchy_only,already_present,C:\Users\Usuario\Desktop\UNI MARINA\master\TFM\FSD50K_DATA\FSD50K.dev_audio\FSD50K_cough_stage1_only\273602.wav,False,selected_license_safe,recommended_random_audit,FSD50K,1,1,unknown,3,not_applicable_fsd50k,False,fsd50k_has_no_dry_wet_annotation,https://freesound.org/s/273602/,source WAV preserved; model preprocessing may resample to 16 kHz mono and extract features,"""Clear Throat.wav"" by n_audioman; Freesound ID 273602; CC-BY-3.0 (http://creativecommons.org/licenses/by/3.0/); accessed through FSD50K.",Cough|Respiratory_sounds
30091,"Cough,Respiratory_sounds","/m/01b_21,/m/09hlz4",train,20070128.cough.wav,dobroide,http://creativecommons.org/licenses/by/3.0/,CC-BY-3.0,True,,,False,cough_with_expected_hierarchy_only,already_present,C:\Users\Usuario\Desktop\UNI MARINA\master\TFM\FSD50K_DATA\FSD50K.dev_audio\FSD50K_cough_stage1_only\30091.wav,False,selected_license_safe,recommended_random_audit,FSD50K,1,1,unknown,3,not_applicable_fsd50k,False,fsd50k_has_no_dry_wet_annotation,https://freesound.org/s/30091/,source WAV preserved; model preprocessing may resample to 16 kHz mono and extract features,"""20070128.cough.wav"" by dobroide; Freesound ID 30091; CC-BY-3.0 (http://creativecommons.org/licenses/by/3.0/); accessed through FSD50K.",Cough|Respiratory_sounds
30830,"Cough,Respiratory_sounds","/m/01b_21,/m/09hlz4",train,girl_coughing.mp3,JollySea,http://creativecommons.org/licenses/by/3.0/,CC-BY-3.0,True,,,False,cough_with_expected_hierarchy_only,already_present,C:\Users\Usuario\Desktop\UNI MARINA\master\TFM\FSD50K_DATA\FSD50K.dev_audio\FSD50K_cough_stage1_only\30830.wav,False,selected_license_safe,recommended_random_audit,FSD50K,1,1,unknown,3,not_applicable_fsd50k,False,fsd50k_has_no_dry_wet_annotation,https://freesound.org/s/30830/,source WAV preserved; model preprocessing may resample to 16 kHz mono and extract features,"""girl_coughing.mp3"" by JollySea; Freesound ID 30830; CC-BY-3.0 (http://creativecommons.org/licenses/by/3.0/); accessed through FSD50K.",Cough|Respiratory_sounds
317439,"Human_voice,Cough,Respiratory_sounds","/m/09l8g,/m/01b_21,/m/09hlz4",train,Breathless Coughing_2,Drkvixn91,http://creativecommons.org/publicdomain/zero/1.0/,CC0-1.0,True,,,False,cough_with_expected_hierarchy_only,already_present,C:\Users\Usuario\Desktop\UNI MARINA\master\TFM\FSD50K_DATA\FSD50K.dev_audio\FSD50K_cough_stage1_only\317439.wav,False,selected_license_safe,recommended_random_audit,FSD50K,1,1,unknown,3,not_applicable_fsd50k,False,fsd50k_has_no_dry_wet_annotation,https://freesound.org/s/317439/,source WAV preserved; model preprocessing may resample to 16 kHz mono and extract features,"""Breathless Coughing_2"" by Drkvixn91; Freesound ID 317439; CC0-1.0 (http://creativecommons.org/publicdomain/zero/1.0/); accessed through FSD50K.",Cough|Human_voice|Respiratory_sounds
31748,"Cough,Respiratory_sounds","/m/01b_21,/m/09hlz4",train,Sneezing.wav,digifishmusic,http://creativecommons.org/licenses/by/3.0/,CC-BY-3.0,True,,,False,cough_with_expected_hierarchy_only,already_present,C:\Users\Usuario\Desktop\UNI MARINA\master\TFM\FSD50K_DATA\FSD50K.dev_audio\FSD50K_cough_stage1_only\31748.wav,False,selected_license_safe,recommended_random_audit,FSD50K,1,1,unknown,3,not_applicable_fsd50k,False,fsd50k_has_no_dry_wet_annotation,https://freesound.org/s/31748/,source WAV preserved; model preprocessing may resample to 16 kHz mono and extract features,"""Sneezing.wav"" by digifishmusic; Freesound ID 31748; CC-BY-3.0 (http://creativecommons.org/licenses/by/3.0/); accessed through FSD50K.",Cough|Respiratory_sounds
318079,"Human_voice,Cough,Respiratory_sounds","/m/09l8g,/m/01b_21,/m/09hlz4",train,Breathless Coughing_1,Drkvixn91,http://creativecommons.org/publicdomain/zero/1.0/,CC0-1.0,True,,,False,cough_with_expected_hierarchy_only,already_present,C:\Users\Usuario\Desktop\UNI MARINA\master\TFM\FSD50K_DATA\FSD50K.dev_audio\FSD50K_cough_stage1_only\318079.wav,False,selected_license_safe,recommended_random_audit,FSD50K,1,1,unknown,3,not_applicable_fsd50k,False,fsd50k_has_no_dry_wet_annotation,https://freesound.org/s/318079/,source WAV preserved; model preprocessing may resample to 16 kHz mono and extract features,"""Breathless Coughing_1"" by Drkvixn91; Freesound ID 318079; CC0-1.0 (http://creativecommons.org/publicdomain/zero/1.0/); accessed through FSD50K.",Cough|Human_voice|Respiratory_sounds
32169,"Cough,Respiratory_sounds","/m/01b_21,/m/09hlz4",train,tobacco_cough.wav,FreqMan,http://creativecommons.org/licenses/by/3.0/,CC-BY-3.0,True,,,False,cough_with_expected_hierarchy_only,already_present,C:\Users\Usuario\Desktop\UNI MARINA\master\TFM\FSD50K_DATA\FSD50K.dev_audio\FSD50K_cough_stage1_only\32169.wav,False,selected_license_safe,recommended_random_audit,FSD50K,1,1,unknown,3,not_applicable_fsd50k,False,fsd50k_has_no_dry_wet_annotation,https://freesound.org/s/32169/,source WAV preserved; model preprocessing may resample to 16 kHz mono and extract features,"""tobacco_cough.wav"" by FreqMan; Freesound ID 32169; CC-BY-3.0 (http://creativecommons.org/licenses/by/3.0/); accessed through FSD50K.",Cough|Respiratory_sounds
323510,"Cough,Respiratory_sounds","/m/01b_21,/m/09hlz4",train,clearing throat,yugi16dm,http://creativecommons.org/publicdomain/zero/1.0/,CC0-1.0,True,,,False,cough_with_expected_hierarchy_only,already_present,C:\Users\Usuario\Desktop\UNI MARINA\master\TFM\FSD50K_DATA\FSD50K.dev_audio\FSD50K_cough_stage1_only\323510.wav,False,selected_license_safe,recommended_random_audit,FSD50K,1,1,unknown,3,not_applicable_fsd50k,False,fsd50k_has_no_dry_wet_annotation,https://freesound.org/s/323510/,source WAV preserved; model preprocessing may resample to 16 kHz mono and extract features,"""clearing throat"" by yugi16dm; Freesound ID 323510; CC0-1.0 (http://creativecommons.org/publicdomain/zero/1.0/); accessed through FSD50K.",Cough|Respiratory_sounds
323511,"Cough,Respiratory_sounds","/m/01b_21,/m/09hlz4",train,ahem.mp3,yugi16dm,http://creativecommons.org/publicdomain/zero/1.0/,CC0-1.0,True,,,False,cough_with_expected_hierarchy_only,already_present,C:\Users\Usuario\Desktop\UNI MARINA\master\TFM\FSD50K_DATA\FSD50K.dev_audio\FSD50K_cough_stage1_only\323511.wav,False,selected_license_safe,recommended_random_audit,FSD50K,1,1,unknown,3,not_applicable_fsd50k,False,fsd50k_has_no_dry_wet_annotation,https://freesound.org/s/323511/,source WAV preserved; model preprocessing may resample to 16 kHz mono and extract features,"""ahem.mp3"" by yugi16dm; Freesound ID 323511; CC0-1.0 (http://creativecommons.org/publicdomain/zero/1.0/); accessed through FSD50K.",Cough|Respiratory_sounds
323532,"Cough,Respiratory_sounds","/m/01b_21,/m/09hlz4",train,wheezy coughing,yugi16dm,http://creativecommons.org/publicdomain/zero/1.0/,CC0-1.0,True,,,False,cough_with_expected_hierarchy_only,already_present,C:\Users\Usuario\Desktop\UNI MARINA\master\TFM\FSD50K_DATA\FSD50K.dev_audio\FSD50K_cough_stage1_only\323532.wav,False,selected_license_safe,recommended_random_audit,FSD50K,1,1,unknown,3,not_applicable_fsd50k,False,fsd50k_has_no_dry_wet_annotation,https://freesound.org/s/323532/,source WAV preserved; model preprocessing may resample to 16 kHz mono and extract features,"""wheezy coughing"" by yugi16dm; Freesound ID 323532; CC0-1.0 (http://creativecommons.org/publicdomain/zero/1.0/); accessed through FSD50K.",Cough|Respiratory_sounds
323692,"Human_voice,Cough,Respiratory_sounds","/m/09l8g,/m/01b_21,/m/09hlz4",train,clear throat4.wav,Reitanna,http://creativecommons.org/publicdomain/zero/1.0/,CC0-1.0,True,,,False,cough_with_expected_hierarchy_only,already_present,C:\Users\Usuario\Desktop\UNI MARINA\master\TFM\FSD50K_DATA\FSD50K.dev_audio\FSD50K_cough_stage1_only\323692.wav,False,selected_license_safe,recommended_random_audit,FSD50K,1,1,unknown,3,not_applicable_fsd50k,False,fsd50k_has_no_dry_wet_annotation,https://freesound.org/s/323692/,source WAV preserved; model preprocessing may resample to 16 kHz mono and extract features,"""clear throat4.wav"" by Reitanna; Freesound ID 323692; CC0-1.0 (http://creativecommons.org/publicdomain/zero/1.0/); accessed through FSD50K.",Cough|Human_voice|Respiratory_sounds
323693,"Human_voice,Cough,Respiratory_sounds","/m/09l8g,/m/01b_21,/m/09hlz4",train,clear throat12.wav,Reitanna,http://creativecommons.org/publicdomain/zero/1.0/,CC0-1.0,True,,,False,cough_with_expected_hierarchy_only,already_present,C:\Users\Usuario\Desktop\UNI MARINA\master\TFM\FSD50K_DATA\FSD50K.dev_audio\FSD50K_cough_stage1_only\323693.wav,False,selected_license_safe,recommended_random_audit,FSD50K,1,1,unknown,3,not_applicable_fsd50k,False,fsd50k_has_no_dry_wet_annotation,https://freesound.org/s/323693/,source WAV preserved; model preprocessing may resample to 16 kHz mono and extract features,"""clear throat12.wav"" by Reitanna; Freesound ID 323693; CC0-1.0 (http://creativecommons.org/publicdomain/zero/1.0/); accessed through FSD50K.",Cough|Human_voice|Respiratory_sounds
323694,"Human_voice,Cough,Respiratory_sounds","/m/09l8g,/m/01b_21,/m/09hlz4",train,clear throat11.wav,Reitanna,http://creativecommons.org/publicdomain/zero/1.0/,CC0-1.0,True,,,False,cough_with_expected_hierarchy_only,already_present,C:\Users\Usuario\Desktop\UNI MARINA\master\TFM\FSD50K_DATA\FSD50K.dev_audio\FSD50K_cough_stage1_only\323694.wav,False,selected_license_safe,recommended_random_audit,FSD50K,1,1,unknown,3,not_applicable_fsd50k,False,fsd50k_has_no_dry_wet_annotation,https://freesound.org/s/323694/,source WAV preserved; model preprocessing may resample to 16 kHz mono and extract features,"""clear throat11.wav"" by Reitanna; Freesound ID 323694; CC0-1.0 (http://creativecommons.org/publicdomain/zero/1.0/); accessed through FSD50K.",Cough|Human_voice|Respiratory_sounds
323695,"Cough,Respiratory_sounds","/m/01b_21,/m/09hlz4",train,clear throat10.wav,Reitanna,http://creativecommons.org/publicdomain/zero/1.0/,CC0-1.0,True,,,False,cough_with_expected_hierarchy_only,already_present,C:\Users\Usuario\Desktop\UNI MARINA\master\TFM\FSD50K_DATA\FSD50K.dev_audio\FSD50K_cough_stage1_only\323695.wav,False,selected_license_safe,recommended_random_audit,FSD50K,1,1,unknown,3,not_applicable_fsd50k,False,fsd50k_has_no_dry_wet_annotation,https://freesound.org/s/323695/,source WAV preserved; model preprocessing may resample to 16 kHz mono and extract features,"""clear throat10.wav"" by Reitanna; Freesound ID 323695; CC0-1.0 (http://creativecommons.org/publicdomain/zero/1.0/); accessed through FSD50K.",Cough|Respiratory_sounds
323696,"Human_voice,Cough,Respiratory_sounds","/m/09l8g,/m/01b_21,/m/09hlz4",train,clear throat8.wav,Reitanna,http://creativecommons.org/publicdomain/zero/1.0/,CC0-1.0,True,,,False,cough_with_expected_hierarchy_only,already_present,C:\Users\Usuario\Desktop\UNI MARINA\master\TFM\FSD50K_DATA\FSD50K.dev_audio\FSD50K_cough_stage1_only\323696.wav,False,selected_license_safe,recommended_random_audit,FSD50K,1,1,unknown,3,not_applicable_fsd50k,False,fsd50k_has_no_dry_wet_annotation,https://freesound.org/s/323696/,source WAV preserved; model preprocessing may resample to 16 kHz mono and extract features,"""clear throat8.wav"" by Reitanna; Freesound ID 323696; CC0-1.0 (http://creativecommons.org/publicdomain/zero/1.0/); accessed through FSD50K.",Cough|Human_voice|Respiratory_sounds
323698,"Human_voice,Cough,Respiratory_sounds","/m/09l8g,/m/01b_21,/m/09hlz4",train,clear throat6.wav,Reitanna,http://creativecommons.org/publicdomain/zero/1.0/,CC0-1.0,True,,,False,cough_with_expected_hierarchy_only,already_present,C:\Users\Usuario\Desktop\UNI MARINA\master\TFM\FSD50K_DATA\FSD50K.dev_audio\FSD50K_cough_stage1_only\323698.wav,False,selected_license_safe,recommended_random_audit,FSD50K,1,1,unknown,3,not_applicable_fsd50k,False,fsd50k_has_no_dry_wet_annotation,https://freesound.org/s/323698/,source WAV preserved; model preprocessing may resample to 16 kHz mono and extract features,"""clear throat6.wav"" by Reitanna; Freesound ID 323698; CC0-1.0 (http://creativecommons.org/publicdomain/zero/1.0/); accessed through FSD50K.",Cough|Human_voice|Respiratory_sounds
324769,"Cough,Respiratory_sounds","/m/01b_21,/m/09hlz4",train,Cough.wav,FatimaSalas94,http://creativecommons.org/licenses/by/3.0/,CC-BY-3.0,True,,,False,cough_with_expected_hierarchy_only,already_present,C:\Users\Usuario\Desktop\UNI MARINA\master\TFM\FSD50K_DATA\FSD50K.dev_audio\FSD50K_cough_stage1_only\324769.wav,False,selected_license_safe,recommended_random_audit,FSD50K,1,1,unknown,3,not_applicable_fsd50k,False,fsd50k_has_no_dry_wet_annotation,https://freesound.org/s/324769/,source WAV preserved; model preprocessing may resample to 16 kHz mono and extract features,"""Cough.wav"" by FatimaSalas94; Freesound ID 324769; CC-BY-3.0 (http://creativecommons.org/licenses/by/3.0/); accessed through FSD50K.",Cough|Respiratory_sounds
326891,"Cough,Respiratory_sounds","/m/01b_21,/m/09hlz4",train,dying coughs,11linda,http://creativecommons.org/licenses/by/3.0/,CC-BY-3.0,True,,,False,cough_with_expected_hierarchy_only,already_present,C:\Users\Usuario\Desktop\UNI MARINA\master\TFM\FSD50K_DATA\FSD50K.dev_audio\FSD50K_cough_stage1_only\326891.wav,False,selected_license_safe,recommended_random_audit,FSD50K,1,1,unknown,3,not_applicable_fsd50k,False,fsd50k_has_no_dry_wet_annotation,https://freesound.org/s/326891/,source WAV preserved; model preprocessing may resample to 16 kHz mono and extract features,"""dying coughs"" by 11linda; Freesound ID 326891; CC-BY-3.0 (http://creativecommons.org/licenses/by/3.0/); accessed through FSD50K.",Cough|Respiratory_sounds
331052,"Cough,Respiratory_sounds","/m/01b_21,/m/09hlz4",train,Cough_02.wav,n_audioman,http://creativecommons.org/licenses/by/3.0/,CC-BY-3.0,True,,,False,cough_with_expected_hierarchy_only,already_present,C:\Users\Usuario\Desktop\UNI MARINA\master\TFM\FSD50K_DATA\FSD50K.dev_audio\FSD50K_cough_stage1_only\331052.wav,False,selected_license_safe,recommended_random_audit,FSD50K,1,1,unknown,3,not_applicable_fsd50k,False,fsd50k_has_no_dry_wet_annotation,https://freesound.org/s/331052/,source WAV preserved; model preprocessing may resample to 16 kHz mono and extract features,"""Cough_02.wav"" by n_audioman; Freesound ID 331052; CC-BY-3.0 (http://creativecommons.org/licenses/by/3.0/); accessed through FSD50K.",Cough|Respiratory_sounds
331056,"Cough,Respiratory_sounds","/m/01b_21,/m/09hlz4",train,Cough_06.wav,n_audioman,http://creativecommons.org/licenses/by/3.0/,CC-BY-3.0,True,,,False,cough_with_expected_hierarchy_only,already_present,C:\Users\Usuario\Desktop\UNI MARINA\master\TFM\FSD50K_DATA\FSD50K.dev_audio\FSD50K_cough_stage1_only\331056.wav,False,selected_license_safe,recommended_random_audit,FSD50K,1,1,unknown,3,not_applicable_fsd50k,False,fsd50k_has_no_dry_wet_annotation,https://freesound.org/s/331056/,source WAV preserved; model preprocessing may resample to 16 kHz mono and extract features,"""Cough_06.wav"" by n_audioman; Freesound ID 331056; CC-BY-3.0 (http://creativecommons.org/licenses/by/3.0/); accessed through FSD50K.",Cough|Respiratory_sounds
331057,"Cough,Respiratory_sounds","/m/01b_21,/m/09hlz4",train,Cough_05.wav,n_audioman,http://creativecommons.org/licenses/by/3.0/,CC-BY-3.0,True,,,False,cough_with_expected_hierarchy_only,already_present,C:\Users\Usuario\Desktop\UNI MARINA\master\TFM\FSD50K_DATA\FSD50K.dev_audio\FSD50K_cough_stage1_only\331057.wav,False,selected_license_safe,recommended_random_audit,FSD50K,1,1,unknown,3,not_applicable_fsd50k,False,fsd50k_has_no_dry_wet_annotation,https://freesound.org/s/331057/,source WAV preserved; model preprocessing may resample to 16 kHz mono and extract features,"""Cough_05.wav"" by n_audioman; Freesound ID 331057; CC-BY-3.0 (http://creativecommons.org/licenses/by/3.0/); accessed through FSD50K.",Cough|Respiratory_sounds
331058,"Cough,Respiratory_sounds","/m/01b_21,/m/09hlz4",train,Cough_04.wav,n_audioman,http://creativecommons.org/licenses/by/3.0/,CC-BY-3.0,True,,,False,cough_with_expected_hierarchy_only,already_present,C:\Users\Usuario\Desktop\UNI MARINA\master\TFM\FSD50K_DATA\FSD50K.dev_audio\FSD50K_cough_stage1_only\331058.wav,False,selected_license_safe,recommended_random_audit,FSD50K,1,1,unknown,3,not_applicable_fsd50k,False,fsd50k_has_no_dry_wet_annotation,https://freesound.org/s/331058/,source WAV preserved; model preprocessing may resample to 16 kHz mono and extract features,"""Cough_04.wav"" by n_audioman; Freesound ID 331058; CC-BY-3.0 (http://creativecommons.org/licenses/by/3.0/); accessed through FSD50K.",Cough|Respiratory_sounds
331059,"Cough,Respiratory_sounds","/m/01b_21,/m/09hlz4",train,Cough_03.wav,n_audioman,http://creativecommons.org/licenses/by/3.0/,CC-BY-3.0,True,,,False,cough_with_expected_hierarchy_only,already_present,C:\Users\Usuario\Desktop\UNI MARINA\master\TFM\FSD50K_DATA\FSD50K.dev_audio\FSD50K_cough_stage1_only\331059.wav,False,selected_license_safe,recommended_random_audit,FSD50K,1,1,unknown,3,not_applicable_fsd50k,False,fsd50k_has_no_dry_wet_annotation,https://freesound.org/s/331059/,source WAV preserved; model preprocessing may resample to 16 kHz mono and extract features,"""Cough_03.wav"" by n_audioman; Freesound ID 331059; CC-BY-3.0 (http://creativecommons.org/licenses/by/3.0/); accessed through FSD50K.",Cough|Respiratory_sounds
331060,"Cough,Respiratory_sounds","/m/01b_21,/m/09hlz4",train,Cough_08.wav,n_audioman,http://creativecommons.org/licenses/by/3.0/,CC-BY-3.0,True,,,False,cough_with_expected_hierarchy_only,already_present,C:\Users\Usuario\Desktop\UNI MARINA\master\TFM\FSD50K_DATA\FSD50K.dev_audio\FSD50K_cough_stage1_only\331060.wav,False,selected_license_safe,recommended_random_audit,FSD50K,1,1,unknown,3,not_applicable_fsd50k,False,fsd50k_has_no_dry_wet_annotation,https://freesound.org/s/331060/,source WAV preserved; model preprocessing may resample to 16 kHz mono and extract features,"""Cough_08.wav"" by n_audioman; Freesound ID 331060; CC-BY-3.0 (http://creativecommons.org/licenses/by/3.0/); accessed through FSD50K.",Cough|Respiratory_sounds
331061,"Cough,Respiratory_sounds","/m/01b_21,/m/09hlz4",train,Cough_07.wav,n_audioman,http://creativecommons.org/licenses/by/3.0/,CC-BY-3.0,True,,,False,cough_with_expected_hierarchy_only,already_present,C:\Users\Usuario\Desktop\UNI MARINA\master\TFM\FSD50K_DATA\FSD50K.dev_audio\FSD50K_cough_stage1_only\331061.wav,False,selected_license_safe,recommended_random_audit,FSD50K,1,1,unknown,3,not_applicable_fsd50k,False,fsd50k_has_no_dry_wet_annotation,https://freesound.org/s/331061/,source WAV preserved; model preprocessing may resample to 16 kHz mono and extract features,"""Cough_07.wav"" by n_audioman; Freesound ID 331061; CC-BY-3.0 (http://creativecommons.org/licenses/by/3.0/); accessed through FSD50K.",Cough|Respiratory_sounds
331063,"Cough,Respiratory_sounds","/m/01b_21,/m/09hlz4",train,Cough_10.wav,n_audioman,http://creativecommons.org/licenses/by/3.0/,CC-BY-3.0,True,,,False,cough_with_expected_hierarchy_only,already_present,C:\Users\Usuario\Desktop\UNI MARINA\master\TFM\FSD50K_DATA\FSD50K.dev_audio\FSD50K_cough_stage1_only\331063.wav,False,selected_license_safe,recommended_random_audit,FSD50K,1,1,unknown,3,not_applicable_fsd50k,False,fsd50k_has_no_dry_wet_annotation,https://freesound.org/s/331063/,source WAV preserved; model preprocessing may resample to 16 kHz mono and extract features,"""Cough_10.wav"" by n_audioman; Freesound ID 331063; CC-BY-3.0 (http://creativecommons.org/licenses/by/3.0/); accessed through FSD50K.",Cough|Respiratory_sounds
331064,"Cough,Respiratory_sounds","/m/01b_21,/m/09hlz4",train,Cough_09.wav,n_audioman,http://creativecommons.org/licenses/by/3.0/,CC-BY-3.0,True,,,False,cough_with_expected_hierarchy_only,already_present,C:\Users\Usuario\Desktop\UNI MARINA\master\TFM\FSD50K_DATA\FSD50K.dev_audio\FSD50K_cough_stage1_only\331064.wav,False,selected_license_safe,recommended_random_audit,FSD50K,1,1,unknown,3,not_applicable_fsd50k,False,fsd50k_has_no_dry_wet_annotation,https://freesound.org/s/331064/,source WAV preserved; model preprocessing may resample to 16 kHz mono and extract features,"""Cough_09.wav"" by n_audioman; Freesound ID 331064; CC-BY-3.0 (http://creativecommons.org/licenses/by/3.0/); accessed through FSD50K.",Cough|Respiratory_sounds
331065,"Cough,Respiratory_sounds","/m/01b_21,/m/09hlz4",train,Cough_11.wav,n_audioman,http://creativecommons.org/licenses/by/3.0/,CC-BY-3.0,True,,,False,cough_with_expected_hierarchy_only,already_present,C:\Users\Usuario\Desktop\UNI MARINA\master\TFM\FSD50K_DATA\FSD50K.dev_audio\FSD50K_cough_stage1_only\331065.wav,False,selected_license_safe,recommended_random_audit,FSD50K,1,1,unknown,3,not_applicable_fsd50k,False,fsd50k_has_no_dry_wet_annotation,https://freesound.org/s/331065/,source WAV preserved; model preprocessing may resample to 16 kHz mono and extract features,"""Cough_11.wav"" by n_audioman; Freesound ID 331065; CC-BY-3.0 (http://creativecommons.org/licenses/by/3.0/); accessed through FSD50K.",Cough|Respiratory_sounds
331067,"Cough,Respiratory_sounds","/m/01b_21,/m/09hlz4",train,Throat_Clear_03.wav,n_audioman,http://creativecommons.org/licenses/by/3.0/,CC-BY-3.0,True,,,False,cough_with_expected_hierarchy_only,already_present,C:\Users\Usuario\Desktop\UNI MARINA\master\TFM\FSD50K_DATA\FSD50K.dev_audio\FSD50K_cough_stage1_only\331067.wav,False,selected_license_safe,recommended_random_audit,FSD50K,1,1,unknown,3,not_applicable_fsd50k,False,fsd50k_has_no_dry_wet_annotation,https://freesound.org/s/331067/,source WAV preserved; model preprocessing may resample to 16 kHz mono and extract features,"""Throat_Clear_03.wav"" by n_audioman; Freesound ID 331067; CC-BY-3.0 (http://creativecommons.org/licenses/by/3.0/); accessed through FSD50K.",Cough|Respiratory_sounds
331068,"Cough,Respiratory_sounds","/m/01b_21,/m/09hlz4",train,Cough_12.wav,n_audioman,http://creativecommons.org/licenses/by/3.0/,CC-BY-3.0,True,,,False,cough_with_expected_hierarchy_only,already_present,C:\Users\Usuario\Desktop\UNI MARINA\master\TFM\FSD50K_DATA\FSD50K.dev_audio\FSD50K_cough_stage1_only\331068.wav,False,selected_license_safe,recommended_random_audit,FSD50K,1,1,unknown,3,not_applicable_fsd50k,False,fsd50k_has_no_dry_wet_annotation,https://freesound.org/s/331068/,source WAV preserved; model preprocessing may resample to 16 kHz mono and extract features,"""Cough_12.wav"" by n_audioman; Freesound ID 331068; CC-BY-3.0 (http://creativecommons.org/licenses/by/3.0/); accessed through FSD50K.",Cough|Respiratory_sounds
332989,"Cough,Respiratory_sounds","/m/01b_21,/m/09hlz4",train,Coughing 01.wav,michael_kur95,http://creativecommons.org/licenses/by/3.0/,CC-BY-3.0,True,,,False,cough_with_expected_hierarchy_only,already_present,C:\Users\Usuario\Desktop\UNI MARINA\master\TFM\FSD50K_DATA\FSD50K.dev_audio\FSD50K_cough_stage1_only\332989.wav,False,selected_license_safe,recommended_random_audit,FSD50K,1,1,unknown,3,not_applicable_fsd50k,False,fsd50k_has_no_dry_wet_annotation,https://freesound.org/s/332989/,source WAV preserved; model preprocessing may resample to 16 kHz mono and extract features,"""Coughing 01.wav"" by michael_kur95; Freesound ID 332989; CC-BY-3.0 (http://creativecommons.org/licenses/by/3.0/); accessed through FSD50K.",Cough|Respiratory_sounds
334051,"Human_voice,Cough,Respiratory_sounds","/m/09l8g,/m/01b_21,/m/09hlz4",train,Cough.mp3,LittleRainySeasons,http://creativecommons.org/licenses/by/3.0/,CC-BY-3.0,True,,,False,cough_with_expected_hierarchy_only,already_present,C:\Users\Usuario\Desktop\UNI MARINA\master\TFM\FSD50K_DATA\FSD50K.dev_audio\FSD50K_cough_stage1_only\334051.wav,False,selected_license_safe,recommended_random_audit,FSD50K,1,1,unknown,3,not_applicable_fsd50k,False,fsd50k_has_no_dry_wet_annotation,https://freesound.org/s/334051/,source WAV preserved; model preprocessing may resample to 16 kHz mono and extract features,"""Cough.mp3"" by LittleRainySeasons; Freesound ID 334051; CC-BY-3.0 (http://creativecommons.org/licenses/by/3.0/); accessed through FSD50K.",Cough|Human_voice|Respiratory_sounds
334052,"Human_voice,Cough,Respiratory_sounds","/m/09l8g,/m/01b_21,/m/09hlz4",train,Clear Throat.mp3,LittleRainySeasons,http://creativecommons.org/licenses/by/3.0/,CC-BY-3.0,True,,,False,cough_with_expected_hierarchy_only,already_present,C:\Users\Usuario\Desktop\UNI MARINA\master\TFM\FSD50K_DATA\FSD50K.dev_audio\FSD50K_cough_stage1_only\334052.wav,False,selected_license_safe,recommended_random_audit,FSD50K,1,1,unknown,3,not_applicable_fsd50k,False,fsd50k_has_no_dry_wet_annotation,https://freesound.org/s/334052/,source WAV preserved; model preprocessing may resample to 16 kHz mono and extract features,"""Clear Throat.mp3"" by LittleRainySeasons; Freesound ID 334052; CC-BY-3.0 (http://creativecommons.org/licenses/by/3.0/); accessed through FSD50K.",Cough|Human_voice|Respiratory_sounds
336529,"Cough,Respiratory_sounds","/m/01b_21,/m/09hlz4",train,Cough,chrillz3r,http://creativecommons.org/publicdomain/zero/1.0/,CC0-1.0,True,,,False,cough_with_expected_hierarchy_only,already_present,C:\Users\Usuario\Desktop\UNI MARINA\master\TFM\FSD50K_DATA\FSD50K.dev_audio\FSD50K_cough_stage1_only\336529.wav,False,selected_license_safe,recommended_random_audit,FSD50K,1,1,unknown,3,not_applicable_fsd50k,False,fsd50k_has_no_dry_wet_annotation,https://freesound.org/s/336529/,source WAV preserved; model preprocessing may resample to 16 kHz mono and extract features,"""Cough"" by chrillz3r; Freesound ID 336529; CC0-1.0 (http://creativecommons.org/publicdomain/zero/1.0/); accessed through FSD50K.",Cough|Respiratory_sounds
341086,"Cough,Respiratory_sounds","/m/01b_21,/m/09hlz4",train,Unprocessed_Cough_Rode_NT2000.flac,cabled_mess,http://creativecommons.org/publicdomain/zero/1.0/,CC0-1.0,True,,,False,cough_with_expected_hierarchy_only,already_present,C:\Users\Usuario\Desktop\UNI MARINA\master\TFM\FSD50K_DATA\FSD50K.dev_audio\FSD50K_cough_stage1_only\341086.wav,False,selected_license_safe,recommended_random_audit,FSD50K,1,1,unknown,3,not_applicable_fsd50k,False,fsd50k_has_no_dry_wet_annotation,https://freesound.org/s/341086/,source WAV preserved; model preprocessing may resample to 16 kHz mono and extract features,"""Unprocessed_Cough_Rode_NT2000.flac"" by cabled_mess; Freesound ID 341086; CC0-1.0 (http://creativecommons.org/publicdomain/zero/1.0/); accessed through FSD50K.",Cough|Respiratory_sounds
342669,"Cough,Respiratory_sounds","/m/01b_21,/m/09hlz4",train,Coughing 02.wav,michael_kur95,http://creativecommons.org/licenses/by/3.0/,CC-BY-3.0,True,,,False,cough_with_expected_hierarchy_only,already_present,C:\Users\Usuario\Desktop\UNI MARINA\master\TFM\FSD50K_DATA\FSD50K.dev_audio\FSD50K_cough_stage1_only\342669.wav,False,selected_license_safe,recommended_random_audit,FSD50K,1,1,unknown,3,not_applicable_fsd50k,False,fsd50k_has_no_dry_wet_annotation,https://freesound.org/s/342669/,source WAV preserved; model preprocessing may resample to 16 kHz mono and extract features,"""Coughing 02.wav"" by michael_kur95; Freesound ID 342669; CC-BY-3.0 (http://creativecommons.org/licenses/by/3.0/); accessed through FSD50K.",Cough|Respiratory_sounds
343880,"Human_voice,Cough,Respiratory_sounds","/m/09l8g,/m/01b_21,/m/09hlz4",train,two coughs.wav,Reitanna,http://creativecommons.org/publicdomain/zero/1.0/,CC0-1.0,True,,,False,cough_with_expected_hierarchy_only,already_present,C:\Users\Usuario\Desktop\UNI MARINA\master\TFM\FSD50K_DATA\FSD50K.dev_audio\FSD50K_cough_stage1_only\343880.wav,False,selected_license_safe,recommended_random_audit,FSD50K,1,1,unknown,3,not_applicable_fsd50k,False,fsd50k_has_no_dry_wet_annotation,https://freesound.org/s/343880/,source WAV preserved; model preprocessing may resample to 16 kHz mono and extract features,"""two coughs.wav"" by Reitanna; Freesound ID 343880; CC0-1.0 (http://creativecommons.org/publicdomain/zero/1.0/); accessed through FSD50K.",Cough|Human_voice|Respiratory_sounds
343885,"Cough,Respiratory_sounds","/m/01b_21,/m/09hlz4",train,angry cough of sorts.wav,Reitanna,http://creativecommons.org/publicdomain/zero/1.0/,CC0-1.0,True,,,False,cough_with_expected_hierarchy_only,already_present,C:\Users\Usuario\Desktop\UNI MARINA\master\TFM\FSD50K_DATA\FSD50K.dev_audio\FSD50K_cough_stage1_only\343885.wav,False,selected_license_safe,recommended_random_audit,FSD50K,1,1,unknown,3,not_applicable_fsd50k,False,fsd50k_has_no_dry_wet_annotation,https://freesound.org/s/343885/,source WAV preserved; model preprocessing may resample to 16 kHz mono and extract features,"""angry cough of sorts.wav"" by Reitanna; Freesound ID 343885; CC0-1.0 (http://creativecommons.org/publicdomain/zero/1.0/); accessed through FSD50K.",Cough|Respiratory_sounds
343904,"Human_voice,Cough,Respiratory_sounds","/m/09l8g,/m/01b_21,/m/09hlz4",train,clear throat17.wav,Reitanna,http://creativecommons.org/publicdomain/zero/1.0/,CC0-1.0,True,,,False,cough_with_expected_hierarchy_only,already_present,C:\Users\Usuario\Desktop\UNI MARINA\master\TFM\FSD50K_DATA\FSD50K.dev_audio\FSD50K_cough_stage1_only\343904.wav,False,selected_license_safe,recommended_random_audit,FSD50K,1,1,unknown,3,not_applicable_fsd50k,False,fsd50k_has_no_dry_wet_annotation,https://freesound.org/s/343904/,source WAV preserved; model preprocessing may resample to 16 kHz mono and extract features,"""clear throat17.wav"" by Reitanna; Freesound ID 343904; CC0-1.0 (http://creativecommons.org/publicdomain/zero/1.0/); accessed through FSD50K.",Cough|Human_voice|Respiratory_sounds
343905,"Human_voice,Cough,Respiratory_sounds","/m/09l8g,/m/01b_21,/m/09hlz4",train,clear throat16.wav,Reitanna,http://creativecommons.org/publicdomain/zero/1.0/,CC0-1.0,True,,,False,cough_with_expected_hierarchy_only,already_present,C:\Users\Usuario\Desktop\UNI MARINA\master\TFM\FSD50K_DATA\FSD50K.dev_audio\FSD50K_cough_stage1_only\343905.wav,False,selected_license_safe,recommended_random_audit,FSD50K,1,1,unknown,3,not_applicable_fsd50k,False,fsd50k_has_no_dry_wet_annotation,https://freesound.org/s/343905/,source WAV preserved; model preprocessing may resample to 16 kHz mono and extract features,"""clear throat16.wav"" by Reitanna; Freesound ID 343905; CC0-1.0 (http://creativecommons.org/publicdomain/zero/1.0/); accessed through FSD50K.",Cough|Human_voice|Respiratory_sounds
343910,"Human_voice,Cough,Respiratory_sounds","/m/09l8g,/m/01b_21,/m/09hlz4",train,clear throat13.wav,Reitanna,http://creativecommons.org/publicdomain/zero/1.0/,CC0-1.0,True,,,False,cough_with_expected_hierarchy_only,already_present,C:\Users\Usuario\Desktop\UNI MARINA\master\TFM\FSD50K_DATA\FSD50K.dev_audio\FSD50K_cough_stage1_only\343910.wav,False,selected_license_safe,recommended_random_audit,FSD50K,1,1,unknown,3,not_applicable_fsd50k,False,fsd50k_has_no_dry_wet_annotation,https://freesound.org/s/343910/,source WAV preserved; model preprocessing may resample to 16 kHz mono and extract features,"""clear throat13.wav"" by Reitanna; Freesound ID 343910; CC0-1.0 (http://creativecommons.org/publicdomain/zero/1.0/); accessed through FSD50K.",Cough|Human_voice|Respiratory_sounds
343912,"Human_voice,Cough,Respiratory_sounds","/m/09l8g,/m/01b_21,/m/09hlz4",train,clear throat15.wav,Reitanna,http://creativecommons.org/publicdomain/zero/1.0/,CC0-1.0,True,,,False,cough_with_expected_hierarchy_only,already_present,C:\Users\Usuario\Desktop\UNI MARINA\master\TFM\FSD50K_DATA\FSD50K.dev_audio\FSD50K_cough_stage1_only\343912.wav,False,selected_license_safe,recommended_random_audit,FSD50K,1,1,unknown,3,not_applicable_fsd50k,False,fsd50k_has_no_dry_wet_annotation,https://freesound.org/s/343912/,source WAV preserved; model preprocessing may resample to 16 kHz mono and extract features,"""clear throat15.wav"" by Reitanna; Freesound ID 343912; CC0-1.0 (http://creativecommons.org/publicdomain/zero/1.0/); accessed through FSD50K.",Cough|Human_voice|Respiratory_sounds
343913,"Human_voice,Cough,Respiratory_sounds","/m/09l8g,/m/01b_21,/m/09hlz4",train,clear throat14.wav,Reitanna,http://creativecommons.org/publicdomain/zero/1.0/,CC0-1.0,True,,,False,cough_with_expected_hierarchy_only,already_present,C:\Users\Usuario\Desktop\UNI MARINA\master\TFM\FSD50K_DATA\FSD50K.dev_audio\FSD50K_cough_stage1_only\343913.wav,False,selected_license_safe,recommended_random_audit,FSD50K,1,1,unknown,3,not_applicable_fsd50k,False,fsd50k_has_no_dry_wet_annotation,https://freesound.org/s/343913/,source WAV preserved; model preprocessing may resample to 16 kHz mono and extract features,"""clear throat14.wav"" by Reitanna; Freesound ID 343913; CC0-1.0 (http://creativecommons.org/publicdomain/zero/1.0/); accessed through FSD50K.",Cough|Human_voice|Respiratory_sounds
343986,"Human_voice,Cough,Respiratory_sounds","/m/09l8g,/m/01b_21,/m/09hlz4",train,four coughs.wav,Reitanna,http://creativecommons.org/publicdomain/zero/1.0/,CC0-1.0,True,,,False,cough_with_expected_hierarchy_only,already_present,C:\Users\Usuario\Desktop\UNI MARINA\master\TFM\FSD50K_DATA\FSD50K.dev_audio\FSD50K_cough_stage1_only\343986.wav,False,selected_license_safe,recommended_random_audit,FSD50K,1,1,unknown,3,not_applicable_fsd50k,False,fsd50k_has_no_dry_wet_annotation,https://freesound.org/s/343986/,source WAV preserved; model preprocessing may resample to 16 kHz mono and extract features,"""four coughs.wav"" by Reitanna; Freesound ID 343986; CC0-1.0 (http://creativecommons.org/publicdomain/zero/1.0/); accessed through FSD50K.",Cough|Human_voice|Respiratory_sounds
344632,"Cough,Respiratory_sounds","/m/01b_21,/m/09hlz4",train,Man Coughing.wav,Chubbers1995,http://creativecommons.org/licenses/by/3.0/,CC-BY-3.0,True,,,False,cough_with_expected_hierarchy_only,already_present,C:\Users\Usuario\Desktop\UNI MARINA\master\TFM\FSD50K_DATA\FSD50K.dev_audio\FSD50K_cough_stage1_only\344632.wav,False,selected_license_safe,recommended_random_audit,FSD50K,1,1,unknown,3,not_applicable_fsd50k,False,fsd50k_has_no_dry_wet_annotation,https://freesound.org/s/344632/,source WAV preserved; model preprocessing may resample to 16 kHz mono and extract features,"""Man Coughing.wav"" by Chubbers1995; Freesound ID 344632; CC-BY-3.0 (http://creativecommons.org/licenses/by/3.0/); accessed through FSD50K.",Cough|Respiratory_sounds
346489,"Cough,Respiratory_sounds","/m/01b_21,/m/09hlz4",train,cough-2.wav,_def,http://creativecommons.org/licenses/by/3.0/,CC-BY-3.0,True,,,False,cough_with_expected_hierarchy_only,already_present,C:\Users\Usuario\Desktop\UNI MARINA\master\TFM\FSD50K_DATA\FSD50K.dev_audio\FSD50K_cough_stage1_only\346489.wav,False,selected_license_safe,recommended_random_audit,FSD50K,1,1,unknown,3,not_applicable_fsd50k,False,fsd50k_has_no_dry_wet_annotation,https://freesound.org/s/346489/,source WAV preserved; model preprocessing may resample to 16 kHz mono and extract features,"""cough-2.wav"" by _def; Freesound ID 346489; CC-BY-3.0 (http://creativecommons.org/licenses/by/3.0/); accessed through FSD50K.",Cough|Respiratory_sounds
346490,"Cough,Respiratory_sounds","/m/01b_21,/m/09hlz4",train,cough-1.wav,_def,http://creativecommons.org/licenses/by/3.0/,CC-BY-3.0,True,,,False,cough_with_expected_hierarchy_only,already_present,C:\Users\Usuario\Desktop\UNI MARINA\master\TFM\FSD50K_DATA\FSD50K.dev_audio\FSD50K_cough_stage1_only\346490.wav,False,selected_license_safe,recommended_random_audit,FSD50K,1,1,unknown,3,not_applicable_fsd50k,False,fsd50k_has_no_dry_wet_annotation,https://freesound.org/s/346490/,source WAV preserved; model preprocessing may resample to 16 kHz mono and extract features,"""cough-1.wav"" by _def; Freesound ID 346490; CC-BY-3.0 (http://creativecommons.org/licenses/by/3.0/); accessed through FSD50K.",Cough|Respiratory_sounds
346648,"Cough,Respiratory_sounds","/m/01b_21,/m/09hlz4",train,Coughing.wav,deleted_user_4401185,http://creativecommons.org/licenses/by/3.0/,CC-BY-3.0,True,,,False,cough_with_expected_hierarchy_only,already_present,C:\Users\Usuario\Desktop\UNI MARINA\master\TFM\FSD50K_DATA\FSD50K.dev_audio\FSD50K_cough_stage1_only\346648.wav,False,selected_license_safe,recommended_random_audit,FSD50K,1,1,unknown,3,not_applicable_fsd50k,False,fsd50k_has_no_dry_wet_annotation,https://freesound.org/s/346648/,source WAV preserved; model preprocessing may resample to 16 kHz mono and extract features,"""Coughing.wav"" by deleted_user_4401185; Freesound ID 346648; CC-BY-3.0 (http://creativecommons.org/licenses/by/3.0/); accessed through FSD50K.",Cough|Respiratory_sounds
348364,"Cough,Respiratory_sounds","/m/01b_21,/m/09hlz4",train,Cough,FrostyFrost,http://creativecommons.org/publicdomain/zero/1.0/,CC0-1.0,True,,,False,cough_with_expected_hierarchy_only,already_present,C:\Users\Usuario\Desktop\UNI MARINA\master\TFM\FSD50K_DATA\FSD50K.dev_audio\FSD50K_cough_stage1_only\348364.wav,False,selected_license_safe,recommended_random_audit,FSD50K,1,1,unknown,3,not_applicable_fsd50k,False,fsd50k_has_no_dry_wet_annotation,https://freesound.org/s/348364/,source WAV preserved; model preprocessing may resample to 16 kHz mono and extract features,"""Cough"" by FrostyFrost; Freesound ID 348364; CC0-1.0 (http://creativecommons.org/publicdomain/zero/1.0/); accessed through FSD50K.",Cough|Respiratory_sounds
351161,"Cough,Respiratory_sounds","/m/01b_21,/m/09hlz4",train,clear throat18.wav,Reitanna,http://creativecommons.org/publicdomain/zero/1.0/,CC0-1.0,True,,,False,cough_with_expected_hierarchy_only,already_present,C:\Users\Usuario\Desktop\UNI MARINA\master\TFM\FSD50K_DATA\FSD50K.dev_audio\FSD50K_cough_stage1_only\351161.wav,False,selected_license_safe,recommended_random_audit,FSD50K,1,1,unknown,3,not_applicable_fsd50k,False,fsd50k_has_no_dry_wet_annotation,https://freesound.org/s/351161/,source WAV preserved; model preprocessing may resample to 16 kHz mono and extract features,"""clear throat18.wav"" by Reitanna; Freesound ID 351161; CC0-1.0 (http://creativecommons.org/publicdomain/zero/1.0/); accessed through FSD50K.",Cough|Respiratory_sounds
353649,"Cough,Respiratory_sounds","/m/01b_21,/m/09hlz4",train,Cough.wav,soundatADM,http://creativecommons.org/publicdomain/zero/1.0/,CC0-1.0,True,,,False,cough_with_expected_hierarchy_only,already_present,C:\Users\Usuario\Desktop\UNI MARINA\master\TFM\FSD50K_DATA\FSD50K.dev_audio\FSD50K_cough_stage1_only\353649.wav,False,selected_license_safe,recommended_random_audit,FSD50K,1,1,unknown,3,not_applicable_fsd50k,False,fsd50k_has_no_dry_wet_annotation,https://freesound.org/s/353649/,source WAV preserved; model preprocessing may resample to 16 kHz mono and extract features,"""Cough.wav"" by soundatADM; Freesound ID 353649; CC0-1.0 (http://creativecommons.org/publicdomain/zero/1.0/); accessed through FSD50K.",Cough|Respiratory_sounds
365158,"Cough,Respiratory_sounds","/m/01b_21,/m/09hlz4",train,Man coughing.wav,Jack_Freedom5712,http://creativecommons.org/licenses/by/3.0/,CC-BY-3.0,True,,,False,cough_with_expected_hierarchy_only,already_present,C:\Users\Usuario\Desktop\UNI MARINA\master\TFM\FSD50K_DATA\FSD50K.dev_audio\FSD50K_cough_stage1_only\365158.wav,False,selected_license_safe,recommended_random_audit,FSD50K,1,1,unknown,3,not_applicable_fsd50k,False,fsd50k_has_no_dry_wet_annotation,https://freesound.org/s/365158/,source WAV preserved; model preprocessing may resample to 16 kHz mono and extract features,"""Man coughing.wav"" by Jack_Freedom5712; Freesound ID 365158; CC-BY-3.0 (http://creativecommons.org/licenses/by/3.0/); accessed through FSD50K.",Cough|Respiratory_sounds
365476,"Cough,Respiratory_sounds","/m/01b_21,/m/09hlz4",train,A person coughing,Caitlin_100,http://creativecommons.org/publicdomain/zero/1.0/,CC0-1.0,True,,,False,cough_with_expected_hierarchy_only,already_present,C:\Users\Usuario\Desktop\UNI MARINA\master\TFM\FSD50K_DATA\FSD50K.dev_audio\FSD50K_cough_stage1_only\365476.wav,False,selected_license_safe,recommended_random_audit,FSD50K,1,1,unknown,3,not_applicable_fsd50k,False,fsd50k_has_no_dry_wet_annotation,https://freesound.org/s/365476/,source WAV preserved; model preprocessing may resample to 16 kHz mono and extract features,"""A person coughing"" by Caitlin_100; Freesound ID 365476; CC0-1.0 (http://creativecommons.org/publicdomain/zero/1.0/); accessed through FSD50K.",Cough|Respiratory_sounds
377260,"Cough,Respiratory_sounds","/m/01b_21,/m/09hlz4",train,Clearing Throat 2.wav,johnnypanic,http://creativecommons.org/licenses/by/3.0/,CC-BY-3.0,True,,,False,cough_with_expected_hierarchy_only,already_present,C:\Users\Usuario\Desktop\UNI MARINA\master\TFM\FSD50K_DATA\FSD50K.dev_audio\FSD50K_cough_stage1_only\377260.wav,False,selected_license_safe,recommended_random_audit,FSD50K,1,1,unknown,3,not_applicable_fsd50k,False,fsd50k_has_no_dry_wet_annotation,https://freesound.org/s/377260/,source WAV preserved; model preprocessing may resample to 16 kHz mono and extract features,"""Clearing Throat 2.wav"" by johnnypanic; Freesound ID 377260; CC-BY-3.0 (http://creativecommons.org/licenses/by/3.0/); accessed through FSD50K.",Cough|Respiratory_sounds
377267,"Cough,Respiratory_sounds","/m/01b_21,/m/09hlz4",train,Clearing Throat.wav,johnnypanic,http://creativecommons.org/licenses/by/3.0/,CC-BY-3.0,True,,,False,cough_with_expected_hierarchy_only,already_present,C:\Users\Usuario\Desktop\UNI MARINA\master\TFM\FSD50K_DATA\FSD50K.dev_audio\FSD50K_cough_stage1_only\377267.wav,False,selected_license_safe,recommended_random_audit,FSD50K,1,1,unknown,3,not_applicable_fsd50k,False,fsd50k_has_no_dry_wet_annotation,https://freesound.org/s/377267/,source WAV preserved; model preprocessing may resample to 16 kHz mono and extract features,"""Clearing Throat.wav"" by johnnypanic; Freesound ID 377267; CC-BY-3.0 (http://creativecommons.org/licenses/by/3.0/); accessed through FSD50K.",Cough|Respiratory_sounds
381371,"Cough,Respiratory_sounds","/m/01b_21,/m/09hlz4",train,Cough Snuffle Distant 2.mp3,FunWithSound,http://creativecommons.org/publicdomain/zero/1.0/,CC0-1.0,True,,,False,cough_with_expected_hierarchy_only,already_present,C:\Users\Usuario\Desktop\UNI MARINA\master\TFM\FSD50K_DATA\FSD50K.dev_audio\FSD50K_cough_stage1_only\381371.wav,False,selected_license_safe,recommended_random_audit,FSD50K,1,1,unknown,3,not_applicable_fsd50k,False,fsd50k_has_no_dry_wet_annotation,https://freesound.org/s/381371/,source WAV preserved; model preprocessing may resample to 16 kHz mono and extract features,"""Cough Snuffle Distant 2.mp3"" by FunWithSound; Freesound ID 381371; CC0-1.0 (http://creativecommons.org/publicdomain/zero/1.0/); accessed through FSD50K.",Cough|Respiratory_sounds
381372,"Cough,Respiratory_sounds","/m/01b_21,/m/09hlz4",train,Cough Faint 1.mp3,FunWithSound,http://creativecommons.org/publicdomain/zero/1.0/,CC0-1.0,True,,,False,cough_with_expected_hierarchy_only,already_present,C:\Users\Usuario\Desktop\UNI MARINA\master\TFM\FSD50K_DATA\FSD50K.dev_audio\FSD50K_cough_stage1_only\381372.wav,False,selected_license_safe,recommended_random_audit,FSD50K,1,1,unknown,3,not_applicable_fsd50k,False,fsd50k_has_no_dry_wet_annotation,https://freesound.org/s/381372/,source WAV preserved; model preprocessing may resample to 16 kHz mono and extract features,"""Cough Faint 1.mp3"" by FunWithSound; Freesound ID 381372; CC0-1.0 (http://creativecommons.org/publicdomain/zero/1.0/); accessed through FSD50K.",Cough|Respiratory_sounds
386210,"Cough,Respiratory_sounds","/m/01b_21,/m/09hlz4",train,Spoken - Drink fail,ldezem,http://creativecommons.org/publicdomain/zero/1.0/,CC0-1.0,True,,,False,cough_with_expected_hierarchy_only,already_present,C:\Users\Usuario\Desktop\UNI MARINA\master\TFM\FSD50K_DATA\FSD50K.dev_audio\FSD50K_cough_stage1_only\386210.wav,False,selected_license_safe,recommended_random_audit,FSD50K,1,1,unknown,3,not_applicable_fsd50k,False,fsd50k_has_no_dry_wet_annotation,https://freesound.org/s/386210/,source WAV preserved; model preprocessing may resample to 16 kHz mono and extract features,"""Spoken - Drink fail"" by ldezem; Freesound ID 386210; CC0-1.0 (http://creativecommons.org/publicdomain/zero/1.0/); accessed through FSD50K.",Cough|Respiratory_sounds
386527,"Cough,Respiratory_sounds","/m/01b_21,/m/09hlz4",train,clearing_throat.wav,GlennM,http://creativecommons.org/licenses/by/3.0/,CC-BY-3.0,True,,,False,cough_with_expected_hierarchy_only,already_present,C:\Users\Usuario\Desktop\UNI MARINA\master\TFM\FSD50K_DATA\FSD50K.dev_audio\FSD50K_cough_stage1_only\386527.wav,False,selected_license_safe,recommended_random_audit,FSD50K,1,1,unknown,3,not_applicable_fsd50k,False,fsd50k_has_no_dry_wet_annotation,https://freesound.org/s/386527/,source WAV preserved; model preprocessing may resample to 16 kHz mono and extract features,"""clearing_throat.wav"" by GlennM; Freesound ID 386527; CC-BY-3.0 (http://creativecommons.org/licenses/by/3.0/); accessed through FSD50K.",Cough|Respiratory_sounds
389285,"Cough,Respiratory_sounds","/m/01b_21,/m/09hlz4",train,Tos_Sound_FX.wav,ThemaggotR,http://creativecommons.org/licenses/by/3.0/,CC-BY-3.0,True,,,False,cough_with_expected_hierarchy_only,already_present,C:\Users\Usuario\Desktop\UNI MARINA\master\TFM\FSD50K_DATA\FSD50K.dev_audio\FSD50K_cough_stage1_only\389285.wav,False,selected_license_safe,recommended_random_audit,FSD50K,1,1,unknown,3,not_applicable_fsd50k,False,fsd50k_has_no_dry_wet_annotation,https://freesound.org/s/389285/,source WAV preserved; model preprocessing may resample to 16 kHz mono and extract features,"""Tos_Sound_FX.wav"" by ThemaggotR; Freesound ID 389285; CC-BY-3.0 (http://creativecommons.org/licenses/by/3.0/); accessed through FSD50K.",Cough|Respiratory_sounds
389289,"Cough,Respiratory_sounds","/m/01b_21,/m/09hlz4",train,Tos_Sound_WET.wav,ThemaggotR,http://creativecommons.org/licenses/by/3.0/,CC-BY-3.0,True,,,False,cough_with_expected_hierarchy_only,already_present,C:\Users\Usuario\Desktop\UNI MARINA\master\TFM\FSD50K_DATA\FSD50K.dev_audio\FSD50K_cough_stage1_only\389289.wav,False,selected_license_safe,recommended_random_audit,FSD50K,1,1,unknown,3,not_applicable_fsd50k,False,fsd50k_has_no_dry_wet_annotation,https://freesound.org/s/389289/,source WAV preserved; model preprocessing may resample to 16 kHz mono and extract features,"""Tos_Sound_WET.wav"" by ThemaggotR; Freesound ID 389289; CC-BY-3.0 (http://creativecommons.org/licenses/by/3.0/); accessed through FSD50K.",Cough|Respiratory_sounds
390361,"Cough,Respiratory_sounds","/m/01b_21,/m/09hlz4",train,Tosido.wav,Josethehedgehog,http://creativecommons.org/publicdomain/zero/1.0/,CC0-1.0,True,,,False,cough_with_expected_hierarchy_only,already_present,C:\Users\Usuario\Desktop\UNI MARINA\master\TFM\FSD50K_DATA\FSD50K.dev_audio\FSD50K_cough_stage1_only\390361.wav,False,selected_license_safe,recommended_random_audit,FSD50K,1,1,unknown,3,not_applicable_fsd50k,False,fsd50k_has_no_dry_wet_annotation,https://freesound.org/s/390361/,source WAV preserved; model preprocessing may resample to 16 kHz mono and extract features,"""Tosido.wav"" by Josethehedgehog; Freesound ID 390361; CC0-1.0 (http://creativecommons.org/publicdomain/zero/1.0/); accessed through FSD50K.",Cough|Respiratory_sounds
395199,"Cough,Respiratory_sounds","/m/01b_21,/m/09hlz4",train,Child Cough.mp3,bvaudio,http://creativecommons.org/publicdomain/zero/1.0/,CC0-1.0,True,,,False,cough_with_expected_hierarchy_only,already_present,C:\Users\Usuario\Desktop\UNI MARINA\master\TFM\FSD50K_DATA\FSD50K.dev_audio\FSD50K_cough_stage1_only\395199.wav,False,selected_license_safe,recommended_random_audit,FSD50K,1,1,unknown,3,not_applicable_fsd50k,False,fsd50k_has_no_dry_wet_annotation,https://freesound.org/s/395199/,source WAV preserved; model preprocessing may resample to 16 kHz mono and extract features,"""Child Cough.mp3"" by bvaudio; Freesound ID 395199; CC0-1.0 (http://creativecommons.org/publicdomain/zero/1.0/); accessed through FSD50K.",Cough|Respiratory_sounds
39713,"Cough,Respiratory_sounds","/m/01b_21,/m/09hlz4",train,delphiz COUGH LOOP COMBI #120.WAV,delphidebrain,http://creativecommons.org/licenses/by/3.0/,CC-BY-3.0,True,,,False,cough_with_expected_hierarchy_only,already_present,C:\Users\Usuario\Desktop\UNI MARINA\master\TFM\FSD50K_DATA\FSD50K.dev_audio\FSD50K_cough_stage1_only\39713.wav,False,selected_license_safe,recommended_random_audit,FSD50K,1,1,unknown,3,not_applicable_fsd50k,False,fsd50k_has_no_dry_wet_annotation,https://freesound.org/s/39713/,source WAV preserved; model preprocessing may resample to 16 kHz mono and extract features,"""delphiz COUGH LOOP COMBI #120.WAV"" by delphidebrain; Freesound ID 39713; CC-BY-3.0 (http://creativecommons.org/licenses/by/3.0/); accessed through FSD50K.",Cough|Respiratory_sounds
39878,"Cough,Respiratory_sounds","/m/01b_21,/m/09hlz4",train,delphiz COUGH LOOP COMBI #120 [ DEMO ].WAV,delphidebrain,http://creativecommons.org/licenses/by/3.0/,CC-BY-3.0,True,,,False,cough_with_expected_hierarchy_only,already_present,C:\Users\Usuario\Desktop\UNI MARINA\master\TFM\FSD50K_DATA\FSD50K.dev_audio\FSD50K_cough_stage1_only\39878.wav,False,selected_license_safe,recommended_random_audit,FSD50K,1,1,unknown,3,not_applicable_fsd50k,False,fsd50k_has_no_dry_wet_annotation,https://freesound.org/s/39878/,source WAV preserved; model preprocessing may resample to 16 kHz mono and extract features,"""delphiz COUGH LOOP COMBI #120 [ DEMO ].WAV"" by delphidebrain; Freesound ID 39878; CC-BY-3.0 (http://creativecommons.org/licenses/by/3.0/); accessed through FSD50K.",Cough|Respiratory_sounds
399463,"Cough,Respiratory_sounds","/m/01b_21,/m/09hlz4",train,dying cough.aif,Soulbuddy,http://creativecommons.org/licenses/by/3.0/,CC-BY-3.0,True,,,False,cough_with_expected_hierarchy_only,already_present,C:\Users\Usuario\Desktop\UNI MARINA\master\TFM\FSD50K_DATA\FSD50K.dev_audio\FSD50K_cough_stage1_only\399463.wav,False,selected_license_safe,recommended_random_audit,FSD50K,1,1,unknown,3,not_applicable_fsd50k,False,fsd50k_has_no_dry_wet_annotation,https://freesound.org/s/399463/,source WAV preserved; model preprocessing may resample to 16 kHz mono and extract features,"""dying cough.aif"" by Soulbuddy; Freesound ID 399463; CC-BY-3.0 (http://creativecommons.org/licenses/by/3.0/); accessed through FSD50K.",Cough|Respiratory_sounds
399618,"Cough,Respiratory_sounds","/m/01b_21,/m/09hlz4",train,Clearing throat #2.MP3,SoundsForHim,http://creativecommons.org/publicdomain/zero/1.0/,CC0-1.0,True,,,False,cough_with_expected_hierarchy_only,already_present,C:\Users\Usuario\Desktop\UNI MARINA\master\TFM\FSD50K_DATA\FSD50K.dev_audio\FSD50K_cough_stage1_only\399618.wav,False,selected_license_safe,recommended_random_audit,FSD50K,1,1,unknown,3,not_applicable_fsd50k,False,fsd50k_has_no_dry_wet_annotation,https://freesound.org/s/399618/,source WAV preserved; model preprocessing may resample to 16 kHz mono and extract features,"""Clearing throat #2.MP3"" by SoundsForHim; Freesound ID 399618; CC0-1.0 (http://creativecommons.org/publicdomain/zero/1.0/); accessed through FSD50K.",Cough|Respiratory_sounds
399619,"Cough,Respiratory_sounds","/m/01b_21,/m/09hlz4",train,Clearing throat #1.MP3,SoundsForHim,http://creativecommons.org/publicdomain/zero/1.0/,CC0-1.0,True,,,False,cough_with_expected_hierarchy_only,already_present,C:\Users\Usuario\Desktop\UNI MARINA\master\TFM\FSD50K_DATA\FSD50K.dev_audio\FSD50K_cough_stage1_only\399619.wav,False,selected_license_safe,recommended_random_audit,FSD50K,1,1,unknown,3,not_applicable_fsd50k,False,fsd50k_has_no_dry_wet_annotation,https://freesound.org/s/399619/,source WAV preserved; model preprocessing may resample to 16 kHz mono and extract features,"""Clearing throat #1.MP3"" by SoundsForHim; Freesound ID 399619; CC0-1.0 (http://creativecommons.org/publicdomain/zero/1.0/); accessed through FSD50K.",Cough|Respiratory_sounds
399624,"Cough,Respiratory_sounds","/m/01b_21,/m/09hlz4",train,Man Coughing #2.MP3,SoundsForHim,http://creativecommons.org/publicdomain/zero/1.0/,CC0-1.0,True,,,False,cough_with_expected_hierarchy_only,already_present,C:\Users\Usuario\Desktop\UNI MARINA\master\TFM\FSD50K_DATA\FSD50K.dev_audio\FSD50K_cough_stage1_only\399624.wav,False,selected_license_safe,recommended_random_audit,FSD50K,1,1,unknown,3,not_applicable_fsd50k,False,fsd50k_has_no_dry_wet_annotation,https://freesound.org/s/399624/,source WAV preserved; model preprocessing may resample to 16 kHz mono and extract features,"""Man Coughing #2.MP3"" by SoundsForHim; Freesound ID 399624; CC0-1.0 (http://creativecommons.org/publicdomain/zero/1.0/); accessed through FSD50K.",Cough|Respiratory_sounds
399627,"Cough,Respiratory_sounds","/m/01b_21,/m/09hlz4",train,Man Coughing #1.MP3,SoundsForHim,http://creativecommons.org/publicdomain/zero/1.0/,CC0-1.0,True,,,False,cough_with_expected_hierarchy_only,already_present,C:\Users\Usuario\Desktop\UNI MARINA\master\TFM\FSD50K_DATA\FSD50K.dev_audio\FSD50K_cough_stage1_only\399627.wav,False,selected_license_safe,recommended_random_audit,FSD50K,1,1,unknown,3,not_applicable_fsd50k,False,fsd50k_has_no_dry_wet_annotation,https://freesound.org/s/399627/,source WAV preserved; model preprocessing may resample to 16 kHz mono and extract features,"""Man Coughing #1.MP3"" by SoundsForHim; Freesound ID 399627; CC0-1.0 (http://creativecommons.org/publicdomain/zero/1.0/); accessed through FSD50K.",Cough|Respiratory_sounds
410493,"Cough,Respiratory_sounds","/m/01b_21,/m/09hlz4",train,Cough Cof Cof Cof,fmceretta,http://creativecommons.org/publicdomain/zero/1.0/,CC0-1.0,True,,,False,cough_with_expected_hierarchy_only,already_present,C:\Users\Usuario\Desktop\UNI MARINA\master\TFM\FSD50K_DATA\FSD50K.dev_audio\FSD50K_cough_stage1_only\410493.wav,False,selected_license_safe,recommended_random_audit,FSD50K,1,1,unknown,3,not_applicable_fsd50k,False,fsd50k_has_no_dry_wet_annotation,https://freesound.org/s/410493/,source WAV preserved; model preprocessing may resample to 16 kHz mono and extract features,"""Cough Cof Cof Cof"" by fmceretta; Freesound ID 410493; CC0-1.0 (http://creativecommons.org/publicdomain/zero/1.0/); accessed through FSD50K.",Cough|Respiratory_sounds
411083,"Cough,Respiratory_sounds","/m/01b_21,/m/09hlz4",train,Man Clears Throat (plus raspberry & cough),Iceofdoom,http://creativecommons.org/licenses/by/3.0/,CC-BY-3.0,True,,,False,cough_with_expected_hierarchy_only,already_present,C:\Users\Usuario\Desktop\UNI MARINA\master\TFM\FSD50K_DATA\FSD50K.dev_audio\FSD50K_cough_stage1_only\411083.wav,False,selected_license_safe,recommended_random_audit,FSD50K,1,1,unknown,3,not_applicable_fsd50k,False,fsd50k_has_no_dry_wet_annotation,https://freesound.org/s/411083/,source WAV preserved; model preprocessing may resample to 16 kHz mono and extract features,"""Man Clears Throat (plus raspberry & cough)"" by Iceofdoom; Freesound ID 411083; CC-BY-3.0 (http://creativecommons.org/licenses/by/3.0/); accessed through FSD50K.",Cough|Respiratory_sounds
41385,"Cough,Respiratory_sounds","/m/01b_21,/m/09hlz4",train,DB COUGH 001.wav,sandyrb,http://creativecommons.org/licenses/by/3.0/,CC-BY-3.0,True,,,False,cough_with_expected_hierarchy_only,already_present,C:\Users\Usuario\Desktop\UNI MARINA\master\TFM\FSD50K_DATA\FSD50K.dev_audio\FSD50K_cough_stage1_only\41385.wav,False,selected_license_safe,recommended_random_audit,FSD50K,1,1,unknown,3,not_applicable_fsd50k,False,fsd50k_has_no_dry_wet_annotation,https://freesound.org/s/41385/,source WAV preserved; model preprocessing may resample to 16 kHz mono and extract features,"""DB COUGH 001.wav"" by sandyrb; Freesound ID 41385; CC-BY-3.0 (http://creativecommons.org/licenses/by/3.0/); accessed through FSD50K.",Cough|Respiratory_sounds
41386,"Cough,Respiratory_sounds","/m/01b_21,/m/09hlz4",train,DB COUGH 002.wav,sandyrb,http://creativecommons.org/licenses/by/3.0/,CC-BY-3.0,True,,,False,cough_with_expected_hierarchy_only,already_present,C:\Users\Usuario\Desktop\UNI MARINA\master\TFM\FSD50K_DATA\FSD50K.dev_audio\FSD50K_cough_stage1_only\41386.wav,False,selected_license_safe,recommended_random_audit,FSD50K,1,1,unknown,3,not_applicable_fsd50k,False,fsd50k_has_no_dry_wet_annotation,https://freesound.org/s/41386/,source WAV preserved; model preprocessing may resample to 16 kHz mono and extract features,"""DB COUGH 002.wav"" by sandyrb; Freesound ID 41386; CC-BY-3.0 (http://creativecommons.org/licenses/by/3.0/); accessed through FSD50K.",Cough|Respiratory_sounds
41387,"Cough,Respiratory_sounds","/m/01b_21,/m/09hlz4",train,DB COUGH 003.wav,sandyrb,http://creativecommons.org/licenses/by/3.0/,CC-BY-3.0,True,,,False,cough_with_expected_hierarchy_only,already_present,C:\Users\Usuario\Desktop\UNI MARINA\master\TFM\FSD50K_DATA\FSD50K.dev_audio\FSD50K_cough_stage1_only\41387.wav,False,selected_license_safe,recommended_random_audit,FSD50K,1,1,unknown,3,not_applicable_fsd50k,False,fsd50k_has_no_dry_wet_annotation,https://freesound.org/s/41387/,source WAV preserved; model preprocessing may resample to 16 kHz mono and extract features,"""DB COUGH 003.wav"" by sandyrb; Freesound ID 41387; CC-BY-3.0 (http://creativecommons.org/licenses/by/3.0/); accessed through FSD50K.",Cough|Respiratory_sounds
426271,"Cough,Respiratory_sounds","/m/01b_21,/m/09hlz4",train,cough_female.m4a,Clurky,http://creativecommons.org/publicdomain/zero/1.0/,CC0-1.0,True,,,False,cough_with_expected_hierarchy_only,already_present,C:\Users\Usuario\Desktop\UNI MARINA\master\TFM\FSD50K_DATA\FSD50K.dev_audio\FSD50K_cough_stage1_only\426271.wav,False,selected_license_safe,recommended_random_audit,FSD50K,1,1,unknown,3,not_applicable_fsd50k,False,fsd50k_has_no_dry_wet_annotation,https://freesound.org/s/426271/,source WAV preserved; model preprocessing may resample to 16 kHz mono and extract features,"""cough_female.m4a"" by Clurky; Freesound ID 426271; CC0-1.0 (http://creativecommons.org/publicdomain/zero/1.0/); accessed through FSD50K.",Cough|Respiratory_sounds
432193,"Cough,Respiratory_sounds","/m/01b_21,/m/09hlz4",train,Voice 017.m4a,PringlesCan,http://creativecommons.org/publicdomain/zero/1.0/,CC0-1.0,True,,,False,cough_with_expected_hierarchy_only,already_present,C:\Users\Usuario\Desktop\UNI MARINA\master\TFM\FSD50K_DATA\FSD50K.dev_audio\FSD50K_cough_stage1_only\432193.wav,False,selected_license_safe,recommended_random_audit,FSD50K,1,1,unknown,3,not_applicable_fsd50k,False,fsd50k_has_no_dry_wet_annotation,https://freesound.org/s/432193/,source WAV preserved; model preprocessing may resample to 16 kHz mono and extract features,"""Voice 017.m4a"" by PringlesCan; Freesound ID 432193; CC0-1.0 (http://creativecommons.org/publicdomain/zero/1.0/); accessed through FSD50K.",Cough|Respiratory_sounds
432266,"Cough,Respiratory_sounds","/m/01b_21,/m/09hlz4",train,MONO-013.wav,DEYIL,http://creativecommons.org/publicdomain/zero/1.0/,CC0-1.0,True,,,False,cough_with_expected_hierarchy_only,already_present,C:\Users\Usuario\Desktop\UNI MARINA\master\TFM\FSD50K_DATA\FSD50K.dev_audio\FSD50K_cough_stage1_only\432266.wav,False,selected_license_safe,recommended_random_audit,FSD50K,1,1,unknown,3,not_applicable_fsd50k,False,fsd50k_has_no_dry_wet_annotation,https://freesound.org/s/432266/,source WAV preserved; model preprocessing may resample to 16 kHz mono and extract features,"""MONO-013.wav"" by DEYIL; Freesound ID 432266; CC0-1.0 (http://creativecommons.org/publicdomain/zero/1.0/); accessed through FSD50K.",Cough|Respiratory_sounds
432380,"Cough,Respiratory_sounds","/m/01b_21,/m/09hlz4",train,Dry cough.wav,Fedor_Ogon,http://creativecommons.org/publicdomain/zero/1.0/,CC0-1.0,True,,,False,cough_with_expected_hierarchy_only,already_present,C:\Users\Usuario\Desktop\UNI MARINA\master\TFM\FSD50K_DATA\FSD50K.dev_audio\FSD50K_cough_stage1_only\432380.wav,False,selected_license_safe,recommended_random_audit,FSD50K,1,1,unknown,3,not_applicable_fsd50k,False,fsd50k_has_no_dry_wet_annotation,https://freesound.org/s/432380/,source WAV preserved; model preprocessing may resample to 16 kHz mono and extract features,"""Dry cough.wav"" by Fedor_Ogon; Freesound ID 432380; CC0-1.0 (http://creativecommons.org/publicdomain/zero/1.0/); accessed through FSD50K.",Cough|Respiratory_sounds
433639,"Cough,Respiratory_sounds","/m/01b_21,/m/09hlz4",train,Man cough,dersuperanton,http://creativecommons.org/licenses/by/3.0/,CC-BY-3.0,True,,,False,cough_with_expected_hierarchy_only,already_present,C:\Users\Usuario\Desktop\UNI MARINA\master\TFM\FSD50K_DATA\FSD50K.dev_audio\FSD50K_cough_stage1_only\433639.wav,False,selected_license_safe,recommended_random_audit,FSD50K,1,1,unknown,3,not_applicable_fsd50k,False,fsd50k_has_no_dry_wet_annotation,https://freesound.org/s/433639/,source WAV preserved; model preprocessing may resample to 16 kHz mono and extract features,"""Man cough"" by dersuperanton; Freesound ID 433639; CC-BY-3.0 (http://creativecommons.org/licenses/by/3.0/); accessed through FSD50K.",Cough|Respiratory_sounds
433640,"Cough,Respiratory_sounds","/m/01b_21,/m/09hlz4",train,Cough slightly clear throat,dersuperanton,http://creativecommons.org/licenses/by/3.0/,CC-BY-3.0,True,,,False,cough_with_expected_hierarchy_only,already_present,C:\Users\Usuario\Desktop\UNI MARINA\master\TFM\FSD50K_DATA\FSD50K.dev_audio\FSD50K_cough_stage1_only\433640.wav,False,selected_license_safe,recommended_random_audit,FSD50K,1,1,unknown,3,not_applicable_fsd50k,False,fsd50k_has_no_dry_wet_annotation,https://freesound.org/s/433640/,source WAV preserved; model preprocessing may resample to 16 kHz mono and extract features,"""Cough slightly clear throat"" by dersuperanton; Freesound ID 433640; CC-BY-3.0 (http://creativecommons.org/licenses/by/3.0/); accessed through FSD50K.",Cough|Respiratory_sounds
45150,"Cough,Respiratory_sounds","/m/01b_21,/m/09hlz4",train,delphis COUGH 1644 H4.wav,delphidebrain,http://creativecommons.org/licenses/by/3.0/,CC-BY-3.0,True,,,False,cough_with_expected_hierarchy_only,already_present,C:\Users\Usuario\Desktop\UNI MARINA\master\TFM\FSD50K_DATA\FSD50K.dev_audio\FSD50K_cough_stage1_only\45150.wav,False,selected_license_safe,recommended_random_audit,FSD50K,1,1,unknown,3,not_applicable_fsd50k,False,fsd50k_has_no_dry_wet_annotation,https://freesound.org/s/45150/,source WAV preserved; model preprocessing may resample to 16 kHz mono and extract features,"""delphis COUGH 1644 H4.wav"" by delphidebrain; Freesound ID 45150; CC-BY-3.0 (http://creativecommons.org/licenses/by/3.0/); accessed through FSD50K.",Cough|Respiratory_sounds
45574,"Cough,Respiratory_sounds","/m/01b_21,/m/09hlz4",train,Boy Cough 1 The first.mp3,J.Zazvurek,http://creativecommons.org/licenses/by/3.0/,CC-BY-3.0,True,,,False,cough_with_expected_hierarchy_only,already_present,C:\Users\Usuario\Desktop\UNI MARINA\master\TFM\FSD50K_DATA\FSD50K.dev_audio\FSD50K_cough_stage1_only\45574.wav,False,selected_license_safe,recommended_random_audit,FSD50K,1,1,unknown,3,not_applicable_fsd50k,False,fsd50k_has_no_dry_wet_annotation,https://freesound.org/s/45574/,source WAV preserved; model preprocessing may resample to 16 kHz mono and extract features,"""Boy Cough 1 The first.mp3"" by J.Zazvurek; Freesound ID 45574; CC-BY-3.0 (http://creativecommons.org/licenses/by/3.0/); accessed through FSD50K.",Cough|Respiratory_sounds
45575,"Cough,Respiratory_sounds","/m/01b_21,/m/09hlz4",train,Boy Cough 1 The second.mp3,J.Zazvurek,http://creativecommons.org/licenses/by/3.0/,CC-BY-3.0,True,,,False,cough_with_expected_hierarchy_only,already_present,C:\Users\Usuario\Desktop\UNI MARINA\master\TFM\FSD50K_DATA\FSD50K.dev_audio\FSD50K_cough_stage1_only\45575.wav,False,selected_license_safe,recommended_random_audit,FSD50K,1,1,unknown,3,not_applicable_fsd50k,False,fsd50k_has_no_dry_wet_annotation,https://freesound.org/s/45575/,source WAV preserved; model preprocessing may resample to 16 kHz mono and extract features,"""Boy Cough 1 The second.mp3"" by J.Zazvurek; Freesound ID 45575; CC-BY-3.0 (http://creativecommons.org/licenses/by/3.0/); accessed through FSD50K.",Cough|Respiratory_sounds
45577,"Cough,Respiratory_sounds","/m/01b_21,/m/09hlz4",train,Boy Cough 3.mp3,J.Zazvurek,http://creativecommons.org/licenses/by/3.0/,CC-BY-3.0,True,,,False,cough_with_expected_hierarchy_only,already_present,C:\Users\Usuario\Desktop\UNI MARINA\master\TFM\FSD50K_DATA\FSD50K.dev_audio\FSD50K_cough_stage1_only\45577.wav,False,selected_license_safe,recommended_random_audit,FSD50K,1,1,unknown,3,not_applicable_fsd50k,False,fsd50k_has_no_dry_wet_annotation,https://freesound.org/s/45577/,source WAV preserved; model preprocessing may resample to 16 kHz mono and extract features,"""Boy Cough 3.mp3"" by J.Zazvurek; Freesound ID 45577; CC-BY-3.0 (http://creativecommons.org/licenses/by/3.0/); accessed through FSD50K.",Cough|Respiratory_sounds
45578,"Cough,Respiratory_sounds","/m/01b_21,/m/09hlz4",train,Girl Cough.mp3,J.Zazvurek,http://creativecommons.org/licenses/by/3.0/,CC-BY-3.0,True,,,False,cough_with_expected_hierarchy_only,already_present,C:\Users\Usuario\Desktop\UNI MARINA\master\TFM\FSD50K_DATA\FSD50K.dev_audio\FSD50K_cough_stage1_only\45578.wav,False,selected_license_safe,recommended_random_audit,FSD50K,1,1,unknown,3,not_applicable_fsd50k,False,fsd50k_has_no_dry_wet_annotation,https://freesound.org/s/45578/,source WAV preserved; model preprocessing may resample to 16 kHz mono and extract features,"""Girl Cough.mp3"" by J.Zazvurek; Freesound ID 45578; CC-BY-3.0 (http://creativecommons.org/licenses/by/3.0/); accessed through FSD50K.",Cough|Respiratory_sounds
45925,"Cough,Respiratory_sounds","/m/01b_21,/m/09hlz4",train,20071229.oldman.cough.24bit.wav,dobroide,http://creativecommons.org/licenses/by/3.0/,CC-BY-3.0,True,,,False,cough_with_expected_hierarchy_only,already_present,C:\Users\Usuario\Desktop\UNI MARINA\master\TFM\FSD50K_DATA\FSD50K.dev_audio\FSD50K_cough_stage1_only\45925.wav,False,selected_license_safe,recommended_random_audit,FSD50K,1,1,unknown,3,not_applicable_fsd50k,False,fsd50k_has_no_dry_wet_annotation,https://freesound.org/s/45925/,source WAV preserved; model preprocessing may resample to 16 kHz mono and extract features,"""20071229.oldman.cough.24bit.wav"" by dobroide; Freesound ID 45925; CC-BY-3.0 (http://creativecommons.org/licenses/by/3.0/); accessed through FSD50K.",Cough|Respiratory_sounds
46971,"Cough,Respiratory_sounds","/m/01b_21,/m/09hlz4",train,annoyingcough.wav,stomachache,http://creativecommons.org/publicdomain/zero/1.0/,CC0-1.0,True,,,False,cough_with_expected_hierarchy_only,already_present,C:\Users\Usuario\Desktop\UNI MARINA\master\TFM\FSD50K_DATA\FSD50K.dev_audio\FSD50K_cough_stage1_only\46971.wav,False,selected_license_safe,recommended_random_audit,FSD50K,1,1,unknown,3,not_applicable_fsd50k,False,fsd50k_has_no_dry_wet_annotation,https://freesound.org/s/46971/,source WAV preserved; model preprocessing may resample to 16 kHz mono and extract features,"""annoyingcough.wav"" by stomachache; Freesound ID 46971; CC0-1.0 (http://creativecommons.org/publicdomain/zero/1.0/); accessed through FSD50K.",Cough|Respiratory_sounds
47134,"Cough,Respiratory_sounds","/m/01b_21,/m/09hlz4",train,20080121.flu.00.wav,dobroide,http://creativecommons.org/licenses/by/3.0/,CC-BY-3.0,True,,,False,cough_with_expected_hierarchy_only,already_present,C:\Users\Usuario\Desktop\UNI MARINA\master\TFM\FSD50K_DATA\FSD50K.dev_audio\FSD50K_cough_stage1_only\47134.wav,False,selected_license_safe,recommended_random_audit,FSD50K,1,1,unknown,3,not_applicable_fsd50k,False,fsd50k_has_no_dry_wet_annotation,https://freesound.org/s/47134/,source WAV preserved; model preprocessing may resample to 16 kHz mono and extract features,"""20080121.flu.00.wav"" by dobroide; Freesound ID 47134; CC-BY-3.0 (http://creativecommons.org/licenses/by/3.0/); accessed through FSD50K.",Cough|Respiratory_sounds
47135,"Cough,Respiratory_sounds","/m/01b_21,/m/09hlz4",train,20080121.flu.01.wav,dobroide,http://creativecommons.org/licenses/by/3.0/,CC-BY-3.0,True,,,False,cough_with_expected_hierarchy_only,already_present,C:\Users\Usuario\Desktop\UNI MARINA\master\TFM\FSD50K_DATA\FSD50K.dev_audio\FSD50K_cough_stage1_only\47135.wav,False,selected_license_safe,recommended_random_audit,FSD50K,1,1,unknown,3,not_applicable_fsd50k,False,fsd50k_has_no_dry_wet_annotation,https://freesound.org/s/47135/,source WAV preserved; model preprocessing may resample to 16 kHz mono and extract features,"""20080121.flu.01.wav"" by dobroide; Freesound ID 47135; CC-BY-3.0 (http://creativecommons.org/licenses/by/3.0/); accessed through FSD50K.",Cough|Respiratory_sounds
51136,"Cough,Respiratory_sounds","/m/01b_21,/m/09hlz4",train,Coughing Young Man (me).wav,RutgerMuller,http://creativecommons.org/publicdomain/zero/1.0/,CC0-1.0,True,,,False,cough_with_expected_hierarchy_only,already_present,C:\Users\Usuario\Desktop\UNI MARINA\master\TFM\FSD50K_DATA\FSD50K.dev_audio\FSD50K_cough_stage1_only\51136.wav,False,selected_license_safe,recommended_random_audit,FSD50K,1,1,unknown,3,not_applicable_fsd50k,False,fsd50k_has_no_dry_wet_annotation,https://freesound.org/s/51136/,source WAV preserved; model preprocessing may resample to 16 kHz mono and extract features,"""Coughing Young Man (me).wav"" by RutgerMuller; Freesound ID 51136; CC0-1.0 (http://creativecommons.org/publicdomain/zero/1.0/); accessed through FSD50K.",Cough|Respiratory_sounds
63752,"Cough,Respiratory_sounds","/m/01b_21,/m/09hlz4",train,20081118.bad.cough.wav,dobroide,http://creativecommons.org/licenses/by/3.0/,CC-BY-3.0,True,,,False,cough_with_expected_hierarchy_only,already_present,C:\Users\Usuario\Desktop\UNI MARINA\master\TFM\FSD50K_DATA\FSD50K.dev_audio\FSD50K_cough_stage1_only\63752.wav,False,selected_license_safe,recommended_random_audit,FSD50K,1,1,unknown,3,not_applicable_fsd50k,False,fsd50k_has_no_dry_wet_annotation,https://freesound.org/s/63752/,source WAV preserved; model preprocessing may resample to 16 kHz mono and extract features,"""20081118.bad.cough.wav"" by dobroide; Freesound ID 63752; CC-BY-3.0 (http://creativecommons.org/licenses/by/3.0/); accessed through FSD50K.",Cough|Respiratory_sounds
68034,"Cough,Respiratory_sounds","/m/01b_21,/m/09hlz4",train,20090215.so.cold.here.wav,dobroide,http://creativecommons.org/licenses/by/3.0/,CC-BY-3.0,True,,,False,cough_with_expected_hierarchy_only,already_present,C:\Users\Usuario\Desktop\UNI MARINA\master\TFM\FSD50K_DATA\FSD50K.dev_audio\FSD50K_cough_stage1_only\68034.wav,False,selected_license_safe,recommended_random_audit,FSD50K,1,1,unknown,3,not_applicable_fsd50k,False,fsd50k_has_no_dry_wet_annotation,https://freesound.org/s/68034/,source WAV preserved; model preprocessing may resample to 16 kHz mono and extract features,"""20090215.so.cold.here.wav"" by dobroide; Freesound ID 68034; CC-BY-3.0 (http://creativecommons.org/licenses/by/3.0/); accessed through FSD50K.",Cough|Respiratory_sounds
73327,"Chewing_and_mastication,Cough,Respiratory_sounds","/m/03cczk,/m/01b_21,/m/09hlz4",train,moviecough.mp3,NoiseCollector,http://creativecommons.org/licenses/by/3.0/,CC-BY-3.0,True,,Chewing_and_mastication,True,cough_with_additional_labels_review_required,already_present,C:\Users\Usuario\Desktop\UNI MARINA\master\TFM\FSD50K_DATA\FSD50K.dev_audio\FSD50K_cough_stage1_only\73327.wav,False,selected_license_safe,mandatory_review_before_training,FSD50K,1,1,unknown,3,not_applicable_fsd50k,False,fsd50k_has_no_dry_wet_annotation,https://freesound.org/s/73327/,source WAV preserved; model preprocessing may resample to 16 kHz mono and extract features,"""moviecough.mp3"" by NoiseCollector; Freesound ID 73327; CC-BY-3.0 (http://creativecommons.org/licenses/by/3.0/); accessed through FSD50K.",Chewing_and_mastication|Cough|Respiratory_sounds
77157,"Cough,Respiratory_sounds","/m/01b_21,/m/09hlz4",train,cough.wav,Kyster,http://creativecommons.org/licenses/by/3.0/,CC-BY-3.0,True,,,False,cough_with_expected_hierarchy_only,already_present,C:\Users\Usuario\Desktop\UNI MARINA\master\TFM\FSD50K_DATA\FSD50K.dev_audio\FSD50K_cough_stage1_only\77157.wav,False,selected_license_safe,recommended_random_audit,FSD50K,1,1,unknown,3,not_applicable_fsd50k,False,fsd50k_has_no_dry_wet_annotation,https://freesound.org/s/77157/,source WAV preserved; model preprocessing may resample to 16 kHz mono and extract features,"""cough.wav"" by Kyster; Freesound ID 77157; CC-BY-3.0 (http://creativecommons.org/licenses/by/3.0/); accessed through FSD50K.",Cough|Respiratory_sounds
77459,"Cough,Respiratory_sounds","/m/01b_21,/m/09hlz4",train,throat.wav,Kyster,http://creativecommons.org/licenses/by/3.0/,CC-BY-3.0,True,,,False,cough_with_expected_hierarchy_only,already_present,C:\Users\Usuario\Desktop\UNI MARINA\master\TFM\FSD50K_DATA\FSD50K.dev_audio\FSD50K_cough_stage1_only\77459.wav,False,selected_license_safe,recommended_random_audit,FSD50K,1,1,unknown,3,not_applicable_fsd50k,False,fsd50k_has_no_dry_wet_annotation,https://freesound.org/s/77459/,source WAV preserved; model preprocessing may resample to 16 kHz mono and extract features,"""throat.wav"" by Kyster; Freesound ID 77459; CC-BY-3.0 (http://creativecommons.org/licenses/by/3.0/); accessed through FSD50K.",Cough|Respiratory_sounds
82717,"Cough,Respiratory_sounds","/m/01b_21,/m/09hlz4",train,cough.wav,IFartInUrGeneralDirection,http://creativecommons.org/licenses/by/3.0/,CC-BY-3.0,True,,,False,cough_with_expected_hierarchy_only,already_present,C:\Users\Usuario\Desktop\UNI MARINA\master\TFM\FSD50K_DATA\FSD50K.dev_audio\FSD50K_cough_stage1_only\82717.wav,False,selected_license_safe,recommended_random_audit,FSD50K,1,1,unknown,3,not_applicable_fsd50k,False,fsd50k_has_no_dry_wet_annotation,https://freesound.org/s/82717/,source WAV preserved; model preprocessing may resample to 16 kHz mono and extract features,"""cough.wav"" by IFartInUrGeneralDirection; Freesound ID 82717; CC-BY-3.0 (http://creativecommons.org/licenses/by/3.0/); accessed through FSD50K.",Cough|Respiratory_sounds
84690,"Chewing_and_mastication,Cough,Respiratory_sounds","/m/03cczk,/m/01b_21,/m/09hlz4",train,Man eating.wav,cmusounddesign,http://creativecommons.org/licenses/by/3.0/,CC-BY-3.0,True,,Chewing_and_mastication,True,cough_with_additional_labels_review_required,already_present,C:\Users\Usuario\Desktop\UNI MARINA\master\TFM\FSD50K_DATA\FSD50K.dev_audio\FSD50K_cough_stage1_only\84690.wav,False,selected_license_safe,mandatory_review_before_training,FSD50K,1,1,unknown,3,not_applicable_fsd50k,False,fsd50k_has_no_dry_wet_annotation,https://freesound.org/s/84690/,source WAV preserved; model preprocessing may resample to 16 kHz mono and extract features,"""Man eating.wav"" by cmusounddesign; Freesound ID 84690; CC-BY-3.0 (http://creativecommons.org/licenses/by/3.0/); accessed through FSD50K.",Chewing_and_mastication|Cough|Respiratory_sounds
84695,"Cough,Respiratory_sounds","/m/01b_21,/m/09hlz4",train,cough.wav,cmusounddesign,http://creativecommons.org/licenses/by/3.0/,CC-BY-3.0,True,,,False,cough_with_expected_hierarchy_only,already_present,C:\Users\Usuario\Desktop\UNI MARINA\master\TFM\FSD50K_DATA\FSD50K.dev_audio\FSD50K_cough_stage1_only\84695.wav,False,selected_license_safe,recommended_random_audit,FSD50K,1,1,unknown,3,not_applicable_fsd50k,False,fsd50k_has_no_dry_wet_annotation,https://freesound.org/s/84695/,source WAV preserved; model preprocessing may resample to 16 kHz mono and extract features,"""cough.wav"" by cmusounddesign; Freesound ID 84695; CC-BY-3.0 (http://creativecommons.org/licenses/by/3.0/); accessed through FSD50K.",Cough|Respiratory_sounds
87411,"Cough,Respiratory_sounds","/m/01b_21,/m/09hlz4",train,man cough.wav,bowlingballout,http://creativecommons.org/publicdomain/zero/1.0/,CC0-1.0,True,,,False,cough_with_expected_hierarchy_only,already_present,C:\Users\Usuario\Desktop\UNI MARINA\master\TFM\FSD50K_DATA\FSD50K.dev_audio\FSD50K_cough_stage1_only\87411.wav,False,selected_license_safe,recommended_random_audit,FSD50K,1,1,unknown,3,not_applicable_fsd50k,False,fsd50k_has_no_dry_wet_annotation,https://freesound.org/s/87411/,source WAV preserved; model preprocessing may resample to 16 kHz mono and extract features,"""man cough.wav"" by bowlingballout; Freesound ID 87411; CC0-1.0 (http://creativecommons.org/publicdomain/zero/1.0/); accessed through FSD50K.",Cough|Respiratory_sounds
87412,"Cough,Respiratory_sounds","/m/01b_21,/m/09hlz4",train,woman cough.wav,bowlingballout,http://creativecommons.org/publicdomain/zero/1.0/,CC0-1.0,True,,,False,cough_with_expected_hierarchy_only,already_present,C:\Users\Usuario\Desktop\UNI MARINA\master\TFM\FSD50K_DATA\FSD50K.dev_audio\FSD50K_cough_stage1_only\87412.wav,False,selected_license_safe,recommended_random_audit,FSD50K,1,1,unknown,3,not_applicable_fsd50k,False,fsd50k_has_no_dry_wet_annotation,https://freesound.org/s/87412/,source WAV preserved; model preprocessing may resample to 16 kHz mono and extract features,"""woman cough.wav"" by bowlingballout; Freesound ID 87412; CC0-1.0 (http://creativecommons.org/publicdomain/zero/1.0/); accessed through FSD50K.",Cough|Respiratory_sounds
87511,"Cough,Respiratory_sounds","/m/01b_21,/m/09hlz4",train,20100109.cough.00.wav,dobroide,http://creativecommons.org/licenses/by/3.0/,CC-BY-3.0,True,,,False,cough_with_expected_hierarchy_only,already_present,C:\Users\Usuario\Desktop\UNI MARINA\master\TFM\FSD50K_DATA\FSD50K.dev_audio\FSD50K_cough_stage1_only\87511.wav,False,selected_license_safe,recommended_random_audit,FSD50K,1,1,unknown,3,not_applicable_fsd50k,False,fsd50k_has_no_dry_wet_annotation,https://freesound.org/s/87511/,source WAV preserved; model preprocessing may resample to 16 kHz mono and extract features,"""20100109.cough.00.wav"" by dobroide; Freesound ID 87511; CC-BY-3.0 (http://creativecommons.org/licenses/by/3.0/); accessed through FSD50K.",Cough|Respiratory_sounds
87512,"Cough,Respiratory_sounds","/m/01b_21,/m/09hlz4",train,20100109.cough.01.wav,dobroide,http://creativecommons.org/licenses/by/3.0/,CC-BY-3.0,True,,,False,cough_with_expected_hierarchy_only,already_present,C:\Users\Usuario\Desktop\UNI MARINA\master\TFM\FSD50K_DATA\FSD50K.dev_audio\FSD50K_cough_stage1_only\87512.wav,False,selected_license_safe,recommended_random_audit,FSD50K,1,1,unknown,3,not_applicable_fsd50k,False,fsd50k_has_no_dry_wet_annotation,https://freesound.org/s/87512/,source WAV preserved; model preprocessing may resample to 16 kHz mono and extract features,"""20100109.cough.01.wav"" by dobroide; Freesound ID 87512; CC-BY-3.0 (http://creativecommons.org/licenses/by/3.0/); accessed through FSD50K.",Cough|Respiratory_sounds
87513,"Cough,Respiratory_sounds","/m/01b_21,/m/09hlz4",train,20100109.cough.02.wav,dobroide,http://creativecommons.org/licenses/by/3.0/,CC-BY-3.0,True,,,False,cough_with_expected_hierarchy_only,already_present,C:\Users\Usuario\Desktop\UNI MARINA\master\TFM\FSD50K_DATA\FSD50K.dev_audio\FSD50K_cough_stage1_only\87513.wav,False,selected_license_safe,recommended_random_audit,FSD50K,1,1,unknown,3,not_applicable_fsd50k,False,fsd50k_has_no_dry_wet_annotation,https://freesound.org/s/87513/,source WAV preserved; model preprocessing may resample to 16 kHz mono and extract features,"""20100109.cough.02.wav"" by dobroide; Freesound ID 87513; CC-BY-3.0 (http://creativecommons.org/licenses/by/3.0/); accessed through FSD50K.",Cough|Respiratory_sounds
87794,"Cough,Respiratory_sounds","/m/01b_21,/m/09hlz4",train,tos1(16.01.2009).ogg,aneolus,http://creativecommons.org/publicdomain/zero/1.0/,CC0-1.0,True,,,False,cough_with_expected_hierarchy_only,already_present,C:\Users\Usuario\Desktop\UNI MARINA\master\TFM\FSD50K_DATA\FSD50K.dev_audio\FSD50K_cough_stage1_only\87794.wav,False,selected_license_safe,recommended_random_audit,FSD50K,1,1,unknown,3,not_applicable_fsd50k,False,fsd50k_has_no_dry_wet_annotation,https://freesound.org/s/87794/,source WAV preserved; model preprocessing may resample to 16 kHz mono and extract features,"""tos1(16.01.2009).ogg"" by aneolus; Freesound ID 87794; CC0-1.0 (http://creativecommons.org/publicdomain/zero/1.0/); accessed through FSD50K.",Cough|Respiratory_sounds
87795,"Cough,Respiratory_sounds","/m/01b_21,/m/09hlz4",train,tos2(16.01.2009).ogg,aneolus,http://creativecommons.org/publicdomain/zero/1.0/,CC0-1.0,True,,,False,cough_with_expected_hierarchy_only,already_present,C:\Users\Usuario\Desktop\UNI MARINA\master\TFM\FSD50K_DATA\FSD50K.dev_audio\FSD50K_cough_stage1_only\87795.wav,False,selected_license_safe,recommended_random_audit,FSD50K,1,1,unknown,3,not_applicable_fsd50k,False,fsd50k_has_no_dry_wet_annotation,https://freesound.org/s/87795/,source WAV preserved; model preprocessing may resample to 16 kHz mono and extract features,"""tos2(16.01.2009).ogg"" by aneolus; Freesound ID 87795; CC0-1.0 (http://creativecommons.org/publicdomain/zero/1.0/); accessed through FSD50K.",Cough|Respiratory_sounds
87796,"Cough,Respiratory_sounds","/m/01b_21,/m/09hlz4",train,tos3(16.01.2009).ogg,aneolus,http://creativecommons.org/publicdomain/zero/1.0/,CC0-1.0,True,,,False,cough_with_expected_hierarchy_only,already_present,C:\Users\Usuario\Desktop\UNI MARINA\master\TFM\FSD50K_DATA\FSD50K.dev_audio\FSD50K_cough_stage1_only\87796.wav,False,selected_license_safe,recommended_random_audit,FSD50K,1,1,unknown,3,not_applicable_fsd50k,False,fsd50k_has_no_dry_wet_annotation,https://freesound.org/s/87796/,source WAV preserved; model preprocessing may resample to 16 kHz mono and extract features,"""tos3(16.01.2009).ogg"" by aneolus; Freesound ID 87796; CC0-1.0 (http://creativecommons.org/publicdomain/zero/1.0/); accessed through FSD50K.",Cough|Respiratory_sounds
87797,"Cough,Respiratory_sounds","/m/01b_21,/m/09hlz4",train,tos4(16.01.2009).ogg,aneolus,http://creativecommons.org/publicdomain/zero/1.0/,CC0-1.0,True,,,False,cough_with_expected_hierarchy_only,already_present,C:\Users\Usuario\Desktop\UNI MARINA\master\TFM\FSD50K_DATA\FSD50K.dev_audio\FSD50K_cough_stage1_only\87797.wav,False,selected_license_safe,recommended_random_audit,FSD50K,1,1,unknown,3,not_applicable_fsd50k,False,fsd50k_has_no_dry_wet_annotation,https://freesound.org/s/87797/,source WAV preserved; model preprocessing may resample to 16 kHz mono and extract features,"""tos4(16.01.2009).ogg"" by aneolus; Freesound ID 87797; CC0-1.0 (http://creativecommons.org/publicdomain/zero/1.0/); accessed through FSD50K.",Cough|Respiratory_sounds
87798,"Cough,Respiratory_sounds","/m/01b_21,/m/09hlz4",train,tos5(16.01.2009).ogg,aneolus,http://creativecommons.org/publicdomain/zero/1.0/,CC0-1.0,True,,,False,cough_with_expected_hierarchy_only,already_present,C:\Users\Usuario\Desktop\UNI MARINA\master\TFM\FSD50K_DATA\FSD50K.dev_audio\FSD50K_cough_stage1_only\87798.wav,False,selected_license_safe,recommended_random_audit,FSD50K,1,1,unknown,3,not_applicable_fsd50k,False,fsd50k_has_no_dry_wet_annotation,https://freesound.org/s/87798/,source WAV preserved; model preprocessing may resample to 16 kHz mono and extract features,"""tos5(16.01.2009).ogg"" by aneolus; Freesound ID 87798; CC0-1.0 (http://creativecommons.org/publicdomain/zero/1.0/); accessed through FSD50K.",Cough|Respiratory_sounds
87799,"Cough,Respiratory_sounds","/m/01b_21,/m/09hlz4",train,tos6(16.01.2009).ogg,aneolus,http://creativecommons.org/publicdomain/zero/1.0/,CC0-1.0,True,,,False,cough_with_expected_hierarchy_only,already_present,C:\Users\Usuario\Desktop\UNI MARINA\master\TFM\FSD50K_DATA\FSD50K.dev_audio\FSD50K_cough_stage1_only\87799.wav,False,selected_license_safe,recommended_random_audit,FSD50K,1,1,unknown,3,not_applicable_fsd50k,False,fsd50k_has_no_dry_wet_annotation,https://freesound.org/s/87799/,source WAV preserved; model preprocessing may resample to 16 kHz mono and extract features,"""tos6(16.01.2009).ogg"" by aneolus; Freesound ID 87799; CC0-1.0 (http://creativecommons.org/publicdomain/zero/1.0/); accessed through FSD50K.",Cough|Respiratory_sounds
87961,"Cough,Respiratory_sounds","/m/01b_21,/m/09hlz4",train,MOV0019A.mp3,aneolus,http://creativecommons.org/publicdomain/zero/1.0/,CC0-1.0,True,,,False,cough_with_expected_hierarchy_only,already_present,C:\Users\Usuario\Desktop\UNI MARINA\master\TFM\FSD50K_DATA\FSD50K.dev_audio\FSD50K_cough_stage1_only\87961.wav,False,selected_license_safe,recommended_random_audit,FSD50K,1,1,unknown,3,not_applicable_fsd50k,False,fsd50k_has_no_dry_wet_annotation,https://freesound.org/s/87961/,source WAV preserved; model preprocessing may resample to 16 kHz mono and extract features,"""MOV0019A.mp3"" by aneolus; Freesound ID 87961; CC0-1.0 (http://creativecommons.org/publicdomain/zero/1.0/); accessed through FSD50K.",Cough|Respiratory_sounds
90073,"Cough,Respiratory_sounds","/m/01b_21,/m/09hlz4",train,MOV0024A.OGG,aneolus,http://creativecommons.org/publicdomain/zero/1.0/,CC0-1.0,True,,,False,cough_with_expected_hierarchy_only,already_present,C:\Users\Usuario\Desktop\UNI MARINA\master\TFM\FSD50K_DATA\FSD50K.dev_audio\FSD50K_cough_stage1_only\90073.wav,False,selected_license_safe,recommended_random_audit,FSD50K,1,1,unknown,3,not_applicable_fsd50k,False,fsd50k_has_no_dry_wet_annotation,https://freesound.org/s/90073/,source WAV preserved; model preprocessing may resample to 16 kHz mono and extract features,"""MOV0024A.OGG"" by aneolus; Freesound ID 90073; CC0-1.0 (http://creativecommons.org/publicdomain/zero/1.0/); accessed through FSD50K.",Cough|Respiratory_sounds
95530,"Cough,Respiratory_sounds","/m/01b_21,/m/09hlz4",train,20100421.coughing.01.wav,dobroide,http://creativecommons.org/licenses/by/3.0/,CC-BY-3.0,True,,,False,cough_with_expected_hierarchy_only,already_present,C:\Users\Usuario\Desktop\UNI MARINA\master\TFM\FSD50K_DATA\FSD50K.dev_audio\FSD50K_cough_stage1_only\95530.wav,False,selected_license_safe,recommended_random_audit,FSD50K,1,1,unknown,3,not_applicable_fsd50k,False,fsd50k_has_no_dry_wet_annotation,https://freesound.org/s/95530/,source WAV preserved; model preprocessing may resample to 16 kHz mono and extract features,"""20100421.coughing.01.wav"" by dobroide; Freesound ID 95530; CC-BY-3.0 (http://creativecommons.org/licenses/by/3.0/); accessed through FSD50K.",Cough|Respiratory_sounds
95531,"Cough,Respiratory_sounds","/m/01b_21,/m/09hlz4",train,20100421.coughing.02.wav,dobroide,http://creativecommons.org/licenses/by/3.0/,CC-BY-3.0,True,,,False,cough_with_expected_hierarchy_only,already_present,C:\Users\Usuario\Desktop\UNI MARINA\master\TFM\FSD50K_DATA\FSD50K.dev_audio\FSD50K_cough_stage1_only\95531.wav,False,selected_license_safe,recommended_random_audit,FSD50K,1,1,unknown,3,not_applicable_fsd50k,False,fsd50k_has_no_dry_wet_annotation,https://freesound.org/s/95531/,source WAV preserved; model preprocessing may resample to 16 kHz mono and extract features,"""20100421.coughing.02.wav"" by dobroide; Freesound ID 95531; CC-BY-3.0 (http://creativecommons.org/licenses/by/3.0/); accessed through FSD50K.",Cough|Respiratory_sounds
96189,"Cough,Respiratory_sounds","/m/01b_21,/m/09hlz4",train,cough.wav,IFartInUrGeneralDirection,http://creativecommons.org/licenses/by/3.0/,CC-BY-3.0,True,,,False,cough_with_expected_hierarchy_only,already_present,C:\Users\Usuario\Desktop\UNI MARINA\master\TFM\FSD50K_DATA\FSD50K.dev_audio\FSD50K_cough_stage1_only\96189.wav,False,selected_license_safe,recommended_random_audit,FSD50K,1,1,unknown,3,not_applicable_fsd50k,False,fsd50k_has_no_dry_wet_annotation,https://freesound.org/s/96189/,source WAV preserved; model preprocessing may resample to 16 kHz mono and extract features,"""cough.wav"" by IFartInUrGeneralDirection; Freesound ID 96189; CC-BY-3.0 (http://creativecommons.org/licenses/by/3.0/); accessed through FSD50K.",Cough|Respiratory_sounds
125403,"Cough,Respiratory_sounds","/m/01b_21,/m/09hlz4",val,"Man clearing throat, coughing.aif",jasonLON,http://creativecommons.org/publicdomain/zero/1.0/,CC0-1.0,True,,,False,cough_with_expected_hierarchy_only,already_present,C:\Users\Usuario\Desktop\UNI MARINA\master\TFM\FSD50K_DATA\FSD50K.dev_audio\FSD50K_cough_stage1_only\125403.wav,False,selected_license_safe,recommended_random_audit,FSD50K,1,1,unknown,3,not_applicable_fsd50k,False,fsd50k_has_no_dry_wet_annotation,https://freesound.org/s/125403/,source WAV preserved; model preprocessing may resample to 16 kHz mono and extract features,"""Man clearing throat, coughing.aif"" by jasonLON; Freesound ID 125403; CC0-1.0 (http://creativecommons.org/publicdomain/zero/1.0/); accessed through FSD50K.",Cough|Respiratory_sounds
152367,"Cough,Respiratory_sounds","/m/01b_21,/m/09hlz4",val,cough.wav,cogitoandcradle,http://creativecommons.org/publicdomain/zero/1.0/,CC0-1.0,True,,,False,cough_with_expected_hierarchy_only,already_present,C:\Users\Usuario\Desktop\UNI MARINA\master\TFM\FSD50K_DATA\FSD50K.dev_audio\FSD50K_cough_stage1_only\152367.wav,False,selected_license_safe,recommended_random_audit,FSD50K,1,1,unknown,3,not_applicable_fsd50k,False,fsd50k_has_no_dry_wet_annotation,https://freesound.org/s/152367/,source WAV preserved; model preprocessing may resample to 16 kHz mono and extract features,"""cough.wav"" by cogitoandcradle; Freesound ID 152367; CC0-1.0 (http://creativecommons.org/publicdomain/zero/1.0/); accessed through FSD50K.",Cough|Respiratory_sounds
152995,"Cough,Respiratory_sounds","/m/01b_21,/m/09hlz4",val,Cough.wav,Nmb910,http://creativecommons.org/licenses/by/3.0/,CC-BY-3.0,True,,,False,cough_with_expected_hierarchy_only,already_present,C:\Users\Usuario\Desktop\UNI MARINA\master\TFM\FSD50K_DATA\FSD50K.dev_audio\FSD50K_cough_stage1_only\152995.wav,False,selected_license_safe,recommended_random_audit,FSD50K,1,1,unknown,3,not_applicable_fsd50k,False,fsd50k_has_no_dry_wet_annotation,https://freesound.org/s/152995/,source WAV preserved; model preprocessing may resample to 16 kHz mono and extract features,"""Cough.wav"" by Nmb910; Freesound ID 152995; CC-BY-3.0 (http://creativecommons.org/licenses/by/3.0/); accessed through FSD50K.",Cough|Respiratory_sounds
155591,"Cough,Respiratory_sounds","/m/01b_21,/m/09hlz4",val,leprecough.aif,bugfish,http://creativecommons.org/licenses/by/3.0/,CC-BY-3.0,True,,,False,cough_with_expected_hierarchy_only,already_present,C:\Users\Usuario\Desktop\UNI MARINA\master\TFM\FSD50K_DATA\FSD50K.dev_audio\FSD50K_cough_stage1_only\155591.wav,False,selected_license_safe,recommended_random_audit,FSD50K,1,1,unknown,3,not_applicable_fsd50k,False,fsd50k_has_no_dry_wet_annotation,https://freesound.org/s/155591/,source WAV preserved; model preprocessing may resample to 16 kHz mono and extract features,"""leprecough.aif"" by bugfish; Freesound ID 155591; CC-BY-3.0 (http://creativecommons.org/licenses/by/3.0/); accessed through FSD50K.",Cough|Respiratory_sounds
155603,"Cough,Respiratory_sounds","/m/01b_21,/m/09hlz4",val,choking.wav,TheMightyMoltar,http://creativecommons.org/licenses/by/3.0/,CC-BY-3.0,True,,,False,cough_with_expected_hierarchy_only,already_present,C:\Users\Usuario\Desktop\UNI MARINA\master\TFM\FSD50K_DATA\FSD50K.dev_audio\FSD50K_cough_stage1_only\155603.wav,False,selected_license_safe,recommended_random_audit,FSD50K,1,1,unknown,3,not_applicable_fsd50k,False,fsd50k_has_no_dry_wet_annotation,https://freesound.org/s/155603/,source WAV preserved; model preprocessing may resample to 16 kHz mono and extract features,"""choking.wav"" by TheMightyMoltar; Freesound ID 155603; CC-BY-3.0 (http://creativecommons.org/licenses/by/3.0/); accessed through FSD50K.",Cough|Respiratory_sounds
189786,"Cough,Respiratory_sounds","/m/01b_21,/m/09hlz4",val,Cough.wav,dnewtonjr,http://creativecommons.org/publicdomain/zero/1.0/,CC0-1.0,True,,,False,cough_with_expected_hierarchy_only,already_present,C:\Users\Usuario\Desktop\UNI MARINA\master\TFM\FSD50K_DATA\FSD50K.dev_audio\FSD50K_cough_stage1_only\189786.wav,False,selected_license_safe,recommended_random_audit,FSD50K,1,1,unknown,3,not_applicable_fsd50k,False,fsd50k_has_no_dry_wet_annotation,https://freesound.org/s/189786/,source WAV preserved; model preprocessing may resample to 16 kHz mono and extract features,"""Cough.wav"" by dnewtonjr; Freesound ID 189786; CC0-1.0 (http://creativecommons.org/publicdomain/zero/1.0/); accessed through FSD50K.",Cough|Respiratory_sounds
207829,"Cough,Respiratory_sounds","/m/01b_21,/m/09hlz4",val,Chesty Cough (.mp3),nigelnix,http://creativecommons.org/publicdomain/zero/1.0/,CC0-1.0,True,,,False,cough_with_expected_hierarchy_only,already_present,C:\Users\Usuario\Desktop\UNI MARINA\master\TFM\FSD50K_DATA\FSD50K.dev_audio\FSD50K_cough_stage1_only\207829.wav,False,selected_license_safe,recommended_random_audit,FSD50K,1,1,unknown,3,not_applicable_fsd50k,False,fsd50k_has_no_dry_wet_annotation,https://freesound.org/s/207829/,source WAV preserved; model preprocessing may resample to 16 kHz mono and extract features,"""Chesty Cough (.mp3)"" by nigelnix; Freesound ID 207829; CC0-1.0 (http://creativecommons.org/publicdomain/zero/1.0/); accessed through FSD50K.",Cough|Respiratory_sounds
219768,"Cough,Respiratory_sounds","/m/01b_21,/m/09hlz4",val,Female Ehem,MadamVicious,http://creativecommons.org/publicdomain/zero/1.0/,CC0-1.0,True,,,False,cough_with_expected_hierarchy_only,already_present,C:\Users\Usuario\Desktop\UNI MARINA\master\TFM\FSD50K_DATA\FSD50K.dev_audio\FSD50K_cough_stage1_only\219768.wav,False,selected_license_safe,recommended_random_audit,FSD50K,1,1,unknown,3,not_applicable_fsd50k,False,fsd50k_has_no_dry_wet_annotation,https://freesound.org/s/219768/,source WAV preserved; model preprocessing may resample to 16 kHz mono and extract features,"""Female Ehem"" by MadamVicious; Freesound ID 219768; CC0-1.0 (http://creativecommons.org/publicdomain/zero/1.0/); accessed through FSD50K.",Cough|Respiratory_sounds
260907,"Cough,Respiratory_sounds","/m/01b_21,/m/09hlz4",val,erin_gremlin_coughs.mp3,jennerallydrawing,http://creativecommons.org/publicdomain/zero/1.0/,CC0-1.0,True,,,False,cough_with_expected_hierarchy_only,already_present,C:\Users\Usuario\Desktop\UNI MARINA\master\TFM\FSD50K_DATA\FSD50K.dev_audio\FSD50K_cough_stage1_only\260907.wav,False,selected_license_safe,recommended_random_audit,FSD50K,1,1,unknown,3,not_applicable_fsd50k,False,fsd50k_has_no_dry_wet_annotation,https://freesound.org/s/260907/,source WAV preserved; model preprocessing may resample to 16 kHz mono and extract features,"""erin_gremlin_coughs.mp3"" by jennerallydrawing; Freesound ID 260907; CC0-1.0 (http://creativecommons.org/publicdomain/zero/1.0/); accessed through FSD50K.",Cough|Respiratory_sounds
262017,"Cough,Respiratory_sounds","/m/01b_21,/m/09hlz4",val,Man Clears Throat,lensicle,http://creativecommons.org/licenses/by/3.0/,CC-BY-3.0,True,,,False,cough_with_expected_hierarchy_only,already_present,C:\Users\Usuario\Desktop\UNI MARINA\master\TFM\FSD50K_DATA\FSD50K.dev_audio\FSD50K_cough_stage1_only\262017.wav,False,selected_license_safe,recommended_random_audit,FSD50K,1,1,unknown,3,not_applicable_fsd50k,False,fsd50k_has_no_dry_wet_annotation,https://freesound.org/s/262017/,source WAV preserved; model preprocessing may resample to 16 kHz mono and extract features,"""Man Clears Throat"" by lensicle; Freesound ID 262017; CC-BY-3.0 (http://creativecommons.org/licenses/by/3.0/); accessed through FSD50K.",Cough|Respiratory_sounds
263935,"Cough,Respiratory_sounds","/m/01b_21,/m/09hlz4",val,sunshinesongwithcoughing.wav,cullenmarie,http://creativecommons.org/licenses/by/3.0/,CC-BY-3.0,True,,,False,cough_with_expected_hierarchy_only,already_present,C:\Users\Usuario\Desktop\UNI MARINA\master\TFM\FSD50K_DATA\FSD50K.dev_audio\FSD50K_cough_stage1_only\263935.wav,False,selected_license_safe,recommended_random_audit,FSD50K,1,1,unknown,3,not_applicable_fsd50k,False,fsd50k_has_no_dry_wet_annotation,https://freesound.org/s/263935/,source WAV preserved; model preprocessing may resample to 16 kHz mono and extract features,"""sunshinesongwithcoughing.wav"" by cullenmarie; Freesound ID 263935; CC-BY-3.0 (http://creativecommons.org/licenses/by/3.0/); accessed through FSD50K.",Cough|Respiratory_sounds
319363,"Cough,Respiratory_sounds","/m/01b_21,/m/09hlz4",val,facet kaszle - guy coughs 01.wav,monosfera,http://creativecommons.org/publicdomain/zero/1.0/,CC0-1.0,True,,,False,cough_with_expected_hierarchy_only,already_present,C:\Users\Usuario\Desktop\UNI MARINA\master\TFM\FSD50K_DATA\FSD50K.dev_audio\FSD50K_cough_stage1_only\319363.wav,False,selected_license_safe,recommended_random_audit,FSD50K,1,1,unknown,3,not_applicable_fsd50k,False,fsd50k_has_no_dry_wet_annotation,https://freesound.org/s/319363/,source WAV preserved; model preprocessing may resample to 16 kHz mono and extract features,"""facet kaszle - guy coughs 01.wav"" by monosfera; Freesound ID 319363; CC0-1.0 (http://creativecommons.org/publicdomain/zero/1.0/); accessed through FSD50K.",Cough|Respiratory_sounds
325569,"Cough,Respiratory_sounds","/m/01b_21,/m/09hlz4",val,Coughs,ActiveObjectX,http://creativecommons.org/publicdomain/zero/1.0/,CC0-1.0,True,,,False,cough_with_expected_hierarchy_only,already_present,C:\Users\Usuario\Desktop\UNI MARINA\master\TFM\FSD50K_DATA\FSD50K.dev_audio\FSD50K_cough_stage1_only\325569.wav,False,selected_license_safe,recommended_random_audit,FSD50K,1,1,unknown,3,not_applicable_fsd50k,False,fsd50k_has_no_dry_wet_annotation,https://freesound.org/s/325569/,source WAV preserved; model preprocessing may resample to 16 kHz mono and extract features,"""Coughs"" by ActiveObjectX; Freesound ID 325569; CC0-1.0 (http://creativecommons.org/publicdomain/zero/1.0/); accessed through FSD50K.",Cough|Respiratory_sounds
326096,"Cough,Respiratory_sounds","/m/01b_21,/m/09hlz4",val,Cough cough,1980supra,http://creativecommons.org/publicdomain/zero/1.0/,CC0-1.0,True,,,False,cough_with_expected_hierarchy_only,already_present,C:\Users\Usuario\Desktop\UNI MARINA\master\TFM\FSD50K_DATA\FSD50K.dev_audio\FSD50K_cough_stage1_only\326096.wav,False,selected_license_safe,recommended_random_audit,FSD50K,1,1,unknown,3,not_applicable_fsd50k,False,fsd50k_has_no_dry_wet_annotation,https://freesound.org/s/326096/,source WAV preserved; model preprocessing may resample to 16 kHz mono and extract features,"""Cough cough"" by 1980supra; Freesound ID 326096; CC0-1.0 (http://creativecommons.org/publicdomain/zero/1.0/); accessed through FSD50K.",Cough|Respiratory_sounds
334154,"Cough,Respiratory_sounds","/m/01b_21,/m/09hlz4",val,Cough.mp3,oddmonolithsound,http://creativecommons.org/licenses/by/3.0/,CC-BY-3.0,True,,,False,cough_with_expected_hierarchy_only,already_present,C:\Users\Usuario\Desktop\UNI MARINA\master\TFM\FSD50K_DATA\FSD50K.dev_audio\FSD50K_cough_stage1_only\334154.wav,False,selected_license_safe,recommended_random_audit,FSD50K,1,1,unknown,3,not_applicable_fsd50k,False,fsd50k_has_no_dry_wet_annotation,https://freesound.org/s/334154/,source WAV preserved; model preprocessing may resample to 16 kHz mono and extract features,"""Cough.mp3"" by oddmonolithsound; Freesound ID 334154; CC-BY-3.0 (http://creativecommons.org/licenses/by/3.0/); accessed through FSD50K.",Cough|Respiratory_sounds
336672,"Cough,Respiratory_sounds","/m/01b_21,/m/09hlz4",val,throat_clear_female.wav,merrygreen,http://creativecommons.org/publicdomain/zero/1.0/,CC0-1.0,True,,,False,cough_with_expected_hierarchy_only,already_present,C:\Users\Usuario\Desktop\UNI MARINA\master\TFM\FSD50K_DATA\FSD50K.dev_audio\FSD50K_cough_stage1_only\336672.wav,False,selected_license_safe,recommended_random_audit,FSD50K,1,1,unknown,3,not_applicable_fsd50k,False,fsd50k_has_no_dry_wet_annotation,https://freesound.org/s/336672/,source WAV preserved; model preprocessing may resample to 16 kHz mono and extract features,"""throat_clear_female.wav"" by merrygreen; Freesound ID 336672; CC0-1.0 (http://creativecommons.org/publicdomain/zero/1.0/); accessed through FSD50K.",Cough|Respiratory_sounds
337678,"Human_voice,Cough,Respiratory_sounds","/m/09l8g,/m/01b_21,/m/09hlz4",val,Cough,grantorino551,http://creativecommons.org/publicdomain/zero/1.0/,CC0-1.0,True,,,False,cough_with_expected_hierarchy_only,already_present,C:\Users\Usuario\Desktop\UNI MARINA\master\TFM\FSD50K_DATA\FSD50K.dev_audio\FSD50K_cough_stage1_only\337678.wav,False,selected_license_safe,recommended_random_audit,FSD50K,1,1,unknown,3,not_applicable_fsd50k,False,fsd50k_has_no_dry_wet_annotation,https://freesound.org/s/337678/,source WAV preserved; model preprocessing may resample to 16 kHz mono and extract features,"""Cough"" by grantorino551; Freesound ID 337678; CC0-1.0 (http://creativecommons.org/publicdomain/zero/1.0/); accessed through FSD50K.",Cough|Human_voice|Respiratory_sounds
353669,"Cough,Respiratory_sounds","/m/01b_21,/m/09hlz4",val,Realistic Cough,ReyhanAF,http://creativecommons.org/publicdomain/zero/1.0/,CC0-1.0,True,,,False,cough_with_expected_hierarchy_only,already_present,C:\Users\Usuario\Desktop\UNI MARINA\master\TFM\FSD50K_DATA\FSD50K.dev_audio\FSD50K_cough_stage1_only\353669.wav,False,selected_license_safe,recommended_random_audit,FSD50K,1,1,unknown,3,not_applicable_fsd50k,False,fsd50k_has_no_dry_wet_annotation,https://freesound.org/s/353669/,source WAV preserved; model preprocessing may resample to 16 kHz mono and extract features,"""Realistic Cough"" by ReyhanAF; Freesound ID 353669; CC0-1.0 (http://creativecommons.org/publicdomain/zero/1.0/); accessed through FSD50K.",Cough|Respiratory_sounds
360890,"Cough,Respiratory_sounds","/m/01b_21,/m/09hlz4",val,Young male coughing,dinkdonkdork,http://creativecommons.org/publicdomain/zero/1.0/,CC0-1.0,True,,,False,cough_with_expected_hierarchy_only,already_present,C:\Users\Usuario\Desktop\UNI MARINA\master\TFM\FSD50K_DATA\FSD50K.dev_audio\FSD50K_cough_stage1_only\360890.wav,False,selected_license_safe,recommended_random_audit,FSD50K,1,1,unknown,3,not_applicable_fsd50k,False,fsd50k_has_no_dry_wet_annotation,https://freesound.org/s/360890/,source WAV preserved; model preprocessing may resample to 16 kHz mono and extract features,"""Young male coughing"" by dinkdonkdork; Freesound ID 360890; CC0-1.0 (http://creativecommons.org/publicdomain/zero/1.0/); accessed through FSD50K.",Cough|Respiratory_sounds
368380,"Female_speech_and_woman_speaking,Cough,Speech,Human_voice,Respiratory_sounds","/m/02zsn,/m/01b_21,/m/09x0r,/m/09l8g,/m/09hlz4",val,Cigarette girl,MadamVicious,http://creativecommons.org/publicdomain/zero/1.0/,CC0-1.0,True,,Female_speech_and_woman_speaking|Speech,True,cough_with_additional_labels_review_required,already_present,C:\Users\Usuario\Desktop\UNI MARINA\master\TFM\FSD50K_DATA\FSD50K.dev_audio\FSD50K_cough_stage1_only\368380.wav,False,selected_license_safe,mandatory_review_before_training,FSD50K,1,1,unknown,3,not_applicable_fsd50k,False,fsd50k_has_no_dry_wet_annotation,https://freesound.org/s/368380/,source WAV preserved; model preprocessing may resample to 16 kHz mono and extract features,"""Cigarette girl"" by MadamVicious; Freesound ID 368380; CC0-1.0 (http://creativecommons.org/publicdomain/zero/1.0/); accessed through FSD50K.",Cough|Female_speech_and_woman_speaking|Human_voice|Respiratory_sounds|Speech
385829,"Cough,Respiratory_sounds","/m/01b_21,/m/09hlz4",val,Sharp_Cough_Irritant.wav,TyLean,http://creativecommons.org/licenses/by/3.0/,CC-BY-3.0,True,,,False,cough_with_expected_hierarchy_only,already_present,C:\Users\Usuario\Desktop\UNI MARINA\master\TFM\FSD50K_DATA\FSD50K.dev_audio\FSD50K_cough_stage1_only\385829.wav,False,selected_license_safe,recommended_random_audit,FSD50K,1,1,unknown,3,not_applicable_fsd50k,False,fsd50k_has_no_dry_wet_annotation,https://freesound.org/s/385829/,source WAV preserved; model preprocessing may resample to 16 kHz mono and extract features,"""Sharp_Cough_Irritant.wav"" by TyLean; Freesound ID 385829; CC-BY-3.0 (http://creativecommons.org/licenses/by/3.0/); accessed through FSD50K.",Cough|Respiratory_sounds
391169,"Cough,Respiratory_sounds","/m/01b_21,/m/09hlz4",val,Woman clearing throat,andrutzab,http://creativecommons.org/licenses/by/3.0/,CC-BY-3.0,True,,,False,cough_with_expected_hierarchy_only,already_present,C:\Users\Usuario\Desktop\UNI MARINA\master\TFM\FSD50K_DATA\FSD50K.dev_audio\FSD50K_cough_stage1_only\391169.wav,False,selected_license_safe,recommended_random_audit,FSD50K,1,1,unknown,3,not_applicable_fsd50k,False,fsd50k_has_no_dry_wet_annotation,https://freesound.org/s/391169/,source WAV preserved; model preprocessing may resample to 16 kHz mono and extract features,"""Woman clearing throat"" by andrutzab; Freesound ID 391169; CC-BY-3.0 (http://creativecommons.org/licenses/by/3.0/); accessed through FSD50K.",Cough|Respiratory_sounds
407839,"Cough,Respiratory_sounds","/m/01b_21,/m/09hlz4",val,coughing,BOBtheROSS,http://creativecommons.org/publicdomain/zero/1.0/,CC0-1.0,True,,,False,cough_with_expected_hierarchy_only,already_present,C:\Users\Usuario\Desktop\UNI MARINA\master\TFM\FSD50K_DATA\FSD50K.dev_audio\FSD50K_cough_stage1_only\407839.wav,False,selected_license_safe,recommended_random_audit,FSD50K,1,1,unknown,3,not_applicable_fsd50k,False,fsd50k_has_no_dry_wet_annotation,https://freesound.org/s/407839/,source WAV preserved; model preprocessing may resample to 16 kHz mono and extract features,"""coughing"" by BOBtheROSS; Freesound ID 407839; CC0-1.0 (http://creativecommons.org/publicdomain/zero/1.0/); accessed through FSD50K.",Cough|Respiratory_sounds
422136,"Cough,Respiratory_sounds","/m/01b_21,/m/09hlz4",val,7_Cough.wav,14GPanskaZackovaM,http://creativecommons.org/publicdomain/zero/1.0/,CC0-1.0,True,,,False,cough_with_expected_hierarchy_only,already_present,C:\Users\Usuario\Desktop\UNI MARINA\master\TFM\FSD50K_DATA\FSD50K.dev_audio\FSD50K_cough_stage1_only\422136.wav,False,selected_license_safe,recommended_random_audit,FSD50K,1,1,unknown,3,not_applicable_fsd50k,False,fsd50k_has_no_dry_wet_annotation,https://freesound.org/s/422136/,source WAV preserved; model preprocessing may resample to 16 kHz mono and extract features,"""7_Cough.wav"" by 14GPanskaZackovaM; Freesound ID 422136; CC0-1.0 (http://creativecommons.org/publicdomain/zero/1.0/); accessed through FSD50K.",Cough|Respiratory_sounds
432095,"Cough,Respiratory_sounds","/m/01b_21,/m/09hlz4",val,Clearing Throat,jasper_sounds,http://creativecommons.org/publicdomain/zero/1.0/,CC0-1.0,True,,,False,cough_with_expected_hierarchy_only,already_present,C:\Users\Usuario\Desktop\UNI MARINA\master\TFM\FSD50K_DATA\FSD50K.dev_audio\FSD50K_cough_stage1_only\432095.wav,False,selected_license_safe,recommended_random_audit,FSD50K,1,1,unknown,3,not_applicable_fsd50k,False,fsd50k_has_no_dry_wet_annotation,https://freesound.org/s/432095/,source WAV preserved; model preprocessing may resample to 16 kHz mono and extract features,"""Clearing Throat"" by jasper_sounds; Freesound ID 432095; CC0-1.0 (http://creativecommons.org/publicdomain/zero/1.0/); accessed through FSD50K.",Cough|Respiratory_sounds
432377,"Cough,Respiratory_sounds","/m/01b_21,/m/09hlz4",val,CoughingFit.wav,Sam54123,http://creativecommons.org/publicdomain/zero/1.0/,CC0-1.0,True,,,False,cough_with_expected_hierarchy_only,already_present,C:\Users\Usuario\Desktop\UNI MARINA\master\TFM\FSD50K_DATA\FSD50K.dev_audio\FSD50K_cough_stage1_only\432377.wav,False,selected_license_safe,recommended_random_audit,FSD50K,1,1,unknown,3,not_applicable_fsd50k,False,fsd50k_has_no_dry_wet_annotation,https://freesound.org/s/432377/,source WAV preserved; model preprocessing may resample to 16 kHz mono and extract features,"""CoughingFit.wav"" by Sam54123; Freesound ID 432377; CC0-1.0 (http://creativecommons.org/publicdomain/zero/1.0/); accessed through FSD50K.",Cough|Respiratory_sounds
55616,"Cough,Respiratory_sounds","/m/01b_21,/m/09hlz4",val,cough.mp3,stickbandit27,http://creativecommons.org/licenses/by/3.0/,CC-BY-3.0,True,,,False,cough_with_expected_hierarchy_only,already_present,C:\Users\Usuario\Desktop\UNI MARINA\master\TFM\FSD50K_DATA\FSD50K.dev_audio\FSD50K_cough_stage1_only\55616.wav,False,selected_license_safe,recommended_random_audit,FSD50K,1,1,unknown,3,not_applicable_fsd50k,False,fsd50k_has_no_dry_wet_annotation,https://freesound.org/s/55616/,source WAV preserved; model preprocessing may resample to 16 kHz mono and extract features,"""cough.mp3"" by stickbandit27; Freesound ID 55616; CC-BY-3.0 (http://creativecommons.org/licenses/by/3.0/); accessed through FSD50K.",Cough|Respiratory_sounds
65184,"Cough,Respiratory_sounds","/m/01b_21,/m/09hlz4",val,coughing.wav,carbilicon,http://creativecommons.org/publicdomain/zero/1.0/,CC0-1.0,True,,,False,cough_with_expected_hierarchy_only,already_present,C:\Users\Usuario\Desktop\UNI MARINA\master\TFM\FSD50K_DATA\FSD50K.dev_audio\FSD50K_cough_stage1_only\65184.wav,False,selected_license_safe,recommended_random_audit,FSD50K,1,1,unknown,3,not_applicable_fsd50k,False,fsd50k_has_no_dry_wet_annotation,https://freesound.org/s/65184/,source WAV preserved; model preprocessing may resample to 16 kHz mono and extract features,"""coughing.wav"" by carbilicon; Freesound ID 65184; CC0-1.0 (http://creativecommons.org/publicdomain/zero/1.0/); accessed through FSD50K.",Cough|Respiratory_sounds
69491,"Cough,Respiratory_sounds","/m/01b_21,/m/09hlz4",val,Vocoded'n'b-Papa xXD.wav,szuhogyisziszi,http://creativecommons.org/publicdomain/zero/1.0/,CC0-1.0,True,,,False,cough_with_expected_hierarchy_only,already_present,C:\Users\Usuario\Desktop\UNI MARINA\master\TFM\FSD50K_DATA\FSD50K.dev_audio\FSD50K_cough_stage1_only\69491.wav,False,selected_license_safe,recommended_random_audit,FSD50K,1,1,unknown,3,not_applicable_fsd50k,False,fsd50k_has_no_dry_wet_annotation,https://freesound.org/s/69491/,source WAV preserved; model preprocessing may resample to 16 kHz mono and extract features,"""Vocoded'n'b-Papa xXD.wav"" by szuhogyisziszi; Freesound ID 69491; CC0-1.0 (http://creativecommons.org/publicdomain/zero/1.0/); accessed through FSD50K.",Cough|Respiratory_sounds
91974,"Cough,Respiratory_sounds","/m/01b_21,/m/09hlz4",val,cleaningthroat.WAV,ladoscuro,http://creativecommons.org/publicdomain/zero/1.0/,CC0-1.0,True,,,False,cough_with_expected_hierarchy_only,already_present,C:\Users\Usuario\Desktop\UNI MARINA\master\TFM\FSD50K_DATA\FSD50K.dev_audio\FSD50K_cough_stage1_only\91974.wav,False,selected_license_safe,recommended_random_audit,FSD50K,1,1,unknown,3,not_applicable_fsd50k,False,fsd50k_has_no_dry_wet_annotation,https://freesound.org/s/91974/,source WAV preserved; model preprocessing may resample to 16 kHz mono and extract features,"""cleaningthroat.WAV"" by ladoscuro; Freesound ID 91974; CC0-1.0 (http://creativecommons.org/publicdomain/zero/1.0/); accessed through FSD50K.",Cough|Respiratory_sounds
98676,"Cough,Respiratory_sounds","/m/01b_21,/m/09hlz4",val,distant cough.mp3,TheWah,http://creativecommons.org/publicdomain/zero/1.0/,CC0-1.0,True,,,False,cough_with_expected_hierarchy_only,already_present,C:\Users\Usuario\Desktop\UNI MARINA\master\TFM\FSD50K_DATA\FSD50K.dev_audio\FSD50K_cough_stage1_only\98676.wav,False,selected_license_safe,recommended_random_audit,FSD50K,1,1,unknown,3,not_applicable_fsd50k,False,fsd50k_has_no_dry_wet_annotation,https://freesound.org/s/98676/,source WAV preserved; model preprocessing may resample to 16 kHz mono and extract features,"""distant cough.mp3"" by TheWah; Freesound ID 98676; CC0-1.0 (http://creativecommons.org/publicdomain/zero/1.0/); accessed through FSD50K.",Cough|Respiratory_sounds
