original_uuid,y_true,cough_type,cough_type_consensus,fold,score,sample_count,y_pred,candidate_key,pooling_key,y_pred_fixed_0p5
0029d048-898a-4c70-89c7-0815cdcf7391,0,dry,weak_expert,0,0.09608315433872669,1,0,rf__trees300__depth10__leaf5__features0p1,mean,0
006d8d1c-2bf6-46a6-8ef2-1823898a4733,0,dry,weak_expert,0,0.22304077417260784,1,0,rf__trees300__depth10__leaf5__features0p1,mean,0
00ddf050-6939-4f33-9e54-fcb309b895ec,0,dry,weak_expert,0,0.21472710236969572,1,0,rf__trees300__depth10__leaf5__features0p1,mean,0
03c8796e-547e-4158-ae5f-7c613aaeb02f,0,dry,weak_expert,0,0.21517604585720448,1,0,rf__trees300__depth10__leaf5__features0p1,mean,0
05458ac9-b4d3-4558-b6b2-b2bf7036f16c,0,dry,weak_expert,0,0.15395946685276302,1,0,rf__trees300__depth10__leaf5__features0p1,mean,0
0593e9bf-e162-46c2-b1d5-3bc34ef1fc6f,0,dry,weak_expert,0,0.35178109206756325,1,0,rf__trees300__depth10__leaf5__features0p1,mean,0
062c3a7f-a783-4b43-806e-6db83aa0da15,0,dry,weak_expert,0,0.23045593365469036,1,0,rf__trees300__depth10__leaf5__features0p1,mean,0
076f59de-0637-4ee1-951c-f2e0784e8a53,0,dry,weak_expert,0,0.41918117125969456,1,0,rf__trees300__depth10__leaf5__features0p1,mean,0
08024f8a-88fb-4298-9656-04da97112ae6,0,dry,weak_expert,0,0.07841093820503052,1,0,rf__trees300__depth10__leaf5__features0p1,mean,0
089f764a-6620-4554-8519-ac64f833a5d5,0,dry,weak_expert,0,0.34783083858201846,1,0,rf__trees300__depth10__leaf5__features0p1,mean,0
08d5d346-6219-4e6d-ac06-ef489f2d186c,0,dry,weak_expert,0,0.7377736997398798,1,1,rf__trees300__depth10__leaf5__features0p1,mean,1
0b43fe9d-c9d6-4d0d-abf9-52f6b3712325,0,dry,weak_expert,0,0.13557016778129666,1,0,rf__trees300__depth10__leaf5__features0p1,mean,0
0e8c849d-9a13-4d43-b6b5-be14a334b77c,0,dry,weak_expert,0,0.46619124272684853,1,1,rf__trees300__depth10__leaf5__features0p1,mean,0
0ef3c0bc-56c3-44da-bea0-dc31a158414a,0,dry,weak_expert,0,0.3186875869822159,1,0,rf__trees300__depth10__leaf5__features0p1,mean,0
0f746594-9aa2-4681-addd-bea6230b9027,0,dry,weak_expert,0,0.5601316189200726,1,1,rf__trees300__depth10__leaf5__features0p1,mean,1
11237f1a-3eb2-4cf7-80f7-116df4b1699a,0,dry,weak_expert,0,0.12571235199397926,1,0,rf__trees300__depth10__leaf5__features0p1,mean,0
12a7d4c8-1dea-4ba3-a9a9-73fbeca9cc96,0,dry,weak_expert,0,0.38731411108043107,1,0,rf__trees300__depth10__leaf5__features0p1,mean,0
159c098b-ec97-45cf-aeb7-ff389a98d95c,0,dry,weak_expert,0,0.1882200563359903,1,0,rf__trees300__depth10__leaf5__features0p1,mean,0
164ff16d-2af8-4724-9a57-3b3bd7e17839,0,dry,weak_expert,0,0.2967836573274898,1,0,rf__trees300__depth10__leaf5__features0p1,mean,0
19654d11-2cef-46ec-8007-4a4c7bea60af,0,dry,weak_expert,0,0.31189329195195004,1,0,rf__trees300__depth10__leaf5__features0p1,mean,0
1adc614f-9f34-451c-ac33-47a411f0a06d,0,dry,weak_expert,0,0.21268722997192827,1,0,rf__trees300__depth10__leaf5__features0p1,mean,0
1d1dd53c-0b98-4ebd-a34b-e168bff6b7da,0,dry,weak_expert,0,0.3174707797639981,1,0,rf__trees300__depth10__leaf5__features0p1,mean,0
1fb47adc-d640-4c2b-a6f2-7e1078caad81,0,dry,weak_expert,0,0.38264499145975733,1,0,rf__trees300__depth10__leaf5__features0p1,mean,0
24dc7236-522f-4120-b76d-65538ab32b5b,0,dry,weak_expert,0,0.22795117276148352,1,0,rf__trees300__depth10__leaf5__features0p1,mean,0
25a6fb1b-a42c-4728-a2bf-d0613e17d1d7,0,dry,weak_expert,0,0.39683098310122294,1,0,rf__trees300__depth10__leaf5__features0p1,mean,0
26abd7b6-569b-41ed-955e-0481ed0368dd,0,dry,weak_expert,0,0.3871991056768015,1,0,rf__trees300__depth10__leaf5__features0p1,mean,0
271dc530-49dd-4f49-913d-28475b4a150b,0,dry,weak_expert,0,0.34029213491117377,1,0,rf__trees300__depth10__leaf5__features0p1,mean,0
274fee77-6d89-4b0f-962e-28969658b430,0,dry,weak_expert,0,0.17081742876075315,1,0,rf__trees300__depth10__leaf5__features0p1,mean,0
27a23047-925b-4b76-879b-eaeab82e0857,0,dry,weak_expert,0,0.24966269648489464,1,0,rf__trees300__depth10__leaf5__features0p1,mean,0
28757e31-b8f6-408c-982e-a016170ab3ef,0,dry,weak_expert,0,0.33486292142925683,1,0,rf__trees300__depth10__leaf5__features0p1,mean,0
28c76cca-15d8-490a-a785-9bbb5c21fd26,0,dry,weak_expert,0,0.09185832613835514,1,0,rf__trees300__depth10__leaf5__features0p1,mean,0
28de464d-b466-45cc-849d-a1c138c96767,0,dry,weak_expert,0,0.2235876646075686,1,0,rf__trees300__depth10__leaf5__features0p1,mean,0
29121026-d6b2-4203-8491-227353a60348,0,dry,weak_expert,0,0.25446493440522977,1,0,rf__trees300__depth10__leaf5__features0p1,mean,0
2b243e9c-37f2-4552-ac69-4cdf0e070b9a,0,dry,weak_expert,0,0.06858462391012936,1,0,rf__trees300__depth10__leaf5__features0p1,mean,0
2baa4845-c6e6-44a6-b4f3-f239be93bfa7,0,dry,weak_expert,0,0.09921278022276588,1,0,rf__trees300__depth10__leaf5__features0p1,mean,0
2bcd2201-d3ec-466d-a0a1-1305a46aa74a,0,dry,weak_expert,0,0.35064344271843817,1,0,rf__trees300__depth10__leaf5__features0p1,mean,0
2c148a1a-099b-48dd-97c2-437ecb15d430,0,dry,weak_expert,0,0.35433413924790047,1,0,rf__trees300__depth10__leaf5__features0p1,mean,0
2d79341b-2ce5-4c6b-82d0-599626f629d6,0,dry,weak_expert,0,0.5382010711164025,1,1,rf__trees300__depth10__leaf5__features0p1,mean,1
2de41de6-fd3d-4948-adca-78ae50b9bb97,0,dry,weak_expert,0,0.19633864481237978,1,0,rf__trees300__depth10__leaf5__features0p1,mean,0
2e5be083-a771-4769-99b6-ac9a0473755b,0,dry,weak_expert,0,0.3038997079890142,1,0,rf__trees300__depth10__leaf5__features0p1,mean,0
30c7cf4c-a067-4349-99dc-c6fcfea194e0,0,dry,weak_expert,0,0.13023630002113326,1,0,rf__trees300__depth10__leaf5__features0p1,mean,0
31a557c8-eaf3-4ab7-b374-5b8b659222c8,0,dry,weak_expert,0,0.1774735783148013,1,0,rf__trees300__depth10__leaf5__features0p1,mean,0
31f74e48-2e55-4167-980d-d328138a71a9,0,dry,weak_expert,0,0.41434144288315444,1,0,rf__trees300__depth10__leaf5__features0p1,mean,0
332ab58f-9728-4cea-9960-c49151120510,0,dry,weak_expert,0,0.24018163148331131,1,0,rf__trees300__depth10__leaf5__features0p1,mean,0
338ffa66-a7e2-488a-b5a9-d7b808731922,0,dry,weak_expert,0,0.20146459706610112,1,0,rf__trees300__depth10__leaf5__features0p1,mean,0
34191fb6-7fb8-4cbf-a5cf-ea458bf4107b,0,dry,weak_expert,0,0.2951731988253732,1,0,rf__trees300__depth10__leaf5__features0p1,mean,0
3483aaf8-14e4-44ac-8b20-6f1a05cfa822,0,dry,weak_expert,0,0.3571504018886728,1,0,rf__trees300__depth10__leaf5__features0p1,mean,0
349e4ca9-fffa-45ea-95e2-c0843f852555,0,dry,weak_expert,0,0.2051383381804447,1,0,rf__trees300__depth10__leaf5__features0p1,mean,0
3722d824-c4bc-489d-8a8f-6bb171129e19,0,dry,weak_expert,0,0.37871588159599945,1,0,rf__trees300__depth10__leaf5__features0p1,mean,0
377c3a4c-b901-49c0-9337-e87560b523d4,0,dry,weak_expert,0,0.42238936726586823,1,0,rf__trees300__depth10__leaf5__features0p1,mean,0
37ac823b-4e39-4e85-a6c1-5e1e79979a13,0,dry,gold_expert,0,0.4152054606471585,1,0,rf__trees300__depth10__leaf5__features0p1,mean,0
3938fac1-ae70-4148-90ea-59abb26459c1,0,dry,weak_expert,0,0.17575490358508608,1,0,rf__trees300__depth10__leaf5__features0p1,mean,0
3960bb7b-56e2-4cad-aa5f-8849b99b5bf5,0,dry,weak_expert,0,0.34606063685406896,1,0,rf__trees300__depth10__leaf5__features0p1,mean,0
3aac052c-4344-4350-a877-59f8a5270b02,0,dry,weak_expert,0,0.12181688437141043,1,0,rf__trees300__depth10__leaf5__features0p1,mean,0
3be5af36-9e52-465a-81a6-da1c60d350f5,0,dry,weak_expert,0,0.4042992142757367,1,0,rf__trees300__depth10__leaf5__features0p1,mean,0
3c3e2950-ff3d-4db5-b079-6db5182f3f92,0,dry,weak_expert,0,0.3671247828714707,1,0,rf__trees300__depth10__leaf5__features0p1,mean,0
3d74c62a-40cb-4f3f-8851-d3aae9e44b48,0,dry,weak_expert,0,0.10165063455496444,1,0,rf__trees300__depth10__leaf5__features0p1,mean,0
3e051a0d-5f5e-4ec6-b0e9-6a97c809cc92,0,dry,weak_expert,0,0.31368490324782144,1,0,rf__trees300__depth10__leaf5__features0p1,mean,0
3e1be8df-6634-44ef-b0a1-a4ab499f2959,0,dry,weak_expert,0,0.4911438216517405,1,1,rf__trees300__depth10__leaf5__features0p1,mean,0
3e80334d-1d97-4dc5-a17a-affd1f06011e,0,dry,weak_expert,0,0.31850842942214463,1,0,rf__trees300__depth10__leaf5__features0p1,mean,0
41ef8038-b679-44e0-85f2-da3e81e21091,0,dry,weak_expert,0,0.13640999904610487,1,0,rf__trees300__depth10__leaf5__features0p1,mean,0
424784ac-85a8-4b14-8447-fce82be45f62,0,dry,weak_expert,0,0.34115879609615346,1,0,rf__trees300__depth10__leaf5__features0p1,mean,0
439daf49-ca13-413b-80e8-a8b6928db817,0,dry,weak_expert,0,0.26747856881147763,1,0,rf__trees300__depth10__leaf5__features0p1,mean,0
444d9701-cc2f-4dc7-87ff-4f6ada471c3e,0,dry,weak_expert,0,0.48726560200826613,1,1,rf__trees300__depth10__leaf5__features0p1,mean,0
456005c3-f550-4770-a091-befce2a7d630,0,dry,weak_expert,0,0.5148956310145231,1,1,rf__trees300__depth10__leaf5__features0p1,mean,1
4619f7e8-fae5-4477-971c-0568ede350a2,0,dry,weak_expert,0,0.12162526406341641,1,0,rf__trees300__depth10__leaf5__features0p1,mean,0
47b47be2-59eb-4ae8-b0ca-e4180f04896c,0,dry,weak_expert,0,0.2665194716284144,1,0,rf__trees300__depth10__leaf5__features0p1,mean,0
48ff5e27-832e-4450-9ea5-288a0e6967db,0,dry,weak_expert,0,0.13803001304366325,1,0,rf__trees300__depth10__leaf5__features0p1,mean,0
491018d6-fe1e-4b24-9c42-70971ec93615,0,dry,weak_expert,0,0.648116796335086,1,1,rf__trees300__depth10__leaf5__features0p1,mean,1
49114698-8b5c-40e3-9645-b6a5223658d8,0,dry,weak_expert,0,0.19032680605369764,1,0,rf__trees300__depth10__leaf5__features0p1,mean,0
4b9df238-0be3-43bd-aac2-719cf69c853c,0,dry,weak_expert,0,0.07825125269182609,1,0,rf__trees300__depth10__leaf5__features0p1,mean,0
4bc5287f-92ae-400e-93b2-037163281e89,0,dry,weak_expert,0,0.30196892556825644,1,0,rf__trees300__depth10__leaf5__features0p1,mean,0
4d6cdc78-b5f1-4568-bea9-ae1a49c34ee7,0,dry,weak_expert,0,0.35244750422265514,1,0,rf__trees300__depth10__leaf5__features0p1,mean,0
4dba41ae-c9c3-4bf3-a5fb-8d8d2b8809c9,0,dry,gold_expert,0,0.3438432163553412,1,0,rf__trees300__depth10__leaf5__features0p1,mean,0
545c655f-89ef-41c5-919a-11b2a09b0e49,0,dry,weak_expert,0,0.1486463853373372,1,0,rf__trees300__depth10__leaf5__features0p1,mean,0
56db4bed-54ee-4560-b962-cbab7d552621,0,dry,weak_expert,0,0.5872440287621294,1,1,rf__trees300__depth10__leaf5__features0p1,mean,1
5969183f-bfad-4b72-b11e-5c459b752adc,0,dry,weak_expert,0,0.19224873133886772,1,0,rf__trees300__depth10__leaf5__features0p1,mean,0
59ce4d68-d3d6-48c8-9df7-fcd6621899d6,0,dry,weak_expert,0,0.483325557404691,1,1,rf__trees300__depth10__leaf5__features0p1,mean,0
5b2342d2-01f8-4ad7-bf13-217601cd3c13,0,dry,weak_expert,0,0.08557664204891813,1,0,rf__trees300__depth10__leaf5__features0p1,mean,0
5b306faa-b133-4029-a3b7-26a121ae6a0c,0,dry,weak_expert,0,0.20594684413608638,1,0,rf__trees300__depth10__leaf5__features0p1,mean,0
5c4b21f1-e8d1-4133-9f78-76b3ef3c5f18,0,dry,weak_expert,0,0.23805581179136165,1,0,rf__trees300__depth10__leaf5__features0p1,mean,0
5c4d833f-64ac-4ec0-82d9-3327020c870f,0,dry,weak_expert,0,0.30487582468220575,1,0,rf__trees300__depth10__leaf5__features0p1,mean,0
5c8604ef-6403-454a-b8ec-0151a37d6ef6,0,dry,weak_expert,0,0.28421400380616857,1,0,rf__trees300__depth10__leaf5__features0p1,mean,0
5cc60202-8998-426d-8e01-e05fc091f7ed,0,dry,weak_expert,0,0.28134122493666214,1,0,rf__trees300__depth10__leaf5__features0p1,mean,0
5e0b6e89-d9b6-4cca-984d-cdcae3fdd4c0,0,dry,weak_expert,0,0.29071640213627875,1,0,rf__trees300__depth10__leaf5__features0p1,mean,0
5f081467-1e54-4162-8cb2-1c2d11a26edf,0,dry,weak_expert,0,0.1812085156232311,1,0,rf__trees300__depth10__leaf5__features0p1,mean,0
5f0a1915-2cd5-41fb-9887-e17ab27b515e,0,dry,weak_expert,0,0.5412477353771034,1,1,rf__trees300__depth10__leaf5__features0p1,mean,1
5fe2cece-1061-4f53-b4ac-64a07efc6ba1,0,dry,weak_expert,0,0.18219381555537523,1,0,rf__trees300__depth10__leaf5__features0p1,mean,0
60ab1646-c540-4179-ae54-ca83767edff1,0,dry,weak_expert,0,0.6058046236027383,1,1,rf__trees300__depth10__leaf5__features0p1,mean,1
611e6287-ba3d-4300-837c-76f185566428,0,dry,weak_expert,0,0.3308330753952955,1,0,rf__trees300__depth10__leaf5__features0p1,mean,0
61716d56-8676-4234-8cbc-c2ea724c1405,0,dry,weak_expert,0,0.27064275924043535,1,0,rf__trees300__depth10__leaf5__features0p1,mean,0
61f98ca8-54c9-4a7f-90f3-82c1c34ca600,0,dry,weak_expert,0,0.14596616231830511,1,0,rf__trees300__depth10__leaf5__features0p1,mean,0
6273e21b-563c-46dd-8cd0-ad353463cbbb,0,dry,weak_expert,0,0.5116877022537177,1,1,rf__trees300__depth10__leaf5__features0p1,mean,1
62a60e4e-eab7-4574-9f04-c6a3cbfdc6f4,0,dry,weak_expert,0,0.2213404611134749,1,0,rf__trees300__depth10__leaf5__features0p1,mean,0
62b3a308-0d2b-428c-954c-60fb4a3315a1,0,dry,weak_expert,0,0.45334519701352816,1,1,rf__trees300__depth10__leaf5__features0p1,mean,0
639c0947-16a5-421a-af60-96ddfa896024,0,dry,weak_expert,0,0.6401608357057748,1,1,rf__trees300__depth10__leaf5__features0p1,mean,1
647da923-9dfe-4527-9ec6-473b8fb791ca,0,dry,weak_expert,0,0.44500321332079257,1,1,rf__trees300__depth10__leaf5__features0p1,mean,0
654a2bab-b45a-4042-bc07-554a59105bbd,0,dry,weak_expert,0,0.15439299622111755,1,0,rf__trees300__depth10__leaf5__features0p1,mean,0
658daf16-7fc3-4640-911e-81dac60a2df9,0,dry,weak_expert,0,0.14093642386344554,1,0,rf__trees300__depth10__leaf5__features0p1,mean,0
6793221c-3716-4cbb-9eb0-58afe524e8b8,0,dry,weak_expert,0,0.08410865661661707,1,0,rf__trees300__depth10__leaf5__features0p1,mean,0
69317fad-cc19-43fe-8537-782fc415ee7c,0,dry,gold_expert,0,0.3407534201187805,1,0,rf__trees300__depth10__leaf5__features0p1,mean,0
69e7b5c5-0469-42dd-b68f-9a7f7637425b,0,dry,weak_expert,0,0.5263125323280482,1,1,rf__trees300__depth10__leaf5__features0p1,mean,1
6a2ffeef-99c5-4765-8dac-92aec8459d79,0,dry,weak_expert,0,0.32706813433558674,1,0,rf__trees300__depth10__leaf5__features0p1,mean,0
6afffb59-71d0-4a4c-b575-cde463c0a24a,0,dry,weak_expert,0,0.12861939317135407,1,0,rf__trees300__depth10__leaf5__features0p1,mean,0
6dd2d1e3-e140-489f-905f-007a7f54321c,0,dry,weak_expert,0,0.36392071694242123,1,0,rf__trees300__depth10__leaf5__features0p1,mean,0
6dfae390-f7b5-467c-9600-3f13c33f0988,0,dry,weak_expert,0,0.17763693445589815,1,0,rf__trees300__depth10__leaf5__features0p1,mean,0
70199b46-18c6-42f7-8a56-ceaa854a6acf,0,dry,weak_expert,0,0.17659906668959227,1,0,rf__trees300__depth10__leaf5__features0p1,mean,0
707d9dbf-1621-4eac-a157-1393de750d7b,0,dry,weak_expert,0,0.2962721686480564,1,0,rf__trees300__depth10__leaf5__features0p1,mean,0
70b6cbf4-70cd-4f35-874e-9125a59aa0f3,0,dry,weak_expert,0,0.3190124513560991,1,0,rf__trees300__depth10__leaf5__features0p1,mean,0
7234b112-4ea3-43ab-89ad-c1fd9aa33a3b,0,dry,weak_expert,0,0.19983973123368926,1,0,rf__trees300__depth10__leaf5__features0p1,mean,0
72b95c95-1a95-437c-9d52-86b53461b304,0,dry,weak_expert,0,0.1736633305696495,1,0,rf__trees300__depth10__leaf5__features0p1,mean,0
73fc1cdd-e291-46f7-9353-4a7b93cd08de,0,dry,weak_expert,0,0.4964862349025676,1,1,rf__trees300__depth10__leaf5__features0p1,mean,0
760cb050-4175-4498-817d-a9976e359c52,0,dry,weak_expert,0,0.22738232417818754,1,0,rf__trees300__depth10__leaf5__features0p1,mean,0
764d2729-f572-490a-8f22-1397e2e19906,0,dry,weak_expert,0,0.10842435678616079,1,0,rf__trees300__depth10__leaf5__features0p1,mean,0
76a03d41-09de-4d00-b1e6-0cedf0b3dbda,0,dry,weak_expert,0,0.11373143672686221,1,0,rf__trees300__depth10__leaf5__features0p1,mean,0
77f44d08-0f8a-47e1-97ca-7f791704a951,0,dry,weak_expert,0,0.24023732259753536,1,0,rf__trees300__depth10__leaf5__features0p1,mean,0
78c1fbe5-0d8a-4747-b238-bdb66e3fceb2,0,dry,weak_expert,0,0.3421417833929841,1,0,rf__trees300__depth10__leaf5__features0p1,mean,0
796748e0-b012-44f0-9725-dea2bf495f2f,0,dry,weak_expert,0,0.4133064814928353,1,0,rf__trees300__depth10__leaf5__features0p1,mean,0
7a963229-e38d-49b0-b5af-15d1721667ca,0,dry,weak_expert,0,0.5632862954573618,1,1,rf__trees300__depth10__leaf5__features0p1,mean,1
7b423206-e57c-463b-a43b-c82cdb055f26,0,dry,weak_expert,0,0.3191092908249379,1,0,rf__trees300__depth10__leaf5__features0p1,mean,0
7bcb0830-15ab-4bbb-9dc4-2f49bd4f2160,0,dry,weak_expert,0,0.24140335055195478,1,0,rf__trees300__depth10__leaf5__features0p1,mean,0
7c48edd6-5800-4899-8f0a-c458c1b39e68,0,dry,weak_expert,0,0.17309685972430094,1,0,rf__trees300__depth10__leaf5__features0p1,mean,0
7cb4843e-bdf2-4dbc-9956-bf2464cb6c7d,0,dry,weak_expert,0,0.480780214032478,1,1,rf__trees300__depth10__leaf5__features0p1,mean,0
7dc52a58-ffa9-450c-b557-99386ae99915,0,dry,weak_expert,0,0.21403971450424625,1,0,rf__trees300__depth10__leaf5__features0p1,mean,0
82879368-f357-4032-b87a-5268db64e247,0,dry,weak_expert,0,0.09599222492130541,1,0,rf__trees300__depth10__leaf5__features0p1,mean,0
83d26908-f355-426a-b5dc-92dee890482d,0,dry,weak_expert,0,0.36298010843588635,1,0,rf__trees300__depth10__leaf5__features0p1,mean,0
83e76c73-4e06-4e49-ae0d-354e2974745f,0,dry,weak_expert,0,0.1168529117898922,1,0,rf__trees300__depth10__leaf5__features0p1,mean,0
86b4b29b-2c0f-40e3-9d37-644b492ea570,0,dry,weak_expert,0,0.17079176896451861,1,0,rf__trees300__depth10__leaf5__features0p1,mean,0
888f0bc9-1781-494d-9076-a977bc8ae3e1,0,dry,weak_expert,0,0.2110450368306181,1,0,rf__trees300__depth10__leaf5__features0p1,mean,0
89385120-2b52-4c61-9e36-05e5b032a8ce,0,dry,weak_expert,0,0.24607025345231212,1,0,rf__trees300__depth10__leaf5__features0p1,mean,0
8d553d2b-0679-4122-9502-ac2f14c83513,0,dry,weak_expert,0,0.3252068098430107,1,0,rf__trees300__depth10__leaf5__features0p1,mean,0
8f71d0b4-c179-44a9-afb5-cc85047aca9d,0,dry,weak_expert,0,0.1523876082557191,1,0,rf__trees300__depth10__leaf5__features0p1,mean,0
90120a9b-ee30-4bef-b649-c725c986312e,0,dry,weak_expert,0,0.30689721502674217,1,0,rf__trees300__depth10__leaf5__features0p1,mean,0
91e91fae-a111-4143-92c1-46b841db99f8,0,dry,weak_expert,0,0.5119798883066095,1,1,rf__trees300__depth10__leaf5__features0p1,mean,1
93e121aa-1c8b-4b9a-b446-cbe4ddbcdaf4,0,dry,weak_expert,0,0.13738262953998015,1,0,rf__trees300__depth10__leaf5__features0p1,mean,0
942152b1-4a8f-4d9b-a4e6-43f61504e589,0,dry,weak_expert,0,0.4103669648886262,1,0,rf__trees300__depth10__leaf5__features0p1,mean,0
94ad74ad-5a8c-406c-9c1a-18e281d53b9d,0,dry,weak_expert,0,0.395209678051898,1,0,rf__trees300__depth10__leaf5__features0p1,mean,0
94c5e62b-3dd7-4586-9705-3eaaaaa68ec9,0,dry,weak_expert,0,0.14651161290592274,1,0,rf__trees300__depth10__leaf5__features0p1,mean,0
952475ba-04d5-4885-8e0b-52fe17a059da,0,dry,weak_expert,0,0.32409940891721545,1,0,rf__trees300__depth10__leaf5__features0p1,mean,0
95e40d65-5398-4dd8-bda8-5da98d06ed80,0,dry,weak_expert,0,0.3941561680259742,1,0,rf__trees300__depth10__leaf5__features0p1,mean,0
96f63bc1-4c6d-4dc9-84c3-43d5b69d4a87,0,dry,weak_expert,0,0.14710213391207216,1,0,rf__trees300__depth10__leaf5__features0p1,mean,0
96fd8500-a077-4d0a-bcd4-d6d5f747c2da,0,dry,weak_expert,0,0.350585870953112,1,0,rf__trees300__depth10__leaf5__features0p1,mean,0
97c784f1-0322-45e1-9bb3-9a751ce1897b,0,dry,weak_expert,0,0.2725783322242064,1,0,rf__trees300__depth10__leaf5__features0p1,mean,0
97d266b1-7856-47f3-9273-224e1f27be4c,0,dry,weak_expert,0,0.4063061095790456,1,0,rf__trees300__depth10__leaf5__features0p1,mean,0
98f74976-5070-4f9b-bcb9-b706b04da3cb,0,dry,weak_expert,0,0.5928143194728736,1,1,rf__trees300__depth10__leaf5__features0p1,mean,1
99b2dc16-7b5f-4d45-99b2-c3768262be3a,0,dry,weak_expert,0,0.5097766766320727,1,1,rf__trees300__depth10__leaf5__features0p1,mean,1
9a5b90f0-06d5-4748-a260-e888ace7e53d,0,dry,weak_expert,0,0.5262432246812696,1,1,rf__trees300__depth10__leaf5__features0p1,mean,1
9b4f0155-35d2-4868-90e7-a61d2fa473a6,0,dry,weak_expert,0,0.46447265817998906,1,1,rf__trees300__depth10__leaf5__features0p1,mean,0
9c1ac649-8b03-4868-9146-e665daa17d7d,0,dry,weak_expert,0,0.1812477230998848,1,0,rf__trees300__depth10__leaf5__features0p1,mean,0
9cb306f5-47a1-441c-888a-34ad29f5983c,0,dry,gold_expert,0,0.24154738338139536,1,0,rf__trees300__depth10__leaf5__features0p1,mean,0
9e949ada-abdf-41f2-8d03-bbd3d1ea4754,0,dry,weak_expert,0,0.20690035883420552,1,0,rf__trees300__depth10__leaf5__features0p1,mean,0
9ecb18ca-483d-400f-a049-1a078a483c50,0,dry,weak_expert,0,0.38857793163012294,1,0,rf__trees300__depth10__leaf5__features0p1,mean,0
9f7c176a-ae7d-407a-88a2-b0ee714858d7,0,dry,weak_expert,0,0.22659841215667603,1,0,rf__trees300__depth10__leaf5__features0p1,mean,0
a1182546-5e99-4ba4-b941-351c79866173,0,dry,weak_expert,0,0.3313195519646603,1,0,rf__trees300__depth10__leaf5__features0p1,mean,0
a147e909-0e90-442b-adc4-b8487de75504,0,dry,weak_expert,0,0.2681655354334986,1,0,rf__trees300__depth10__leaf5__features0p1,mean,0
a14ac807-5cf3-44d8-acd6-830dd0d086ea,0,dry,weak_expert,0,0.4032774203874848,1,0,rf__trees300__depth10__leaf5__features0p1,mean,0
a2ae6c67-9ab7-4d42-b4c5-e04d890493b2,0,dry,weak_expert,0,0.29774958545343155,1,0,rf__trees300__depth10__leaf5__features0p1,mean,0
a2bd77dd-61f9-494d-b6b5-306ada124f30,0,dry,weak_expert,0,0.4573613915239062,1,1,rf__trees300__depth10__leaf5__features0p1,mean,0
a30b1432-29fe-4a4d-953a-fb1edec1b468,0,dry,weak_expert,0,0.09313881611512118,1,0,rf__trees300__depth10__leaf5__features0p1,mean,0
a55596ff-f478-4f96-8a86-5ba5a50d9c8e,0,dry,weak_expert,0,0.10333045182862202,1,0,rf__trees300__depth10__leaf5__features0p1,mean,0
a583d3cc-ab0f-449a-9692-977714b3050e,0,dry,weak_expert,0,0.1911965332690044,1,0,rf__trees300__depth10__leaf5__features0p1,mean,0
a75adc66-7f70-4f0f-91f7-7a2a2eac61e9,0,dry,gold_expert,0,0.359210131662574,1,0,rf__trees300__depth10__leaf5__features0p1,mean,0
aa27859e-d3a3-4a40-a241-8ebdc849017a,0,dry,weak_expert,0,0.701351618163412,1,1,rf__trees300__depth10__leaf5__features0p1,mean,1
aa3632d1-d3e9-4ce4-9d29-d1f056fa3dfe,0,dry,weak_expert,0,0.13712862316144667,1,0,rf__trees300__depth10__leaf5__features0p1,mean,0
aa697a0c-34a2-4257-b1d8-1ebf5dee5be8,0,dry,weak_expert,0,0.2742646033967366,1,0,rf__trees300__depth10__leaf5__features0p1,mean,0
ab77c2d6-edf7-4368-8cb1-5d8f1b928cef,0,dry,weak_expert,0,0.14720778109943664,1,0,rf__trees300__depth10__leaf5__features0p1,mean,0
abb11855-0da7-468d-844b-91a228cd3eed,0,dry,weak_expert,0,0.0558923438481665,1,0,rf__trees300__depth10__leaf5__features0p1,mean,0
abf2af4d-9369-40e9-873b-73dca08ae7a1,0,dry,weak_expert,0,0.4675259196112915,1,1,rf__trees300__depth10__leaf5__features0p1,mean,0
acae37ea-edb8-45fe-9a10-5b7af79c17ec,0,dry,weak_expert,0,0.28811438166414655,1,0,rf__trees300__depth10__leaf5__features0p1,mean,0
ad627ce9-0279-4e8f-b029-95f5a79f5a0a,0,dry,weak_expert,0,0.6468581556011415,1,1,rf__trees300__depth10__leaf5__features0p1,mean,1
adddfa9b-c016-4e58-8275-308501fc13d9,0,dry,weak_expert,0,0.1496845988710673,1,0,rf__trees300__depth10__leaf5__features0p1,mean,0
adf406f5-b1bc-432a-ae5a-78c52fc95292,0,dry,weak_expert,0,0.19639915389005264,1,0,rf__trees300__depth10__leaf5__features0p1,mean,0
ae4b17b8-7b3f-434a-a894-d4257c7394f5,0,dry,weak_expert,0,0.1968947383857446,1,0,rf__trees300__depth10__leaf5__features0p1,mean,0
aeb567c4-529c-43c7-9075-21537e836d4d,0,dry,weak_expert,0,0.13124116861181803,1,0,rf__trees300__depth10__leaf5__features0p1,mean,0
aef400f0-6e03-43be-9928-a91660eb3988,0,dry,weak_expert,0,0.2149164706024409,1,0,rf__trees300__depth10__leaf5__features0p1,mean,0
b26b3150-4026-442d-b1ac-6b3ab2a991b3,0,dry,weak_expert,0,0.08787751383843065,1,0,rf__trees300__depth10__leaf5__features0p1,mean,0
b2b52448-2ff5-4aa3-a43d-a4e3711d85bb,0,dry,weak_expert,0,0.5467983104774606,1,1,rf__trees300__depth10__leaf5__features0p1,mean,1
b2cb86f2-d182-4a2f-9321-5b19ddadf4f4,0,dry,weak_expert,0,0.20855003972928865,1,0,rf__trees300__depth10__leaf5__features0p1,mean,0
b349c0bf-5c56-4ee5-9d0d-d050d8dd9ab6,0,dry,weak_expert,0,0.1795564849956682,1,0,rf__trees300__depth10__leaf5__features0p1,mean,0
b374149f-cdc9-4865-9151-e229bb0ab98b,0,dry,weak_expert,0,0.5298775856667646,1,1,rf__trees300__depth10__leaf5__features0p1,mean,1
b3bc167c-616b-47e4-a4ff-95e1d40dfdfd,0,dry,weak_expert,0,0.6727459633845554,1,1,rf__trees300__depth10__leaf5__features0p1,mean,1
b492f127-ee29-4a55-b479-80e5e3a8a66a,0,dry,weak_expert,0,0.33840957581554815,1,0,rf__trees300__depth10__leaf5__features0p1,mean,0
b4b17de3-ac90-415a-8e2c-393d6cc02618,0,dry,weak_expert,0,0.4081130203083832,1,0,rf__trees300__depth10__leaf5__features0p1,mean,0
b50f238c-3493-4782-b1e3-9c76f751d9e5,0,dry,weak_expert,0,0.4188736888336179,1,0,rf__trees300__depth10__leaf5__features0p1,mean,0
b618923d-796d-4adb-ae9e-266ab08f1249,0,dry,gold_expert,0,0.558924251518345,1,1,rf__trees300__depth10__leaf5__features0p1,mean,1
b8738fc2-42d8-460e-97aa-ee731e15b21d,0,dry,weak_expert,0,0.16585717935884697,1,0,rf__trees300__depth10__leaf5__features0p1,mean,0
b97f011c-062b-4fdd-a65d-4f1d8ab1bd09,0,dry,weak_expert,0,0.18293511326906794,1,0,rf__trees300__depth10__leaf5__features0p1,mean,0
ba6f354e-2189-4b93-b037-c07ee2e72f40,0,dry,weak_expert,0,0.17759410015440827,1,0,rf__trees300__depth10__leaf5__features0p1,mean,0
bab59cef-c297-42f0-9c47-1371e791ea7b,0,dry,weak_expert,0,0.3423826008387806,1,0,rf__trees300__depth10__leaf5__features0p1,mean,0
bae0c88f-852c-4f3f-8141-d037c777459e,0,dry,gold_expert,0,0.220451179600587,1,0,rf__trees300__depth10__leaf5__features0p1,mean,0
bb9766af-74b9-4533-ac93-e0d75f7bd7ba,0,dry,gold_expert,0,0.31020795539707163,1,0,rf__trees300__depth10__leaf5__features0p1,mean,0
bb9cd351-d75d-4bd6-9140-7f88a8209871,0,dry,weak_expert,0,0.3732946447028999,1,0,rf__trees300__depth10__leaf5__features0p1,mean,0
bde99a5c-a804-4daf-a4d5-897fb72d5060,0,dry,weak_expert,0,0.1454990066850696,1,0,rf__trees300__depth10__leaf5__features0p1,mean,0
be482d71-4ab2-453d-abd8-e1a7fdeedb06,0,dry,weak_expert,0,0.32961549031711374,1,0,rf__trees300__depth10__leaf5__features0p1,mean,0
be808b39-ff71-4d98-99c0-97436d1e198a,0,dry,weak_expert,0,0.6107808378644227,1,1,rf__trees300__depth10__leaf5__features0p1,mean,1
bf990e0e-bbf6-4233-8578-e77aea74a3b1,0,dry,weak_expert,0,0.6072106974064468,1,1,rf__trees300__depth10__leaf5__features0p1,mean,1
bfa6b379-56e3-4144-ac7c-17d7269e9865,0,dry,weak_expert,0,0.13437641384267146,1,0,rf__trees300__depth10__leaf5__features0p1,mean,0
c1243982-1f22-433f-b178-a27ebdef63ae,0,dry,weak_expert,0,0.18879941851365417,1,0,rf__trees300__depth10__leaf5__features0p1,mean,0
c3382b37-9f19-4379-b488-68f636a6c684,0,dry,gold_expert,0,0.32188736237828003,1,0,rf__trees300__depth10__leaf5__features0p1,mean,0
c4a0fa78-e10b-43bc-896a-329bc997ffe8,0,dry,weak_expert,0,0.27968767113727433,1,0,rf__trees300__depth10__leaf5__features0p1,mean,0
c4fbbd15-173c-4440-988c-b091e35aa978,0,dry,weak_expert,0,0.33282497876776473,1,0,rf__trees300__depth10__leaf5__features0p1,mean,0
c591e11e-6fdb-4685-8ae1-44576d877831,0,dry,weak_expert,0,0.2990066151852932,1,0,rf__trees300__depth10__leaf5__features0p1,mean,0
c6d2eece-2c2b-4192-939e-0096ad9e3332,0,dry,weak_expert,0,0.18448323240664175,1,0,rf__trees300__depth10__leaf5__features0p1,mean,0
c7f04242-4649-488a-bf21-72fa488e1c5b,0,dry,weak_expert,0,0.4389379415413644,1,1,rf__trees300__depth10__leaf5__features0p1,mean,0
c91f755a-e37e-4106-a90a-bb0672fdfd24,0,dry,weak_expert,0,0.3148964427234179,1,0,rf__trees300__depth10__leaf5__features0p1,mean,0
c9c17bea-4fb9-40de-8d10-a45f61420be0,0,dry,weak_expert,0,0.48124291229878113,1,1,rf__trees300__depth10__leaf5__features0p1,mean,0
c9c4445b-fbd3-4f4d-9ca2-282a669d79c4,0,dry,weak_expert,0,0.08298590686660011,1,0,rf__trees300__depth10__leaf5__features0p1,mean,0
ca8d6795-2841-48a0-9d9b-9e00f9e866c3,0,dry,weak_expert,0,0.2004779554671857,1,0,rf__trees300__depth10__leaf5__features0p1,mean,0
cbfd3865-b0fe-4f54-86ba-d93c47feeb2f,0,dry,weak_expert,0,0.2341941508047195,1,0,rf__trees300__depth10__leaf5__features0p1,mean,0
ccd3279c-e351-4e6b-a142-fd3f48c3b052,0,dry,weak_expert,0,0.2416780612430476,1,0,rf__trees300__depth10__leaf5__features0p1,mean,0
ccdfd92d-e6f1-42ce-8781-ff6d04f7f628,0,dry,weak_expert,0,0.4581890210266828,1,1,rf__trees300__depth10__leaf5__features0p1,mean,0
cfbda12e-fdc6-4749-a7ec-3a81c3106317,0,dry,weak_expert,0,0.10827264850191386,1,0,rf__trees300__depth10__leaf5__features0p1,mean,0
d293ce7d-1898-4c66-bfd2-c3c329e82408,0,dry,weak_expert,0,0.10029912716983133,1,0,rf__trees300__depth10__leaf5__features0p1,mean,0
d57e15cf-e837-4e9e-a777-c3ee24fcb72b,0,dry,weak_expert,0,0.06768992142570625,1,0,rf__trees300__depth10__leaf5__features0p1,mean,0
d6ee9da5-ff1d-4677-9ab2-da397e3267c4,0,dry,weak_expert,0,0.3234361477792837,1,0,rf__trees300__depth10__leaf5__features0p1,mean,0
d70748e6-0e82-4760-a2fc-d63b01d3c65c,0,dry,weak_expert,0,0.5241301337921656,1,1,rf__trees300__depth10__leaf5__features0p1,mean,1
d70f7518-e3e8-46f3-a4fe-fa43363f16ca,0,dry,weak_expert,0,0.30395260474678526,1,0,rf__trees300__depth10__leaf5__features0p1,mean,0
d81a9166-5e95-4654-b0d3-66f14ddbe8ae,0,dry,weak_expert,0,0.2376946110159258,1,0,rf__trees300__depth10__leaf5__features0p1,mean,0
d82590cb-e28c-4a04-8406-416a86e15c86,0,dry,weak_expert,0,0.13237809856787291,1,0,rf__trees300__depth10__leaf5__features0p1,mean,0
d89c7657-6010-4137-9ec1-c152c46790c9,0,dry,weak_expert,0,0.13843009987806348,1,0,rf__trees300__depth10__leaf5__features0p1,mean,0
dacc51e7-099f-48b3-9462-d9ef5c8c9d3d,0,dry,weak_expert,0,0.26616106602939926,1,0,rf__trees300__depth10__leaf5__features0p1,mean,0
db72efa4-78a9-40e7-a450-0affcd4c96b6,0,dry,weak_expert,0,0.5981806300566122,1,1,rf__trees300__depth10__leaf5__features0p1,mean,1
dddb1a55-d976-40bc-ad41-cdc713623e03,0,dry,gold_expert,0,0.12714522970275038,1,0,rf__trees300__depth10__leaf5__features0p1,mean,0
de7b422a-c5cb-4b9a-9bbd-1c4545ead02c,0,dry,weak_expert,0,0.48731835082837627,1,1,rf__trees300__depth10__leaf5__features0p1,mean,0
df35b241-5aff-4f49-80f6-4ef5fabc115c,0,dry,weak_expert,0,0.36862013317410897,1,0,rf__trees300__depth10__leaf5__features0p1,mean,0
e0bd94ad-3476-4149-a368-f13f68f56fbc,0,dry,weak_expert,0,0.12802834420484974,1,0,rf__trees300__depth10__leaf5__features0p1,mean,0
e0f90aa2-e38a-446a-aade-19b461eb2bf8,0,dry,weak_expert,0,0.21639972781600506,1,0,rf__trees300__depth10__leaf5__features0p1,mean,0
e3bc1069-6c55-448f-8d73-8d6b8aaa715a,0,dry,weak_expert,0,0.27534696746025017,1,0,rf__trees300__depth10__leaf5__features0p1,mean,0
e5afc038-4511-49d8-9540-07e27a990096,0,dry,weak_expert,0,0.16843463384594046,1,0,rf__trees300__depth10__leaf5__features0p1,mean,0
e5e9bc03-88b3-432f-b8d1-ca8891b72912,0,dry,weak_expert,0,0.2483103108526887,1,0,rf__trees300__depth10__leaf5__features0p1,mean,0
e84454f0-c5a0-4447-a20e-661620e7623d,0,dry,weak_expert,0,0.23588140271810407,1,0,rf__trees300__depth10__leaf5__features0p1,mean,0
e8527a0e-96c9-4026-96c2-3b3a3508f3ee,0,dry,weak_expert,0,0.19026869108514868,1,0,rf__trees300__depth10__leaf5__features0p1,mean,0
ea550a6f-3b55-4beb-9aa3-1325feed86ab,0,dry,weak_expert,0,0.5279026458403451,1,1,rf__trees300__depth10__leaf5__features0p1,mean,1
ea783521-7fe9-4e65-9dd1-ba4d30126bae,0,dry,weak_expert,0,0.06867637719104189,1,0,rf__trees300__depth10__leaf5__features0p1,mean,0
ec53685a-d497-492f-a753-2e0418ee6e1d,0,dry,weak_expert,0,0.22712819311174381,1,0,rf__trees300__depth10__leaf5__features0p1,mean,0
ee81db75-dd90-45fc-a2a4-3dfb689f2fbd,0,dry,weak_expert,0,0.520458788246966,1,1,rf__trees300__depth10__leaf5__features0p1,mean,1
f0be2916-492b-4de5-9061-015407dfe010,0,dry,weak_expert,0,0.44750998871227315,1,1,rf__trees300__depth10__leaf5__features0p1,mean,0
f25876a9-e307-41a9-bd78-7ab345f9925e,0,dry,weak_expert,0,0.15295718371428502,1,0,rf__trees300__depth10__leaf5__features0p1,mean,0
f2d57d35-d8f6-480d-bb64-58a5676ed09c,0,dry,weak_expert,0,0.33757676013228255,1,0,rf__trees300__depth10__leaf5__features0p1,mean,0
f4748a2e-b4b7-4b87-be75-8352db1c9b25,0,dry,weak_expert,0,0.29940321499304123,1,0,rf__trees300__depth10__leaf5__features0p1,mean,0
f4eaf2ba-b2e3-4755-893e-6ddb786189c9,0,dry,gold_expert,0,0.19567720938176505,1,0,rf__trees300__depth10__leaf5__features0p1,mean,0
f5a661dc-8161-4842-b1c3-cd7265896101,0,dry,weak_expert,0,0.20526034341059637,1,0,rf__trees300__depth10__leaf5__features0p1,mean,0
f6205ed8-a1cc-4685-aadc-c5bf8cc87490,0,dry,weak_expert,0,0.20871772372181885,1,0,rf__trees300__depth10__leaf5__features0p1,mean,0
f98206a8-8669-4527-b3c8-7064c9aa929e,0,dry,weak_expert,0,0.2117936856572067,1,0,rf__trees300__depth10__leaf5__features0p1,mean,0
f9b7c88c-63c0-489e-80c7-75ac6b11c182,0,dry,weak_expert,0,0.24979046168390515,1,0,rf__trees300__depth10__leaf5__features0p1,mean,0
fcc3203a-cc1f-4eb8-a652-39a43311f598,0,dry,weak_expert,0,0.17904498287085535,1,0,rf__trees300__depth10__leaf5__features0p1,mean,0
febc1922-0a6f-4667-8f5a-d28efdcd993d,0,dry,weak_expert,0,0.361941565550536,1,0,rf__trees300__depth10__leaf5__features0p1,mean,0
ff8363d2-016d-4738-9499-4c62480886fb,0,dry,weak_expert,0,0.39754212526791005,1,0,rf__trees300__depth10__leaf5__features0p1,mean,0
ffedc843-bfc2-4ad6-a749-2bc86bdac84a,0,dry,weak_expert,0,0.3628037235493345,1,0,rf__trees300__depth10__leaf5__features0p1,mean,0
034aa6d3-6673-47a1-a319-325aa9be44a2,1,wet,weak_expert,0,0.5534727641054104,1,1,rf__trees300__depth10__leaf5__features0p1,mean,1
0a03da19-eb19-4f51-9860-78ad95fa8cb5,1,wet,weak_expert,0,0.16045154526091102,1,0,rf__trees300__depth10__leaf5__features0p1,mean,0
0b0d7e10-8353-4124-a16b-bf96e405f63c,1,wet,weak_expert,0,0.3662823270891624,1,0,rf__trees300__depth10__leaf5__features0p1,mean,0
0b467189-37bc-488a-bf88-43611762fea8,1,wet,weak_expert,0,0.11075153818602523,1,0,rf__trees300__depth10__leaf5__features0p1,mean,0
0bbac203-c99f-4895-ad6a-85202f1d93a2,1,wet,weak_expert,0,0.5476995544926356,1,1,rf__trees300__depth10__leaf5__features0p1,mean,1
0ed0f24e-8e57-4183-9b9f-837a701f87df,1,wet,weak_expert,0,0.4974867145960565,1,1,rf__trees300__depth10__leaf5__features0p1,mean,0
13bbc1cd-358b-4e90-9a35-31428809eb2a,1,wet,weak_expert,0,0.4074368622184206,1,0,rf__trees300__depth10__leaf5__features0p1,mean,0
18722fbe-d240-457a-a0fc-2d9d09bfbcc8,1,wet,weak_expert,0,0.46961773224057707,1,1,rf__trees300__depth10__leaf5__features0p1,mean,0
191dca0e-7951-4aa3-9764-2761bd511955,1,wet,weak_expert,0,0.3565246033883059,1,0,rf__trees300__depth10__leaf5__features0p1,mean,0
1c21cb68-6ea8-4aa1-af22-2e64007554d7,1,wet,weak_expert,0,0.17043389839296627,1,0,rf__trees300__depth10__leaf5__features0p1,mean,0
2295a6f8-08d5-467f-8534-8329c9083f28,1,wet,weak_expert,0,0.3030328651564954,1,0,rf__trees300__depth10__leaf5__features0p1,mean,0
2499bd0e-4221-449a-8184-ee15e1c80b35,1,wet,weak_expert,0,0.41056323191357796,1,0,rf__trees300__depth10__leaf5__features0p1,mean,0
255387fa-5934-4b9b-8c6d-9de47c3841b0,1,wet,weak_expert,0,0.2155555155525184,1,0,rf__trees300__depth10__leaf5__features0p1,mean,0
2af862d9-7cac-4270-97de-ae4b4c293d07,1,wet,weak_expert,0,0.2710119055729088,1,0,rf__trees300__depth10__leaf5__features0p1,mean,0
2de3fb8f-20a6-4fa5-8428-11cad3338d37,1,wet,weak_expert,0,0.5561814963308355,1,1,rf__trees300__depth10__leaf5__features0p1,mean,1
332d696d-74bf-49ef-998a-764316780ee5,1,wet,weak_expert,0,0.3726926163494209,1,0,rf__trees300__depth10__leaf5__features0p1,mean,0
338f9eb0-d1eb-4448-b183-15d75afece8c,1,wet,weak_expert,0,0.5085894662828325,1,1,rf__trees300__depth10__leaf5__features0p1,mean,1
3481b694-34fe-4b03-a529-88ef085815fd,1,wet,weak_expert,0,0.43614820668798215,1,1,rf__trees300__depth10__leaf5__features0p1,mean,0
34e4c711-fd77-4f76-babf-76437885227e,1,wet,weak_expert,0,0.28246527451996123,1,0,rf__trees300__depth10__leaf5__features0p1,mean,0
35647ec0-1566-4df0-ae5d-27b0357ece7c,1,wet,weak_expert,0,0.2631845998773185,1,0,rf__trees300__depth10__leaf5__features0p1,mean,0
38c23848-68c1-41a6-b8c8-5d0685dc0246,1,wet,weak_expert,0,0.37578239622644277,1,0,rf__trees300__depth10__leaf5__features0p1,mean,0
3c0efb34-6a14-4b8f-b759-b6e8f2a3c479,1,wet,weak_expert,0,0.31695107903692926,1,0,rf__trees300__depth10__leaf5__features0p1,mean,0
3d1a50bb-5d38-459e-91a0-e57c3ac04e45,1,wet,weak_expert,0,0.271733043442982,1,0,rf__trees300__depth10__leaf5__features0p1,mean,0
3ecfa0a9-d972-4958-9e46-44dcf980601f,1,wet,weak_expert,0,0.25266478737362075,1,0,rf__trees300__depth10__leaf5__features0p1,mean,0
42dcff9d-b2e1-4b9e-bd93-81a0a100d232,1,wet,weak_expert,0,0.4685710565571869,1,1,rf__trees300__depth10__leaf5__features0p1,mean,0
43d84d62-8837-479b-bcb6-30effd9ecbc3,1,wet,weak_expert,0,0.4075600392412059,1,0,rf__trees300__depth10__leaf5__features0p1,mean,0
44e9099f-aac3-4669-a80c-2ee40d65faef,1,wet,weak_expert,0,0.3286580657988985,1,0,rf__trees300__depth10__leaf5__features0p1,mean,0
494f9956-42e9-4cbf-803a-796e3bff2844,1,wet,weak_expert,0,0.06579386944277178,1,0,rf__trees300__depth10__leaf5__features0p1,mean,0
4b03a48f-c4d7-41c6-9567-678141df90e1,1,wet,weak_expert,0,0.589448857670188,1,1,rf__trees300__depth10__leaf5__features0p1,mean,1
4c56d691-9cda-499c-8613-59a9c5659003,1,wet,weak_expert,0,0.5374473404414507,1,1,rf__trees300__depth10__leaf5__features0p1,mean,1
4ca22143-61f2-4f7a-a73e-6304d31a3871,1,wet,weak_expert,0,0.3502041229376072,1,0,rf__trees300__depth10__leaf5__features0p1,mean,0
4fcf0262-b38d-438e-8253-c4f45d20071d,1,wet,weak_expert,0,0.6529533173178297,1,1,rf__trees300__depth10__leaf5__features0p1,mean,1
4ff8d59c-1714-4de5-bdd0-15e6f5bafb6b,1,wet,weak_expert,0,0.11015652825287914,1,0,rf__trees300__depth10__leaf5__features0p1,mean,0
56da1f04-fe81-4928-a1de-0f3b9d333c12,1,wet,weak_expert,0,0.32895549471410923,1,0,rf__trees300__depth10__leaf5__features0p1,mean,0
5ab08ae7-0124-4a60-a2dc-d4a0845cc55b,1,wet,weak_expert,0,0.4098217360267821,1,0,rf__trees300__depth10__leaf5__features0p1,mean,0
5b3b1fd8-70c2-4b40-b759-e2cad6fe9a97,1,wet,weak_expert,0,0.21507174391842065,1,0,rf__trees300__depth10__leaf5__features0p1,mean,0
6462d540-48bc-410b-b08e-cdf0b45ee118,1,wet,gold_expert,0,0.16873130457428406,1,0,rf__trees300__depth10__leaf5__features0p1,mean,0
6ad6d999-71c0-409b-970e-03aee3078306,1,wet,weak_expert,0,0.5728762321165043,1,1,rf__trees300__depth10__leaf5__features0p1,mean,1
6ea6af0c-0f77-46d6-a65b-8df3a925d231,1,wet,weak_expert,0,0.4033222875135776,1,0,rf__trees300__depth10__leaf5__features0p1,mean,0
706b1acc-0e61-499e-abb1-43de015eef46,1,wet,weak_expert,0,0.29977954138957585,1,0,rf__trees300__depth10__leaf5__features0p1,mean,0
73786652-bf01-4a78-8e04-7c44a77d5108,1,wet,weak_expert,0,0.2628705302760406,1,0,rf__trees300__depth10__leaf5__features0p1,mean,0
752cd126-1698-4d9d-9649-a1177196d769,1,wet,weak_expert,0,0.1432156065871116,1,0,rf__trees300__depth10__leaf5__features0p1,mean,0
7667763a-3a74-4a29-b5f3-67b626922e05,1,wet,weak_expert,0,0.09700788715617424,1,0,rf__trees300__depth10__leaf5__features0p1,mean,0
7b5698cb-b713-4f6d-bb5f-6142b6f509a3,1,wet,weak_expert,0,0.2782676900488579,1,0,rf__trees300__depth10__leaf5__features0p1,mean,0
80cb70ea-369c-44aa-b304-b72b5fe3d07b,1,wet,weak_expert,0,0.4600443874840315,1,1,rf__trees300__depth10__leaf5__features0p1,mean,0
88e12b5e-5946-4d70-b2e2-20fc2d8d7d0f,1,wet,weak_expert,0,0.5863565387105648,1,1,rf__trees300__depth10__leaf5__features0p1,mean,1
8960f83e-bc0f-48f9-b913-a905b11378d8,1,wet,weak_expert,0,0.24825585233487435,1,0,rf__trees300__depth10__leaf5__features0p1,mean,0
8a7a47d9-7bcc-4eb2-9b93-bf2bf0eccba8,1,wet,weak_expert,0,0.15169300633390204,1,0,rf__trees300__depth10__leaf5__features0p1,mean,0
8e40d48d-8f5d-4892-8103-451b2679283f,1,wet,weak_expert,0,0.3785461238656575,1,0,rf__trees300__depth10__leaf5__features0p1,mean,0
906c93d3-6615-478b-a7a1-803a5a15d360,1,wet,weak_expert,0,0.4889454167250048,1,1,rf__trees300__depth10__leaf5__features0p1,mean,0
93711a18-72ba-4e31-a846-73e3baf84128,1,wet,weak_expert,0,0.5826788898365027,1,1,rf__trees300__depth10__leaf5__features0p1,mean,1
980be57b-b54c-4e5e-871f-41ef7785dae5,1,wet,weak_expert,0,0.34689735787118087,1,0,rf__trees300__depth10__leaf5__features0p1,mean,0
9aad0bb1-3d4e-430b-964f-2a8b27a20143,1,wet,weak_expert,0,0.42620728746008185,1,0,rf__trees300__depth10__leaf5__features0p1,mean,0
9f671ce6-784b-4e64-bcd9-086a4f2db274,1,wet,weak_expert,0,0.35296593175022306,1,0,rf__trees300__depth10__leaf5__features0p1,mean,0
a03baece-440f-4026-9705-4fcb2bc9e065,1,wet,weak_expert,0,0.635533657537761,1,1,rf__trees300__depth10__leaf5__features0p1,mean,1
a6645b1d-dadc-4258-b03b-c5b3f05d519d,1,wet,weak_expert,0,0.5665765273016663,1,1,rf__trees300__depth10__leaf5__features0p1,mean,1
a8b75ca3-e846-415b-809b-5a7c2c9024eb,1,wet,weak_expert,0,0.6420051773175206,1,1,rf__trees300__depth10__leaf5__features0p1,mean,1
a9910dca-8898-4eed-90ed-1371a22c64e6,1,wet,weak_expert,0,0.17969738650305825,1,0,rf__trees300__depth10__leaf5__features0p1,mean,0
b5314535-17c1-407c-9028-f6c63f83e362,1,wet,weak_expert,0,0.5576726713986304,1,1,rf__trees300__depth10__leaf5__features0p1,mean,1
bb84b88b-acd0-4975-8d43-0d0ebbf071f3,1,wet,weak_expert,0,0.3214710246218383,1,0,rf__trees300__depth10__leaf5__features0p1,mean,0
bc74e39c-ab99-475d-932c-289473b9de54,1,wet,weak_expert,0,0.21945568600318893,1,0,rf__trees300__depth10__leaf5__features0p1,mean,0
bfb9c86e-eead-44ac-8969-ea42e869a3a3,1,wet,weak_expert,0,0.3842565669435381,1,0,rf__trees300__depth10__leaf5__features0p1,mean,0
c73c0e08-c880-4f04-a432-150d9c955b0c,1,wet,weak_expert,0,0.47447765799457403,1,1,rf__trees300__depth10__leaf5__features0p1,mean,0
cafcbee4-cfe7-4bac-8bbe-ba98da2b9179,1,wet,weak_expert,0,0.43834120920921377,1,1,rf__trees300__depth10__leaf5__features0p1,mean,0
cbdd4f1b-a67e-46e3-8f1a-a52da5689294,1,wet,weak_expert,0,0.41774705031995213,1,0,rf__trees300__depth10__leaf5__features0p1,mean,0
d50fb043-08aa-4960-94f7-e9bbc690e70d,1,wet,weak_expert,0,0.1606613463528798,1,0,rf__trees300__depth10__leaf5__features0p1,mean,0
d9b4a30f-682d-4889-b65f-b359f4ebc74d,1,wet,gold_expert,0,0.3478707203080174,1,0,rf__trees300__depth10__leaf5__features0p1,mean,0
dccd10ed-751e-462c-9513-340d89510ea6,1,wet,weak_expert,0,0.1754255261744202,1,0,rf__trees300__depth10__leaf5__features0p1,mean,0
dd26e157-4b48-45b4-9d57-90ed5ed1d06b,1,wet,weak_expert,0,0.4717853872250222,1,1,rf__trees300__depth10__leaf5__features0p1,mean,0
e16268c9-dc19-43d9-b55b-b01258603ae5,1,wet,weak_expert,0,0.21963258902883992,1,0,rf__trees300__depth10__leaf5__features0p1,mean,0
e35305cb-6b8a-4c37-a216-3857fab648e7,1,wet,weak_expert,0,0.5192782968349113,1,1,rf__trees300__depth10__leaf5__features0p1,mean,1
ec1c43c9-5043-4735-9f66-905e47e22b48,1,wet,weak_expert,0,0.3931824986122076,1,0,rf__trees300__depth10__leaf5__features0p1,mean,0
f347e2ac-a8f0-4eb1-8d14-088345ca7a7b,1,wet,weak_expert,0,0.3008533323001737,1,0,rf__trees300__depth10__leaf5__features0p1,mean,0
f5608979-5563-4e30-804a-901f50270c60,1,wet,weak_expert,0,0.6563758122738119,1,1,rf__trees300__depth10__leaf5__features0p1,mean,1
fbd52f87-029f-4bd9-86ed-4743018722e8,1,wet,weak_expert,0,0.20859570985329035,1,0,rf__trees300__depth10__leaf5__features0p1,mean,0
fd59bf10-ea8f-4401-a6d9-a9cce4e8303f,1,wet,weak_expert,0,0.321054083345973,1,0,rf__trees300__depth10__leaf5__features0p1,mean,0
00ce5b06-c302-4387-bbd7-86355a4a8c12,0,dry,weak_expert,1,0.5134828949214211,1,1,rf__trees300__depth10__leaf5__features0p1,mean,1
0177b817-0ba3-498a-bc05-48bc66cc91b8,0,dry,weak_expert,1,0.2589342311565712,1,0,rf__trees300__depth10__leaf5__features0p1,mean,0
036d875c-d39b-45f1-a17f-7f7badf0aa42,0,dry,weak_expert,1,0.41432125534597153,1,0,rf__trees300__depth10__leaf5__features0p1,mean,0
0379c586-c500-483c-83a6-95b63afe6931,0,dry,weak_expert,1,0.47158365693116283,1,1,rf__trees300__depth10__leaf5__features0p1,mean,0
03fca101-9ce7-4eb9-aeae-a6f8d4ee5599,0,dry,weak_expert,1,0.20892249160340837,1,0,rf__trees300__depth10__leaf5__features0p1,mean,0
07e33d6b-560d-4c16-8d7e-ecd5ddb3b195,0,dry,weak_expert,1,0.3808650120743197,1,0,rf__trees300__depth10__leaf5__features0p1,mean,0
07f95718-2edc-4baa-9e18-3c6e04eb6e39,0,dry,weak_expert,1,0.37740576663302877,1,0,rf__trees300__depth10__leaf5__features0p1,mean,0
0c35e382-31cd-42cb-bc87-8a84b9c52a41,0,dry,weak_expert,1,0.6023497136050985,1,1,rf__trees300__depth10__leaf5__features0p1,mean,1
0eba0c0a-5609-4777-903d-b15292798250,0,dry,weak_expert,1,0.3394388799697715,1,0,rf__trees300__depth10__leaf5__features0p1,mean,0
0f38cc71-e212-481e-ad6f-7ab087eb3cdb,0,dry,weak_expert,1,0.3657151575637777,1,0,rf__trees300__depth10__leaf5__features0p1,mean,0
0f87635c-4a6c-4c84-aaae-34afc236c22b,0,dry,weak_expert,1,0.5338990018298251,1,1,rf__trees300__depth10__leaf5__features0p1,mean,1
100fa960-30ee-4dfd-9364-38cf878709a0,0,dry,weak_expert,1,0.537045423720124,1,1,rf__trees300__depth10__leaf5__features0p1,mean,1
11e0ed82-8f65-4a71-81cf-20fed63f9e51,0,dry,weak_expert,1,0.336861564445695,1,0,rf__trees300__depth10__leaf5__features0p1,mean,0
13606b20-6081-484b-93e2-dd80648bfe06,0,dry,weak_expert,1,0.436216540924217,1,1,rf__trees300__depth10__leaf5__features0p1,mean,0
13db4f04-6a75-4ae6-a8ed-45efb08cd0a3,0,dry,weak_expert,1,0.18856234395485091,1,0,rf__trees300__depth10__leaf5__features0p1,mean,0
154161ff-1243-49c0-a377-72992b6954e3,0,dry,weak_expert,1,0.3954618377083135,1,0,rf__trees300__depth10__leaf5__features0p1,mean,0
15a88a65-a01f-4d31-9cb3-a8b46bb8b780,0,dry,weak_expert,1,0.43170236618193364,1,0,rf__trees300__depth10__leaf5__features0p1,mean,0
161d1ac7-7dc1-440e-96e1-fa091f76d828,0,dry,weak_expert,1,0.2682090546622376,1,0,rf__trees300__depth10__leaf5__features0p1,mean,0
16527cdc-bf15-4805-8f8d-28b11175ff5d,0,dry,weak_expert,1,0.47741739422728263,1,1,rf__trees300__depth10__leaf5__features0p1,mean,0
16f9b161-86c6-4af1-99cb-0ab327f10fed,0,dry,weak_expert,1,0.1688273933379745,1,0,rf__trees300__depth10__leaf5__features0p1,mean,0
18736769-dad3-4fa6-88d5-6e8dfc951008,0,dry,weak_expert,1,0.6088894941443608,1,1,rf__trees300__depth10__leaf5__features0p1,mean,1
1ba36c5a-542c-4164-aa43-b1f01f23f94d,0,dry,weak_expert,1,0.5017342121215215,1,1,rf__trees300__depth10__leaf5__features0p1,mean,1
1cc88f3a-3529-4cb8-a167-fc0cb5b0bfb6,0,dry,weak_expert,1,0.6218714705944883,1,1,rf__trees300__depth10__leaf5__features0p1,mean,1
1d19775f-175d-4fdd-8dfe-c080a0c8de45,0,dry,weak_expert,1,0.2955197153231766,1,0,rf__trees300__depth10__leaf5__features0p1,mean,0
2018bfea-0071-4aca-8d45-18dac4d65199,0,dry,weak_expert,1,0.19229169693197895,1,0,rf__trees300__depth10__leaf5__features0p1,mean,0
20602da6-a92f-40ad-81d2-1688f5f1fcde,0,dry,weak_expert,1,0.32967885276656583,1,0,rf__trees300__depth10__leaf5__features0p1,mean,0
2089c2bd-d408-429e-9f15-138343a5cc9c,0,dry,weak_expert,1,0.4628575788032624,1,1,rf__trees300__depth10__leaf5__features0p1,mean,0
20c748f1-3eba-47dd-84fa-b9160e4a1ac6,0,dry,weak_expert,1,0.3406578568800793,1,0,rf__trees300__depth10__leaf5__features0p1,mean,0
2137ce12-072a-499e-bf8d-5ef099aa4b6b,0,dry,weak_expert,1,0.4299462718279695,1,0,rf__trees300__depth10__leaf5__features0p1,mean,0
2519f0bc-6606-4537-acc2-b8fdec0ee15c,0,dry,weak_expert,1,0.47033996926046806,1,1,rf__trees300__depth10__leaf5__features0p1,mean,0
25b750e5-8a76-4c13-9fd8-851e45d1b5ed,0,dry,weak_expert,1,0.17831159216436057,1,0,rf__trees300__depth10__leaf5__features0p1,mean,0
27c2cc15-dd1e-455a-8bca-59794d2fe98f,0,dry,weak_expert,1,0.12165690907007949,1,0,rf__trees300__depth10__leaf5__features0p1,mean,0
296446a3-d81c-4aaa-897f-d80c849b95b0,0,dry,weak_expert,1,0.27641219506114656,1,0,rf__trees300__depth10__leaf5__features0p1,mean,0
29c56cde-7a9f-44dd-a1d6-f6e4878e33de,0,dry,weak_expert,1,0.13795347511769512,1,0,rf__trees300__depth10__leaf5__features0p1,mean,0
2aa1d5be-0191-4540-9159-77ec1faa4094,0,dry,weak_expert,1,0.28742448307662266,1,0,rf__trees300__depth10__leaf5__features0p1,mean,0
2cc2fd2e-6314-424a-977b-7237f935fb65,0,dry,gold_expert,1,0.15885573808505488,1,0,rf__trees300__depth10__leaf5__features0p1,mean,0
2cfd466b-baa2-43f2-be7a-be2fb0e6dd66,0,dry,weak_expert,1,0.35244715025849044,1,0,rf__trees300__depth10__leaf5__features0p1,mean,0
2d090ab6-346d-4168-a8aa-57296bcaf6e0,0,dry,weak_expert,1,0.29057712711186257,1,0,rf__trees300__depth10__leaf5__features0p1,mean,0
2df9d90f-7616-482f-ae5a-e0c8d3ee4289,0,dry,weak_expert,1,0.21039220266870154,1,0,rf__trees300__depth10__leaf5__features0p1,mean,0
2f9750bf-c157-4326-b12f-b0fd5b6ec229,0,dry,weak_expert,1,0.20472800180242545,1,0,rf__trees300__depth10__leaf5__features0p1,mean,0
3245eebf-f4d3-4a72-ba74-26a5af5da2d1,0,dry,weak_expert,1,0.3552221644658736,1,0,rf__trees300__depth10__leaf5__features0p1,mean,0
39791f26-0507-4862-ada4-369e28225207,0,dry,weak_expert,1,0.4141813506453071,1,0,rf__trees300__depth10__leaf5__features0p1,mean,0
3ad08dbf-1d9e-4055-83fa-9a0e0bb45d34,0,dry,weak_expert,1,0.2810434709096483,1,0,rf__trees300__depth10__leaf5__features0p1,mean,0
3b1db132-ba86-43e2-a35b-9638b5fce854,0,dry,weak_expert,1,0.4743044057467499,1,1,rf__trees300__depth10__leaf5__features0p1,mean,0
3b8e6988-cee6-4836-8c59-7ea1258b99b5,0,dry,weak_expert,1,0.4513075290644744,1,1,rf__trees300__depth10__leaf5__features0p1,mean,0
3bc2b14b-0b81-40bc-b6db-6f8864ede96a,0,dry,weak_expert,1,0.5145174179458678,1,1,rf__trees300__depth10__leaf5__features0p1,mean,1
3e6c4fe1-b681-48d7-a576-5c4ddee41c70,0,dry,weak_expert,1,0.16864908047722313,1,0,rf__trees300__depth10__leaf5__features0p1,mean,0
3eadfa75-5906-4695-91fb-5726a24e02cd,0,dry,weak_expert,1,0.2896338315594072,1,0,rf__trees300__depth10__leaf5__features0p1,mean,0
3f2c6f57-c361-4fe7-ada8-5f47b6e8ee60,0,dry,weak_expert,1,0.22669643927927752,1,0,rf__trees300__depth10__leaf5__features0p1,mean,0
3f423152-d7aa-4c49-8c24-1fedcd4eb636,0,dry,weak_expert,1,0.0878413384292168,1,0,rf__trees300__depth10__leaf5__features0p1,mean,0
3fbe6119-b6d0-4aeb-beb8-19d1751ce190,0,dry,weak_expert,1,0.3164425504114547,1,0,rf__trees300__depth10__leaf5__features0p1,mean,0
408817b5-bd76-496d-9997-19cd7d36c45e,0,dry,weak_expert,1,0.23175574961828435,1,0,rf__trees300__depth10__leaf5__features0p1,mean,0
41793be3-8eb0-467d-b9a2-f09f6678fc4e,0,dry,weak_expert,1,0.14536714272090348,1,0,rf__trees300__depth10__leaf5__features0p1,mean,0
41bb08e9-6d43-41bc-bca2-a465f7dcf2f3,0,dry,weak_expert,1,0.19736894393761673,1,0,rf__trees300__depth10__leaf5__features0p1,mean,0
422a71b9-7343-4d2f-9170-8976d2dc532b,0,dry,weak_expert,1,0.34442312644892153,1,0,rf__trees300__depth10__leaf5__features0p1,mean,0
43517c5a-e8ee-49a1-9b28-c2d224300996,0,dry,weak_expert,1,0.6037073604278195,1,1,rf__trees300__depth10__leaf5__features0p1,mean,1
447f49c5-43e7-48a9-9a82-1afefd22725b,0,dry,weak_expert,1,0.3742942999811844,1,0,rf__trees300__depth10__leaf5__features0p1,mean,0
44d6d275-b422-4338-bda2-2d0cc203f72b,0,dry,weak_expert,1,0.1210293527564266,1,0,rf__trees300__depth10__leaf5__features0p1,mean,0
4564ccce-b037-4509-ac0b-a7c59a2a262a,0,dry,weak_expert,1,0.25681339779926715,1,0,rf__trees300__depth10__leaf5__features0p1,mean,0
4624e4da-10f1-44b0-855e-a7ac857fbc82,0,dry,weak_expert,1,0.16920050017634242,1,0,rf__trees300__depth10__leaf5__features0p1,mean,0
47298691-1737-4d18-b301-b3526e935c1e,0,dry,weak_expert,1,0.199393803816411,1,0,rf__trees300__depth10__leaf5__features0p1,mean,0
49064a01-6e0f-45bd-8b1d-853438414e93,0,dry,weak_expert,1,0.1684429861249952,1,0,rf__trees300__depth10__leaf5__features0p1,mean,0
4c9ce6f7-8ca8-41b9-8e18-8cd3de335c48,0,dry,weak_expert,1,0.17111846168261968,1,0,rf__trees300__depth10__leaf5__features0p1,mean,0
4d230bec-1056-49ca-b274-c0825b924824,0,dry,weak_expert,1,0.6634418880378397,1,1,rf__trees300__depth10__leaf5__features0p1,mean,1
4e47612c-6c09-4580-a9b6-2eb6bf2ab40c,0,dry,weak_expert,1,0.13038426213946466,1,0,rf__trees300__depth10__leaf5__features0p1,mean,0
4e9f4130-2954-4d29-adf5-d26768d3ead3,0,dry,weak_expert,1,0.2712100799575097,1,0,rf__trees300__depth10__leaf5__features0p1,mean,0
4f468032-6c4f-438b-9f19-219859552c5d,0,dry,weak_expert,1,0.5234668787012537,1,1,rf__trees300__depth10__leaf5__features0p1,mean,1
4f5a4b71-46a6-42d8-aecd-7e0cc23d7d70,0,dry,weak_expert,1,0.4618801040298158,1,1,rf__trees300__depth10__leaf5__features0p1,mean,0
52f6838a-4033-4a71-84bb-81cbb4e64ab7,0,dry,gold_expert,1,0.2164241765216228,1,0,rf__trees300__depth10__leaf5__features0p1,mean,0
53325adb-0ff2-480a-8af0-fd9da2a10322,0,dry,weak_expert,1,0.4714820703445699,1,1,rf__trees300__depth10__leaf5__features0p1,mean,0
552dda14-3fea-4473-b39a-f409eb6a08f7,0,dry,weak_expert,1,0.15538864190672227,1,0,rf__trees300__depth10__leaf5__features0p1,mean,0
5607860e-70fd-4fab-8e93-158ecedabdaa,0,dry,weak_expert,1,0.49082518817995424,1,1,rf__trees300__depth10__leaf5__features0p1,mean,0
56e28407-7719-45a2-93a3-9dc34f6e2560,0,dry,weak_expert,1,0.2194314821788799,1,0,rf__trees300__depth10__leaf5__features0p1,mean,0
5729ad12-0130-4b4f-8865-159fbf93018a,0,dry,weak_expert,1,0.4450172556867984,1,1,rf__trees300__depth10__leaf5__features0p1,mean,0
5806ea47-6382-4268-bc3b-2be28a600e15,0,dry,weak_expert,1,0.5516726544550216,1,1,rf__trees300__depth10__leaf5__features0p1,mean,1
5874af96-541d-443c-878d-996bd7bfa1cf,0,dry,weak_expert,1,0.1816780110027908,1,0,rf__trees300__depth10__leaf5__features0p1,mean,0
5ab4d303-64be-4ea4-a65e-8681659e8e5f,0,dry,weak_expert,1,0.6854520947144771,1,1,rf__trees300__depth10__leaf5__features0p1,mean,1
5bcb66a6-ed26-45fc-a0a1-c7286a01de66,0,dry,weak_expert,1,0.08794499218262923,1,0,rf__trees300__depth10__leaf5__features0p1,mean,0
5d29532f-943b-4726-aca8-21191eeba327,0,dry,weak_expert,1,0.19204067360890875,1,0,rf__trees300__depth10__leaf5__features0p1,mean,0
5e2dd52b-f9f1-4647-ac69-858dcb6f7611,0,dry,weak_expert,1,0.20762735614500516,1,0,rf__trees300__depth10__leaf5__features0p1,mean,0
64522664-f2f7-4141-9b74-ba0b9d181c31,0,dry,weak_expert,1,0.6249096789123986,1,1,rf__trees300__depth10__leaf5__features0p1,mean,1
64d7d0e6-715c-4fd2-a0e8-334122b61ff2,0,dry,weak_expert,1,0.1690356300320635,1,0,rf__trees300__depth10__leaf5__features0p1,mean,0
64e6a399-4aff-4758-a7a1-68f5460bd320,0,dry,weak_expert,1,0.5177002622131565,1,1,rf__trees300__depth10__leaf5__features0p1,mean,1
65be7822-e7c7-4fdc-9549-bf3fac30f919,0,dry,weak_expert,1,0.21192218473530364,1,0,rf__trees300__depth10__leaf5__features0p1,mean,0
6604cf63-454a-4b13-9fc9-95eb74566e8e,0,dry,weak_expert,1,0.2505247365525547,1,0,rf__trees300__depth10__leaf5__features0p1,mean,0
662fb840-9285-4fed-a114-633a324dc49f,0,dry,weak_expert,1,0.1888529300457299,1,0,rf__trees300__depth10__leaf5__features0p1,mean,0
67b0eab5-c09a-406b-9d1f-17562da9a7dd,0,dry,weak_expert,1,0.1791069682790965,1,0,rf__trees300__depth10__leaf5__features0p1,mean,0
68d5215b-afdb-4b7a-81d3-fbd5677de7b4,0,dry,weak_expert,1,0.25398890061076057,1,0,rf__trees300__depth10__leaf5__features0p1,mean,0
69101dc9-dfd5-43b5-b063-54a2e634e021,0,dry,weak_expert,1,0.24027595102548682,1,0,rf__trees300__depth10__leaf5__features0p1,mean,0
6a15ea48-771c-4a7f-bab6-d348dcc6aabd,0,dry,weak_expert,1,0.5032277514096491,1,1,rf__trees300__depth10__leaf5__features0p1,mean,1
6aa04a12-6e9a-4b9c-80da-a9fa01fc1757,0,dry,weak_expert,1,0.25314540563277355,1,0,rf__trees300__depth10__leaf5__features0p1,mean,0
6d194cdc-ba5a-40ba-8232-5bf150026c67,0,dry,weak_expert,1,0.47964219809227177,1,1,rf__trees300__depth10__leaf5__features0p1,mean,0
6d528de2-cf20-4caa-a22e-ffc588c0bacb,0,dry,weak_expert,1,0.45820554121366397,1,1,rf__trees300__depth10__leaf5__features0p1,mean,0
6e348474-0779-49fa-afdf-49420f8ad6b2,0,dry,weak_expert,1,0.24640769187418168,1,0,rf__trees300__depth10__leaf5__features0p1,mean,0
7023acad-4e24-444b-b0a6-a3aa54bd321b,0,dry,weak_expert,1,0.573593152366201,1,1,rf__trees300__depth10__leaf5__features0p1,mean,1
7117304a-e59b-42c9-bea9-3c6f17b0d30e,0,dry,weak_expert,1,0.24328954204908343,1,0,rf__trees300__depth10__leaf5__features0p1,mean,0
72418df9-2a0a-4da5-922d-7a1d5d12ab80,0,dry,weak_expert,1,0.19823453867402308,1,0,rf__trees300__depth10__leaf5__features0p1,mean,0
74048b34-b37a-46c1-bd4c-ccd169c37784,0,dry,weak_expert,1,0.22408068975103737,1,0,rf__trees300__depth10__leaf5__features0p1,mean,0
75135933-89b0-4d43-9d75-688453353f56,0,dry,weak_expert,1,0.35425619806992376,1,0,rf__trees300__depth10__leaf5__features0p1,mean,0
7630638c-1d22-4852-be07-5a27af3c1e49,0,dry,weak_expert,1,0.1659456547248494,1,0,rf__trees300__depth10__leaf5__features0p1,mean,0
76f9d2cf-0ee1-4c38-9f49-02e59b8d6fb3,0,dry,weak_expert,1,0.15401615849381584,1,0,rf__trees300__depth10__leaf5__features0p1,mean,0
7717442d-d687-4821-a55f-a89b524ff17b,0,dry,weak_expert,1,0.4428634604345087,1,1,rf__trees300__depth10__leaf5__features0p1,mean,0
79a12ab8-7497-4a70-871f-5486c6699f45,0,dry,weak_expert,1,0.5045202290743184,1,1,rf__trees300__depth10__leaf5__features0p1,mean,1
7a20fe3e-5701-451c-b5c9-b8daf5b328e3,0,dry,weak_expert,1,0.3083190934913675,1,0,rf__trees300__depth10__leaf5__features0p1,mean,0
7ae1ffe1-2259-411f-8ead-6c107e01e824,0,dry,gold_expert,1,0.29482712188822374,1,0,rf__trees300__depth10__leaf5__features0p1,mean,0
7bc3c521-b422-45dd-bafc-0282abe03030,0,dry,weak_expert,1,0.6388339532791925,1,1,rf__trees300__depth10__leaf5__features0p1,mean,1
7d0f7c10-c2fb-4a0b-8917-00c1bbfa9ba9,0,dry,weak_expert,1,0.19195826393165524,1,0,rf__trees300__depth10__leaf5__features0p1,mean,0
7f58cd54-3414-4b3d-a418-8438d549df31,0,dry,weak_expert,1,0.4426964659158182,1,1,rf__trees300__depth10__leaf5__features0p1,mean,0
7fc329ed-814a-44da-823c-ec2dc47a8228,0,dry,weak_expert,1,0.4726292586936962,1,1,rf__trees300__depth10__leaf5__features0p1,mean,0
81a75de7-dc30-4c6b-9722-c238feebf447,0,dry,weak_expert,1,0.3334485423600496,1,0,rf__trees300__depth10__leaf5__features0p1,mean,0
81ddff28-05de-4669-bb99-8408895de7ab,0,dry,weak_expert,1,0.3112902799464918,1,0,rf__trees300__depth10__leaf5__features0p1,mean,0
824a8cf9-1199-48bf-aad5-65539d6d2011,0,dry,gold_expert,1,0.1493603480698612,1,0,rf__trees300__depth10__leaf5__features0p1,mean,0
836a340f-3e5c-4ea7-8817-1586d27a7f7a,0,dry,weak_expert,1,0.29838423405214093,1,0,rf__trees300__depth10__leaf5__features0p1,mean,0
839ad7ed-cc68-4689-b29e-7c8af17d3067,0,dry,weak_expert,1,0.23777540868096977,1,0,rf__trees300__depth10__leaf5__features0p1,mean,0
851d3141-589e-4a63-a81f-837b85585ee7,0,dry,weak_expert,1,0.14093275293831367,1,0,rf__trees300__depth10__leaf5__features0p1,mean,0
861d08d1-8b10-40e3-afa0-710451936f11,0,dry,weak_expert,1,0.12732240115706378,1,0,rf__trees300__depth10__leaf5__features0p1,mean,0
88df2ab1-8056-48de-a7a8-f2649d9cab4a,0,dry,weak_expert,1,0.10601341145092553,1,0,rf__trees300__depth10__leaf5__features0p1,mean,0
8a37026e-32a9-4505-85f9-3c9dabccc284,0,dry,weak_expert,1,0.2344611045787173,1,0,rf__trees300__depth10__leaf5__features0p1,mean,0
8b04c1fa-4fbe-45f3-9b4a-5cc6a450c43c,0,dry,weak_expert,1,0.5372898998718731,1,1,rf__trees300__depth10__leaf5__features0p1,mean,1
8b197bc0-2f11-4971-b643-1524cf030a2b,0,dry,weak_expert,1,0.6348617743462344,1,1,rf__trees300__depth10__leaf5__features0p1,mean,1
8b427718-43ee-418f-b8f1-6807b3d6ed0e,0,dry,weak_expert,1,0.2745833485165375,1,0,rf__trees300__depth10__leaf5__features0p1,mean,0
8c631f0e-6973-4d8e-a42d-b1d0bf1ffe1d,0,dry,weak_expert,1,0.5106707911808638,1,1,rf__trees300__depth10__leaf5__features0p1,mean,1
8e72293b-1ab4-44d4-b5be-0b51038d2304,0,dry,weak_expert,1,0.38573118299239717,1,0,rf__trees300__depth10__leaf5__features0p1,mean,0
8fafcc7b-1d75-4172-a93b-dfc06ac33b10,0,dry,weak_expert,1,0.12192143669933353,1,0,rf__trees300__depth10__leaf5__features0p1,mean,0
914cd0fc-3623-4424-bc67-759743a0c593,0,dry,weak_expert,1,0.30585971598656464,1,0,rf__trees300__depth10__leaf5__features0p1,mean,0
91d9c321-7371-4a0c-af3d-398542cb9c4c,0,dry,weak_expert,1,0.1457674508434048,1,0,rf__trees300__depth10__leaf5__features0p1,mean,0
922fd4da-e8ce-4ef5-b9a8-56921dfa9328,0,dry,gold_expert,1,0.25152329211856117,1,0,rf__trees300__depth10__leaf5__features0p1,mean,0
928ce384-ca55-4419-acab-516b2647a77d,0,dry,weak_expert,1,0.2467216712742325,1,0,rf__trees300__depth10__leaf5__features0p1,mean,0
93d51cf7-6dee-49e5-b434-fa81a7595132,0,dry,weak_expert,1,0.5961219839460496,1,1,rf__trees300__depth10__leaf5__features0p1,mean,1
94a33ac9-c166-4795-9665-f7dd4f0caace,0,dry,weak_expert,1,0.18146489667209878,1,0,rf__trees300__depth10__leaf5__features0p1,mean,0
952eafc4-38d9-468b-b46d-c9a5f6b3d620,0,dry,weak_expert,1,0.11251156876621221,1,0,rf__trees300__depth10__leaf5__features0p1,mean,0
96678e97-6a39-4932-9c5d-13981167bbd8,0,dry,weak_expert,1,0.12971548063588947,1,0,rf__trees300__depth10__leaf5__features0p1,mean,0
9810b72b-79ca-474b-9b66-41079f892c79,0,dry,weak_expert,1,0.1563340610995261,1,0,rf__trees300__depth10__leaf5__features0p1,mean,0
981441a4-89d8-43c5-8e43-3768968fa614,0,dry,weak_expert,1,0.23328408508884674,1,0,rf__trees300__depth10__leaf5__features0p1,mean,0
98fb6294-d339-4c83-8ff5-2bbcf82e35e0,0,dry,gold_expert,1,0.23987711789274935,1,0,rf__trees300__depth10__leaf5__features0p1,mean,0
99ca2bde-0950-4e1d-8e9a-cbd0d70981bd,0,dry,weak_expert,1,0.5550045988679654,1,1,rf__trees300__depth10__leaf5__features0p1,mean,1
9cefcba6-bea1-4131-a905-3d28e567344b,0,dry,weak_expert,1,0.3325845432650633,1,0,rf__trees300__depth10__leaf5__features0p1,mean,0
9eb1894a-8201-431d-a923-79dc88945ebb,0,dry,weak_expert,1,0.3591343261686306,1,0,rf__trees300__depth10__leaf5__features0p1,mean,0
a02e0fa5-1a29-4e3f-817e-15047e79e744,0,dry,weak_expert,1,0.23006956615714566,1,0,rf__trees300__depth10__leaf5__features0p1,mean,0
a084b953-189d-422d-a40a-b545b4f01618,0,dry,weak_expert,1,0.2683588649048027,1,0,rf__trees300__depth10__leaf5__features0p1,mean,0
a08b86d5-4573-4a42-9a84-f75f5e50351a,0,dry,weak_expert,1,0.4529149193396221,1,1,rf__trees300__depth10__leaf5__features0p1,mean,0
a20c7e61-024c-491f-807c-fd01dc856bbd,0,dry,weak_expert,1,0.5096435536443472,1,1,rf__trees300__depth10__leaf5__features0p1,mean,1
a2c4999f-df6f-42a7-b733-3d10536b6d03,0,dry,weak_expert,1,0.10091253737177333,1,0,rf__trees300__depth10__leaf5__features0p1,mean,0
a46654b3-b91b-4f95-8a69-3dcd1d428ea0,0,dry,weak_expert,1,0.5535683779341871,1,1,rf__trees300__depth10__leaf5__features0p1,mean,1
a5aeaa95-ed25-452b-b112-62c042c21b33,0,dry,weak_expert,1,0.4415279049880142,1,1,rf__trees300__depth10__leaf5__features0p1,mean,0
a6417792-0dfe-46da-b820-3c047f15ad9a,0,dry,weak_expert,1,0.4736729974927449,1,1,rf__trees300__depth10__leaf5__features0p1,mean,0
a6b7aeb5-6b58-4bea-9e2d-6ee573cd1aab,0,dry,weak_expert,1,0.19147630625344425,1,0,rf__trees300__depth10__leaf5__features0p1,mean,0
a9108704-75af-4d2c-afb2-5c8ca33cb9e0,0,dry,weak_expert,1,0.1315058522961917,1,0,rf__trees300__depth10__leaf5__features0p1,mean,0
adc24bde-023b-457e-9be7-9fadbad0b155,0,dry,weak_expert,1,0.28962505153702095,1,0,rf__trees300__depth10__leaf5__features0p1,mean,0
ae7f3e27-5c50-48bd-ba50-4b52ddfc6b8f,0,dry,weak_expert,1,0.518790273386087,1,1,rf__trees300__depth10__leaf5__features0p1,mean,1
aeb63eba-7261-4d5a-9cf5-4f31357bcd57,0,dry,weak_expert,1,0.24905399250727706,1,0,rf__trees300__depth10__leaf5__features0p1,mean,0
af89b4c6-a942-4dbd-9efb-cc0ae79a9acf,0,dry,weak_expert,1,0.10199331069157656,1,0,rf__trees300__depth10__leaf5__features0p1,mean,0
afdcc1b1-befc-4eac-bf4b-328a7a21261e,0,dry,weak_expert,1,0.37429744678091165,1,0,rf__trees300__depth10__leaf5__features0p1,mean,0
b08bd7a4-a123-4f28-b659-bbb5ea70fb6f,0,dry,weak_expert,1,0.5183334312498287,1,1,rf__trees300__depth10__leaf5__features0p1,mean,1
b2cb680f-2b1f-4daf-824c-c83952cd639c,0,dry,weak_expert,1,0.344145690514529,1,0,rf__trees300__depth10__leaf5__features0p1,mean,0
b35c9f6c-4e1d-4c3f-a733-5905c3ee387d,0,dry,weak_expert,1,0.46056080188076265,1,1,rf__trees300__depth10__leaf5__features0p1,mean,0
b38e69f2-01f9-47ac-b94f-cf7b5eb764b3,0,dry,weak_expert,1,0.23947160086839625,1,0,rf__trees300__depth10__leaf5__features0p1,mean,0
b5808d67-b898-4d8b-b74c-6d3ef7085be4,0,dry,weak_expert,1,0.2913672951422811,1,0,rf__trees300__depth10__leaf5__features0p1,mean,0
b6165d05-e841-44cc-bb13-a59d6ceed6ed,0,dry,weak_expert,1,0.3424664961037658,1,0,rf__trees300__depth10__leaf5__features0p1,mean,0
b61f41d5-8a12-44de-a8c7-f7ab67f35ab7,0,dry,weak_expert,1,0.6363341524051064,1,1,rf__trees300__depth10__leaf5__features0p1,mean,1
b7825dc8-a17f-4171-863b-2c0b346cfcd0,0,dry,weak_expert,1,0.3239735383606752,1,0,rf__trees300__depth10__leaf5__features0p1,mean,0
b95b4d94-e665-41d0-bd0e-4fb9d4684e65,0,dry,weak_expert,1,0.17459652185596825,1,0,rf__trees300__depth10__leaf5__features0p1,mean,0
ba21cefd-7209-47e8-87ff-e12e3d0ed4dc,0,dry,weak_expert,1,0.15565208729138483,1,0,rf__trees300__depth10__leaf5__features0p1,mean,0
ba5ade2c-45fc-41e5-b111-86c08ea8609b,0,dry,weak_expert,1,0.09030333760901642,1,0,rf__trees300__depth10__leaf5__features0p1,mean,0
bb5fd4d8-a36d-4918-931f-c6bd2adcc20d,0,dry,weak_expert,1,0.2366845247775284,1,0,rf__trees300__depth10__leaf5__features0p1,mean,0
bb94e3f4-831c-4c04-b528-617cf04ab8c7,0,dry,weak_expert,1,0.5787158563381577,1,1,rf__trees300__depth10__leaf5__features0p1,mean,1
bc24d4d9-b66b-4429-8228-6645de25622f,0,dry,weak_expert,1,0.3888925305593549,1,0,rf__trees300__depth10__leaf5__features0p1,mean,0
bc27b4fb-a820-4296-a776-0f0943ba1455,0,dry,weak_expert,1,0.29652060833992694,1,0,rf__trees300__depth10__leaf5__features0p1,mean,0
bcb90b43-185a-4420-a4ca-dafe8f914682,0,dry,weak_expert,1,0.6598467247156194,1,1,rf__trees300__depth10__leaf5__features0p1,mean,1
bd11b513-12a1-44be-82f6-4fbeea1fbda0,0,dry,weak_expert,1,0.1903814731376899,1,0,rf__trees300__depth10__leaf5__features0p1,mean,0
bd205be0-24a4-4a28-8262-30bc14bf1faa,0,dry,weak_expert,1,0.28164182697257784,1,0,rf__trees300__depth10__leaf5__features0p1,mean,0
be0fe831-c469-4a13-961f-e3bd6dda0633,0,dry,weak_expert,1,0.2979502134831744,1,0,rf__trees300__depth10__leaf5__features0p1,mean,0
be2d9024-401a-42a0-91fd-194567b1d4c1,0,dry,weak_expert,1,0.3199573352831938,1,0,rf__trees300__depth10__leaf5__features0p1,mean,0
be5f63f3-2be9-448b-b57e-fa118eddc2e2,0,dry,weak_expert,1,0.16055895969260456,1,0,rf__trees300__depth10__leaf5__features0p1,mean,0
be920126-b1e2-4117-84e2-461b2230e46e,0,dry,weak_expert,1,0.19349947613813928,1,0,rf__trees300__depth10__leaf5__features0p1,mean,0
beb9eff3-e2c7-4f53-981b-0abc09158dec,0,dry,weak_expert,1,0.7399165959044822,1,1,rf__trees300__depth10__leaf5__features0p1,mean,1
bf4ca169-aab4-466f-8e14-63631e0b3ea0,0,dry,weak_expert,1,0.7188770762679181,1,1,rf__trees300__depth10__leaf5__features0p1,mean,1
bf5901da-d580-4034-88b0-19bd18778f5a,0,dry,weak_expert,1,0.23071239350111403,1,0,rf__trees300__depth10__leaf5__features0p1,mean,0
bf7f0dd3-eaef-4912-8edc-c919fd98df62,0,dry,weak_expert,1,0.1478682205181477,1,0,rf__trees300__depth10__leaf5__features0p1,mean,0
c0643c65-15f1-4f25-9f4e-d42541cca1b8,0,dry,weak_expert,1,0.33714289266236036,1,0,rf__trees300__depth10__leaf5__features0p1,mean,0
c16f96bf-dc05-445b-aed6-5758aa0ec5c8,0,dry,weak_expert,1,0.23407258488270297,1,0,rf__trees300__depth10__leaf5__features0p1,mean,0
c2795c09-691f-421d-87eb-60d11ef0a776,0,dry,weak_expert,1,0.3016829437224661,1,0,rf__trees300__depth10__leaf5__features0p1,mean,0
c2d24716-5e15-4066-855a-2a0c0b7566f6,0,dry,weak_expert,1,0.618260819871201,1,1,rf__trees300__depth10__leaf5__features0p1,mean,1
c2e033f0-5e2f-4793-be75-afa9ae7d3f8f,0,dry,weak_expert,1,0.15222555039217217,1,0,rf__trees300__depth10__leaf5__features0p1,mean,0
c34d6285-a7d7-4357-9036-cb4a5caec6f6,0,dry,weak_expert,1,0.41487540240335813,1,0,rf__trees300__depth10__leaf5__features0p1,mean,0
c3b9dca7-67eb-4438-b6aa-dd6b2aca1432,0,dry,gold_expert,1,0.10872124652400603,1,0,rf__trees300__depth10__leaf5__features0p1,mean,0
c3d0135b-83ef-4aba-b98c-2c8fe50ffeff,0,dry,weak_expert,1,0.3767964684861313,1,0,rf__trees300__depth10__leaf5__features0p1,mean,0
c4961eda-91f5-4fbc-bd90-92f56f7f4deb,0,dry,weak_expert,1,0.3886067521589738,1,0,rf__trees300__depth10__leaf5__features0p1,mean,0
c8983507-264a-4bbb-8926-8a06afb36bff,0,dry,weak_expert,1,0.4557788340302336,1,1,rf__trees300__depth10__leaf5__features0p1,mean,0
c961a082-77cf-412a-ba8a-66fff0b7bc82,0,dry,weak_expert,1,0.2892219215610915,1,0,rf__trees300__depth10__leaf5__features0p1,mean,0
c9fa0d4d-76d1-41c4-863c-b83bb8908140,0,dry,gold_expert,1,0.5226239171235427,1,1,rf__trees300__depth10__leaf5__features0p1,mean,1
cb5c6410-8b55-4c33-932d-fc72e5cac22c,0,dry,weak_expert,1,0.3588771878212166,1,0,rf__trees300__depth10__leaf5__features0p1,mean,0
cbbbe2c4-51c4-48e3-807d-5ad37ad220e4,0,dry,weak_expert,1,0.14108051856566264,1,0,rf__trees300__depth10__leaf5__features0p1,mean,0
ce3f9e37-b553-4c23-b341-8da601f7468e,0,dry,weak_expert,1,0.46367393967100196,1,1,rf__trees300__depth10__leaf5__features0p1,mean,0
cefb99ae-7dda-4397-8b65-77e3fc0c7739,0,dry,weak_expert,1,0.32070403026779104,1,0,rf__trees300__depth10__leaf5__features0p1,mean,0
d0d4e84a-3692-46e2-a168-463896fb9d31,0,dry,weak_expert,1,0.26239692670164155,1,0,rf__trees300__depth10__leaf5__features0p1,mean,0
d101742f-52a3-4ed3-a4bb-46f65d02fc2a,0,dry,weak_expert,1,0.289290136604127,1,0,rf__trees300__depth10__leaf5__features0p1,mean,0
d1c3a8a6-742e-4677-aa79-92b9b217be75,0,dry,weak_expert,1,0.31383038378072853,1,0,rf__trees300__depth10__leaf5__features0p1,mean,0
d2a55629-24e2-4460-8a0a-b7065927ee07,0,dry,weak_expert,1,0.6478836973997927,1,1,rf__trees300__depth10__leaf5__features0p1,mean,1
d3ea88bd-d578-44dd-aadd-391f8559bdc5,0,dry,weak_expert,1,0.31594412918940334,1,0,rf__trees300__depth10__leaf5__features0p1,mean,0
d505b939-4d86-4713-8bba-987cde761118,0,dry,weak_expert,1,0.46584223042209183,1,1,rf__trees300__depth10__leaf5__features0p1,mean,0
d551a262-676b-4856-ae36-5b6334c6b586,0,dry,weak_expert,1,0.21315305947833094,1,0,rf__trees300__depth10__leaf5__features0p1,mean,0
d57d4c31-4f34-41cd-9fdf-84e4df3f2dcc,0,dry,weak_expert,1,0.42670926395662556,1,0,rf__trees300__depth10__leaf5__features0p1,mean,0
d5e56f55-97a1-417d-a724-04d6ef10830e,0,dry,weak_expert,1,0.354435515529484,1,0,rf__trees300__depth10__leaf5__features0p1,mean,0
d6d50155-5eb2-421e-9da1-8ad5faa275a1,0,dry,weak_expert,1,0.1308213176460666,1,0,rf__trees300__depth10__leaf5__features0p1,mean,0
d789e459-6db1-4481-af44-db7427304108,0,dry,weak_expert,1,0.1316654367286604,1,0,rf__trees300__depth10__leaf5__features0p1,mean,0
db234c88-9a58-4947-a852-d7f2584128ef,0,dry,weak_expert,1,0.33560816395623616,1,0,rf__trees300__depth10__leaf5__features0p1,mean,0
dbc6f669-469e-4306-acdc-f46039006148,0,dry,weak_expert,1,0.10877199617239992,1,0,rf__trees300__depth10__leaf5__features0p1,mean,0
dc17e768-40f6-462e-99ad-80292586ac3a,0,dry,weak_expert,1,0.23966448374869742,1,0,rf__trees300__depth10__leaf5__features0p1,mean,0
dcd6359c-4fbc-44ea-93b0-f1da55eb3a75,0,dry,weak_expert,1,0.35064041323693745,1,0,rf__trees300__depth10__leaf5__features0p1,mean,0
dd235b59-b0df-4eb7-9024-3b11e1515888,0,dry,weak_expert,1,0.17461789027245755,1,0,rf__trees300__depth10__leaf5__features0p1,mean,0
dd489c88-affc-4142-ac56-752c3a433991,0,dry,weak_expert,1,0.6715880794871933,1,1,rf__trees300__depth10__leaf5__features0p1,mean,1
dd7e32e6-a949-4c92-a5b1-628edbb65144,0,dry,weak_expert,1,0.3869269477754945,1,0,rf__trees300__depth10__leaf5__features0p1,mean,0
dd80d0c6-76ec-43b1-9611-23ea269cec57,0,dry,weak_expert,1,0.4193311334742848,1,0,rf__trees300__depth10__leaf5__features0p1,mean,0
de67d064-eff4-40c4-ab46-b115d0691e1f,0,dry,weak_expert,1,0.17506916066225434,1,0,rf__trees300__depth10__leaf5__features0p1,mean,0
dec024bb-bb3f-49ba-8a42-b1420d56a2e0,0,dry,weak_expert,1,0.13329798363081702,1,0,rf__trees300__depth10__leaf5__features0p1,mean,0
df6cf29a-fcf8-4b96-ab4f-19e018c3b297,0,dry,weak_expert,1,0.11757644157298709,1,0,rf__trees300__depth10__leaf5__features0p1,mean,0
dfb0a442-3453-4d42-b355-b68eda2a9865,0,dry,weak_expert,1,0.16361062916122684,1,0,rf__trees300__depth10__leaf5__features0p1,mean,0
dfe7b783-c80f-4357-b72e-63e875bf9ec3,0,dry,weak_expert,1,0.35286760446557347,1,0,rf__trees300__depth10__leaf5__features0p1,mean,0
e0107451-503c-48b0-9a9e-675a3a0c834e,0,dry,weak_expert,1,0.3356595240423961,1,0,rf__trees300__depth10__leaf5__features0p1,mean,0
e23b7ef4-c268-4179-b234-c45702001252,0,dry,weak_expert,1,0.16643346913912363,1,0,rf__trees300__depth10__leaf5__features0p1,mean,0
e4242c29-1213-4960-b792-565fae299403,0,dry,weak_expert,1,0.21312501010182883,1,0,rf__trees300__depth10__leaf5__features0p1,mean,0
e4bbd7fa-3767-48e3-97cf-c5e14881314f,0,dry,weak_expert,1,0.2932003100652047,1,0,rf__trees300__depth10__leaf5__features0p1,mean,0
e56ea219-e97c-45c4-8222-5ecf168445b5,0,dry,gold_expert,1,0.1238192712219452,1,0,rf__trees300__depth10__leaf5__features0p1,mean,0
e5a8a140-d910-47da-b3d6-96941e084028,0,dry,weak_expert,1,0.6252866986280583,1,1,rf__trees300__depth10__leaf5__features0p1,mean,1
e6448323-4be3-4fac-ba98-33aee0de0817,0,dry,gold_expert,1,0.181061969922108,1,0,rf__trees300__depth10__leaf5__features0p1,mean,0
e667faac-9ba9-472e-8a97-ad47887d5108,0,dry,weak_expert,1,0.5864699951912744,1,1,rf__trees300__depth10__leaf5__features0p1,mean,1
e6a6d19c-2ff0-4c1a-aa5f-f432c9a8b55e,0,dry,weak_expert,1,0.18236504714728544,1,0,rf__trees300__depth10__leaf5__features0p1,mean,0
e6d07d7b-cd63-4f81-8dbd-3ab87104fbf0,0,dry,weak_expert,1,0.19249747044389073,1,0,rf__trees300__depth10__leaf5__features0p1,mean,0
e9650512-35f6-4872-acca-c8aca7cd228b,0,dry,weak_expert,1,0.1975563627475557,1,0,rf__trees300__depth10__leaf5__features0p1,mean,0
e9cc9a65-15c2-4acf-8412-4cffc98eb56f,0,dry,weak_expert,1,0.2835970901190222,1,0,rf__trees300__depth10__leaf5__features0p1,mean,0
eb74838f-26b9-457e-a4f6-3fff63ebc270,0,dry,weak_expert,1,0.47966347288730476,1,1,rf__trees300__depth10__leaf5__features0p1,mean,0
ec86b666-9979-4799-a06f-9773eba8927f,0,dry,weak_expert,1,0.13170567839251382,1,0,rf__trees300__depth10__leaf5__features0p1,mean,0
ecc957af-3001-4a29-935a-32db98540746,0,dry,weak_expert,1,0.19820544265313014,1,0,rf__trees300__depth10__leaf5__features0p1,mean,0
edcadaac-51d0-44d1-99c6-efbbc41dd4bd,0,dry,weak_expert,1,0.4577151986189139,1,1,rf__trees300__depth10__leaf5__features0p1,mean,0
eeaa9780-b73a-4e0f-b075-4dc5fbb54080,0,dry,weak_expert,1,0.1393694651441519,1,0,rf__trees300__depth10__leaf5__features0p1,mean,0
ef458365-a016-45ff-842a-7388a89ed774,0,dry,weak_expert,1,0.15940769951098452,1,0,rf__trees300__depth10__leaf5__features0p1,mean,0
ef6d35f9-347a-4aad-9e4d-e37bd0f417f9,0,dry,weak_expert,1,0.6692680533292094,1,1,rf__trees300__depth10__leaf5__features0p1,mean,1
f0bcf37a-4766-4cc0-a4d3-13a6e1343103,0,dry,weak_expert,1,0.09690419043129736,1,0,rf__trees300__depth10__leaf5__features0p1,mean,0
f18097f1-d7d5-4566-a7f1-dce0f2e8da87,0,dry,weak_expert,1,0.113519532349274,1,0,rf__trees300__depth10__leaf5__features0p1,mean,0
f3ef7d3e-56e1-496b-8a46-b593e33d25d6,0,dry,weak_expert,1,0.43084903855979634,1,0,rf__trees300__depth10__leaf5__features0p1,mean,0
f5531d66-e612-41c3-b7c1-658fe7922f34,0,dry,weak_expert,1,0.5793761930311826,1,1,rf__trees300__depth10__leaf5__features0p1,mean,1
f64f33a5-b6e1-4d5c-ab1b-8d48dd826440,0,dry,weak_expert,1,0.458615736389515,1,1,rf__trees300__depth10__leaf5__features0p1,mean,0
f66386d5-f2e2-4b9b-8f00-35e51858446b,0,dry,weak_expert,1,0.23792270688192885,1,0,rf__trees300__depth10__leaf5__features0p1,mean,0
f6fd67d0-eb9d-47b4-9fc7-1e4af068d05b,0,dry,weak_expert,1,0.40719837508042045,1,0,rf__trees300__depth10__leaf5__features0p1,mean,0
f9f521ef-bcba-461f-8dcc-b4df6f6beb2f,0,dry,weak_expert,1,0.39357116307130147,1,0,rf__trees300__depth10__leaf5__features0p1,mean,0
fafbe64d-8da4-4901-95a2-e0025771f446,0,dry,weak_expert,1,0.23872320543904355,1,0,rf__trees300__depth10__leaf5__features0p1,mean,0
fe3ddef6-cf4c-4adf-b12d-bf5c5b79a5f4,0,dry,weak_expert,1,0.34249354288450956,1,0,rf__trees300__depth10__leaf5__features0p1,mean,0
fed255ec-4829-4f4a-b22d-9bb23f2dd89f,0,dry,gold_expert,1,0.27976505497009174,1,0,rf__trees300__depth10__leaf5__features0p1,mean,0
ff8435f6-76b5-42c1-8f4c-7479710e71bf,0,dry,weak_expert,1,0.20392251471886336,1,0,rf__trees300__depth10__leaf5__features0p1,mean,0
01614a4a-947f-43ca-a609-fc2787509f6f,1,wet,weak_expert,1,0.4322557879599904,1,0,rf__trees300__depth10__leaf5__features0p1,mean,0
0837bd59-09c5-4098-afe3-4bcbfb0fb0e2,1,wet,weak_expert,1,0.5687321500536378,1,1,rf__trees300__depth10__leaf5__features0p1,mean,1
08f05aa0-7c3d-40be-a8ae-ab6bc6d41be3,1,wet,weak_expert,1,0.4792957845122382,1,1,rf__trees300__depth10__leaf5__features0p1,mean,0
0b6f8543-c5e3-414c-a4f3-020e56e8ec60,1,wet,weak_expert,1,0.26219173394652007,1,0,rf__trees300__depth10__leaf5__features0p1,mean,0
0b72bbdf-fe74-4c76-8c9a-9e4a60a7b9f9,1,wet,weak_expert,1,0.36527711756192377,1,0,rf__trees300__depth10__leaf5__features0p1,mean,0
0f8d80f9-700e-4069-924d-e15f29d7c19a,1,wet,gold_expert,1,0.31437341295708904,1,0,rf__trees300__depth10__leaf5__features0p1,mean,0
13cc16ff-2b44-4740-b7f4-e80cf7404d30,1,wet,weak_expert,1,0.5057519263813993,1,1,rf__trees300__depth10__leaf5__features0p1,mean,1
16af8331-f890-4f2e-bf49-2b42985d379e,1,wet,weak_expert,1,0.3671932159348907,1,0,rf__trees300__depth10__leaf5__features0p1,mean,0
16b16ff5-e875-4f0f-ad76-bd7ba27faca6,1,wet,weak_expert,1,0.2993067384073327,1,0,rf__trees300__depth10__leaf5__features0p1,mean,0
182246b0-9f77-4c40-976e-3c9342619819,1,wet,weak_expert,1,0.375922262961531,1,0,rf__trees300__depth10__leaf5__features0p1,mean,0
1b1f2c9b-7cfa-4eb5-837d-36ae3d647c92,1,wet,weak_expert,1,0.28541625750534994,1,0,rf__trees300__depth10__leaf5__features0p1,mean,0
1de44182-c6f6-4059-bb54-1e8552999e03,1,wet,weak_expert,1,0.16275530424069742,1,0,rf__trees300__depth10__leaf5__features0p1,mean,0
1e3025cb-d921-485b-a08c-c2966fc4f730,1,wet,weak_expert,1,0.5994717790966158,1,1,rf__trees300__depth10__leaf5__features0p1,mean,1
20638b85-0ab9-45cc-b257-9ce9986946de,1,wet,weak_expert,1,0.3334136837220112,1,0,rf__trees300__depth10__leaf5__features0p1,mean,0
21c16c1c-46fc-4b80-b941-65d7c6e87555,1,wet,weak_expert,1,0.17757114915216668,1,0,rf__trees300__depth10__leaf5__features0p1,mean,0
25e59482-9d33-4a0c-bfbf-5438b9c0c9ea,1,wet,weak_expert,1,0.19249170977550192,1,0,rf__trees300__depth10__leaf5__features0p1,mean,0
28b30c43-8b77-436a-a181-9b36ec9f0553,1,wet,weak_expert,1,0.49080060534227093,1,1,rf__trees300__depth10__leaf5__features0p1,mean,0
2e41a2bd-6462-407d-8078-9f7b86a54f52,1,wet,weak_expert,1,0.3685832009564021,1,0,rf__trees300__depth10__leaf5__features0p1,mean,0
32eea255-502c-4bb2-9160-12aa16912ea9,1,wet,weak_expert,1,0.38177003307889806,1,0,rf__trees300__depth10__leaf5__features0p1,mean,0
380bc7f0-d950-450c-9f5e-43c7c3f4c132,1,wet,weak_expert,1,0.64871331486454,1,1,rf__trees300__depth10__leaf5__features0p1,mean,1
3c903e81-9634-4d62-90f0-f09b95f382f7,1,wet,weak_expert,1,0.23325348981327693,1,0,rf__trees300__depth10__leaf5__features0p1,mean,0
4122c8f7-07e5-4c74-8993-c17157bd6c1b,1,wet,weak_expert,1,0.10880639468075581,1,0,rf__trees300__depth10__leaf5__features0p1,mean,0
4a19eff2-8302-4aa6-9164-ae5a9d2d824f,1,wet,weak_expert,1,0.046289602986045106,1,0,rf__trees300__depth10__leaf5__features0p1,mean,0
4eab6d7e-32c1-4a7f-be8c-b1cbcffe2420,1,wet,weak_expert,1,0.6063375645589602,1,1,rf__trees300__depth10__leaf5__features0p1,mean,1
4f95a31d-9302-47bb-a0b6-cdd8b13c0aab,1,wet,weak_expert,1,0.1962288226857663,1,0,rf__trees300__depth10__leaf5__features0p1,mean,0
5322ecad-3152-4fab-8f66-8552c0ebd4c2,1,wet,weak_expert,1,0.19295431916238337,1,0,rf__trees300__depth10__leaf5__features0p1,mean,0
55534e14-5e4e-4102-8bb0-2011ca1c371a,1,wet,weak_expert,1,0.27799506759994086,1,0,rf__trees300__depth10__leaf5__features0p1,mean,0
5790906b-44f0-4b59-8052-1f3d7927decd,1,wet,weak_expert,1,0.5861414408692699,1,1,rf__trees300__depth10__leaf5__features0p1,mean,1
618fc43a-4d9d-4dad-8b68-2714b584ccc4,1,wet,weak_expert,1,0.14808607254971526,1,0,rf__trees300__depth10__leaf5__features0p1,mean,0
641a25a8-413c-4a45-b74f-a46edc276724,1,wet,weak_expert,1,0.19438612428107405,1,0,rf__trees300__depth10__leaf5__features0p1,mean,0
6647b629-2246-48c9-83ad-c3ad4795c891,1,wet,weak_expert,1,0.5953194597961549,1,1,rf__trees300__depth10__leaf5__features0p1,mean,1
66636b7b-3e0e-4613-9f1f-4ec16fb313c3,1,wet,weak_expert,1,0.1578647221069134,1,0,rf__trees300__depth10__leaf5__features0p1,mean,0
66bd4211-2034-4cde-82ad-59aeff6e7eb8,1,wet,weak_expert,1,0.2049816891237573,1,0,rf__trees300__depth10__leaf5__features0p1,mean,0
6fbee7bd-2530-404b-80e2-bb2d1317d7c5,1,wet,weak_expert,1,0.37857368081168324,1,0,rf__trees300__depth10__leaf5__features0p1,mean,0
78637ec8-6570-4b6a-b8fd-a1610022c413,1,wet,weak_expert,1,0.39177942508311003,1,0,rf__trees300__depth10__leaf5__features0p1,mean,0
7872c598-46e9-4bc5-804b-47c71b4be1ac,1,wet,weak_expert,1,0.14209001035804533,1,0,rf__trees300__depth10__leaf5__features0p1,mean,0
811d96a7-e63f-4a8e-afc8-d8cef7bec7aa,1,wet,weak_expert,1,0.4332262370486862,1,1,rf__trees300__depth10__leaf5__features0p1,mean,0
821f8448-26e5-4f74-acbf-e5d5058eaa93,1,wet,weak_expert,1,0.4458381730013531,1,1,rf__trees300__depth10__leaf5__features0p1,mean,0
8475da17-5c32-415c-ba77-6dfad5ee5f9b,1,wet,weak_expert,1,0.4865518620447274,1,1,rf__trees300__depth10__leaf5__features0p1,mean,0
868d1ace-2365-4f81-bc7e-0fbe8214f5d7,1,wet,weak_expert,1,0.6784095062874556,1,1,rf__trees300__depth10__leaf5__features0p1,mean,1
8b96d238-8053-4b15-86b6-a31f448dda73,1,wet,weak_expert,1,0.5022161149342,1,1,rf__trees300__depth10__leaf5__features0p1,mean,1
8cdd0367-1661-4524-830d-2bd69aa6dee7,1,wet,weak_expert,1,0.2400047148756997,1,0,rf__trees300__depth10__leaf5__features0p1,mean,0
91678983-1d96-4390-8f09-55df6a75bb36,1,wet,weak_expert,1,0.5775913399267412,1,1,rf__trees300__depth10__leaf5__features0p1,mean,1
9420ab0f-61bd-4567-a229-e93ff115785b,1,wet,weak_expert,1,0.1676537568843787,1,0,rf__trees300__depth10__leaf5__features0p1,mean,0
99de245e-7797-4b68-8b4e-7be2c3600f49,1,wet,weak_expert,1,0.454481082539578,1,1,rf__trees300__depth10__leaf5__features0p1,mean,0
9c121206-2d76-40b1-bbd0-4b1f483adada,1,wet,weak_expert,1,0.3680337990112239,1,0,rf__trees300__depth10__leaf5__features0p1,mean,0
9e41c672-ffbd-4a9b-919b-3fdfd4771f63,1,wet,weak_expert,1,0.5318387642952208,1,1,rf__trees300__depth10__leaf5__features0p1,mean,1
a1f69db9-81f4-4a07-9808-dd1c99053125,1,wet,weak_expert,1,0.19307574025644555,1,0,rf__trees300__depth10__leaf5__features0p1,mean,0
a5115a55-1187-4983-b9d6-4e423d92f981,1,wet,weak_expert,1,0.33422893940512566,1,0,rf__trees300__depth10__leaf5__features0p1,mean,0
aa78817e-f5e3-470b-b516-6006c59fb1fa,1,wet,weak_expert,1,0.13151699128567845,1,0,rf__trees300__depth10__leaf5__features0p1,mean,0
b392ae80-f91a-4a78-bad3-2e8a8c8130d2,1,wet,weak_expert,1,0.48588993726772,1,1,rf__trees300__depth10__leaf5__features0p1,mean,0
b689a94c-70d7-4fec-a237-b5ded63ca518,1,wet,weak_expert,1,0.3059242157674672,1,0,rf__trees300__depth10__leaf5__features0p1,mean,0
b7f60904-a2e1-4068-9854-523ebe8d8c04,1,wet,weak_expert,1,0.6472478228138145,1,1,rf__trees300__depth10__leaf5__features0p1,mean,1
bcc118e3-39f2-45f9-8dae-46650d962729,1,wet,weak_expert,1,0.5118501833747352,1,1,rf__trees300__depth10__leaf5__features0p1,mean,1
bd14922a-f88e-4b99-a338-360789a40b69,1,wet,weak_expert,1,0.7175404356783036,1,1,rf__trees300__depth10__leaf5__features0p1,mean,1
c34dae42-797d-41cd-815d-b10d23d8844d,1,wet,weak_expert,1,0.22753675026400552,1,0,rf__trees300__depth10__leaf5__features0p1,mean,0
c3c69ce2-8617-4329-8f39-7f7b16daafed,1,wet,weak_expert,1,0.39477273388024353,1,0,rf__trees300__depth10__leaf5__features0p1,mean,0
c9d68f80-c9ee-4cb3-885b-f4f46fa1c8bd,1,wet,weak_expert,1,0.25931910744356684,1,0,rf__trees300__depth10__leaf5__features0p1,mean,0
cc5b8aa6-355a-4f4c-bc88-4f1d5bafc5ad,1,wet,weak_expert,1,0.42589818152711234,1,0,rf__trees300__depth10__leaf5__features0p1,mean,0
dc994f21-ea5e-4236-bc48-2fd980feb2f8,1,wet,weak_expert,1,0.4124611455245185,1,0,rf__trees300__depth10__leaf5__features0p1,mean,0
dff83863-6ceb-416a-9846-26b13bab1bfa,1,wet,weak_expert,1,0.25193473858507803,1,0,rf__trees300__depth10__leaf5__features0p1,mean,0
e048aa97-7313-48f8-99f7-0f2795bf4a48,1,wet,weak_expert,1,0.3845422790936838,1,0,rf__trees300__depth10__leaf5__features0p1,mean,0
e272246a-5c0e-4549-83b0-8330cfce867e,1,wet,weak_expert,1,0.3749615391185978,1,0,rf__trees300__depth10__leaf5__features0p1,mean,0
e292ff84-85b8-486e-984a-91ecceef4b90,1,wet,weak_expert,1,0.3024297521698986,1,0,rf__trees300__depth10__leaf5__features0p1,mean,0
e39dac66-46e0-4d6f-b09c-58026674c71f,1,wet,weak_expert,1,0.5339218140969699,1,1,rf__trees300__depth10__leaf5__features0p1,mean,1
e6788288-778c-46d3-9d83-c4c2eb6f707d,1,wet,weak_expert,1,0.4357707567517655,1,1,rf__trees300__depth10__leaf5__features0p1,mean,0
e89a2e55-e5ad-4774-950c-ae4e84b444f8,1,wet,weak_expert,1,0.39606823113183454,1,0,rf__trees300__depth10__leaf5__features0p1,mean,0
ea3553b7-8fc4-4889-bc48-9318dfc1c9f5,1,wet,weak_expert,1,0.19163996395940036,1,0,rf__trees300__depth10__leaf5__features0p1,mean,0
ed5f5776-506b-42ac-85f6-021619d319b9,1,wet,weak_expert,1,0.2189011324112901,1,0,rf__trees300__depth10__leaf5__features0p1,mean,0
ee82b8a5-39ed-41da-a927-7be42bb86ec7,1,wet,weak_expert,1,0.6341532278452168,1,1,rf__trees300__depth10__leaf5__features0p1,mean,1
f33560fd-1e3f-4117-b759-b2151dfb7eab,1,wet,weak_expert,1,0.2078729414834754,1,0,rf__trees300__depth10__leaf5__features0p1,mean,0
f3a3af59-0ebf-4644-a38b-32e36a70b876,1,wet,weak_expert,1,0.28753888192132054,1,0,rf__trees300__depth10__leaf5__features0p1,mean,0
f8c27e97-5b6b-4437-a8ae-236074a31b98,1,wet,weak_expert,1,0.13599576263446173,1,0,rf__trees300__depth10__leaf5__features0p1,mean,0
f9144621-a450-411a-b4f6-9a29e617358f,1,wet,weak_expert,1,0.4612805822298818,1,1,rf__trees300__depth10__leaf5__features0p1,mean,0
fd0859a7-9b11-405f-b151-6f21048f50bd,1,wet,weak_expert,1,0.3116159212822326,1,0,rf__trees300__depth10__leaf5__features0p1,mean,0
059ae242-fffd-44c7-b821-9d73f93449aa,0,dry,weak_expert,2,0.11903174269688938,1,0,rf__trees300__depth10__leaf5__features0p1,mean,0
06ad9cc8-27ff-4d9e-bfec-f88a660d9253,0,dry,weak_expert,2,0.17908802782867145,1,0,rf__trees300__depth10__leaf5__features0p1,mean,0
06b49798-22b7-4570-85b9-1390947ff34d,0,dry,weak_expert,2,0.2646034846213941,1,0,rf__trees300__depth10__leaf5__features0p1,mean,0
0b35d226-9927-4ddc-b5ea-cca273d43f66,0,dry,weak_expert,2,0.22252086837995938,1,0,rf__trees300__depth10__leaf5__features0p1,mean,0
0b60a771-1dde-49b8-a46d-d049b1791ca4,0,dry,weak_expert,2,0.5391760572050731,1,1,rf__trees300__depth10__leaf5__features0p1,mean,1
0ebcd337-e754-4955-a935-f7b3f04ec5ff,0,dry,weak_expert,2,0.13773314363094036,1,0,rf__trees300__depth10__leaf5__features0p1,mean,0
12a1f8a8-d986-477c-a186-501247d38869,0,dry,weak_expert,2,0.43207137397209056,1,0,rf__trees300__depth10__leaf5__features0p1,mean,0
139d0f69-4c1c-416c-933e-ab45ea42ff93,0,dry,weak_expert,2,0.20704727620320681,1,0,rf__trees300__depth10__leaf5__features0p1,mean,0
13ec7c23-9c3d-42a7-90e7-ca621e8e2c33,0,dry,weak_expert,2,0.26216170796437704,1,0,rf__trees300__depth10__leaf5__features0p1,mean,0
15a0a034-354e-4637-b74c-9653763e0862,0,dry,weak_expert,2,0.1885300346415071,1,0,rf__trees300__depth10__leaf5__features0p1,mean,0
1645e119-c9ee-4cf8-9a87-31bcc8b025bb,0,dry,weak_expert,2,0.37588431050961124,1,0,rf__trees300__depth10__leaf5__features0p1,mean,0
167b1c65-40e6-4330-8dc7-d51d735ccdab,0,dry,weak_expert,2,0.3344463747524997,1,0,rf__trees300__depth10__leaf5__features0p1,mean,0
1853c64d-a058-471d-8409-84fd2afb5edd,0,dry,weak_expert,2,0.17193268640433162,1,0,rf__trees300__depth10__leaf5__features0p1,mean,0
1add9b29-ef49-4a03-b38f-c9391161e7bf,0,dry,weak_expert,2,0.3198437321369719,1,0,rf__trees300__depth10__leaf5__features0p1,mean,0
1c13288a-9ef9-4027-9ca6-06472a106fb1,0,dry,weak_expert,2,0.36547199368902233,1,0,rf__trees300__depth10__leaf5__features0p1,mean,0
1c4c4928-4a83-4fae-be54-48a557fb7739,0,dry,weak_expert,2,0.25068159420137276,1,0,rf__trees300__depth10__leaf5__features0p1,mean,0
1cef13ee-037d-49cb-bbd3-bbb44328cd91,0,dry,weak_expert,2,0.3633455874827965,1,0,rf__trees300__depth10__leaf5__features0p1,mean,0
1e2fb96c-cc9c-450d-9474-b363b22adfe8,0,dry,weak_expert,2,0.2743682463345066,1,0,rf__trees300__depth10__leaf5__features0p1,mean,0
1e35ccdb-4d0c-4a40-884d-500fa21dae26,0,dry,weak_expert,2,0.18665798898587038,1,0,rf__trees300__depth10__leaf5__features0p1,mean,0
1f02c230-3a22-4ee1-81e4-7e7237b36c03,0,dry,weak_expert,2,0.13588229932713805,1,0,rf__trees300__depth10__leaf5__features0p1,mean,0
21601275-9606-4574-869d-1cec6120d3e1,0,dry,weak_expert,2,0.3145223869292134,1,0,rf__trees300__depth10__leaf5__features0p1,mean,0
218f522f-d3b0-4370-a93f-e8a70d958950,0,dry,gold_expert,2,0.27090193585758904,1,0,rf__trees300__depth10__leaf5__features0p1,mean,0
21d95211-da92-44a9-83c7-30f8d4c6d670,0,dry,weak_expert,2,0.13837887889574574,1,0,rf__trees300__depth10__leaf5__features0p1,mean,0
22cb791b-2eba-480f-9eb3-69018bd25a04,0,dry,weak_expert,2,0.38465902094117993,1,0,rf__trees300__depth10__leaf5__features0p1,mean,0
23757c39-1cc1-4c17-bdda-b8b44c42a68e,0,dry,weak_expert,2,0.19953337643572724,1,0,rf__trees300__depth10__leaf5__features0p1,mean,0
23b27f73-bbcc-4856-a5bd-8a9719e471db,0,dry,weak_expert,2,0.29758094724162265,1,0,rf__trees300__depth10__leaf5__features0p1,mean,0
24526b28-3377-4f1e-942f-8e3f6d38e44b,0,dry,weak_expert,2,0.13497621397601398,1,0,rf__trees300__depth10__leaf5__features0p1,mean,0
26194021-bc50-4a4f-b49e-e36a01041b49,0,dry,weak_expert,2,0.17146265978914768,1,0,rf__trees300__depth10__leaf5__features0p1,mean,0
26b079a2-0954-4ca4-a494-1ef64e7d93f9,0,dry,weak_expert,2,0.3139368987556598,1,0,rf__trees300__depth10__leaf5__features0p1,mean,0
27bfbb49-3141-4d9e-9746-0e830e859907,0,dry,weak_expert,2,0.23923490743190182,1,0,rf__trees300__depth10__leaf5__features0p1,mean,0
28ccfa17-8a60-43b1-b0b0-2db7042c088e,0,dry,weak_expert,2,0.4603184678481505,1,1,rf__trees300__depth10__leaf5__features0p1,mean,0
2c38b55e-7a52-4b23-a4a5-f0da83cd2cba,0,dry,weak_expert,2,0.41108887806713573,1,0,rf__trees300__depth10__leaf5__features0p1,mean,0
2e4456dd-bb47-45f7-b2ef-7b2d2f2859c6,0,dry,gold_expert,2,0.23306325187238566,1,0,rf__trees300__depth10__leaf5__features0p1,mean,0
30f89651-4d57-4de3-8575-ab68725eccef,0,dry,weak_expert,2,0.22373458911690491,1,0,rf__trees300__depth10__leaf5__features0p1,mean,0
32233260-588c-4431-a326-4a0ea6c669c5,0,dry,weak_expert,2,0.26430775486165603,1,0,rf__trees300__depth10__leaf5__features0p1,mean,0
32ba514c-b6e5-45a5-a62d-a4555084e3ed,0,dry,weak_expert,2,0.2614136909681373,1,0,rf__trees300__depth10__leaf5__features0p1,mean,0
335a56cc-66bf-4dd0-a60b-f7a596e43c08,0,dry,weak_expert,2,0.30306579897485786,1,0,rf__trees300__depth10__leaf5__features0p1,mean,0
33ed7ec5-c28f-4397-90ac-f64af5d0393e,0,dry,weak_expert,2,0.3836713196670588,1,0,rf__trees300__depth10__leaf5__features0p1,mean,0
341ff20f-b75f-4d5a-8ee9-38ba198ed6ec,0,dry,weak_expert,2,0.17311258856981565,1,0,rf__trees300__depth10__leaf5__features0p1,mean,0
34fa8ed4-a911-4def-9272-d26e56dd05d2,0,dry,weak_expert,2,0.18435198379431106,1,0,rf__trees300__depth10__leaf5__features0p1,mean,0
353bb06f-a51c-4646-b890-d7fd3529e0e2,0,dry,weak_expert,2,0.5229083895538547,1,1,rf__trees300__depth10__leaf5__features0p1,mean,1
35ee826c-b4e1-40ae-9873-7df156071b7b,0,dry,weak_expert,2,0.18990577519289356,1,0,rf__trees300__depth10__leaf5__features0p1,mean,0
362c55e4-0bb0-4295-9dc3-be1e1e7e95a4,0,dry,weak_expert,2,0.22268217420009573,1,0,rf__trees300__depth10__leaf5__features0p1,mean,0
37347587-048a-4a1c-a100-7cf820711428,0,dry,weak_expert,2,0.2810812815786165,1,0,rf__trees300__depth10__leaf5__features0p1,mean,0
38578eb5-eef4-4c69-9e08-cbda1065b9d0,0,dry,weak_expert,2,0.20731025607823178,1,0,rf__trees300__depth10__leaf5__features0p1,mean,0
3a3e7613-0749-40ca-bec3-fbe8070a9719,0,dry,weak_expert,2,0.06100125749700036,1,0,rf__trees300__depth10__leaf5__features0p1,mean,0
3a6d3a21-4c29-47a9-9146-913edb738bca,0,dry,weak_expert,2,0.5282332528122363,1,1,rf__trees300__depth10__leaf5__features0p1,mean,1
3b6a0157-04a2-46cd-b5a7-299595293a2d,0,dry,weak_expert,2,0.3877729893932791,1,0,rf__trees300__depth10__leaf5__features0p1,mean,0
3b917045-a264-4e3c-9a70-491e49448c36,0,dry,weak_expert,2,0.3171549825433559,1,0,rf__trees300__depth10__leaf5__features0p1,mean,0
3cb4dbb6-d191-4331-bcdb-eec0f100484a,0,dry,weak_expert,2,0.42410142874258017,1,0,rf__trees300__depth10__leaf5__features0p1,mean,0
3d8a71a7-e94f-425c-8b92-09aceddcd063,0,dry,weak_expert,2,0.2698076269466272,1,0,rf__trees300__depth10__leaf5__features0p1,mean,0
3e231461-a679-4e96-8fcc-07480b6309c1,0,dry,weak_expert,2,0.19482208020908465,1,0,rf__trees300__depth10__leaf5__features0p1,mean,0
3ef8a638-8f4c-4018-8e25-dfd817979599,0,dry,weak_expert,2,0.27044948706769195,1,0,rf__trees300__depth10__leaf5__features0p1,mean,0
41c95439-7a27-4f01-8aba-4a0640b4683e,0,dry,weak_expert,2,0.4415103267304326,1,1,rf__trees300__depth10__leaf5__features0p1,mean,0
4260e6fd-0a12-48de-9bfd-1b8644c2186b,0,dry,gold_expert,2,0.4078149326541561,1,0,rf__trees300__depth10__leaf5__features0p1,mean,0
4376cf7a-db13-4730-b2bd-890bd5e5cb8b,0,dry,weak_expert,2,0.2716590830493384,1,0,rf__trees300__depth10__leaf5__features0p1,mean,0
43e83454-4324-4f0d-8ff5-02c53b4781c8,0,dry,weak_expert,2,0.5494553458581362,1,1,rf__trees300__depth10__leaf5__features0p1,mean,1
449b3a31-6ec1-4e6a-bb90-4cf63b07c8be,0,dry,weak_expert,2,0.3610008070642915,1,0,rf__trees300__depth10__leaf5__features0p1,mean,0
44c16fe2-1d25-4964-b32d-61ce832599c1,0,dry,weak_expert,2,0.23572042891854664,1,0,rf__trees300__depth10__leaf5__features0p1,mean,0
47041a03-16e8-4a03-b343-8d5e69afcd5c,0,dry,weak_expert,2,0.4779993088850474,1,1,rf__trees300__depth10__leaf5__features0p1,mean,0
4763797e-e24f-4af4-a449-d60bbc9079cb,0,dry,weak_expert,2,0.14945073867393974,1,0,rf__trees300__depth10__leaf5__features0p1,mean,0
47edb277-7f3c-426d-8e14-a0385f3c1b77,0,dry,weak_expert,2,0.13498158767543095,1,0,rf__trees300__depth10__leaf5__features0p1,mean,0
486dd43d-63a6-4ad6-8a00-2787b31c245e,0,dry,weak_expert,2,0.0685286114489833,1,0,rf__trees300__depth10__leaf5__features0p1,mean,0
48d28621-e417-47ae-ab2b-54e659e9df04,0,dry,weak_expert,2,0.3090419936668226,1,0,rf__trees300__depth10__leaf5__features0p1,mean,0
48f84033-8615-4805-b2a5-d84050d3951b,0,dry,weak_expert,2,0.3206223442371149,1,0,rf__trees300__depth10__leaf5__features0p1,mean,0
49f7f1de-5199-4291-b906-f058a8dc74d9,0,dry,weak_expert,2,0.22723866008355506,1,0,rf__trees300__depth10__leaf5__features0p1,mean,0
4a39216d-fdac-4a28-b2cc-367e39d098aa,0,dry,weak_expert,2,0.3982263494646185,1,0,rf__trees300__depth10__leaf5__features0p1,mean,0
4afa3822-6de3-4877-b5ee-2e4e7ffb9081,0,dry,weak_expert,2,0.40086963966853434,1,0,rf__trees300__depth10__leaf5__features0p1,mean,0
4e052563-ff5b-47b1-92c2-dc4ba0ac8fbc,0,dry,weak_expert,2,0.1878273677851573,1,0,rf__trees300__depth10__leaf5__features0p1,mean,0
4f51059b-0e34-4ae8-8ea8-66630d9b147b,0,dry,weak_expert,2,0.494290527843883,1,1,rf__trees300__depth10__leaf5__features0p1,mean,0
4fa3ac8d-f252-40d6-bccd-24aa5e35556c,0,dry,weak_expert,2,0.19300713708083306,1,0,rf__trees300__depth10__leaf5__features0p1,mean,0
506b5606-cecb-4fba-8723-c4a2bfb8b038,0,dry,weak_expert,2,0.2560071416762005,1,0,rf__trees300__depth10__leaf5__features0p1,mean,0
510640bb-d6db-483f-a754-c5fa1eaaa388,0,dry,gold_expert,2,0.16144088227338454,1,0,rf__trees300__depth10__leaf5__features0p1,mean,0
5132cf1f-33ea-489a-83c4-9e428f1646a7,0,dry,weak_expert,2,0.35995173030073196,1,0,rf__trees300__depth10__leaf5__features0p1,mean,0
51e2e40b-f1cd-45ba-ad05-8219c595235c,0,dry,weak_expert,2,0.3428571248680173,1,0,rf__trees300__depth10__leaf5__features0p1,mean,0
52047339-5625-493f-903a-e0c1950353b3,0,dry,weak_expert,2,0.3225772997897659,1,0,rf__trees300__depth10__leaf5__features0p1,mean,0
522a43ec-3d80-43e4-97c9-c21ceb8b7a63,0,dry,weak_expert,2,0.194390323532064,1,0,rf__trees300__depth10__leaf5__features0p1,mean,0
539a8ff2-b70e-4d5d-9799-53bf23cf3acf,0,dry,weak_expert,2,0.19420248479144256,1,0,rf__trees300__depth10__leaf5__features0p1,mean,0
5402221a-1b2a-4472-ba3e-f5cfc04f18f0,0,dry,weak_expert,2,0.5496585055350448,1,1,rf__trees300__depth10__leaf5__features0p1,mean,1
55cb1a15-6513-4602-8f59-ecdb5681248c,0,dry,weak_expert,2,0.41624773806988624,1,0,rf__trees300__depth10__leaf5__features0p1,mean,0
55d0ed26-a7a2-418d-b326-d0bd29a3f19c,0,dry,weak_expert,2,0.20233332837260953,1,0,rf__trees300__depth10__leaf5__features0p1,mean,0
5683cd42-347e-4fbf-8cd5-aa60c3e5b6cc,0,dry,weak_expert,2,0.24232938649086408,1,0,rf__trees300__depth10__leaf5__features0p1,mean,0
57c25c39-f510-44e3-9ca0-0f694c81a440,0,dry,weak_expert,2,0.4546577137956811,1,1,rf__trees300__depth10__leaf5__features0p1,mean,0
57e1df06-5e7a-451e-8ffa-6aeaeb732192,0,dry,weak_expert,2,0.32387179535112165,1,0,rf__trees300__depth10__leaf5__features0p1,mean,0
583bcee8-db16-4027-b767-cd74e9433cba,0,dry,weak_expert,2,0.1315057071153962,1,0,rf__trees300__depth10__leaf5__features0p1,mean,0
58970bd3-2993-4762-8b21-0c5a2937c16b,0,dry,weak_expert,2,0.2587939418901362,1,0,rf__trees300__depth10__leaf5__features0p1,mean,0
5ac1a9c3-b135-4589-95dc-cf2a222265f8,0,dry,weak_expert,2,0.241531464224553,1,0,rf__trees300__depth10__leaf5__features0p1,mean,0
5be10c89-4c9a-495e-8671-f445f51a3fe0,0,dry,gold_expert,2,0.3522810107310485,1,0,rf__trees300__depth10__leaf5__features0p1,mean,0
5e232ea7-d639-4ec9-99b2-1829528cdf1c,0,dry,weak_expert,2,0.33976127823632996,1,0,rf__trees300__depth10__leaf5__features0p1,mean,0
5e6d9fe2-f660-49d8-8258-96fc6518187d,0,dry,weak_expert,2,0.3145246399946464,1,0,rf__trees300__depth10__leaf5__features0p1,mean,0
5ef9fa57-cf7d-4964-a001-05fd72063add,0,dry,weak_expert,2,0.3925397537566293,1,0,rf__trees300__depth10__leaf5__features0p1,mean,0
60c3afcc-fe9b-4d91-b713-0ab357d5c825,0,dry,weak_expert,2,0.33171396971516043,1,0,rf__trees300__depth10__leaf5__features0p1,mean,0
6208f70a-1cd0-4428-a68e-b3db1bc8abf7,0,dry,weak_expert,2,0.5168877536869855,1,1,rf__trees300__depth10__leaf5__features0p1,mean,1
6308a83f-58f0-4cd8-be25-5c75b8883126,0,dry,weak_expert,2,0.09929117963972753,1,0,rf__trees300__depth10__leaf5__features0p1,mean,0
639c6225-edd2-4f9c-8c7f-5fedd57ef73f,0,dry,weak_expert,2,0.23090607402203422,1,0,rf__trees300__depth10__leaf5__features0p1,mean,0
668c6e03-edc6-45aa-98d1-429fe5bd92fa,0,dry,weak_expert,2,0.39563196077101803,1,0,rf__trees300__depth10__leaf5__features0p1,mean,0
67b68c39-caf5-46b1-b8da-7f2fd9068a5a,0,dry,weak_expert,2,0.26951061901353884,1,0,rf__trees300__depth10__leaf5__features0p1,mean,0
6868da77-a36a-4fb4-afa5-aba26bd2bbd5,0,dry,weak_expert,2,0.47800517651490043,1,1,rf__trees300__depth10__leaf5__features0p1,mean,0
70bd76c5-bfc6-4a4d-9942-47588699c714,0,dry,weak_expert,2,0.23333594783659778,1,0,rf__trees300__depth10__leaf5__features0p1,mean,0
724ff070-52ab-48e8-8e85-f6431a9d2869,0,dry,weak_expert,2,0.2963824249500684,1,0,rf__trees300__depth10__leaf5__features0p1,mean,0
729d23d1-9abd-44df-8b05-22217b1ffbdf,0,dry,weak_expert,2,0.22667256314904538,1,0,rf__trees300__depth10__leaf5__features0p1,mean,0
7336b77f-6873-4e2c-837d-2ef925a3d33e,0,dry,weak_expert,2,0.33499358817846764,1,0,rf__trees300__depth10__leaf5__features0p1,mean,0
74c47154-dc42-4f14-8285-b5a507ef9463,0,dry,weak_expert,2,0.11774091632016914,1,0,rf__trees300__depth10__leaf5__features0p1,mean,0
751c4649-2d74-46f1-a873-b0d40946e145,0,dry,weak_expert,2,0.5273777179148517,1,1,rf__trees300__depth10__leaf5__features0p1,mean,1
756d7aa4-e12a-4eb3-b119-2b8a7db0abb6,0,dry,weak_expert,2,0.27965229167104666,1,0,rf__trees300__depth10__leaf5__features0p1,mean,0
76521f70-dec6-4d64-8378-a0dbb1f5c724,0,dry,weak_expert,2,0.1211764154551236,1,0,rf__trees300__depth10__leaf5__features0p1,mean,0
7668e116-b279-4ee0-90f6-dff5be2df938,0,dry,weak_expert,2,0.3367372010584787,1,0,rf__trees300__depth10__leaf5__features0p1,mean,0
7672fa5b-277c-40e4-98e7-bca978acfe9e,0,dry,weak_expert,2,0.2189841882736801,1,0,rf__trees300__depth10__leaf5__features0p1,mean,0
76779311-1f9c-40b5-845d-bde19b0d9c0e,0,dry,weak_expert,2,0.35682324488523176,1,0,rf__trees300__depth10__leaf5__features0p1,mean,0
78bba857-d1c8-4a56-86d5-650911bad154,0,dry,weak_expert,2,0.40050468708800985,1,0,rf__trees300__depth10__leaf5__features0p1,mean,0
7a92755e-90c8-4491-a7ec-36b3d9a74ceb,0,dry,weak_expert,2,0.08117882997030042,1,0,rf__trees300__depth10__leaf5__features0p1,mean,0
7a94b3ae-2fd8-48f3-b15d-34c157c21e8f,0,dry,weak_expert,2,0.49781611569931244,1,1,rf__trees300__depth10__leaf5__features0p1,mean,0
7e4cf3ef-9c9a-43ff-8e0e-527eddeff067,0,dry,weak_expert,2,0.4324800338203986,1,0,rf__trees300__depth10__leaf5__features0p1,mean,0
7ec311f3-c48a-4b46-81dd-de4ffca3610c,0,dry,weak_expert,2,0.193241547454321,1,0,rf__trees300__depth10__leaf5__features0p1,mean,0
7f64a4ba-035c-41e1-a7d0-34f60d160648,0,dry,weak_expert,2,0.48474337028406095,1,1,rf__trees300__depth10__leaf5__features0p1,mean,0
80ef7fb3-fa42-4539-8109-bac59586b80d,0,dry,weak_expert,2,0.34667189705598367,1,0,rf__trees300__depth10__leaf5__features0p1,mean,0
818197ee-acaf-48e1-8776-1c70942a4ced,0,dry,gold_expert,2,0.3321453982835283,1,0,rf__trees300__depth10__leaf5__features0p1,mean,0
82a7bdf0-56fb-426c-9dc6-7811ee82ece2,0,dry,weak_expert,2,0.18193361133118077,1,0,rf__trees300__depth10__leaf5__features0p1,mean,0
8395f784-e828-4c74-a856-e49cdb1074ef,0,dry,weak_expert,2,0.41325304976667354,1,0,rf__trees300__depth10__leaf5__features0p1,mean,0
84f7f9eb-ce07-4ace-8c02-d83360a25db4,0,dry,weak_expert,2,0.2294855766003549,1,0,rf__trees300__depth10__leaf5__features0p1,mean,0
86154e17-8089-4f5a-9dfb-427f4e5a9583,0,dry,weak_expert,2,0.4158518589558344,1,0,rf__trees300__depth10__leaf5__features0p1,mean,0
880d7516-b583-45c9-9012-949148905250,0,dry,weak_expert,2,0.46227119331875466,1,1,rf__trees300__depth10__leaf5__features0p1,mean,0
885278b4-30ed-4dd7-a813-f0e2706a12ba,0,dry,weak_expert,2,0.1749135917853066,1,0,rf__trees300__depth10__leaf5__features0p1,mean,0
88571a5b-7d25-4373-86f8-f784dbceabec,0,dry,gold_expert,2,0.20515808283138848,1,0,rf__trees300__depth10__leaf5__features0p1,mean,0
89a9d33a-38ac-4927-914b-79d448519c72,0,dry,weak_expert,2,0.38066793066859794,1,0,rf__trees300__depth10__leaf5__features0p1,mean,0
8a4486c3-9d2f-47cf-82ec-998b7f59e8f2,0,dry,weak_expert,2,0.4805544307605383,1,1,rf__trees300__depth10__leaf5__features0p1,mean,0
8b50115d-5e51-4fa0-9521-f6ecc0b6527d,0,dry,weak_expert,2,0.3086561419112267,1,0,rf__trees300__depth10__leaf5__features0p1,mean,0
8c509a42-be60-4f6c-b5a8-5f304d5caff7,0,dry,weak_expert,2,0.38562980581719536,1,0,rf__trees300__depth10__leaf5__features0p1,mean,0
8e381f25-6bc9-4b5e-b221-f92e340e71b9,0,dry,weak_expert,2,0.43171924238466775,1,0,rf__trees300__depth10__leaf5__features0p1,mean,0
8e9e20cd-78c6-414d-91fb-c99092255bd6,0,dry,weak_expert,2,0.23010370959317333,1,0,rf__trees300__depth10__leaf5__features0p1,mean,0
8ef63129-6889-4095-8e2f-562ddee8069e,0,dry,weak_expert,2,0.28801633303321605,1,0,rf__trees300__depth10__leaf5__features0p1,mean,0
8f71aa36-4f94-4726-9def-b98b63f03a27,0,dry,weak_expert,2,0.2993117021983715,1,0,rf__trees300__depth10__leaf5__features0p1,mean,0
900e0342-6ad8-48f0-8cbc-e8f1950541df,0,dry,weak_expert,2,0.14772843135888575,1,0,rf__trees300__depth10__leaf5__features0p1,mean,0
90df4728-8750-4646-a0a4-027f2c9cd544,0,dry,weak_expert,2,0.285387600889681,1,0,rf__trees300__depth10__leaf5__features0p1,mean,0
9255b8a3-43a2-4c4d-a858-9ddc45bb506b,0,dry,weak_expert,2,0.08853774980603385,1,0,rf__trees300__depth10__leaf5__features0p1,mean,0
92d33463-e1bd-490e-8a8d-adb7bfb0b24e,0,dry,weak_expert,2,0.14628655499556611,1,0,rf__trees300__depth10__leaf5__features0p1,mean,0
9333c624-ef59-44f6-9643-fa9b2485c173,0,dry,gold_expert,2,0.13484748632266588,1,0,rf__trees300__depth10__leaf5__features0p1,mean,0
93d85777-43fb-4fbf-a63b-95434133437b,0,dry,weak_expert,2,0.07484429083540736,1,0,rf__trees300__depth10__leaf5__features0p1,mean,0
977592cb-c1f2-4b5e-bad1-6132b5cd2ad0,0,dry,weak_expert,2,0.27955645526829137,1,0,rf__trees300__depth10__leaf5__features0p1,mean,0
9b1454f3-7e95-4b04-9369-ba923145c84c,0,dry,weak_expert,2,0.3959507076704241,1,0,rf__trees300__depth10__leaf5__features0p1,mean,0
9cc8c2de-8733-4e5b-a18d-5bf9a5166c85,0,dry,weak_expert,2,0.4627390535085853,1,1,rf__trees300__depth10__leaf5__features0p1,mean,0
9d03d2b0-dde8-4a31-b4a8-7bb87e98750f,0,dry,weak_expert,2,0.10737288232792205,1,0,rf__trees300__depth10__leaf5__features0p1,mean,0
9dc66677-d2a0-4c56-8a4d-74177f49ba1e,0,dry,weak_expert,2,0.30785210696940696,1,0,rf__trees300__depth10__leaf5__features0p1,mean,0
9e4f4e7b-541e-4e88-80c8-458f62c12825,0,dry,weak_expert,2,0.24053764340983,1,0,rf__trees300__depth10__leaf5__features0p1,mean,0
9f2e5d96-7ac5-4b6b-8d67-afebd051d2e1,0,dry,weak_expert,2,0.3999687540489727,1,0,rf__trees300__depth10__leaf5__features0p1,mean,0
9f4dfad5-c175-4a75-b3ac-cdc08e72b98c,0,dry,weak_expert,2,0.2531906499399521,1,0,rf__trees300__depth10__leaf5__features0p1,mean,0
a08ada1f-32e6-40cf-9513-57cf411cf97d,0,dry,weak_expert,2,0.48016228336485295,1,1,rf__trees300__depth10__leaf5__features0p1,mean,0
a0bd7465-ae76-40cd-903b-3591ed9595db,0,dry,weak_expert,2,0.31776173904814453,1,0,rf__trees300__depth10__leaf5__features0p1,mean,0
a1ffec02-864d-4739-8725-1f7487fee29c,0,dry,weak_expert,2,0.4332655388682853,1,1,rf__trees300__depth10__leaf5__features0p1,mean,0
a286fb10-67fa-432e-80b1-e3f3992f4f95,0,dry,weak_expert,2,0.2596515207394842,1,0,rf__trees300__depth10__leaf5__features0p1,mean,0
a28776b5-b876-47ac-8973-9ca280156608,0,dry,weak_expert,2,0.13146540723479985,1,0,rf__trees300__depth10__leaf5__features0p1,mean,0
a2f3af55-0c64-4b6a-af94-35566bbdcf74,0,dry,weak_expert,2,0.3318923076168823,1,0,rf__trees300__depth10__leaf5__features0p1,mean,0
a3a67ea5-43d5-4b74-8176-0230d2281efb,0,dry,weak_expert,2,0.21584182376987243,1,0,rf__trees300__depth10__leaf5__features0p1,mean,0
a3f71947-b7ec-4fd4-a091-987a2859d5e1,0,dry,weak_expert,2,0.41259056290055085,1,0,rf__trees300__depth10__leaf5__features0p1,mean,0
a426cca7-528f-41d3-aba4-b717699e45d5,0,dry,weak_expert,2,0.29376892004190225,1,0,rf__trees300__depth10__leaf5__features0p1,mean,0
a523b86d-a88a-450b-a778-bb131e1e0865,0,dry,weak_expert,2,0.35989300030655896,1,0,rf__trees300__depth10__leaf5__features0p1,mean,0
a5e352b6-3f84-4374-9551-15e14383c27b,0,dry,weak_expert,2,0.20202992317973373,1,0,rf__trees300__depth10__leaf5__features0p1,mean,0
a684a1c0-e2de-4ae2-b1a1-cca613005bd5,0,dry,weak_expert,2,0.3129651025899052,1,0,rf__trees300__depth10__leaf5__features0p1,mean,0
a6c4aa4b-eaa9-457f-a077-98eba5b8ad0e,0,dry,weak_expert,2,0.21857215094291704,1,0,rf__trees300__depth10__leaf5__features0p1,mean,0
a8eeb6e9-2034-4c15-8fea-525fdfb3ef3c,0,dry,weak_expert,2,0.3420276369696948,1,0,rf__trees300__depth10__leaf5__features0p1,mean,0
aa0d68d2-690e-4341-9a83-c041c6abfcea,0,dry,weak_expert,2,0.452553771509769,1,1,rf__trees300__depth10__leaf5__features0p1,mean,0
aa4877b2-4820-422b-affe-c3d31c1fc70a,0,dry,weak_expert,2,0.2676897804297748,1,0,rf__trees300__depth10__leaf5__features0p1,mean,0
abb1586c-6a06-4667-8407-5574b4cc78e3,0,dry,weak_expert,2,0.10881464953905744,1,0,rf__trees300__depth10__leaf5__features0p1,mean,0
acaf0afa-64f0-4c09-b764-24f8b3f5dff0,0,dry,weak_expert,2,0.5323323015469913,1,1,rf__trees300__depth10__leaf5__features0p1,mean,1
acd3adc4-4f5c-4144-8dd6-3ea2063845db,0,dry,weak_expert,2,0.2473396501015361,1,0,rf__trees300__depth10__leaf5__features0p1,mean,0
ae24d283-6e7d-4677-a6c0-c8de2fc87422,0,dry,weak_expert,2,0.14245486728888815,1,0,rf__trees300__depth10__leaf5__features0p1,mean,0
ae5dcf74-bf11-47a3-b0d6-c668a0794d8a,0,dry,weak_expert,2,0.16623477514520288,1,0,rf__trees300__depth10__leaf5__features0p1,mean,0
b010f28f-e601-49de-9293-fb65fdad2dd4,0,dry,gold_expert,2,0.18220315262693423,1,0,rf__trees300__depth10__leaf5__features0p1,mean,0
b05935c3-68d7-4a28-aea9-f92fbe295c6c,0,dry,gold_expert,2,0.1463272763270471,1,0,rf__trees300__depth10__leaf5__features0p1,mean,0
b0f208f9-2bb8-4de3-b144-ecc04a5e10d3,0,dry,weak_expert,2,0.6110084057812144,1,1,rf__trees300__depth10__leaf5__features0p1,mean,1
b2880c03-b9df-4fab-b2cf-a82eb3ab97f8,0,dry,weak_expert,2,0.46271172973881497,1,1,rf__trees300__depth10__leaf5__features0p1,mean,0
b3889822-bf4c-4655-8d72-69593a4abda4,0,dry,weak_expert,2,0.19590377505521492,1,0,rf__trees300__depth10__leaf5__features0p1,mean,0
b4538358-d704-49f4-81a6-2888dfc4b309,0,dry,weak_expert,2,0.20215745163570445,1,0,rf__trees300__depth10__leaf5__features0p1,mean,0
b4d64d96-8bf9-413d-a165-e6deed6c4dba,0,dry,weak_expert,2,0.21780290755295303,1,0,rf__trees300__depth10__leaf5__features0p1,mean,0
b5880de4-b63e-4b27-9a51-35a5a6667af3,0,dry,weak_expert,2,0.12452144777599973,1,0,rf__trees300__depth10__leaf5__features0p1,mean,0
b5ec57dd-28bb-428d-a420-6617f7749a9a,0,dry,weak_expert,2,0.285554960954629,1,0,rf__trees300__depth10__leaf5__features0p1,mean,0
b694763f-70c6-4f29-bb00-0e8d7d7c9a0f,0,dry,weak_expert,2,0.21361917871800534,1,0,rf__trees300__depth10__leaf5__features0p1,mean,0
b6ad6b8e-d647-4a31-a414-3c79a1006e80,0,dry,weak_expert,2,0.15668642479031553,1,0,rf__trees300__depth10__leaf5__features0p1,mean,0
b74176fe-cc78-4daa-8541-10ba8968439d,0,dry,weak_expert,2,0.4588396816280457,1,1,rf__trees300__depth10__leaf5__features0p1,mean,0
b8d76cc3-378a-4ac6-9aef-0640c8473e7e,0,dry,weak_expert,2,0.5445799537016529,1,1,rf__trees300__depth10__leaf5__features0p1,mean,1
b986fda8-71e3-4de9-8702-5cc2c82b5faa,0,dry,weak_expert,2,0.300650530789947,1,0,rf__trees300__depth10__leaf5__features0p1,mean,0
bb6ce694-ca5a-4b1a-9460-8c4cbae05826,0,dry,weak_expert,2,0.4245262662273034,1,0,rf__trees300__depth10__leaf5__features0p1,mean,0
bbb221cc-8c5c-407d-9ae1-ae8ebd842504,0,dry,weak_expert,2,0.4420166282112397,1,1,rf__trees300__depth10__leaf5__features0p1,mean,0
bbd87814-fc8c-493a-907c-aeb18acf8e44,0,dry,weak_expert,2,0.5331929078353808,1,1,rf__trees300__depth10__leaf5__features0p1,mean,1
be9d7901-a0ae-4ef1-83f6-d58c5263cd96,0,dry,weak_expert,2,0.3167417010539388,1,0,rf__trees300__depth10__leaf5__features0p1,mean,0
bed17bfe-d49d-44a1-a3d1-40ae3249ec52,0,dry,weak_expert,2,0.32464561469862296,1,0,rf__trees300__depth10__leaf5__features0p1,mean,0
c07875ca-5e1a-4263-9a47-4c06f2b0fbe3,0,dry,weak_expert,2,0.3121027860760504,1,0,rf__trees300__depth10__leaf5__features0p1,mean,0
c1281451-b74b-4659-beb7-11669297e022,0,dry,weak_expert,2,0.5135369653991815,1,1,rf__trees300__depth10__leaf5__features0p1,mean,1
c29f01d2-870f-4aac-94ec-3699fc0ee32a,0,dry,weak_expert,2,0.43520938328988545,1,1,rf__trees300__depth10__leaf5__features0p1,mean,0
c5470e5f-81fd-4586-bfdb-7e94e7cce348,0,dry,weak_expert,2,0.30139244747532684,1,0,rf__trees300__depth10__leaf5__features0p1,mean,0
c5868d6c-a411-4f12-b563-0a418224c376,0,dry,weak_expert,2,0.5439027569436926,1,1,rf__trees300__depth10__leaf5__features0p1,mean,1
c587c70a-7489-4c3b-9696-ce1b715168ec,0,dry,weak_expert,2,0.19768983609382737,1,0,rf__trees300__depth10__leaf5__features0p1,mean,0
c5f4b9fe-04cd-441b-801f-ae24db6b2fc7,0,dry,weak_expert,2,0.2080194067449311,1,0,rf__trees300__depth10__leaf5__features0p1,mean,0
c66b8483-8310-437c-9e6d-ab3fc0aa5e98,0,dry,weak_expert,2,0.3367937511607623,1,0,rf__trees300__depth10__leaf5__features0p1,mean,0
c903ddd6-d205-411d-923a-60550e6aab1e,0,dry,weak_expert,2,0.36789604287494837,1,0,rf__trees300__depth10__leaf5__features0p1,mean,0
c91f0ba5-6d0e-415a-a27f-b9753d758533,0,dry,weak_expert,2,0.29680957346477593,1,0,rf__trees300__depth10__leaf5__features0p1,mean,0
ca4c3587-d044-4242-81e1-7a51e68db6a7,0,dry,weak_expert,2,0.20751660509755285,1,0,rf__trees300__depth10__leaf5__features0p1,mean,0
cbbef439-96c8-4dca-b3ff-f8491b7c8653,0,dry,weak_expert,2,0.19135127186204867,1,0,rf__trees300__depth10__leaf5__features0p1,mean,0
cd05d1d9-ed06-4fa7-b0d7-3e43c89eb45b,0,dry,weak_expert,2,0.12905082055096015,1,0,rf__trees300__depth10__leaf5__features0p1,mean,0
ce2634a4-1ad5-4e79-bb90-905c03e52afb,0,dry,weak_expert,2,0.23453815055945854,1,0,rf__trees300__depth10__leaf5__features0p1,mean,0
ce29aef9-0a86-42e6-ab49-258b8a6b1a5e,0,dry,weak_expert,2,0.28609478908690844,1,0,rf__trees300__depth10__leaf5__features0p1,mean,0
ce468c06-5a71-4498-8b0d-4d75551094b3,0,dry,weak_expert,2,0.4851856115543684,1,1,rf__trees300__depth10__leaf5__features0p1,mean,0
ce8ccb5f-c7a3-48e1-839a-a9c4cd71ab3a,0,dry,weak_expert,2,0.22896150689367356,1,0,rf__trees300__depth10__leaf5__features0p1,mean,0
d037aca5-7fce-402a-871e-d25601a69a8c,0,dry,weak_expert,2,0.42081134827196354,1,0,rf__trees300__depth10__leaf5__features0p1,mean,0
d2c91dbb-f9d3-4d93-ac4d-1b0245631c82,0,dry,weak_expert,2,0.1562754785326617,1,0,rf__trees300__depth10__leaf5__features0p1,mean,0
d7e71034-14a0-4ebb-870c-11bffb7d80d4,0,dry,gold_expert,2,0.3226331824515138,1,0,rf__trees300__depth10__leaf5__features0p1,mean,0
d801aaa2-a086-4213-a552-7dd6fbf53943,0,dry,weak_expert,2,0.08498429279598618,1,0,rf__trees300__depth10__leaf5__features0p1,mean,0
d86c823a-3599-4b67-8ec5-85546f1abb16,0,dry,weak_expert,2,0.43031899580257515,1,0,rf__trees300__depth10__leaf5__features0p1,mean,0
d92e70af-5bec-4d14-a60e-5a3806e24e75,0,dry,weak_expert,2,0.292634463598493,1,0,rf__trees300__depth10__leaf5__features0p1,mean,0
d9bbd789-3516-4bd1-982f-040ffd01eddf,0,dry,weak_expert,2,0.29717239600391876,1,0,rf__trees300__depth10__leaf5__features0p1,mean,0
da46c7ee-5342-4f0f-8326-fae957cdfcdf,0,dry,weak_expert,2,0.2306282471888987,1,0,rf__trees300__depth10__leaf5__features0p1,mean,0
dc245a1e-cce1-47f4-914f-e4fa8dbd9917,0,dry,weak_expert,2,0.3373792091230109,1,0,rf__trees300__depth10__leaf5__features0p1,mean,0
dc2d0ff1-8f06-4deb-a95f-bdac66488319,0,dry,weak_expert,2,0.20466372534983243,1,0,rf__trees300__depth10__leaf5__features0p1,mean,0
dc82a3d2-e9bb-40d2-8451-16ad60e188f2,0,dry,weak_expert,2,0.43841724098140217,1,1,rf__trees300__depth10__leaf5__features0p1,mean,0
deca9f96-463f-4198-baf0-19c42446ec19,0,dry,weak_expert,2,0.3296399106514404,1,0,rf__trees300__depth10__leaf5__features0p1,mean,0
dee8c009-e2f7-4258-9c17-98f8ef49345d,0,dry,weak_expert,2,0.2762777181941214,1,0,rf__trees300__depth10__leaf5__features0p1,mean,0
e0c631a6-5e7e-4f5a-8a07-d27f0ecbfb65,0,dry,weak_expert,2,0.213639037385361,1,0,rf__trees300__depth10__leaf5__features0p1,mean,0
e1259ecf-0b60-4106-9852-61c945065ab1,0,dry,weak_expert,2,0.3295801427708867,1,0,rf__trees300__depth10__leaf5__features0p1,mean,0
e2719794-cda2-484d-9147-7d526bd86148,0,dry,weak_expert,2,0.4213558208331774,1,0,rf__trees300__depth10__leaf5__features0p1,mean,0
e4740bf9-f9ea-47f9-9fbd-1a285654a9de,0,dry,weak_expert,2,0.2607174130682998,1,0,rf__trees300__depth10__leaf5__features0p1,mean,0
e5309e82-43fc-4aac-9bd7-200c3b4e926d,0,dry,weak_expert,2,0.22633251764315424,1,0,rf__trees300__depth10__leaf5__features0p1,mean,0
e586aff4-968f-4299-b092-3e9a59472689,0,dry,weak_expert,2,0.35972491470845913,1,0,rf__trees300__depth10__leaf5__features0p1,mean,0
e614bfdf-0264-4094-8585-a1cd4068f503,0,dry,weak_expert,2,0.2814500912324858,1,0,rf__trees300__depth10__leaf5__features0p1,mean,0
e695a385-83cf-48d7-9595-ab9cf8923359,0,dry,weak_expert,2,0.2718752720402051,1,0,rf__trees300__depth10__leaf5__features0p1,mean,0
e6aa50ad-6ca4-4187-aca1-6e5915e1d691,0,dry,weak_expert,2,0.21885467382838703,1,0,rf__trees300__depth10__leaf5__features0p1,mean,0
e83d9943-0a3b-4492-a260-25dffff666b2,0,dry,weak_expert,2,0.2621832347268734,1,0,rf__trees300__depth10__leaf5__features0p1,mean,0
e8fe6b8b-a7be-404d-95a5-5da7f4efe0e8,0,dry,weak_expert,2,0.26602303901876656,1,0,rf__trees300__depth10__leaf5__features0p1,mean,0
e9d0b8ba-4bb5-46c6-a1a6-3d3f68fc0c19,0,dry,weak_expert,2,0.37729933181301856,1,0,rf__trees300__depth10__leaf5__features0p1,mean,0
eb8828a2-ec95-4e4d-883d-7795322a0079,0,dry,weak_expert,2,0.14950534307881505,1,0,rf__trees300__depth10__leaf5__features0p1,mean,0
ed19d797-397f-4218-8412-14d7f5c25780,0,dry,weak_expert,2,0.36452661707466427,1,0,rf__trees300__depth10__leaf5__features0p1,mean,0
ed988dfa-0bc8-409d-adea-4b44350ad946,0,dry,weak_expert,2,0.16910185133163658,1,0,rf__trees300__depth10__leaf5__features0p1,mean,0
edd0f863-340f-4e5b-b4ce-a0ef86db8d9a,0,dry,weak_expert,2,0.20435490295678707,1,0,rf__trees300__depth10__leaf5__features0p1,mean,0
ee675fea-3d85-4c06-acec-3c69d26986e7,0,dry,weak_expert,2,0.3397058357246092,1,0,rf__trees300__depth10__leaf5__features0p1,mean,0
efe41fcb-0a86-4fd3-ad6c-e85f4cde8550,0,dry,weak_expert,2,0.11997423948080273,1,0,rf__trees300__depth10__leaf5__features0p1,mean,0
f028405b-2f4f-4379-ba3e-acc7a69f90be,0,dry,weak_expert,2,0.690713026632944,1,1,rf__trees300__depth10__leaf5__features0p1,mean,1
f06dc4f4-26ec-4743-940c-505fb4dea0cb,0,dry,weak_expert,2,0.24074682401205502,1,0,rf__trees300__depth10__leaf5__features0p1,mean,0
f3032d2e-cfa8-4725-88dd-1e3ca0b563f8,0,dry,weak_expert,2,0.20878633928098844,1,0,rf__trees300__depth10__leaf5__features0p1,mean,0
f3f25a4e-536f-4fe4-b038-7428fc916411,0,dry,weak_expert,2,0.4171043391316773,1,0,rf__trees300__depth10__leaf5__features0p1,mean,0
f4e86ede-7444-4325-bcf8-bfd540e8ce43,0,dry,weak_expert,2,0.25963443080171106,1,0,rf__trees300__depth10__leaf5__features0p1,mean,0
f4ea2005-309b-4c9a-84b2-6ed938532d05,0,dry,weak_expert,2,0.2106846111172099,1,0,rf__trees300__depth10__leaf5__features0p1,mean,0
f6dc47c2-d5f1-4153-b9a9-7ee1419cbae5,0,dry,weak_expert,2,0.2667014946746807,1,0,rf__trees300__depth10__leaf5__features0p1,mean,0
f7d1f28a-e3a8-4dd9-b7ec-93e04ee023a0,0,dry,weak_expert,2,0.3613873162118264,1,0,rf__trees300__depth10__leaf5__features0p1,mean,0
f9dd0931-616e-426c-85cb-c431ddf06e7d,0,dry,weak_expert,2,0.39131280208308294,1,0,rf__trees300__depth10__leaf5__features0p1,mean,0
fa3cbbd0-dcbb-4ce7-a658-d87644a69946,0,dry,weak_expert,2,0.09977202137425521,1,0,rf__trees300__depth10__leaf5__features0p1,mean,0
fb0971e2-8ebf-459c-972d-b09d28ae0ca6,0,dry,weak_expert,2,0.3583254464050456,1,0,rf__trees300__depth10__leaf5__features0p1,mean,0
fb8f5c0b-93e0-4403-baea-26673d650b42,0,dry,weak_expert,2,0.3113851051307155,1,0,rf__trees300__depth10__leaf5__features0p1,mean,0
fd849b72-f4bf-4852-9bc2-fd9becc9571e,0,dry,weak_expert,2,0.30649137885616423,1,0,rf__trees300__depth10__leaf5__features0p1,mean,0
fd9c0574-c559-4301-bab9-bbf45e64ed40,0,dry,weak_expert,2,0.43581039387005877,1,1,rf__trees300__depth10__leaf5__features0p1,mean,0
ffd18a56-096d-40fc-9862-e5c5a8ca1fcd,0,dry,weak_expert,2,0.5830499332291613,1,1,rf__trees300__depth10__leaf5__features0p1,mean,1
008ba489-31ad-44d8-856b-fcf72369dc46,1,wet,weak_expert,2,0.24585459538553242,1,0,rf__trees300__depth10__leaf5__features0p1,mean,0
00bf9f83-2e8f-47cf-a4f2-97f2beceebc1,1,wet,weak_expert,2,0.3648465257667961,1,0,rf__trees300__depth10__leaf5__features0p1,mean,0
14a3c119-bee8-435a-9193-d2ce7cb84a03,1,wet,weak_expert,2,0.4752971370932995,1,1,rf__trees300__depth10__leaf5__features0p1,mean,0
1510dd92-a632-48ad-b5e7-1853a9e8e61d,1,wet,weak_expert,2,0.44007584008745826,1,1,rf__trees300__depth10__leaf5__features0p1,mean,0
1d120109-bee0-4597-8fc6-c8eaf97cab5c,1,wet,weak_expert,2,0.4529534817479936,1,1,rf__trees300__depth10__leaf5__features0p1,mean,0
21aee478-6d13-45ea-be4d-4f29fd244798,1,wet,weak_expert,2,0.3983904901811276,1,0,rf__trees300__depth10__leaf5__features0p1,mean,0
224ee66d-7c74-474d-8123-360b75ed739c,1,wet,weak_expert,2,0.30070261547599714,1,0,rf__trees300__depth10__leaf5__features0p1,mean,0
22975528-762e-4bd7-9f73-a3da0b485cb4,1,wet,weak_expert,2,0.21605327824204157,1,0,rf__trees300__depth10__leaf5__features0p1,mean,0
28d4e487-0d9d-4911-951d-5de7fcb5c986,1,wet,weak_expert,2,0.3576504567870902,1,0,rf__trees300__depth10__leaf5__features0p1,mean,0
30a6ca1c-0b72-4ad2-9226-e9bb06add48d,1,wet,weak_expert,2,0.4718461706137034,1,1,rf__trees300__depth10__leaf5__features0p1,mean,0
3278e364-afdd-4c39-9126-b8b4a4caf1c5,1,wet,gold_expert,2,0.3406628668777987,1,0,rf__trees300__depth10__leaf5__features0p1,mean,0
36d918eb-8f0c-4ab2-a7de-7aa27f58800c,1,wet,weak_expert,2,0.33631533980839284,1,0,rf__trees300__depth10__leaf5__features0p1,mean,0
3bd63a44-a443-4a3f-a1ec-ffc2540f7ed0,1,wet,weak_expert,2,0.1536844653904443,1,0,rf__trees300__depth10__leaf5__features0p1,mean,0
3f9a82e6-93b5-4d80-b8ae-09d36929d437,1,wet,weak_expert,2,0.45020628947709035,1,1,rf__trees300__depth10__leaf5__features0p1,mean,0
44276123-82cf-4aa0-abb6-a483c83b9852,1,wet,weak_expert,2,0.40632256899098784,1,0,rf__trees300__depth10__leaf5__features0p1,mean,0
459c949d-1074-4687-a911-e1b61753643c,1,wet,weak_expert,2,0.3661405530016974,1,0,rf__trees300__depth10__leaf5__features0p1,mean,0
4811b9fb-5369-478e-91ac-a6eb9a72005e,1,wet,weak_expert,2,0.2841390605946571,1,0,rf__trees300__depth10__leaf5__features0p1,mean,0
48834369-72f5-4bbb-847c-5636af5a6882,1,wet,weak_expert,2,0.3151226039993089,1,0,rf__trees300__depth10__leaf5__features0p1,mean,0
48bcd9fe-f974-46cc-910a-1b0307eaa336,1,wet,weak_expert,2,0.4935063861134759,1,1,rf__trees300__depth10__leaf5__features0p1,mean,0
48d078a6-6e5c-4e34-a562-3bd57d7688d6,1,wet,weak_expert,2,0.39920736347070274,1,0,rf__trees300__depth10__leaf5__features0p1,mean,0
4e8a8b2b-3437-4358-a1fc-407c04c51a0d,1,wet,weak_expert,2,0.6376068938421536,1,1,rf__trees300__depth10__leaf5__features0p1,mean,1
52339446-0c26-4d66-a776-9894b8bd196f,1,wet,weak_expert,2,0.31114055066996427,1,0,rf__trees300__depth10__leaf5__features0p1,mean,0
5ac60a58-ed8d-4b77-8338-fbefe993ad6e,1,wet,weak_expert,2,0.40766403616651903,1,0,rf__trees300__depth10__leaf5__features0p1,mean,0
5c434e8c-d6cc-4011-b4e8-013fc8183324,1,wet,weak_expert,2,0.25889698835037495,1,0,rf__trees300__depth10__leaf5__features0p1,mean,0
5e5bbcfe-9901-4fd8-9be7-d51ea7251cbe,1,wet,weak_expert,2,0.46776342557812456,1,1,rf__trees300__depth10__leaf5__features0p1,mean,0
5fdfbf5f-b4db-42ad-8971-275b616bcc72,1,wet,weak_expert,2,0.2220753104773452,1,0,rf__trees300__depth10__leaf5__features0p1,mean,0
616464a2-ee80-48e0-a96b-cd4464445162,1,wet,weak_expert,2,0.06960720968981103,1,0,rf__trees300__depth10__leaf5__features0p1,mean,0
64da4ad6-4280-49a1-bd37-e35efd7837c6,1,wet,weak_expert,2,0.35236194964371575,1,0,rf__trees300__depth10__leaf5__features0p1,mean,0
6a4726f8-f69e-423c-86be-f8d0c4975d4f,1,wet,weak_expert,2,0.22005220533782813,1,0,rf__trees300__depth10__leaf5__features0p1,mean,0
6d485342-6c82-4d58-8a54-d8777ceeca9b,1,wet,weak_expert,2,0.30620751558864173,1,0,rf__trees300__depth10__leaf5__features0p1,mean,0
71e56426-e99f-4c1a-b39a-55d7c687704c,1,wet,weak_expert,2,0.24264029423645692,1,0,rf__trees300__depth10__leaf5__features0p1,mean,0
72af1dd5-618e-47f2-a11f-f3a61d9b396f,1,wet,weak_expert,2,0.4434778506446214,1,1,rf__trees300__depth10__leaf5__features0p1,mean,0
77f4b676-9d1f-49d4-b694-49f2edb225bd,1,wet,weak_expert,2,0.25440847327193766,1,0,rf__trees300__depth10__leaf5__features0p1,mean,0
7b4e2b37-d42a-4184-a06a-d824c89fe264,1,wet,weak_expert,2,0.29962385575250483,1,0,rf__trees300__depth10__leaf5__features0p1,mean,0
7e5e71f2-c060-4f4c-9d80-1524981eadc5,1,wet,weak_expert,2,0.36166473993902576,1,0,rf__trees300__depth10__leaf5__features0p1,mean,0
805d5c82-a503-44a6-b69d-41532ebb859c,1,wet,weak_expert,2,0.31437469373512444,1,0,rf__trees300__depth10__leaf5__features0p1,mean,0
826697aa-c314-45d2-9a09-b726571ca407,1,wet,weak_expert,2,0.2439496651335962,1,0,rf__trees300__depth10__leaf5__features0p1,mean,0
864b3b33-c30b-4215-a6ad-66be69c07197,1,wet,weak_expert,2,0.2821648667726377,1,0,rf__trees300__depth10__leaf5__features0p1,mean,0
86bd5780-9af3-4e33-86ba-c0105ecd408e,1,wet,weak_expert,2,0.549222656567422,1,1,rf__trees300__depth10__leaf5__features0p1,mean,1
88a9b00f-205e-4fbc-9cda-1793f2c7600b,1,wet,weak_expert,2,0.48270281012712196,1,1,rf__trees300__depth10__leaf5__features0p1,mean,0
8905d5ea-2412-4222-93f8-95cd4455f8e4,1,wet,weak_expert,2,0.5508908914273045,1,1,rf__trees300__depth10__leaf5__features0p1,mean,1
8ac2ef46-05fb-4f68-bb2d-ca5b1e51ed7f,1,wet,weak_expert,2,0.6141410273937028,1,1,rf__trees300__depth10__leaf5__features0p1,mean,1
8bb8315c-9afe-4205-911f-222c912f980e,1,wet,weak_expert,2,0.5168688999761294,1,1,rf__trees300__depth10__leaf5__features0p1,mean,1
8c48edec-8c1f-4e36-b8a4-10576bf6f301,1,wet,weak_expert,2,0.5328763840099007,1,1,rf__trees300__depth10__leaf5__features0p1,mean,1
912af762-44df-4648-b48d-beba3435a401,1,wet,weak_expert,2,0.37617323354112303,1,0,rf__trees300__depth10__leaf5__features0p1,mean,0
9535fedb-ad1d-4d0d-969f-63b6400ebcb3,1,wet,weak_expert,2,0.5346065178306755,1,1,rf__trees300__depth10__leaf5__features0p1,mean,1
9caf2c7a-bc24-48c1-abbf-6a371dfc8d18,1,wet,weak_expert,2,0.533071547310529,1,1,rf__trees300__depth10__leaf5__features0p1,mean,1
9ea4d87d-e60f-4a02-94be-20d345222a84,1,wet,weak_expert,2,0.36638579874772403,1,0,rf__trees300__depth10__leaf5__features0p1,mean,0
9fa0f414-5e2c-4ae7-bbbc-0330decc929e,1,wet,weak_expert,2,0.5138097475965082,1,1,rf__trees300__depth10__leaf5__features0p1,mean,1
9fc30462-4e90-4b05-a9d4-f25b775d1794,1,wet,weak_expert,2,0.5430890911742623,1,1,rf__trees300__depth10__leaf5__features0p1,mean,1
ae0381a3-914d-42a2-8d3c-58a45db1be36,1,wet,weak_expert,2,0.4840970837451865,1,1,rf__trees300__depth10__leaf5__features0p1,mean,0
b9579f63-24fd-4e2f-8444-c087556984ea,1,wet,weak_expert,2,0.3570509637804517,1,0,rf__trees300__depth10__leaf5__features0p1,mean,0
bd132860-47c0-4ada-ab34-fa8b6b551685,1,wet,weak_expert,2,0.15682946868258324,1,0,rf__trees300__depth10__leaf5__features0p1,mean,0
bd64a8e8-ad6e-4062-8e99-99ef5caab05b,1,wet,weak_expert,2,0.5845909615843236,1,1,rf__trees300__depth10__leaf5__features0p1,mean,1
c3bcea97-1dfc-4978-88a2-654bd8303244,1,wet,weak_expert,2,0.27524527069592764,1,0,rf__trees300__depth10__leaf5__features0p1,mean,0
cf59244a-576d-471e-b853-9871be627fa8,1,wet,weak_expert,2,0.571087480110942,1,1,rf__trees300__depth10__leaf5__features0p1,mean,1
d014a758-b70b-4474-9de5-63f7061f95a6,1,wet,weak_expert,2,0.49554983521068685,1,1,rf__trees300__depth10__leaf5__features0p1,mean,0
d11e501c-6f48-4028-8198-9075c67ce238,1,wet,weak_expert,2,0.4920975052080207,1,1,rf__trees300__depth10__leaf5__features0p1,mean,0
d4e4b900-939e-48e9-ad9f-bf9eee425303,1,wet,weak_expert,2,0.4643540120133509,1,1,rf__trees300__depth10__leaf5__features0p1,mean,0
d5b05c83-3dab-4fc9-8db7-9f46bcb06cac,1,wet,weak_expert,2,0.22746293935775205,1,0,rf__trees300__depth10__leaf5__features0p1,mean,0
df17949b-3eb0-45a5-801b-7a7f3985031e,1,wet,weak_expert,2,0.5215726913457593,1,1,rf__trees300__depth10__leaf5__features0p1,mean,1
dfa97006-e494-4c73-ba46-2fe805aec1cd,1,wet,weak_expert,2,0.4500924146943731,1,1,rf__trees300__depth10__leaf5__features0p1,mean,0
e23dd9bb-9e34-4cc8-b3ba-cfa5222d9fd8,1,wet,weak_expert,2,0.2921749076564874,1,0,rf__trees300__depth10__leaf5__features0p1,mean,0
e247085a-cf34-45be-b3c1-3c609c7d2bf1,1,wet,weak_expert,2,0.24843813148122063,1,0,rf__trees300__depth10__leaf5__features0p1,mean,0
e2a72896-8aac-4254-81f4-97812b05d4d4,1,wet,weak_expert,2,0.6449579645697163,1,1,rf__trees300__depth10__leaf5__features0p1,mean,1
e31a34d6-2e8f-42b1-b633-7569897a8dc8,1,wet,weak_expert,2,0.2731842076890323,1,0,rf__trees300__depth10__leaf5__features0p1,mean,0
e3a0e232-dc03-478b-9f8c-b6d928cd01ab,1,wet,weak_expert,2,0.5715521520688465,1,1,rf__trees300__depth10__leaf5__features0p1,mean,1
e95fa8ec-64e5-4fb1-afdc-b70bac309dec,1,wet,weak_expert,2,0.20822848694539764,1,0,rf__trees300__depth10__leaf5__features0p1,mean,0
f19c0f7f-037c-4fbf-8f3a-5426894b232d,1,wet,weak_expert,2,0.5222434300216428,1,1,rf__trees300__depth10__leaf5__features0p1,mean,1
f23ee4be-d96c-43ff-a06c-99e1050b7ffe,1,wet,weak_expert,2,0.38812376893848644,1,0,rf__trees300__depth10__leaf5__features0p1,mean,0
f46c5215-8097-4891-bbd4-d4ac017c224c,1,wet,weak_expert,2,0.5435489984692119,1,1,rf__trees300__depth10__leaf5__features0p1,mean,1
f6171954-10f5-4991-9278-c54776d937ef,1,wet,weak_expert,2,0.5233227562728109,1,1,rf__trees300__depth10__leaf5__features0p1,mean,1
fe40afee-154b-4092-8626-baf91e2860ff,1,wet,weak_expert,2,0.37647597172128416,1,0,rf__trees300__depth10__leaf5__features0p1,mean,0
fed03a5c-6329-488c-a031-213ccdceabcf,1,wet,weak_expert,2,0.37623112452868,1,0,rf__trees300__depth10__leaf5__features0p1,mean,0
ff49f6b7-fa54-4780-a4be-b0594e628aae,1,wet,weak_expert,2,0.3314420663897675,1,0,rf__trees300__depth10__leaf5__features0p1,mean,0
01820f7c-b953-4faf-aa13-978cfda6b08e,0,dry,weak_expert,3,0.313454905610829,1,0,rf__trees300__depth10__leaf5__features0p1,mean,0
02805b36-5361-41f5-b41e-583ec496eff6,0,dry,weak_expert,3,0.11574474740885826,1,0,rf__trees300__depth10__leaf5__features0p1,mean,0
03430d6b-4554-4ffe-8c82-507832dc1d52,0,dry,weak_expert,3,0.2923746356604299,1,0,rf__trees300__depth10__leaf5__features0p1,mean,0
03cfc75c-88a0-4ca9-8ca4-4aa61e2dec37,0,dry,weak_expert,3,0.41229922466426666,1,0,rf__trees300__depth10__leaf5__features0p1,mean,0
06e9197b-9b40-4bde-bde8-9e78242a60ac,0,dry,weak_expert,3,0.3742769514820367,1,0,rf__trees300__depth10__leaf5__features0p1,mean,0
07c16495-d19c-47ad-ba39-d2e24f31d6e4,0,dry,weak_expert,3,0.4241353975658739,1,0,rf__trees300__depth10__leaf5__features0p1,mean,0
0aec66e3-47a5-4f3f-bec6-ad38d090b219,0,dry,weak_expert,3,0.30837992341455084,1,0,rf__trees300__depth10__leaf5__features0p1,mean,0
0b14b4fa-edf0-4595-89af-d4a69208205b,0,dry,weak_expert,3,0.3009126798045741,1,0,rf__trees300__depth10__leaf5__features0p1,mean,0
0b618a49-9562-4fa5-afb7-fce583b5a444,0,dry,weak_expert,3,0.1861523542903666,1,0,rf__trees300__depth10__leaf5__features0p1,mean,0
0c01c4ac-cfbf-45b9-80db-492f334aaf30,0,dry,weak_expert,3,0.4881468534324414,1,1,rf__trees300__depth10__leaf5__features0p1,mean,0
0f04746a-08e0-40a2-9431-2f57f9166720,0,dry,weak_expert,3,0.31291427150929035,1,0,rf__trees300__depth10__leaf5__features0p1,mean,0
0f1d05f5-1d1f-452c-be28-fb0c7b8085c4,0,dry,weak_expert,3,0.11978319576484937,1,0,rf__trees300__depth10__leaf5__features0p1,mean,0
0f79324e-9dc6-4f6c-8c13-2a3041f044d1,0,dry,weak_expert,3,0.2640972621205079,1,0,rf__trees300__depth10__leaf5__features0p1,mean,0
1080b72c-f243-4e5d-96e5-a9c12c0eaed0,0,dry,weak_expert,3,0.46221608993173674,1,1,rf__trees300__depth10__leaf5__features0p1,mean,0
125243ce-cda2-4412-a38c-474dd3875d1f,0,dry,weak_expert,3,0.47982519706658566,1,1,rf__trees300__depth10__leaf5__features0p1,mean,0
13b55d58-ad6d-4cb4-933e-80622a4ff240,0,dry,weak_expert,3,0.559512667035304,1,1,rf__trees300__depth10__leaf5__features0p1,mean,1
13ddcdda-6ec1-458f-938c-9f0515a9b642,0,dry,weak_expert,3,0.4575369380117866,1,1,rf__trees300__depth10__leaf5__features0p1,mean,0
178f39e2-a261-4ec6-a8fb-3f89c3c795bb,0,dry,weak_expert,3,0.3202855214325134,1,0,rf__trees300__depth10__leaf5__features0p1,mean,0
195f9381-cf35-45da-b0ae-cc4ed04e9283,0,dry,weak_expert,3,0.3003278129902396,1,0,rf__trees300__depth10__leaf5__features0p1,mean,0
1adbbc78-5322-4410-aa61-4048e5578325,0,dry,weak_expert,3,0.300382813627166,1,0,rf__trees300__depth10__leaf5__features0p1,mean,0
1c34e7b6-708b-412c-b934-4af1e2990f67,0,dry,weak_expert,3,0.2632383913805238,1,0,rf__trees300__depth10__leaf5__features0p1,mean,0
1c5bbc80-5166-427b-8204-298b5ef8a0f9,0,dry,weak_expert,3,0.2400416356990982,1,0,rf__trees300__depth10__leaf5__features0p1,mean,0
1ca49e1b-7b7a-4442-8603-a41083fc49e3,0,dry,weak_expert,3,0.2463809179097526,1,0,rf__trees300__depth10__leaf5__features0p1,mean,0
1cd13fe6-9d35-4a86-82ff-a9af6b90d70b,0,dry,weak_expert,3,0.26480213230015387,1,0,rf__trees300__depth10__leaf5__features0p1,mean,0
1d1b2daf-5b26-4176-b826-c521d25ee5c5,0,dry,weak_expert,3,0.08155027277705025,1,0,rf__trees300__depth10__leaf5__features0p1,mean,0
1dd3b212-e969-4ede-a9d9-f24b711e2028,0,dry,gold_expert,3,0.3466790443816945,1,0,rf__trees300__depth10__leaf5__features0p1,mean,0
1e13bf2c-1de7-4855-99a3-ec339694b7f2,0,dry,weak_expert,3,0.2102981669881507,1,0,rf__trees300__depth10__leaf5__features0p1,mean,0
1ed2eced-cfd7-4f12-917d-a59b7b024d01,0,dry,weak_expert,3,0.2758734198388666,1,0,rf__trees300__depth10__leaf5__features0p1,mean,0
21519b33-26a1-48ab-95e9-290188d9d7ed,0,dry,weak_expert,3,0.3928898691526288,1,0,rf__trees300__depth10__leaf5__features0p1,mean,0
21582038-eca3-4517-a16f-c34db540341b,0,dry,weak_expert,3,0.48123708148898725,1,1,rf__trees300__depth10__leaf5__features0p1,mean,0
217f4053-74b3-4e1b-92f3-24004064066b,0,dry,weak_expert,3,0.1563015881947403,1,0,rf__trees300__depth10__leaf5__features0p1,mean,0
22ac9dc4-858e-4db5-886e-792d7553e67f,0,dry,weak_expert,3,0.2555059591605203,1,0,rf__trees300__depth10__leaf5__features0p1,mean,0
23180623-c32f-4fa7-85db-2aaf72438824,0,dry,weak_expert,3,0.2730165389808949,1,0,rf__trees300__depth10__leaf5__features0p1,mean,0
239862c9-653a-46c7-ba74-2511aab54340,0,dry,weak_expert,3,0.1629983426047638,1,0,rf__trees300__depth10__leaf5__features0p1,mean,0
2532b7ae-20da-4dde-ab4e-46ffe1fdbe77,0,dry,weak_expert,3,0.4105755492639992,1,0,rf__trees300__depth10__leaf5__features0p1,mean,0
2561c0c9-c4d4-4d63-8c8a-610d6eafe593,0,dry,weak_expert,3,0.4898572843081637,1,1,rf__trees300__depth10__leaf5__features0p1,mean,0
25d5e8bc-0203-4909-aebb-00df700417b9,0,dry,weak_expert,3,0.3412917564669741,1,0,rf__trees300__depth10__leaf5__features0p1,mean,0
2989f5c7-1b1c-42aa-9f44-05e8d6fea729,0,dry,weak_expert,3,0.30720341583523897,1,0,rf__trees300__depth10__leaf5__features0p1,mean,0
29b6542b-6a40-474c-9eb1-787ebfbab90d,0,dry,weak_expert,3,0.11767351762245983,1,0,rf__trees300__depth10__leaf5__features0p1,mean,0
2a7328f9-4c7b-461e-8975-0809d0c49de9,0,dry,weak_expert,3,0.2995681753397985,1,0,rf__trees300__depth10__leaf5__features0p1,mean,0
2b22a1b8-5dc4-4674-9ebc-99d6a06e999c,0,dry,weak_expert,3,0.1255443389143988,1,0,rf__trees300__depth10__leaf5__features0p1,mean,0
2bb66cf8-ae01-4f8d-93d2-3bc4b08c08f8,0,dry,weak_expert,3,0.14432927601638235,1,0,rf__trees300__depth10__leaf5__features0p1,mean,0
2c333872-8c6f-4818-a011-7a5efb063509,0,dry,weak_expert,3,0.14939806856623938,1,0,rf__trees300__depth10__leaf5__features0p1,mean,0
2c802186-571e-41ff-8d7e-a273a68329da,0,dry,weak_expert,3,0.15310110820428344,1,0,rf__trees300__depth10__leaf5__features0p1,mean,0
2ca9e925-859f-417e-838b-681d77639839,0,dry,weak_expert,3,0.2937226774231033,1,0,rf__trees300__depth10__leaf5__features0p1,mean,0
2d945d23-990e-4f00-91a6-b4de59fcb2a6,0,dry,weak_expert,3,0.3243429222552004,1,0,rf__trees300__depth10__leaf5__features0p1,mean,0
2dd7dcf1-1065-4779-98ae-7e152ca3b1d5,0,dry,weak_expert,3,0.2270953355346997,1,0,rf__trees300__depth10__leaf5__features0p1,mean,0
2e0e732f-3cf5-4fb6-9762-aae4ab603d4d,0,dry,weak_expert,3,0.3654264935629863,1,0,rf__trees300__depth10__leaf5__features0p1,mean,0
2e687a52-6e9b-4343-9688-b96132f52f87,0,dry,weak_expert,3,0.18497340858534683,1,0,rf__trees300__depth10__leaf5__features0p1,mean,0
2e704c72-6b85-4241-b680-f74c2ab70ca7,0,dry,weak_expert,3,0.32570936316684895,1,0,rf__trees300__depth10__leaf5__features0p1,mean,0
2ee095c2-4dee-4696-9f85-5452bf9fc28f,0,dry,weak_expert,3,0.2852898991941322,1,0,rf__trees300__depth10__leaf5__features0p1,mean,0
2ef79bd0-5d88-4583-a45d-a6570dfbd4c7,0,dry,weak_expert,3,0.18232773270332778,1,0,rf__trees300__depth10__leaf5__features0p1,mean,0
2f7f0c1b-782b-4b90-9f0b-ed60edfeab89,0,dry,weak_expert,3,0.23908560574519516,1,0,rf__trees300__depth10__leaf5__features0p1,mean,0
30d927be-7a71-4e50-b8cf-ed9ff6f8dca4,0,dry,weak_expert,3,0.3385100102902049,1,0,rf__trees300__depth10__leaf5__features0p1,mean,0
30f275f4-7248-4909-9753-f9d7b294d3bd,0,dry,weak_expert,3,0.23769372037312878,1,0,rf__trees300__depth10__leaf5__features0p1,mean,0
30fa4631-eba2-44d7-ba44-4ef930092d45,0,dry,weak_expert,3,0.2895916305495294,1,0,rf__trees300__depth10__leaf5__features0p1,mean,0
3169ae75-df07-48b3-a04c-b33cd3b10b30,0,dry,weak_expert,3,0.21875559677595185,1,0,rf__trees300__depth10__leaf5__features0p1,mean,0
333ca4a1-557a-4be5-b2e3-9e572b3132ff,0,dry,weak_expert,3,0.20222295609460508,1,0,rf__trees300__depth10__leaf5__features0p1,mean,0
33dd938d-7654-4238-a207-cbc3fad63349,0,dry,weak_expert,3,0.3767823132085376,1,0,rf__trees300__depth10__leaf5__features0p1,mean,0
344f10c7-9219-421e-8d2a-906111988422,0,dry,weak_expert,3,0.15415193728130358,1,0,rf__trees300__depth10__leaf5__features0p1,mean,0
34b77763-a4a4-4beb-aeaa-02ef8298ef31,0,dry,weak_expert,3,0.21952257600571784,1,0,rf__trees300__depth10__leaf5__features0p1,mean,0
34fd00ad-788a-433c-a0b8-b603b33a589c,0,dry,weak_expert,3,0.2887771454467079,1,0,rf__trees300__depth10__leaf5__features0p1,mean,0
35811251-f9e5-49e9-8ee9-d4ca1afa08f8,0,dry,weak_expert,3,0.2949016940051047,1,0,rf__trees300__depth10__leaf5__features0p1,mean,0
3714de53-8471-4b14-be82-58c918b7fb1b,0,dry,weak_expert,3,0.2790953900032693,1,0,rf__trees300__depth10__leaf5__features0p1,mean,0
39460774-2d87-4c17-9015-5ca9d6328744,0,dry,weak_expert,3,0.39503601181399484,1,0,rf__trees300__depth10__leaf5__features0p1,mean,0
3bc13005-f63f-4ca4-9ee7-92b40b511eb8,0,dry,weak_expert,3,0.3271537061259303,1,0,rf__trees300__depth10__leaf5__features0p1,mean,0
3f582004-aa52-4a2b-bba8-cb76352ddf44,0,dry,weak_expert,3,0.35144947193408993,1,0,rf__trees300__depth10__leaf5__features0p1,mean,0
41fc7925-0b48-4555-b55e-49ce9290addf,0,dry,weak_expert,3,0.2748602641193474,1,0,rf__trees300__depth10__leaf5__features0p1,mean,0
43795e89-f72e-4d3e-877d-a157fb169949,0,dry,weak_expert,3,0.38246059876696487,1,0,rf__trees300__depth10__leaf5__features0p1,mean,0
43cfe07c-cf76-4d97-914a-b1a1ec2c9759,0,dry,weak_expert,3,0.17614917232432345,1,0,rf__trees300__depth10__leaf5__features0p1,mean,0
462c8d00-d349-40b3-ad60-440fc5746b6d,0,dry,weak_expert,3,0.14515002148917033,1,0,rf__trees300__depth10__leaf5__features0p1,mean,0
47566b56-c2aa-48d5-a0be-92506fc53eab,0,dry,weak_expert,3,0.3886630730522595,1,0,rf__trees300__depth10__leaf5__features0p1,mean,0
477d5eb0-f5a4-4c97-9f00-03ace4fbf876,0,dry,weak_expert,3,0.2756202336244076,1,0,rf__trees300__depth10__leaf5__features0p1,mean,0
478090b5-f194-46a2-96be-4a0ba30ad3b0,0,dry,weak_expert,3,0.21818344406842344,1,0,rf__trees300__depth10__leaf5__features0p1,mean,0
4a54513d-cdcf-4ea6-8139-b0f1d33d41d8,0,dry,weak_expert,3,0.23114837874757768,1,0,rf__trees300__depth10__leaf5__features0p1,mean,0
4c40ace0-7967-4090-9d2c-51248d38bdda,0,dry,weak_expert,3,0.14125143987350644,1,0,rf__trees300__depth10__leaf5__features0p1,mean,0
4c86e76d-0476-4016-b26d-00e3b8a0dc01,0,dry,weak_expert,3,0.3555390082001981,1,0,rf__trees300__depth10__leaf5__features0p1,mean,0
4d35b416-d0b0-4fca-bd40-420da86ab4e2,0,dry,weak_expert,3,0.1950316645633077,1,0,rf__trees300__depth10__leaf5__features0p1,mean,0
4d72142f-9932-47f4-8d86-29757ea3f78d,0,dry,weak_expert,3,0.11286358353206476,1,0,rf__trees300__depth10__leaf5__features0p1,mean,0
4e39ad3e-5257-4356-b854-7fb48c6cd1f0,0,dry,weak_expert,3,0.2862894627955635,1,0,rf__trees300__depth10__leaf5__features0p1,mean,0
4fb2ef80-dd57-4be0-afa6-866a8a5297bf,0,dry,weak_expert,3,0.27141677207958537,1,0,rf__trees300__depth10__leaf5__features0p1,mean,0
5131b118-88df-4d26-90bb-85b726fe0b5a,0,dry,weak_expert,3,0.38952259688720403,1,0,rf__trees300__depth10__leaf5__features0p1,mean,0
522b0923-a528-47d9-8905-ececf13c65e0,0,dry,weak_expert,3,0.11243079980723941,1,0,rf__trees300__depth10__leaf5__features0p1,mean,0
5287e036-c41e-4527-93de-c6cdbf1a8461,0,dry,weak_expert,3,0.16337732030515983,1,0,rf__trees300__depth10__leaf5__features0p1,mean,0
56279ffd-3f56-4fd2-9ebd-94ec5b6825e5,0,dry,weak_expert,3,0.16648841911818457,1,0,rf__trees300__depth10__leaf5__features0p1,mean,0
589c25e2-58b8-4cd2-a2aa-47819f71181e,0,dry,weak_expert,3,0.1642953669303834,1,0,rf__trees300__depth10__leaf5__features0p1,mean,0
58a3d924-98cd-426f-9b58-cb6240b7d044,0,dry,weak_expert,3,0.4095049677023609,1,0,rf__trees300__depth10__leaf5__features0p1,mean,0
59868a93-765b-4ff4-a58e-f7aa9c811206,0,dry,weak_expert,3,0.46243721185616127,1,1,rf__trees300__depth10__leaf5__features0p1,mean,0
5b32c2c2-fb33-47e7-93da-86968876ce02,0,dry,weak_expert,3,0.3348119903988906,1,0,rf__trees300__depth10__leaf5__features0p1,mean,0
5c53c446-4d42-4dcf-9a2a-3c8c4a7682e1,0,dry,gold_expert,3,0.4105384139941785,1,0,rf__trees300__depth10__leaf5__features0p1,mean,0
5db9f54b-8f92-4a15-bc2e-862dcd6d375b,0,dry,weak_expert,3,0.2568193376266073,1,0,rf__trees300__depth10__leaf5__features0p1,mean,0
5f5f4027-45d4-4867-a9e2-ecc500eaf21d,0,dry,gold_expert,3,0.28298985668419335,1,0,rf__trees300__depth10__leaf5__features0p1,mean,0
61ca0d5f-b27e-43fa-85d9-1fb58d2d1746,0,dry,weak_expert,3,0.22496418076223137,1,0,rf__trees300__depth10__leaf5__features0p1,mean,0
637d6498-1d52-4860-9976-5a7a94f2a0c3,0,dry,gold_expert,3,0.30433083808499345,1,0,rf__trees300__depth10__leaf5__features0p1,mean,0
65ba1f8c-b528-425e-b55f-2e132638fa39,0,dry,weak_expert,3,0.2725996592008544,1,0,rf__trees300__depth10__leaf5__features0p1,mean,0
6648cb81-abf5-476b-81e2-0abe5be299e4,0,dry,weak_expert,3,0.26707996171774434,1,0,rf__trees300__depth10__leaf5__features0p1,mean,0
66fcdc41-6150-4037-9842-0417375a4d14,0,dry,weak_expert,3,0.22968274335289632,1,0,rf__trees300__depth10__leaf5__features0p1,mean,0
67090bb0-377e-492c-9c49-8a608f50345d,0,dry,weak_expert,3,0.11121794810685387,1,0,rf__trees300__depth10__leaf5__features0p1,mean,0
6811fc15-6ffc-4623-85aa-bf477c4d0082,0,dry,weak_expert,3,0.18970168832792658,1,0,rf__trees300__depth10__leaf5__features0p1,mean,0
6816fa8c-2bd4-4be4-bbb0-d18a397f99e5,0,dry,weak_expert,3,0.2151654808183482,1,0,rf__trees300__depth10__leaf5__features0p1,mean,0
68be5313-193c-42ca-acdc-f6f93c9c1126,0,dry,weak_expert,3,0.18477162620839985,1,0,rf__trees300__depth10__leaf5__features0p1,mean,0
697d000f-b7ab-4bb8-bee7-2c9983976300,0,dry,weak_expert,3,0.6465247541745979,1,1,rf__trees300__depth10__leaf5__features0p1,mean,1
6a577002-17a0-44a5-87bf-14ba2a225616,0,dry,weak_expert,3,0.3276923151011649,1,0,rf__trees300__depth10__leaf5__features0p1,mean,0
6c7893ac-4ca9-47af-8a91-fd0926dd7f39,0,dry,weak_expert,3,0.13420133985092997,1,0,rf__trees300__depth10__leaf5__features0p1,mean,0
6d25354c-712b-4d24-831a-e99a95dd597b,0,dry,weak_expert,3,0.13198233568693882,1,0,rf__trees300__depth10__leaf5__features0p1,mean,0
6d45e866-26cd-4c90-b538-8e3d74639f93,0,dry,weak_expert,3,0.3171327998502671,1,0,rf__trees300__depth10__leaf5__features0p1,mean,0
6d73708f-f815-410f-b6a1-76cec2a7754c,0,dry,weak_expert,3,0.5289175182608271,1,1,rf__trees300__depth10__leaf5__features0p1,mean,1
6d8729b7-cc9b-4ae3-a3ee-99a5a909e32f,0,dry,weak_expert,3,0.17451645697303533,1,0,rf__trees300__depth10__leaf5__features0p1,mean,0
6d941efe-43f9-4a64-8172-58cbb20400ab,0,dry,weak_expert,3,0.10069481072645546,1,0,rf__trees300__depth10__leaf5__features0p1,mean,0
6e777752-cb40-47dd-ae97-50bc73da4550,0,dry,weak_expert,3,0.3301814562241788,1,0,rf__trees300__depth10__leaf5__features0p1,mean,0
6f0a2344-8d8b-4db5-b4c3-cf569ca4f7b9,0,dry,weak_expert,3,0.28243878204800743,1,0,rf__trees300__depth10__leaf5__features0p1,mean,0
6fc243bf-14f0-42ab-97e3-f1fe3fdfe3ce,0,dry,weak_expert,3,0.340981113369875,1,0,rf__trees300__depth10__leaf5__features0p1,mean,0
705e111b-1e41-4831-97e2-7990771c9fe4,0,dry,weak_expert,3,0.15578219995155457,1,0,rf__trees300__depth10__leaf5__features0p1,mean,0
7376afac-2a76-408c-9bee-7b7ed2555692,0,dry,weak_expert,3,0.34533366569248564,1,0,rf__trees300__depth10__leaf5__features0p1,mean,0
7465377a-8963-4a0e-bd1b-92a8924b1ccb,0,dry,weak_expert,3,0.19235332125914575,1,0,rf__trees300__depth10__leaf5__features0p1,mean,0
748142b3-0e0b-4975-b795-78267dbe4547,0,dry,weak_expert,3,0.2538879127987736,1,0,rf__trees300__depth10__leaf5__features0p1,mean,0
76183e29-22c1-4d51-aafa-6b96e93b3aa2,0,dry,weak_expert,3,0.17139393625966404,1,0,rf__trees300__depth10__leaf5__features0p1,mean,0
76682a59-1c14-44e8-93b9-f9f5f774e897,0,dry,weak_expert,3,0.4186903667050034,1,0,rf__trees300__depth10__leaf5__features0p1,mean,0
7ad89fd2-56cb-43cd-84ea-4d3eb7b30e00,0,dry,weak_expert,3,0.43376624880108966,1,1,rf__trees300__depth10__leaf5__features0p1,mean,0
7b7e11b1-0f2b-4531-b071-54b7889c4771,0,dry,weak_expert,3,0.43305571703969414,1,0,rf__trees300__depth10__leaf5__features0p1,mean,0
7bd5996c-f98d-46bc-be93-ca6e1139d838,0,dry,weak_expert,3,0.07591298460715853,1,0,rf__trees300__depth10__leaf5__features0p1,mean,0
7de30485-428f-402e-8402-54747fd97420,0,dry,weak_expert,3,0.19342507466794495,1,0,rf__trees300__depth10__leaf5__features0p1,mean,0
7e2f4bb0-a4a1-4e62-a26f-f4174ab4954b,0,dry,weak_expert,3,0.3124596589406667,1,0,rf__trees300__depth10__leaf5__features0p1,mean,0
7f8e60f4-5cbd-4ec6-bc73-e8ab2b6c3abd,0,dry,weak_expert,3,0.5767284446984309,1,1,rf__trees300__depth10__leaf5__features0p1,mean,1
83443b73-5740-4b3e-85ba-77e372fea63d,0,dry,weak_expert,3,0.18304883514238718,1,0,rf__trees300__depth10__leaf5__features0p1,mean,0
85eef4ec-c8e8-4635-a6c3-2d194057f7f2,0,dry,weak_expert,3,0.14546410886639058,1,0,rf__trees300__depth10__leaf5__features0p1,mean,0
87c60871-f7f6-48cb-94b0-c22b2158d49f,0,dry,weak_expert,3,0.4697261738336446,1,1,rf__trees300__depth10__leaf5__features0p1,mean,0
87f52d87-03d1-469b-b8fb-247da4504f90,0,dry,weak_expert,3,0.33483687452068295,1,0,rf__trees300__depth10__leaf5__features0p1,mean,0
88024607-e701-4a54-adeb-c4c1ecc282f4,0,dry,weak_expert,3,0.30423635040317826,1,0,rf__trees300__depth10__leaf5__features0p1,mean,0
88f6aa4d-d9e3-4d51-b803-5736e92762e4,0,dry,weak_expert,3,0.5776201042186753,1,1,rf__trees300__depth10__leaf5__features0p1,mean,1
89bad459-b4f0-48ab-9907-28fe8f895800,0,dry,weak_expert,3,0.25704155930117145,1,0,rf__trees300__depth10__leaf5__features0p1,mean,0
8a5feabb-3b0a-49b5-900c-6d3d31e96794,0,dry,weak_expert,3,0.27229207625606106,1,0,rf__trees300__depth10__leaf5__features0p1,mean,0
8ada36ff-a9fb-4623-a97c-cab077d4bf99,0,dry,weak_expert,3,0.2788986800368878,1,0,rf__trees300__depth10__leaf5__features0p1,mean,0
8b0c699b-dca8-4ed0-bf4b-319774d31c54,0,dry,weak_expert,3,0.18779718384550093,1,0,rf__trees300__depth10__leaf5__features0p1,mean,0
8b65a198-2b0f-452c-ac15-47d892676fc3,0,dry,weak_expert,3,0.19092433120875088,1,0,rf__trees300__depth10__leaf5__features0p1,mean,0
8b733837-961a-4f17-a18c-13b89b54ef69,0,dry,gold_expert,3,0.1955076706795505,1,0,rf__trees300__depth10__leaf5__features0p1,mean,0
8be589c2-c09a-442d-a0a0-50094a73f0d5,0,dry,weak_expert,3,0.14468084902986517,1,0,rf__trees300__depth10__leaf5__features0p1,mean,0
8ca4463e-23a3-4a16-9d46-7b28b968e6af,0,dry,weak_expert,3,0.12514125287470926,1,0,rf__trees300__depth10__leaf5__features0p1,mean,0
8cd6b5c0-96b9-4572-9b3d-2caf91996483,0,dry,weak_expert,3,0.4852422680105993,1,1,rf__trees300__depth10__leaf5__features0p1,mean,0
8d33620a-f041-4c6c-b55d-78c1ac9eb8e5,0,dry,weak_expert,3,0.30160999586218157,1,0,rf__trees300__depth10__leaf5__features0p1,mean,0
8eac4375-f279-468e-853d-c83c73a62077,0,dry,weak_expert,3,0.09950880355102236,1,0,rf__trees300__depth10__leaf5__features0p1,mean,0
8f0052b4-731b-4822-8e4b-1393a473d35e,0,dry,weak_expert,3,0.3587860571447305,1,0,rf__trees300__depth10__leaf5__features0p1,mean,0
8f20ec81-e8f6-4a72-ba04-42e5b1f3d522,0,dry,weak_expert,3,0.4988843378113191,1,1,rf__trees300__depth10__leaf5__features0p1,mean,0
90912b99-0e92-4dad-b223-3c96a6967316,0,dry,weak_expert,3,0.358099516111751,1,0,rf__trees300__depth10__leaf5__features0p1,mean,0
91c59a04-aeda-4233-adce-ac2f3d2212df,0,dry,weak_expert,3,0.2921585105780236,1,0,rf__trees300__depth10__leaf5__features0p1,mean,0
9235c603-3817-4c3e-b0a5-4624f1293282,0,dry,weak_expert,3,0.18758345503948026,1,0,rf__trees300__depth10__leaf5__features0p1,mean,0
9254bd84-4c4e-40cf-94d0-47a0bdf550ce,0,dry,weak_expert,3,0.349166248853651,1,0,rf__trees300__depth10__leaf5__features0p1,mean,0
927ae69c-d4b6-484e-b651-7b76c9c1d9d5,0,dry,weak_expert,3,0.21475852453079475,1,0,rf__trees300__depth10__leaf5__features0p1,mean,0
92b22064-50ef-4244-b5fd-aa348ceb7371,0,dry,gold_expert,3,0.27512124619137474,1,0,rf__trees300__depth10__leaf5__features0p1,mean,0
92bfada9-7b1c-4fcf-82d1-64ad74ad92a6,0,dry,weak_expert,3,0.4323268888552344,1,0,rf__trees300__depth10__leaf5__features0p1,mean,0
936268f0-41a3-421d-bd18-8e69e597e84c,0,dry,weak_expert,3,0.2671225683164834,1,0,rf__trees300__depth10__leaf5__features0p1,mean,0
93dfe86e-d139-4b0e-b959-3b210701bab1,0,dry,weak_expert,3,0.23924527612095525,1,0,rf__trees300__depth10__leaf5__features0p1,mean,0
94bfcb37-906f-4862-9c4e-69b5550e320e,0,dry,weak_expert,3,0.26690561983867717,1,0,rf__trees300__depth10__leaf5__features0p1,mean,0
95dee56b-2ebb-48ec-acd7-2bb4ad631679,0,dry,weak_expert,3,0.1257966848802276,1,0,rf__trees300__depth10__leaf5__features0p1,mean,0
9736398b-2034-43a8-88e1-affa632772c9,0,dry,weak_expert,3,0.19547821505064508,1,0,rf__trees300__depth10__leaf5__features0p1,mean,0
97b6a1d6-2c18-458e-bc05-3fe48136902d,0,dry,weak_expert,3,0.18937287949745596,1,0,rf__trees300__depth10__leaf5__features0p1,mean,0
98cf4fc3-ac20-4007-a227-3b89dc43a52c,0,dry,weak_expert,3,0.12479186835824767,1,0,rf__trees300__depth10__leaf5__features0p1,mean,0
99eb251e-8aa9-4307-b77c-3864dc15a789,0,dry,weak_expert,3,0.31095121411129867,1,0,rf__trees300__depth10__leaf5__features0p1,mean,0
9ab84f0f-1c83-4042-9497-474af8816350,0,dry,weak_expert,3,0.6554417090305789,1,1,rf__trees300__depth10__leaf5__features0p1,mean,1
9b8791f6-9c76-41a6-b8bf-3090c8b4609f,0,dry,weak_expert,3,0.4206075542510872,1,0,rf__trees300__depth10__leaf5__features0p1,mean,0
9bbc6186-f18d-4a96-b92b-37d25b390bdf,0,dry,weak_expert,3,0.3034242485861933,1,0,rf__trees300__depth10__leaf5__features0p1,mean,0
9eb5f87f-3f16-423d-bd11-bb15a6b11a9d,0,dry,weak_expert,3,0.3276495063056869,1,0,rf__trees300__depth10__leaf5__features0p1,mean,0
9eb6506a-17f8-40b7-968d-ee511818d50b,0,dry,weak_expert,3,0.2370752685593936,1,0,rf__trees300__depth10__leaf5__features0p1,mean,0
a0e0ce03-2778-46f2-8b5f-aa46c503f392,0,dry,weak_expert,3,0.1848066874955003,1,0,rf__trees300__depth10__leaf5__features0p1,mean,0
a1092580-10f6-4176-8862-3a8cc0784f4a,0,dry,weak_expert,3,0.16045647862749424,1,0,rf__trees300__depth10__leaf5__features0p1,mean,0
a27768df-a3bc-4ac9-9d45-76cc25508478,0,dry,weak_expert,3,0.144467467209028,1,0,rf__trees300__depth10__leaf5__features0p1,mean,0
a3529398-f357-4c11-bec3-c2e30088df2e,0,dry,weak_expert,3,0.3900157798609968,1,0,rf__trees300__depth10__leaf5__features0p1,mean,0
a60e1682-1dda-4bc7-ab05-8e881a8b867a,0,dry,weak_expert,3,0.506189390382152,1,1,rf__trees300__depth10__leaf5__features0p1,mean,1
a97f2838-d416-4267-b41a-26f9cae46c62,0,dry,weak_expert,3,0.22848876366199553,1,0,rf__trees300__depth10__leaf5__features0p1,mean,0
aa059172-1850-4afe-8809-2fe79603286a,0,dry,gold_expert,3,0.3007809007605866,1,0,rf__trees300__depth10__leaf5__features0p1,mean,0
ab5f623d-dda2-4a26-ae6e-33e517e145a5,0,dry,weak_expert,3,0.20174592492742907,1,0,rf__trees300__depth10__leaf5__features0p1,mean,0
ac4ea2db-4fff-4a7f-a5fe-3a9ade2f1020,0,dry,weak_expert,3,0.4272524682765794,1,0,rf__trees300__depth10__leaf5__features0p1,mean,0
ad19a44f-e512-46ec-980a-2eead07d68c1,0,dry,weak_expert,3,0.24634828848894286,1,0,rf__trees300__depth10__leaf5__features0p1,mean,0
ae0ff134-0218-4d7e-804d-c48f57946de9,0,dry,weak_expert,3,0.3521725369688726,1,0,rf__trees300__depth10__leaf5__features0p1,mean,0
aeded0cd-89ff-43d3-86f2-4ae7bc4fbb56,0,dry,weak_expert,3,0.2802257418448692,1,0,rf__trees300__depth10__leaf5__features0p1,mean,0
b2caeb04-59dd-4f72-9bd1-b3f7e4b93c39,0,dry,weak_expert,3,0.2585293618382429,1,0,rf__trees300__depth10__leaf5__features0p1,mean,0
b2e9cb14-17c6-42ca-8503-5a0a3ff80b3c,0,dry,weak_expert,3,0.3412681532278236,1,0,rf__trees300__depth10__leaf5__features0p1,mean,0
b37a051e-c2b0-4f38-9b12-51652c511d03,0,dry,weak_expert,3,0.2594331051163791,1,0,rf__trees300__depth10__leaf5__features0p1,mean,0
b38dbe54-b3c1-448e-bf03-92cdf214932d,0,dry,weak_expert,3,0.44619276796865004,1,1,rf__trees300__depth10__leaf5__features0p1,mean,0
bc474477-4762-4308-835e-733da92d712e,0,dry,weak_expert,3,0.38564889821588194,1,0,rf__trees300__depth10__leaf5__features0p1,mean,0
bcb69f37-df84-485a-af43-4ff8b9de570c,0,dry,weak_expert,3,0.35883187168601177,1,0,rf__trees300__depth10__leaf5__features0p1,mean,0
be53aed3-5771-4cb6-af3b-1c95dfed2ae5,0,dry,weak_expert,3,0.23296782406457017,1,0,rf__trees300__depth10__leaf5__features0p1,mean,0
c01b9572-1fbf-463a-9d03-e3857ab5d55a,0,dry,weak_expert,3,0.5048408993448015,1,1,rf__trees300__depth10__leaf5__features0p1,mean,1
c18be4ba-eaa8-487a-9343-2c45af6c60aa,0,dry,weak_expert,3,0.22513415776378437,1,0,rf__trees300__depth10__leaf5__features0p1,mean,0
c2356246-454a-42ac-ae33-967e5feabcb7,0,dry,weak_expert,3,0.11584575085909066,1,0,rf__trees300__depth10__leaf5__features0p1,mean,0
c494d05a-a6fa-462e-9d3e-28e91b82147d,0,dry,weak_expert,3,0.4030404769552074,1,0,rf__trees300__depth10__leaf5__features0p1,mean,0
c926f81f-17c8-4446-9c0c-1ea92c76834d,0,dry,weak_expert,3,0.12031589205193619,1,0,rf__trees300__depth10__leaf5__features0p1,mean,0
cc0bc8c7-eb1b-4290-8f64-58c4fe25c58e,0,dry,weak_expert,3,0.1915332343493253,1,0,rf__trees300__depth10__leaf5__features0p1,mean,0
cd9de27d-87fa-43e6-a452-8cdaba3eae4c,0,dry,weak_expert,3,0.39822648540395333,1,0,rf__trees300__depth10__leaf5__features0p1,mean,0
ce047b79-fd52-4ac5-a451-f27d8a368985,0,dry,weak_expert,3,0.4243111972041105,1,0,rf__trees300__depth10__leaf5__features0p1,mean,0
ce40512b-6a1f-4a2f-9b74-4bcf246d0edb,0,dry,weak_expert,3,0.19293288446273282,1,0,rf__trees300__depth10__leaf5__features0p1,mean,0
d0eec145-0080-4dab-b0bb-a22656bb81ed,0,dry,weak_expert,3,0.20592947502212738,1,0,rf__trees300__depth10__leaf5__features0p1,mean,0
d1a21158-7a3b-4313-8fc3-0472b257b4c7,0,dry,weak_expert,3,0.1066499959331611,1,0,rf__trees300__depth10__leaf5__features0p1,mean,0
d5e9a1af-2571-40f7-99c7-77cfe71657c5,0,dry,weak_expert,3,0.6296078737788945,1,1,rf__trees300__depth10__leaf5__features0p1,mean,1
d66c93d7-6aac-4876-9252-66d9bf26323f,0,dry,weak_expert,3,0.06798418554967972,1,0,rf__trees300__depth10__leaf5__features0p1,mean,0
d6de71ae-5b92-4a91-a656-bd0d33fa6189,0,dry,weak_expert,3,0.33779451749561834,1,0,rf__trees300__depth10__leaf5__features0p1,mean,0
d6f624cb-757b-441c-bf5f-e22dc914277b,0,dry,weak_expert,3,0.5577339322978422,1,1,rf__trees300__depth10__leaf5__features0p1,mean,1
d769f90f-8183-4c42-8ea6-cf992ee40a64,0,dry,gold_expert,3,0.18716521174038261,1,0,rf__trees300__depth10__leaf5__features0p1,mean,0
d7abd3ca-33d1-498b-9928-41e316047998,0,dry,weak_expert,3,0.237525143607989,1,0,rf__trees300__depth10__leaf5__features0p1,mean,0
d844a814-c17d-4398-b536-9963f6ded940,0,dry,weak_expert,3,0.2563911882666815,1,0,rf__trees300__depth10__leaf5__features0p1,mean,0
d85118e0-5f00-4ca3-b56b-94a7b7cd01ee,0,dry,weak_expert,3,0.43273202618619905,1,0,rf__trees300__depth10__leaf5__features0p1,mean,0
d8dd429e-db29-4389-96a3-e68e6d8a6b77,0,dry,weak_expert,3,0.31100975993899166,1,0,rf__trees300__depth10__leaf5__features0p1,mean,0
d93b74aa-faed-4737-9d5e-540e0fbdb961,0,dry,weak_expert,3,0.20974539833019543,1,0,rf__trees300__depth10__leaf5__features0p1,mean,0
dc12b624-aeea-47d3-988e-d875a14bdc34,0,dry,weak_expert,3,0.11028855718724816,1,0,rf__trees300__depth10__leaf5__features0p1,mean,0
dc52c21c-6602-44ef-b982-9771f4fb76c1,0,dry,weak_expert,3,0.3368572447221282,1,0,rf__trees300__depth10__leaf5__features0p1,mean,0
dcb7cded-c3bf-4835-9f1f-efac118a40c1,0,dry,weak_expert,3,0.43747253826848104,1,1,rf__trees300__depth10__leaf5__features0p1,mean,0
dcd085b9-d8d4-4c6f-8082-0214e523cdba,0,dry,weak_expert,3,0.33068512341004436,1,0,rf__trees300__depth10__leaf5__features0p1,mean,0
dd774ccf-3980-4eda-90d9-aa2fa57bde32,0,dry,weak_expert,3,0.27344190546538344,1,0,rf__trees300__depth10__leaf5__features0p1,mean,0
deaddfa6-ac89-461c-ab08-c531e2a296cd,0,dry,weak_expert,3,0.25436174924169597,1,0,rf__trees300__depth10__leaf5__features0p1,mean,0
e024dc48-fbdd-4845-ac13-cbe67c60446a,0,dry,weak_expert,3,0.30478170319747233,1,0,rf__trees300__depth10__leaf5__features0p1,mean,0
e36c0dda-a5cb-4398-ae8f-235320a729e4,0,dry,weak_expert,3,0.2066283060599653,1,0,rf__trees300__depth10__leaf5__features0p1,mean,0
e4714f0e-c191-42dc-9928-78da49129e16,0,dry,weak_expert,3,0.43967149379127335,1,1,rf__trees300__depth10__leaf5__features0p1,mean,0
e4996edb-842c-4bda-b5f4-ffb6ec8cc8fe,0,dry,weak_expert,3,0.08212077520338612,1,0,rf__trees300__depth10__leaf5__features0p1,mean,0
e4ec845a-b80b-409b-afa0-81abc3ae3dc7,0,dry,weak_expert,3,0.2649151772758594,1,0,rf__trees300__depth10__leaf5__features0p1,mean,0
e539d599-6d07-4174-9f29-a562ced58b68,0,dry,weak_expert,3,0.18966237363085695,1,0,rf__trees300__depth10__leaf5__features0p1,mean,0
e659824f-fb7b-4b6b-86da-5c629e1ce0fd,0,dry,weak_expert,3,0.13159271091344715,1,0,rf__trees300__depth10__leaf5__features0p1,mean,0
e7b94eb1-f37d-4bfe-bc67-e8e13a8870f6,0,dry,weak_expert,3,0.3096133130853612,1,0,rf__trees300__depth10__leaf5__features0p1,mean,0
e88932d8-8869-4fa2-b4a5-1d4a3ddce94d,0,dry,weak_expert,3,0.1652233901072874,1,0,rf__trees300__depth10__leaf5__features0p1,mean,0
e8a4c9ee-66e8-473c-9f1b-40918a92a928,0,dry,weak_expert,3,0.15230332301337834,1,0,rf__trees300__depth10__leaf5__features0p1,mean,0
e9708094-2ece-478f-9dc4-ab951c42034b,0,dry,weak_expert,3,0.401774818878848,1,0,rf__trees300__depth10__leaf5__features0p1,mean,0
ea15c9f5-e77d-4b3f-803d-443a69d63eed,0,dry,weak_expert,3,0.22651173693108836,1,0,rf__trees300__depth10__leaf5__features0p1,mean,0
ea3848e3-886a-428a-a918-4d01f32e38d8,0,dry,weak_expert,3,0.2971919927092986,1,0,rf__trees300__depth10__leaf5__features0p1,mean,0
ea8b1411-bcc8-47f3-8ba7-9b3585b83319,0,dry,weak_expert,3,0.2500786315029061,1,0,rf__trees300__depth10__leaf5__features0p1,mean,0
ea975f7b-e57a-4e47-9133-ec421fb193c5,0,dry,weak_expert,3,0.5337822992762756,1,1,rf__trees300__depth10__leaf5__features0p1,mean,1
ecb53985-efae-451c-9bf5-3e10f6b61e41,0,dry,weak_expert,3,0.285685564038192,1,0,rf__trees300__depth10__leaf5__features0p1,mean,0
eceaa3a9-f850-4ba9-82ee-1bcd2575b99c,0,dry,gold_expert,3,0.11051872760969839,1,0,rf__trees300__depth10__leaf5__features0p1,mean,0
ed7daba8-a8bc-473f-b159-55d16ea59eb1,0,dry,weak_expert,3,0.33266647056601334,1,0,rf__trees300__depth10__leaf5__features0p1,mean,0
ee899936-5701-4a8f-a3ab-f3292554a148,0,dry,weak_expert,3,0.194656081097653,1,0,rf__trees300__depth10__leaf5__features0p1,mean,0
efdc1fe6-2c52-438e-8943-aaf97a387cae,0,dry,weak_expert,3,0.29928447192028956,1,0,rf__trees300__depth10__leaf5__features0p1,mean,0
f09f7e2a-f173-4423-92a6-dea210147179,0,dry,weak_expert,3,0.19764559066807524,1,0,rf__trees300__depth10__leaf5__features0p1,mean,0
f0bc6079-5c16-4c95-91be-ddffc7bb37b0,0,dry,weak_expert,3,0.31848601456572884,1,0,rf__trees300__depth10__leaf5__features0p1,mean,0
f1b271ee-6902-4cff-b260-cfdf9bc3fa1f,0,dry,weak_expert,3,0.35866247876054386,1,0,rf__trees300__depth10__leaf5__features0p1,mean,0
f1e02616-7b84-4e35-8d7f-1961b27c1c7a,0,dry,weak_expert,3,0.189149443204285,1,0,rf__trees300__depth10__leaf5__features0p1,mean,0
f23fac18-75a0-45fb-8099-a789d9597776,0,dry,weak_expert,3,0.41408523854747353,1,0,rf__trees300__depth10__leaf5__features0p1,mean,0
f2574f9d-beae-4a85-ad18-289a400e1b6a,0,dry,weak_expert,3,0.3787290517262725,1,0,rf__trees300__depth10__leaf5__features0p1,mean,0
f2b8d4c0-b7ba-49a6-8e91-9f20be33520a,0,dry,weak_expert,3,0.40871767660859537,1,0,rf__trees300__depth10__leaf5__features0p1,mean,0
f45082d4-f205-483f-8d0b-427470db2ffc,0,dry,weak_expert,3,0.39329303486592676,1,0,rf__trees300__depth10__leaf5__features0p1,mean,0
f4d06640-6eaf-40e8-a96e-3ffd924cd7ef,0,dry,weak_expert,3,0.0937709209455738,1,0,rf__trees300__depth10__leaf5__features0p1,mean,0
f5a36e3a-28f9-461d-970e-c95ff38f4740,0,dry,weak_expert,3,0.10876328452706849,1,0,rf__trees300__depth10__leaf5__features0p1,mean,0
f5e3c403-1588-49ad-8984-47f123f941f8,0,dry,weak_expert,3,0.20061791992607633,1,0,rf__trees300__depth10__leaf5__features0p1,mean,0
f5e8d8ec-e234-4117-a4ab-2f7dba0066ef,0,dry,gold_expert,3,0.29589234712978896,1,0,rf__trees300__depth10__leaf5__features0p1,mean,0
f7a10fb3-b805-4ed0-8a93-9b0851efe78e,0,dry,weak_expert,3,0.3996408683343,1,0,rf__trees300__depth10__leaf5__features0p1,mean,0
f7be812e-ffcb-421f-8cef-bb39702ea909,0,dry,weak_expert,3,0.5399340085508438,1,1,rf__trees300__depth10__leaf5__features0p1,mean,1
f8ca1e1d-4660-4739-ae76-cf0b10de2540,0,dry,weak_expert,3,0.20763013999786012,1,0,rf__trees300__depth10__leaf5__features0p1,mean,0
f8d8b216-d17d-40ce-8de6-6a889adcf016,0,dry,weak_expert,3,0.2861812774001932,1,0,rf__trees300__depth10__leaf5__features0p1,mean,0
fd7d172d-4106-427a-870b-0384c88f147f,0,dry,gold_expert,3,0.23920837325297944,1,0,rf__trees300__depth10__leaf5__features0p1,mean,0
feecacb2-52ce-4454-9dcf-267ea138fa63,0,dry,weak_expert,3,0.329102203952461,1,0,rf__trees300__depth10__leaf5__features0p1,mean,0
ff1234d7-7837-4ba7-842f-99fdc916baa9,0,dry,gold_expert,3,0.3851613160967843,1,0,rf__trees300__depth10__leaf5__features0p1,mean,0
ff5f97db-9b64-4e35-afe8-af463d5c2c60,0,dry,weak_expert,3,0.27027625881288436,1,0,rf__trees300__depth10__leaf5__features0p1,mean,0
ff8bfcc9-3df2-4752-8280-63f023fba31c,0,dry,weak_expert,3,0.28333440972343177,1,0,rf__trees300__depth10__leaf5__features0p1,mean,0
01bf156f-a8ff-48f6-9335-8a1f5bb4c1b7,1,wet,weak_expert,3,0.537842261160352,1,1,rf__trees300__depth10__leaf5__features0p1,mean,1
031fd54a-87b5-4223-9af6-60985127fb7a,1,wet,weak_expert,3,0.4651363249734761,1,1,rf__trees300__depth10__leaf5__features0p1,mean,0
03d30b8b-03f8-4089-bda8-0e14deec7d82,1,wet,weak_expert,3,0.20699509206774153,1,0,rf__trees300__depth10__leaf5__features0p1,mean,0
0569d979-384b-4a30-b0ca-2b19e8c8650b,1,wet,weak_expert,3,0.4432012783529203,1,1,rf__trees300__depth10__leaf5__features0p1,mean,0
092d10af-b848-473c-8dfd-19376b7c587a,1,wet,weak_expert,3,0.5573053518497434,1,1,rf__trees300__depth10__leaf5__features0p1,mean,1
0abc55f4-83bb-4284-87d2-65044bf06200,1,wet,weak_expert,3,0.41594958351229666,1,0,rf__trees300__depth10__leaf5__features0p1,mean,0
0b03673a-28db-4e1c-aeb0-4fec88d977a1,1,wet,weak_expert,3,0.41320523491756017,1,0,rf__trees300__depth10__leaf5__features0p1,mean,0
0cb72725-4166-475d-99a2-5e4e269c1eea,1,wet,weak_expert,3,0.43378799295818077,1,1,rf__trees300__depth10__leaf5__features0p1,mean,0
0e2f8fe3-12aa-464f-a4cc-312efa425b98,1,wet,weak_expert,3,0.48358553006451577,1,1,rf__trees300__depth10__leaf5__features0p1,mean,0
198c88cb-8f41-4a79-9c4b-be606361e80b,1,wet,weak_expert,3,0.326983686440991,1,0,rf__trees300__depth10__leaf5__features0p1,mean,0
2143ebda-26f8-4cf7-9d99-471f11c3c584,1,wet,weak_expert,3,0.468549400745936,1,1,rf__trees300__depth10__leaf5__features0p1,mean,0
22fd67e4-0911-45f9-8625-1fe8ba4323cf,1,wet,weak_expert,3,0.48044220540797805,1,1,rf__trees300__depth10__leaf5__features0p1,mean,0
2aa8f538-07ca-41f3-b20a-8d9e5ef24cfe,1,wet,weak_expert,3,0.3867154405584376,1,0,rf__trees300__depth10__leaf5__features0p1,mean,0
2cc30bb4-6e0f-4cb5-a7a5-f7fa03c203ba,1,wet,weak_expert,3,0.49521291325840167,1,1,rf__trees300__depth10__leaf5__features0p1,mean,0
2e9f905a-697c-48db-883e-7e905873172f,1,wet,weak_expert,3,0.24352819526652103,1,0,rf__trees300__depth10__leaf5__features0p1,mean,0
34bcd0cb-bbfb-4947-84c9-79a07c28a7c1,1,wet,weak_expert,3,0.10095897922059177,1,0,rf__trees300__depth10__leaf5__features0p1,mean,0
372846d2-d0b1-435b-bd1c-2580506dc502,1,wet,weak_expert,3,0.32242607866934575,1,0,rf__trees300__depth10__leaf5__features0p1,mean,0
376bc849-fcad-41ed-b28e-b4aa128eb1d9,1,wet,weak_expert,3,0.25021597205680596,1,0,rf__trees300__depth10__leaf5__features0p1,mean,0
3951f2b6-88a3-4419-a191-774fb50b918f,1,wet,weak_expert,3,0.27585934939640644,1,0,rf__trees300__depth10__leaf5__features0p1,mean,0
3ad61f08-80f1-4576-ae32-f383e46dbe53,1,wet,weak_expert,3,0.3934614929196186,1,0,rf__trees300__depth10__leaf5__features0p1,mean,0
431c4a7e-06d9-4fed-9aca-2de718d66f29,1,wet,weak_expert,3,0.18133946910027918,1,0,rf__trees300__depth10__leaf5__features0p1,mean,0
45468c10-083b-4fea-9883-29a552edd30d,1,wet,weak_expert,3,0.42802069496689765,1,0,rf__trees300__depth10__leaf5__features0p1,mean,0
46a06a18-2b08-49b1-8c22-40b5a23089ff,1,wet,weak_expert,3,0.44674597798028437,1,1,rf__trees300__depth10__leaf5__features0p1,mean,0
4735aed3-46f9-44c5-91f0-ca772c541fff,1,wet,weak_expert,3,0.3003870515557274,1,0,rf__trees300__depth10__leaf5__features0p1,mean,0
49f6f0db-97dc-4da4-848e-69bd536b5283,1,wet,weak_expert,3,0.44264568777624114,1,1,rf__trees300__depth10__leaf5__features0p1,mean,0
4e63830d-679b-480c-a420-0540b0689c16,1,wet,weak_expert,3,0.3931354555166627,1,0,rf__trees300__depth10__leaf5__features0p1,mean,0
5280c666-4f3e-4d7c-a283-19041fc4cb2b,1,wet,weak_expert,3,0.18906682170163938,1,0,rf__trees300__depth10__leaf5__features0p1,mean,0
6990ad8f-0acd-44f1-86e5-adbb0bbfcab0,1,wet,weak_expert,3,0.2800921722975684,1,0,rf__trees300__depth10__leaf5__features0p1,mean,0
6ce9c771-2d64-4e26-9fe1-e0950221b59d,1,wet,weak_expert,3,0.12160417779513949,1,0,rf__trees300__depth10__leaf5__features0p1,mean,0
70ea204c-0ac3-494c-a998-ac38df39b2ac,1,wet,weak_expert,3,0.34286962773066665,1,0,rf__trees300__depth10__leaf5__features0p1,mean,0
70ea9638-f7e3-4f16-bb97-7d066a0e6cdf,1,wet,weak_expert,3,0.25052504381771773,1,0,rf__trees300__depth10__leaf5__features0p1,mean,0
71d4e0e2-99b1-49bc-990f-1f7b4b5de826,1,wet,weak_expert,3,0.1812832714722591,1,0,rf__trees300__depth10__leaf5__features0p1,mean,0
72eb0edc-42e6-40b5-b788-39d8dae7f353,1,wet,weak_expert,3,0.4836564550959613,1,1,rf__trees300__depth10__leaf5__features0p1,mean,0
75be8a70-37fd-42ea-8daf-9ee78d1018a1,1,wet,weak_expert,3,0.36850634077176675,1,0,rf__trees300__depth10__leaf5__features0p1,mean,0
77cd79c9-1154-4da6-b9d4-6befbbc2754e,1,wet,weak_expert,3,0.3557561908762433,1,0,rf__trees300__depth10__leaf5__features0p1,mean,0
7876c549-066a-4ea1-a82e-45772114f964,1,wet,gold_expert,3,0.6913117337700756,1,1,rf__trees300__depth10__leaf5__features0p1,mean,1
799627e0-3cc6-4e23-b0ab-45a0fc2fb606,1,wet,weak_expert,3,0.3661872192508167,1,0,rf__trees300__depth10__leaf5__features0p1,mean,0
7d1428e9-7241-482b-8dbd-95f43a57c694,1,wet,weak_expert,3,0.46971053565266374,1,1,rf__trees300__depth10__leaf5__features0p1,mean,0
80a05566-ac42-4c5c-82a5-4e21cb3ed772,1,wet,weak_expert,3,0.5444266695595982,1,1,rf__trees300__depth10__leaf5__features0p1,mean,1
80b89e0e-8ae8-4c2a-9f7d-29f85e539ca3,1,wet,weak_expert,3,0.38651260109872204,1,0,rf__trees300__depth10__leaf5__features0p1,mean,0
8469a131-4174-4d7b-b588-00c9c0f91a28,1,wet,weak_expert,3,0.3805079587602368,1,0,rf__trees300__depth10__leaf5__features0p1,mean,0
85950027-a5fd-4cd4-ad38-46202aa61172,1,wet,weak_expert,3,0.3991802068250529,1,0,rf__trees300__depth10__leaf5__features0p1,mean,0
85f7130c-2c56-4dff-8ff8-a99527170fec,1,wet,weak_expert,3,0.5800986933391292,1,1,rf__trees300__depth10__leaf5__features0p1,mean,1
87d4e292-7e94-49b4-9e11-c944e3ae63f8,1,wet,weak_expert,3,0.32222701821551575,1,0,rf__trees300__depth10__leaf5__features0p1,mean,0
88498dd4-82ce-4430-9f7d-ca005a7c989e,1,wet,weak_expert,3,0.4419129638307748,1,1,rf__trees300__depth10__leaf5__features0p1,mean,0
909f7f8b-d304-4238-83b0-de0e4114d3e2,1,wet,weak_expert,3,0.19378220848247568,1,0,rf__trees300__depth10__leaf5__features0p1,mean,0
93833a6e-c67c-4c5f-9570-6f36ac22b9e6,1,wet,weak_expert,3,0.1173581235698058,1,0,rf__trees300__depth10__leaf5__features0p1,mean,0
956a3b1f-1961-40cf-ad48-fb36090f7331,1,wet,weak_expert,3,0.38192055218450344,1,0,rf__trees300__depth10__leaf5__features0p1,mean,0
967a1fee-a7df-4644-9693-498626b618cc,1,wet,weak_expert,3,0.5202437563873141,1,1,rf__trees300__depth10__leaf5__features0p1,mean,1
9a80a95e-6d74-4d45-bfd0-62c3eb40471a,1,wet,weak_expert,3,0.36126570624760573,1,0,rf__trees300__depth10__leaf5__features0p1,mean,0
9c9d5f33-e8e4-4483-a9ba-992fe633e486,1,wet,weak_expert,3,0.501982343711108,1,1,rf__trees300__depth10__leaf5__features0p1,mean,1
9ebf6f35-91a8-4c33-84cb-fbeec8f2f557,1,wet,weak_expert,3,0.5299445809935321,1,1,rf__trees300__depth10__leaf5__features0p1,mean,1
a22706e7-e1bb-40a9-a95a-2dd1f9fcbadb,1,wet,weak_expert,3,0.47550104053894177,1,1,rf__trees300__depth10__leaf5__features0p1,mean,0
a3e8863e-e604-4d56-8dc5-9d26a198b699,1,wet,weak_expert,3,0.5870190072206475,1,1,rf__trees300__depth10__leaf5__features0p1,mean,1
a5025365-abca-4ff4-a335-a692389b7553,1,wet,weak_expert,3,0.12496115239711045,1,0,rf__trees300__depth10__leaf5__features0p1,mean,0
a521beb8-4e79-4d26-8a6a-7570afc0d8cb,1,wet,weak_expert,3,0.2935323869587768,1,0,rf__trees300__depth10__leaf5__features0p1,mean,0
a649bd89-6584-41e5-a251-033caa07d08a,1,wet,weak_expert,3,0.258553037939616,1,0,rf__trees300__depth10__leaf5__features0p1,mean,0
ae05888f-fab3-4754-a98c-c3e76c82504d,1,wet,weak_expert,3,0.48982126974812246,1,1,rf__trees300__depth10__leaf5__features0p1,mean,0
ae7d06f1-2f0e-4fee-a080-76084ab5bb86,1,wet,weak_expert,3,0.4776121693232242,1,1,rf__trees300__depth10__leaf5__features0p1,mean,0
b54df7b6-c651-40e7-a80d-c0955f1abaa9,1,wet,weak_expert,3,0.10536618614620065,1,0,rf__trees300__depth10__leaf5__features0p1,mean,0
bb825a76-02ce-4a02-a001-7ae1a05d5bb8,1,wet,weak_expert,3,0.41456506256722453,1,0,rf__trees300__depth10__leaf5__features0p1,mean,0
bc048378-1d7f-44ed-a8a8-e2ce7d0a56ae,1,wet,weak_expert,3,0.31867978596903723,1,0,rf__trees300__depth10__leaf5__features0p1,mean,0
bce328d8-acfe-4cc9-bc60-e7934f3e6e5f,1,wet,weak_expert,3,0.3946484855873187,1,0,rf__trees300__depth10__leaf5__features0p1,mean,0
bf8e9236-0d63-46ed-9855-38a1074c2121,1,wet,weak_expert,3,0.4713789669846655,1,1,rf__trees300__depth10__leaf5__features0p1,mean,0
c3174535-aaef-4c26-b0b5-a38996e54763,1,wet,weak_expert,3,0.4672772895793379,1,1,rf__trees300__depth10__leaf5__features0p1,mean,0
cc7421cf-a094-4a17-a4cb-cecdd43b8095,1,wet,weak_expert,3,0.2850698884828063,1,0,rf__trees300__depth10__leaf5__features0p1,mean,0
cf756ffb-9f1f-4579-8f67-d00bf4a2330b,1,wet,weak_expert,3,0.29043108933809725,1,0,rf__trees300__depth10__leaf5__features0p1,mean,0
d0a4cbf7-263d-49f1-978d-8cf767546e3c,1,wet,weak_expert,3,0.27012440390744247,1,0,rf__trees300__depth10__leaf5__features0p1,mean,0
dabd8101-b56b-40cd-84c6-169b7f8c6fbc,1,wet,weak_expert,3,0.15337643044529894,1,0,rf__trees300__depth10__leaf5__features0p1,mean,0
deec748e-a51e-4a37-a7fb-47df7b035292,1,wet,weak_expert,3,0.24955632328300817,1,0,rf__trees300__depth10__leaf5__features0p1,mean,0
e34e8cb1-f615-4542-849a-d6e6f7e7f6e2,1,wet,weak_expert,3,0.36264378439931916,1,0,rf__trees300__depth10__leaf5__features0p1,mean,0
e971aab1-03f6-47c1-b826-ce9004ac7698,1,wet,weak_expert,3,0.5761690059955844,1,1,rf__trees300__depth10__leaf5__features0p1,mean,1
eb43c33d-b6a1-476a-a135-40b872e8221b,1,wet,weak_expert,3,0.23819949112929573,1,0,rf__trees300__depth10__leaf5__features0p1,mean,0
fcd7caa2-6034-457c-a8ab-6b838bf60d2b,1,wet,weak_expert,3,0.6903853107205412,1,1,rf__trees300__depth10__leaf5__features0p1,mean,1
ff201807-134a-4a38-92e3-4eaab9219681,1,wet,weak_expert,3,0.1925643888778327,1,0,rf__trees300__depth10__leaf5__features0p1,mean,0
005b8518-03ba-4bf5-86d2-005541442357,0,dry,weak_expert,4,0.4470502237521357,1,1,rf__trees300__depth10__leaf5__features0p1,mean,0
01208e5c-5338-4f1b-b8c6-41c049e40d90,0,dry,weak_expert,4,0.45541122042466414,1,1,rf__trees300__depth10__leaf5__features0p1,mean,0
01ff40e8-63e6-4570-a463-9778ea30cad7,0,dry,gold_expert,4,0.28697715015461145,1,0,rf__trees300__depth10__leaf5__features0p1,mean,0
033da4e3-7365-4adc-9252-7347816e4e77,0,dry,weak_expert,4,0.11438806970458243,1,0,rf__trees300__depth10__leaf5__features0p1,mean,0
0512e4fa-684b-4d81-8dda-a38ffd0b67a9,0,dry,weak_expert,4,0.2824718729058338,1,0,rf__trees300__depth10__leaf5__features0p1,mean,0
06b58ff7-42e9-49d8-8b56-dd82e7b18ace,0,dry,weak_expert,4,0.11896672530174693,1,0,rf__trees300__depth10__leaf5__features0p1,mean,0
080b6119-f1ab-4337-93dd-aaccf73b4ee1,0,dry,weak_expert,4,0.18452595549219397,1,0,rf__trees300__depth10__leaf5__features0p1,mean,0
0f8fb3e0-1a30-4bd3-982a-24342a0bdc70,0,dry,gold_expert,4,0.5166265217921974,1,1,rf__trees300__depth10__leaf5__features0p1,mean,1
1005ef8a-7d26-441e-bf06-8849165038d0,0,dry,weak_expert,4,0.0856532208722038,1,0,rf__trees300__depth10__leaf5__features0p1,mean,0
11f2a916-e3d5-4c8a-a339-d1d3e1c5f4d3,0,dry,weak_expert,4,0.17180211413186092,1,0,rf__trees300__depth10__leaf5__features0p1,mean,0
134e5ac2-706b-4098-969e-18c24f0f0002,0,dry,weak_expert,4,0.443359918692883,1,1,rf__trees300__depth10__leaf5__features0p1,mean,0
1351a8e1-f5e5-4a05-a6a9-4bac18393022,0,dry,weak_expert,4,0.4120560337287927,1,0,rf__trees300__depth10__leaf5__features0p1,mean,0
14b9f356-c3dd-456f-9875-5125040d0c83,0,dry,weak_expert,4,0.16215089744121328,1,0,rf__trees300__depth10__leaf5__features0p1,mean,0
150de1d1-3e1c-4319-8575-cc8b89f775f3,0,dry,weak_expert,4,0.18154596262919453,1,0,rf__trees300__depth10__leaf5__features0p1,mean,0
17e623e8-7179-4805-889b-83ba37063d21,0,dry,weak_expert,4,0.049667695056478195,1,0,rf__trees300__depth10__leaf5__features0p1,mean,0
198f3500-da31-4e16-aa93-05e56a62eea2,0,dry,weak_expert,4,0.11739104792281722,1,0,rf__trees300__depth10__leaf5__features0p1,mean,0
1b7a8173-80be-4905-bdaa-b471b228b1ed,0,dry,weak_expert,4,0.10395552067752391,1,0,rf__trees300__depth10__leaf5__features0p1,mean,0
1d8101a3-75b0-4ba8-840d-965eb76ab547,0,dry,weak_expert,4,0.48093858194485506,1,1,rf__trees300__depth10__leaf5__features0p1,mean,0
1dca9938-00dd-469a-a476-da7d21e90027,0,dry,weak_expert,4,0.3682440862072736,1,0,rf__trees300__depth10__leaf5__features0p1,mean,0
1e4a8472-c9f7-4677-a92a-0e1ff412ab5b,0,dry,weak_expert,4,0.46453752905099244,1,1,rf__trees300__depth10__leaf5__features0p1,mean,0
1fcd577a-af2b-4352-a735-a1d1a7e7d0b1,0,dry,weak_expert,4,0.4156255322778997,1,0,rf__trees300__depth10__leaf5__features0p1,mean,0
22dcfcdd-52a8-4b42-9c50-c0a3696382a9,0,dry,weak_expert,4,0.18624717294727386,1,0,rf__trees300__depth10__leaf5__features0p1,mean,0
240021ec-048e-431d-9548-11d7c234389e,0,dry,weak_expert,4,0.32765741842966034,1,0,rf__trees300__depth10__leaf5__features0p1,mean,0
2457c496-0a45-4c4c-942f-5598c39c9b89,0,dry,weak_expert,4,0.3937259133134507,1,0,rf__trees300__depth10__leaf5__features0p1,mean,0
24f20435-bf37-4ba8-b5e3-47c492e8f52b,0,dry,weak_expert,4,0.4732177648850226,1,1,rf__trees300__depth10__leaf5__features0p1,mean,0
259ecdd2-5641-4b33-966d-7cf0b3af87a5,0,dry,weak_expert,4,0.584566588506384,1,1,rf__trees300__depth10__leaf5__features0p1,mean,1
2716f7c1-a47d-4634-9f97-e2d8c59b3bbf,0,dry,weak_expert,4,0.1410554090946667,1,0,rf__trees300__depth10__leaf5__features0p1,mean,0
2a49d183-60b0-4ccf-8147-876cc291670f,0,dry,weak_expert,4,0.3145567475742082,1,0,rf__trees300__depth10__leaf5__features0p1,mean,0
2c16ec6e-321d-4d18-82f4-9e5f59e32449,0,dry,weak_expert,4,0.3565877871832199,1,0,rf__trees300__depth10__leaf5__features0p1,mean,0
2c2e3dea-3a4d-47f3-9c14-3058cc44db47,0,dry,weak_expert,4,0.2926400257266466,1,0,rf__trees300__depth10__leaf5__features0p1,mean,0
2cba06c6-a2af-4307-b53b-cdde40ee9492,0,dry,weak_expert,4,0.1986990412265584,1,0,rf__trees300__depth10__leaf5__features0p1,mean,0
2d9cb119-d985-4dc8-8b8e-8f0ac488f2ad,0,dry,weak_expert,4,0.3255548607627714,1,0,rf__trees300__depth10__leaf5__features0p1,mean,0
2daf940f-6253-4edb-b801-f3db88255d22,0,dry,weak_expert,4,0.27304181767873825,1,0,rf__trees300__depth10__leaf5__features0p1,mean,0
3050a1e2-d70b-4f86-9e57-f33220b8f990,0,dry,weak_expert,4,0.11536358716213731,1,0,rf__trees300__depth10__leaf5__features0p1,mean,0
30b9a320-705b-452a-9ff9-daa6f5639085,0,dry,weak_expert,4,0.16967458026645985,1,0,rf__trees300__depth10__leaf5__features0p1,mean,0
318642a7-90a0-484e-b40c-30286ae88037,0,dry,weak_expert,4,0.48076922857516546,1,1,rf__trees300__depth10__leaf5__features0p1,mean,0
31874a9d-4405-40c4-b088-b0b16fa94690,0,dry,weak_expert,4,0.4234978111048175,1,0,rf__trees300__depth10__leaf5__features0p1,mean,0
33b688eb-cae8-40cb-9d71-694f5d2f417f,0,dry,weak_expert,4,0.13135031739597625,1,0,rf__trees300__depth10__leaf5__features0p1,mean,0
35a40835-dc69-4e0d-b833-6b58df25c8cc,0,dry,weak_expert,4,0.07244587012733539,1,0,rf__trees300__depth10__leaf5__features0p1,mean,0
36d1c7ee-0e4f-4d25-8e0c-e38bd76143eb,0,dry,weak_expert,4,0.4712398272513392,1,1,rf__trees300__depth10__leaf5__features0p1,mean,0
37b27ce5-a134-431d-ae71-8c3c6fe273af,0,dry,weak_expert,4,0.29417732086664167,1,0,rf__trees300__depth10__leaf5__features0p1,mean,0
380e3cbd-961d-42ff-9553-e902926e6740,0,dry,weak_expert,4,0.27881162759225586,1,0,rf__trees300__depth10__leaf5__features0p1,mean,0
38cd2f39-edad-4c95-a338-c127c6ae3517,0,dry,weak_expert,4,0.4792441003572984,1,1,rf__trees300__depth10__leaf5__features0p1,mean,0
3987cfec-1d63-4362-9d51-0f98b1fa67fd,0,dry,weak_expert,4,0.4307656769246388,1,0,rf__trees300__depth10__leaf5__features0p1,mean,0
3ac4c15d-fadd-430f-8866-399b9bd19adc,0,dry,weak_expert,4,0.21767256383921663,1,0,rf__trees300__depth10__leaf5__features0p1,mean,0
3b1cd361-b8b0-47ae-a02a-d2b0f2d40807,0,dry,weak_expert,4,0.13890785387136317,1,0,rf__trees300__depth10__leaf5__features0p1,mean,0
3cbb5093-53f6-45a7-8bbc-ea87c51dc88c,0,dry,weak_expert,4,0.20371234048605152,1,0,rf__trees300__depth10__leaf5__features0p1,mean,0
3daa3dd0-e920-46a8-bca5-2a7f728998d7,0,dry,weak_expert,4,0.06392758768599392,1,0,rf__trees300__depth10__leaf5__features0p1,mean,0
3deed1f8-085b-4531-92f1-c03ec500802a,0,dry,weak_expert,4,0.3539706795519434,1,0,rf__trees300__depth10__leaf5__features0p1,mean,0
3f80b816-c688-478a-a5da-85ed19581b1e,0,dry,weak_expert,4,0.25681508725037916,1,0,rf__trees300__depth10__leaf5__features0p1,mean,0
40c8a6bc-b676-4678-8987-1db07f5923c4,0,dry,weak_expert,4,0.1844761907936208,1,0,rf__trees300__depth10__leaf5__features0p1,mean,0
41b99768-ae1b-4038-b831-d7c7d225f369,0,dry,weak_expert,4,0.2571924761885311,1,0,rf__trees300__depth10__leaf5__features0p1,mean,0
421d9f99-9d55-40e6-8d30-0d9891605994,0,dry,weak_expert,4,0.08121213665025459,1,0,rf__trees300__depth10__leaf5__features0p1,mean,0
424f1c61-5421-4da9-b3de-70e2d706867e,0,dry,weak_expert,4,0.25040170492175245,1,0,rf__trees300__depth10__leaf5__features0p1,mean,0
4283550e-8fe9-4495-9b3e-11ab3020d254,0,dry,weak_expert,4,0.41790478093378136,1,0,rf__trees300__depth10__leaf5__features0p1,mean,0
433a37a6-02c8-4ff3-b71b-67d4c9968919,0,dry,weak_expert,4,0.40311515991435487,1,0,rf__trees300__depth10__leaf5__features0p1,mean,0
43d6034a-6751-4023-9ee7-6510dd3e157d,0,dry,weak_expert,4,0.19669925060315824,1,0,rf__trees300__depth10__leaf5__features0p1,mean,0
43df4f16-fb75-43bb-a866-5231a9243e21,0,dry,weak_expert,4,0.25189942355507833,1,0,rf__trees300__depth10__leaf5__features0p1,mean,0
4493e997-621f-4fa5-8c0d-84d6b245b75a,0,dry,weak_expert,4,0.42798006089527774,1,0,rf__trees300__depth10__leaf5__features0p1,mean,0
44c295f9-5176-41ce-a1e2-f94633b9b57b,0,dry,weak_expert,4,0.4685397601458328,1,1,rf__trees300__depth10__leaf5__features0p1,mean,0
450dbdc0-e479-43a2-b3d2-8e51b8253649,0,dry,weak_expert,4,0.41027836757289415,1,0,rf__trees300__depth10__leaf5__features0p1,mean,0
460a8717-0a50-4e1f-b399-86e27cc31579,0,dry,weak_expert,4,0.4089810651238171,1,0,rf__trees300__depth10__leaf5__features0p1,mean,0
46a647cb-8f90-4020-affb-775bf931e775,0,dry,weak_expert,4,0.26562068576244846,1,0,rf__trees300__depth10__leaf5__features0p1,mean,0
48b287c0-5c2b-44ef-b469-3808b3b287ea,0,dry,gold_expert,4,0.3187992378867887,1,0,rf__trees300__depth10__leaf5__features0p1,mean,0
49bc7b95-fbe5-4933-886e-8752b8acf842,0,dry,weak_expert,4,0.27072880940834204,1,0,rf__trees300__depth10__leaf5__features0p1,mean,0
4c2840ed-fd4b-4a86-b976-5cc040d6ea4e,0,dry,gold_expert,4,0.15165629263893535,1,0,rf__trees300__depth10__leaf5__features0p1,mean,0
4ced00fc-ff57-4a83-bc12-fc5876503c6f,0,dry,weak_expert,4,0.3475496298826656,1,0,rf__trees300__depth10__leaf5__features0p1,mean,0
4eec3002-43f3-477b-bd24-bc2ba1fd920e,0,dry,weak_expert,4,0.21544807022111295,1,0,rf__trees300__depth10__leaf5__features0p1,mean,0
4fa482c1-e2c7-402f-b383-343c18be4ccd,0,dry,weak_expert,4,0.2315264325115802,1,0,rf__trees300__depth10__leaf5__features0p1,mean,0
50e4574d-0fa7-4fa0-977d-394644797b1b,0,dry,weak_expert,4,0.42496261861765716,1,0,rf__trees300__depth10__leaf5__features0p1,mean,0
51d4bc80-1f02-4ffa-8e2e-1dc3527a0979,0,dry,gold_expert,4,0.4629053660148862,1,1,rf__trees300__depth10__leaf5__features0p1,mean,0
56ff4794-4d52-4b89-8e9c-68ab3d8d1a48,0,dry,weak_expert,4,0.13375230959800283,1,0,rf__trees300__depth10__leaf5__features0p1,mean,0
583240d0-4e6f-4456-8894-be5a74010add,0,dry,weak_expert,4,0.14822986265126664,1,0,rf__trees300__depth10__leaf5__features0p1,mean,0
59285a69-a0c0-40fb-92ee-c4a771b292b4,0,dry,weak_expert,4,0.215265415217144,1,0,rf__trees300__depth10__leaf5__features0p1,mean,0
5998a733-5790-4918-adff-cef8e7b12a73,0,dry,weak_expert,4,0.4159263651852394,1,0,rf__trees300__depth10__leaf5__features0p1,mean,0
5a0fe430-5054-4fe4-b2da-29824128b3a4,0,dry,weak_expert,4,0.5077713697244823,1,1,rf__trees300__depth10__leaf5__features0p1,mean,1
5a229a4b-e0ae-478c-97d5-1963cb0ac690,0,dry,weak_expert,4,0.2096806823472271,1,0,rf__trees300__depth10__leaf5__features0p1,mean,0
5a783d35-fd85-43d7-9ae7-22db4f523269,0,dry,weak_expert,4,0.4529492400737188,1,1,rf__trees300__depth10__leaf5__features0p1,mean,0
5b0be374-28d0-4a16-b010-0c18a460a7d4,0,dry,weak_expert,4,0.2413779038324998,1,0,rf__trees300__depth10__leaf5__features0p1,mean,0
5bbd361a-f7ab-4397-9eec-e76a4758489d,0,dry,weak_expert,4,0.21677956631788026,1,0,rf__trees300__depth10__leaf5__features0p1,mean,0
5c3d8573-8193-4501-8a27-d5e2f881c7b4,0,dry,weak_expert,4,0.3608035993505981,1,0,rf__trees300__depth10__leaf5__features0p1,mean,0
5d4cb7a7-b4e4-4eed-828d-e5c46829da09,0,dry,weak_expert,4,0.251959245909279,1,0,rf__trees300__depth10__leaf5__features0p1,mean,0
5d5c5271-5a75-49ed-99fb-dc62d85071ff,0,dry,weak_expert,4,0.14206703333863474,1,0,rf__trees300__depth10__leaf5__features0p1,mean,0
5d7f356e-f0bf-4cee-896d-9341e81ddaaf,0,dry,weak_expert,4,0.13180843945798082,1,0,rf__trees300__depth10__leaf5__features0p1,mean,0
5fb358c3-76bc-4adc-93ac-02f367e38739,0,dry,weak_expert,4,0.1166069916956772,1,0,rf__trees300__depth10__leaf5__features0p1,mean,0
617658ed-22f1-4286-9da8-ae3410da15ed,0,dry,weak_expert,4,0.14134919176563326,1,0,rf__trees300__depth10__leaf5__features0p1,mean,0
61924ecf-e529-41de-b3a8-626bc58e044d,0,dry,weak_expert,4,0.45983667529529515,1,1,rf__trees300__depth10__leaf5__features0p1,mean,0
64565fdb-05f4-4ee8-abe3-13b2a6bde887,0,dry,weak_expert,4,0.2411225206170231,1,0,rf__trees300__depth10__leaf5__features0p1,mean,0
64c52b39-ae24-4423-bb47-81772a444bfe,0,dry,weak_expert,4,0.4634122843357791,1,1,rf__trees300__depth10__leaf5__features0p1,mean,0
64ff0a57-3000-465e-b47c-82f326b28368,0,dry,weak_expert,4,0.514242781019806,1,1,rf__trees300__depth10__leaf5__features0p1,mean,1
65f8a73e-9cf4-480f-8f4f-c31e67753ea7,0,dry,weak_expert,4,0.2739319144541189,1,0,rf__trees300__depth10__leaf5__features0p1,mean,0
664efc01-b7d3-4dfd-a1c8-dbbcba0780ce,0,dry,weak_expert,4,0.22621917070793765,1,0,rf__trees300__depth10__leaf5__features0p1,mean,0
671d5452-c6a5-456b-aac5-48ef5278f773,0,dry,weak_expert,4,0.07254633053566346,1,0,rf__trees300__depth10__leaf5__features0p1,mean,0
6864ecfc-c540-4e0d-a9cb-933dd9b77e05,0,dry,weak_expert,4,0.3297981692571144,1,0,rf__trees300__depth10__leaf5__features0p1,mean,0
69443da8-7868-4020-8eb6-af768b893a21,0,dry,weak_expert,4,0.3112215814353499,1,0,rf__trees300__depth10__leaf5__features0p1,mean,0
6ae99e6f-623c-45e5-aa98-cf00914f1974,0,dry,weak_expert,4,0.46265699197054394,1,1,rf__trees300__depth10__leaf5__features0p1,mean,0
6cbc0d07-c436-48c5-a13f-e1c0e9334550,0,dry,weak_expert,4,0.35863110376737256,1,0,rf__trees300__depth10__leaf5__features0p1,mean,0
6cd0a8d6-8e94-4ff2-8ad6-ed18ae2b207c,0,dry,weak_expert,4,0.49030803774516923,1,1,rf__trees300__depth10__leaf5__features0p1,mean,0
6ecde34e-2767-47b0-aef3-2828d4b181c7,0,dry,weak_expert,4,0.4807084793905306,1,1,rf__trees300__depth10__leaf5__features0p1,mean,0
6f2e1f59-6d57-499a-8c26-978d80255271,0,dry,weak_expert,4,0.49098758144319676,1,1,rf__trees300__depth10__leaf5__features0p1,mean,0
6f2e82d2-a307-43d7-b3a9-b50cb1a04d9e,0,dry,weak_expert,4,0.45278745396905556,1,1,rf__trees300__depth10__leaf5__features0p1,mean,0
70049bd1-5f1b-42fe-8d8e-2ebf384cfca3,0,dry,weak_expert,4,0.34925960394163214,1,0,rf__trees300__depth10__leaf5__features0p1,mean,0
71b26116-62cd-46ca-89a4-0642e0f2bc52,0,dry,weak_expert,4,0.31491956836979523,1,0,rf__trees300__depth10__leaf5__features0p1,mean,0
727349f2-4730-45f6-99fe-8cf1ae1f2004,0,dry,weak_expert,4,0.18258289761223293,1,0,rf__trees300__depth10__leaf5__features0p1,mean,0
72bf1cb5-9f60-40db-9666-470d6d02f02c,0,dry,weak_expert,4,0.5537841977632584,1,1,rf__trees300__depth10__leaf5__features0p1,mean,1
74d33247-658a-45ea-a641-5b736ee5498f,0,dry,weak_expert,4,0.1939145660019636,1,0,rf__trees300__depth10__leaf5__features0p1,mean,0
760194db-a651-4a06-b7b8-bffd126364cf,0,dry,weak_expert,4,0.3683782590117782,1,0,rf__trees300__depth10__leaf5__features0p1,mean,0
76f0dea9-2043-4984-b515-7a0d03d31035,0,dry,weak_expert,4,0.19329723613834907,1,0,rf__trees300__depth10__leaf5__features0p1,mean,0
778c38b9-431e-467c-85b0-468e79deacd8,0,dry,weak_expert,4,0.2551440450864312,1,0,rf__trees300__depth10__leaf5__features0p1,mean,0
7869b66e-5c53-42b8-8741-8e7398f78137,0,dry,weak_expert,4,0.4104306443622019,1,0,rf__trees300__depth10__leaf5__features0p1,mean,0
79221f97-e57f-476c-a8b1-57c65ff4e01c,0,dry,weak_expert,4,0.2098733626840414,1,0,rf__trees300__depth10__leaf5__features0p1,mean,0
7981abda-eba4-4508-925d-596aa1da5497,0,dry,weak_expert,4,0.25184435830742075,1,0,rf__trees300__depth10__leaf5__features0p1,mean,0
79e8672c-fcd7-49ad-bbd7-1ad4a50d07e6,0,dry,weak_expert,4,0.13029414372697856,1,0,rf__trees300__depth10__leaf5__features0p1,mean,0
7a985f89-ed5d-41e2-9f5d-8d8982508665,0,dry,weak_expert,4,0.1434194250793059,1,0,rf__trees300__depth10__leaf5__features0p1,mean,0
7ad010ba-c400-43bc-b5c6-6d5df815d1f7,0,dry,weak_expert,4,0.3878602717944046,1,0,rf__trees300__depth10__leaf5__features0p1,mean,0
7b3f90c2-9236-4bdc-abf9-375698074f5e,0,dry,weak_expert,4,0.41159408601755926,1,0,rf__trees300__depth10__leaf5__features0p1,mean,0
7b7f6998-7f52-475f-8bbd-e76d80eafd91,0,dry,weak_expert,4,0.27821469923967324,1,0,rf__trees300__depth10__leaf5__features0p1,mean,0
7b962d6a-50fa-48ef-80f0-9d8b23747e90,0,dry,weak_expert,4,0.3361351875045941,1,0,rf__trees300__depth10__leaf5__features0p1,mean,0
7cd1efb7-e973-492d-8a2c-e00a42ef0d78,0,dry,weak_expert,4,0.581576509403149,1,1,rf__trees300__depth10__leaf5__features0p1,mean,1
7d2e208f-4b40-43c8-8f85-e05f9671db2c,0,dry,weak_expert,4,0.3552493822733943,1,0,rf__trees300__depth10__leaf5__features0p1,mean,0
7dc5b3de-2746-46b1-80c4-a73288f37773,0,dry,weak_expert,4,0.3757451722679287,1,0,rf__trees300__depth10__leaf5__features0p1,mean,0
7e782166-6aa4-451c-9b01-afc57c43c3a1,0,dry,weak_expert,4,0.5176079685705889,1,1,rf__trees300__depth10__leaf5__features0p1,mean,1
7e7dc35c-f4a3-4988-a5af-4b9cf730aa4f,0,dry,weak_expert,4,0.3089980377098663,1,0,rf__trees300__depth10__leaf5__features0p1,mean,0
7f1f564a-55eb-4357-b411-e0bf9818e56c,0,dry,weak_expert,4,0.40668780372476215,1,0,rf__trees300__depth10__leaf5__features0p1,mean,0
7fe58bc1-6f08-4eee-801c-0c8bf9287fd5,0,dry,weak_expert,4,0.21122989912514492,1,0,rf__trees300__depth10__leaf5__features0p1,mean,0
814a5c9e-6174-4efa-a378-a990ac566ae2,0,dry,weak_expert,4,0.15561218298212343,1,0,rf__trees300__depth10__leaf5__features0p1,mean,0
83f5d563-5e0c-4f09-b967-d66ade3ad885,0,dry,weak_expert,4,0.1727607151902504,1,0,rf__trees300__depth10__leaf5__features0p1,mean,0
84d8364a-bce5-4e2d-89ca-af05d62b4709,0,dry,weak_expert,4,0.3821095229729358,1,0,rf__trees300__depth10__leaf5__features0p1,mean,0
8815d555-76ba-4803-b536-22df34e872dc,0,dry,weak_expert,4,0.3011009745504782,1,0,rf__trees300__depth10__leaf5__features0p1,mean,0
88bec0f2-8dbd-44d5-a6c2-de1cf0646737,0,dry,weak_expert,4,0.45464325291255697,1,1,rf__trees300__depth10__leaf5__features0p1,mean,0
89bb7d99-45fd-4199-90d1-ac000fa68a65,0,dry,weak_expert,4,0.12970886703466986,1,0,rf__trees300__depth10__leaf5__features0p1,mean,0
8a3058b7-c1ec-43d8-ae17-f1c72da07a21,0,dry,weak_expert,4,0.4549613379585943,1,1,rf__trees300__depth10__leaf5__features0p1,mean,0
8aa95c58-4f0f-4df6-89a2-4b3b5d7841bb,0,dry,weak_expert,4,0.3187301319962784,1,0,rf__trees300__depth10__leaf5__features0p1,mean,0
8d870fda-3cb4-4d17-8650-c52596963ff3,0,dry,weak_expert,4,0.4188548495129624,1,0,rf__trees300__depth10__leaf5__features0p1,mean,0
8e4d3ab1-5e08-424f-9146-054314535ad5,0,dry,weak_expert,4,0.40086572007070276,1,0,rf__trees300__depth10__leaf5__features0p1,mean,0
8ec67d70-2a82-45ea-a646-ab8a5bc4bf4f,0,dry,weak_expert,4,0.4803777476082076,1,1,rf__trees300__depth10__leaf5__features0p1,mean,0
8f5531fb-5c2a-450b-b14c-4321085887d8,0,dry,gold_expert,4,0.4818481916954651,1,1,rf__trees300__depth10__leaf5__features0p1,mean,0
92307087-a106-4fd5-919a-a92b57ffd316,0,dry,weak_expert,4,0.4303492050390359,1,0,rf__trees300__depth10__leaf5__features0p1,mean,0
92580ab5-bc25-48ee-b844-16e2084cf14b,0,dry,weak_expert,4,0.334888048280682,1,0,rf__trees300__depth10__leaf5__features0p1,mean,0
92a40891-fb6b-41ad-b005-bd84c48d12ef,0,dry,weak_expert,4,0.2574409115229449,1,0,rf__trees300__depth10__leaf5__features0p1,mean,0
93d36f3e-2008-44cc-af6f-adb012cef434,0,dry,weak_expert,4,0.22364537986933306,1,0,rf__trees300__depth10__leaf5__features0p1,mean,0
95677325-1a53-4792-bc6d-f2f707cfcb24,0,dry,weak_expert,4,0.21003402079663863,1,0,rf__trees300__depth10__leaf5__features0p1,mean,0
95c2af6d-4ed8-4626-88d0-27515a452ffe,0,dry,weak_expert,4,0.5334042684127825,1,1,rf__trees300__depth10__leaf5__features0p1,mean,1
96684bb9-596c-4886-80e3-ccb2238e41d2,0,dry,weak_expert,4,0.29427438532753725,1,0,rf__trees300__depth10__leaf5__features0p1,mean,0
9668aedd-1d7b-48e7-86d1-7c00c67211ae,0,dry,weak_expert,4,0.17400561648188506,1,0,rf__trees300__depth10__leaf5__features0p1,mean,0
96898934-8f8e-4af6-b351-24039794ea57,0,dry,weak_expert,4,0.6615331004351268,1,1,rf__trees300__depth10__leaf5__features0p1,mean,1
9a4d243e-4ac6-4c34-9b73-7ef188a02ed0,0,dry,weak_expert,4,0.424410163410172,1,0,rf__trees300__depth10__leaf5__features0p1,mean,0
9a70cfcf-2df1-4bbc-aed8-aa9afa094a9f,0,dry,weak_expert,4,0.3275398262405551,1,0,rf__trees300__depth10__leaf5__features0p1,mean,0
9a8ced91-6c7b-4eee-beb2-252ab3d9554d,0,dry,weak_expert,4,0.2111095966214076,1,0,rf__trees300__depth10__leaf5__features0p1,mean,0
9ad9631c-6910-4f4e-ada7-319db3a165c4,0,dry,weak_expert,4,0.4756979180864716,1,1,rf__trees300__depth10__leaf5__features0p1,mean,0
9aea1b03-9fc0-48c9-9e62-a6ac15633c03,0,dry,weak_expert,4,0.3184943660177781,1,0,rf__trees300__depth10__leaf5__features0p1,mean,0
9bdef567-3097-4553-8dab-beed4036d779,0,dry,weak_expert,4,0.4629681476779142,1,1,rf__trees300__depth10__leaf5__features0p1,mean,0
9d389c55-da76-4670-b950-f5c03742d905,0,dry,weak_expert,4,0.6268314805133596,1,1,rf__trees300__depth10__leaf5__features0p1,mean,1
9d4a6e36-fb08-4ef4-a309-7905212f67b0,0,dry,weak_expert,4,0.3528100580951084,1,0,rf__trees300__depth10__leaf5__features0p1,mean,0
9d72542d-65e3-430c-910b-fd34a2527812,0,dry,weak_expert,4,0.17386325918835432,1,0,rf__trees300__depth10__leaf5__features0p1,mean,0
9e1a07c9-37a4-441a-a5a3-834b2283ae01,0,dry,weak_expert,4,0.5050912738732302,1,1,rf__trees300__depth10__leaf5__features0p1,mean,1
9e5738c6-7649-42d5-be58-1e289796f189,0,dry,weak_expert,4,0.22956959074385458,1,0,rf__trees300__depth10__leaf5__features0p1,mean,0
9e6d88da-2a85-4c86-a606-e66d83bf7550,0,dry,weak_expert,4,0.3206673662311158,1,0,rf__trees300__depth10__leaf5__features0p1,mean,0
9fe0d71a-e946-467e-aac2-767ae85ed884,0,dry,weak_expert,4,0.13192584899525053,1,0,rf__trees300__depth10__leaf5__features0p1,mean,0
a0b2c39c-8a24-4984-aa0f-009f13a700c5,0,dry,weak_expert,4,0.23362483275080043,1,0,rf__trees300__depth10__leaf5__features0p1,mean,0
a13b9da9-a901-4622-9898-71f76097b98c,0,dry,weak_expert,4,0.317680641596687,1,0,rf__trees300__depth10__leaf5__features0p1,mean,0
a3652154-abdd-4d52-98cf-cddfc1c75447,0,dry,weak_expert,4,0.2889693029241148,1,0,rf__trees300__depth10__leaf5__features0p1,mean,0
a41a84b6-f192-4b79-bb08-e47285cf8a4e,0,dry,weak_expert,4,0.3117272495701622,1,0,rf__trees300__depth10__leaf5__features0p1,mean,0
a4cc4680-8bb6-4646-b9cf-d77a4e8ada21,0,dry,weak_expert,4,0.23130636521240555,1,0,rf__trees300__depth10__leaf5__features0p1,mean,0
a4e4dc63-969f-4b6d-889a-b8f9d20028f7,0,dry,weak_expert,4,0.12896678955754037,1,0,rf__trees300__depth10__leaf5__features0p1,mean,0
a664172f-6df4-44db-bfd4-c735f1edc3e6,0,dry,weak_expert,4,0.38783638621364813,1,0,rf__trees300__depth10__leaf5__features0p1,mean,0
a69d7fc8-6cac-417e-9008-89bef72f1fa7,0,dry,weak_expert,4,0.21155658246457534,1,0,rf__trees300__depth10__leaf5__features0p1,mean,0
a7a5c702-df32-41e5-a129-a43ec576a480,0,dry,weak_expert,4,0.22842176082710272,1,0,rf__trees300__depth10__leaf5__features0p1,mean,0
aa577908-e7cd-485b-adfa-51c6d7828201,0,dry,weak_expert,4,0.2819467130306703,1,0,rf__trees300__depth10__leaf5__features0p1,mean,0
aa5a073e-9319-477b-b2ad-7465765d6340,0,dry,weak_expert,4,0.2960070807686872,1,0,rf__trees300__depth10__leaf5__features0p1,mean,0
ada1def9-7e36-4d4e-8e3e-e678afee4185,0,dry,gold_expert,4,0.23408741223932902,1,0,rf__trees300__depth10__leaf5__features0p1,mean,0
ae18328e-da30-4137-a717-a718ffe2412e,0,dry,gold_expert,4,0.4255078489721003,1,0,rf__trees300__depth10__leaf5__features0p1,mean,0
ae9ae0a2-f646-4f2d-a8d2-050d71fc3a29,0,dry,weak_expert,4,0.11998083190292216,1,0,rf__trees300__depth10__leaf5__features0p1,mean,0
b07782ac-d2f7-4c46-bd5a-045e715d20a3,0,dry,weak_expert,4,0.08503735949558426,1,0,rf__trees300__depth10__leaf5__features0p1,mean,0
b0aa16a7-ed93-4a11-88bf-031ea505282c,0,dry,weak_expert,4,0.2446510712569357,1,0,rf__trees300__depth10__leaf5__features0p1,mean,0
b0f187db-9026-4791-90dd-f845cdb3f90e,0,dry,weak_expert,4,0.45303106240616536,1,1,rf__trees300__depth10__leaf5__features0p1,mean,0
b1bdaeee-ffa3-4a1e-a213-7a74e3a863c3,0,dry,weak_expert,4,0.3377493896641082,1,0,rf__trees300__depth10__leaf5__features0p1,mean,0
b1e56350-eef1-4dd1-8d7a-446c15eff785,0,dry,weak_expert,4,0.3358378352607756,1,0,rf__trees300__depth10__leaf5__features0p1,mean,0
b273b74b-a227-43c9-be4b-3e8cf959fa44,0,dry,weak_expert,4,0.5711865165386077,1,1,rf__trees300__depth10__leaf5__features0p1,mean,1
b300ba99-adb0-4005-8292-e3ee5134a5a6,0,dry,weak_expert,4,0.2827305830212589,1,0,rf__trees300__depth10__leaf5__features0p1,mean,0
b46dc541-8b50-4f9b-b22a-761e144f88d9,0,dry,weak_expert,4,0.2697594758693987,1,0,rf__trees300__depth10__leaf5__features0p1,mean,0
b551c936-7f27-40a4-bf3b-2d8c4edfbae8,0,dry,weak_expert,4,0.17745158881065515,1,0,rf__trees300__depth10__leaf5__features0p1,mean,0
b66ea1a8-a46f-4890-8b1f-91c5841bfc99,0,dry,weak_expert,4,0.3289120441829652,1,0,rf__trees300__depth10__leaf5__features0p1,mean,0
bac8326b-2652-443d-8b58-af96cdf5284d,0,dry,weak_expert,4,0.3345118286194104,1,0,rf__trees300__depth10__leaf5__features0p1,mean,0
bb17ca61-9aa8-45d2-9b3e-52c53965641f,0,dry,weak_expert,4,0.20243229623168738,1,0,rf__trees300__depth10__leaf5__features0p1,mean,0
be265d6b-9bc3-4499-a099-940ad4479dde,0,dry,weak_expert,4,0.44197736692311984,1,1,rf__trees300__depth10__leaf5__features0p1,mean,0
beb10920-1bf0-42af-ada7-b73e73919bfa,0,dry,weak_expert,4,0.16928533190184053,1,0,rf__trees300__depth10__leaf5__features0p1,mean,0
bfeb3880-a9bc-438e-b171-f467ba93087d,0,dry,weak_expert,4,0.1803358745533466,1,0,rf__trees300__depth10__leaf5__features0p1,mean,0
c0687f80-4d3b-473e-9cd5-7ade1b43f528,0,dry,weak_expert,4,0.22165190901664664,1,0,rf__trees300__depth10__leaf5__features0p1,mean,0
c07264af-0bcb-41b6-9322-cdd1fb2d654f,0,dry,weak_expert,4,0.356800269575829,1,0,rf__trees300__depth10__leaf5__features0p1,mean,0
c233a7a1-c6d8-4f5f-8f87-bfd180c6d32e,0,dry,weak_expert,4,0.3129171160609569,1,0,rf__trees300__depth10__leaf5__features0p1,mean,0
c2925320-df66-4a25-8309-3f1cca3dc37e,0,dry,weak_expert,4,0.20964840561254336,1,0,rf__trees300__depth10__leaf5__features0p1,mean,0
c36e8c36-3dfb-4ffd-98e2-118b6d58febf,0,dry,weak_expert,4,0.17647639498663953,1,0,rf__trees300__depth10__leaf5__features0p1,mean,0
c3cec81d-ff60-4b2b-a3ba-9ff86f268ea2,0,dry,weak_expert,4,0.48101763847960866,1,1,rf__trees300__depth10__leaf5__features0p1,mean,0
c5260e7e-c927-464a-8946-bf1559afa0cf,0,dry,weak_expert,4,0.3504328499800136,1,0,rf__trees300__depth10__leaf5__features0p1,mean,0
c52cae2c-3250-45e4-9c3a-4cfb08ef9c98,0,dry,weak_expert,4,0.40489067075767665,1,0,rf__trees300__depth10__leaf5__features0p1,mean,0
c54e2543-7e25-4a57-83fe-6b227220d00c,0,dry,weak_expert,4,0.3199729936006233,1,0,rf__trees300__depth10__leaf5__features0p1,mean,0
c55e4ac5-03f1-4432-ada6-be2c30e76bcb,0,dry,weak_expert,4,0.15973007629243122,1,0,rf__trees300__depth10__leaf5__features0p1,mean,0
c6fb2de6-86a6-4704-b267-11c0031431f2,0,dry,weak_expert,4,0.3750675317445825,1,0,rf__trees300__depth10__leaf5__features0p1,mean,0
c99bf408-50b8-48ba-984f-18fe7da1b484,0,dry,weak_expert,4,0.21177984537825323,1,0,rf__trees300__depth10__leaf5__features0p1,mean,0
ca4579a8-d65b-42aa-8fdf-1108e3b0323e,0,dry,weak_expert,4,0.5180872883600331,1,1,rf__trees300__depth10__leaf5__features0p1,mean,1
ca4c72fb-627d-4cd4-9120-ce93f05dcb56,0,dry,weak_expert,4,0.17304906868372918,1,0,rf__trees300__depth10__leaf5__features0p1,mean,0
ca81325c-1dc0-49ad-94cf-0b7d5b7f3a4a,0,dry,weak_expert,4,0.30401288690670447,1,0,rf__trees300__depth10__leaf5__features0p1,mean,0
caf07708-037e-44b8-b4f9-abeb76b237f2,0,dry,weak_expert,4,0.6248156267235818,1,1,rf__trees300__depth10__leaf5__features0p1,mean,1
caf4e7ea-513a-4f81-941a-56e28c49fb6d,0,dry,weak_expert,4,0.3119936753525961,1,0,rf__trees300__depth10__leaf5__features0p1,mean,0
cbe792ac-397c-4b38-91d3-043fef882f90,0,dry,weak_expert,4,0.48925141056374694,1,1,rf__trees300__depth10__leaf5__features0p1,mean,0
ce0c319b-da2c-4f90-9050-108a8156acb5,0,dry,weak_expert,4,0.14835305313633243,1,0,rf__trees300__depth10__leaf5__features0p1,mean,0
cf701e11-d828-45d4-ad04-ceceb7920886,0,dry,weak_expert,4,0.258885380725466,1,0,rf__trees300__depth10__leaf5__features0p1,mean,0
cfecb0d8-defc-4875-afad-427f964ce2f3,0,dry,weak_expert,4,0.32091830701143614,1,0,rf__trees300__depth10__leaf5__features0p1,mean,0
d085181f-cd24-464a-9bd2-b8fe313d2321,0,dry,weak_expert,4,0.31025041988285795,1,0,rf__trees300__depth10__leaf5__features0p1,mean,0
d297b163-1de9-42b1-abf5-ee9ca659377f,0,dry,weak_expert,4,0.17666870046983466,1,0,rf__trees300__depth10__leaf5__features0p1,mean,0
d446bc98-e79e-41a7-9311-010b43c3f943,0,dry,weak_expert,4,0.23465198542646964,1,0,rf__trees300__depth10__leaf5__features0p1,mean,0
d474b19c-bc88-4c58-8cfc-5bca2308077c,0,dry,weak_expert,4,0.11490978730513123,1,0,rf__trees300__depth10__leaf5__features0p1,mean,0
d5a1411d-d312-44b1-a37d-a387ec13df1a,0,dry,gold_expert,4,0.4001694115446295,1,0,rf__trees300__depth10__leaf5__features0p1,mean,0
d5c506d9-9b17-4886-b5b3-999f8ee8060a,0,dry,weak_expert,4,0.27206791700900695,1,0,rf__trees300__depth10__leaf5__features0p1,mean,0
d64010f8-4dd5-45ce-8f3e-07335b3c4143,0,dry,weak_expert,4,0.26441273627079454,1,0,rf__trees300__depth10__leaf5__features0p1,mean,0
d6d428e1-3829-41e9-aa09-5f05e5eb058b,0,dry,weak_expert,4,0.3577439959394551,1,0,rf__trees300__depth10__leaf5__features0p1,mean,0
d9936aee-41cf-4917-a02e-99b76db504c9,0,dry,gold_expert,4,0.5698024867625283,1,1,rf__trees300__depth10__leaf5__features0p1,mean,1
d9fb1d7c-a659-4194-831e-1a0110f57215,0,dry,weak_expert,4,0.39234232482028747,1,0,rf__trees300__depth10__leaf5__features0p1,mean,0
da1fad02-0141-4cbb-96bd-408bad5641b0,0,dry,weak_expert,4,0.3919890952971222,1,0,rf__trees300__depth10__leaf5__features0p1,mean,0
de39c600-5209-4974-954b-0a07f2ed4b6e,0,dry,weak_expert,4,0.3748082184594461,1,0,rf__trees300__depth10__leaf5__features0p1,mean,0
dea47426-a6cb-4ab4-a3aa-8dad29db8183,0,dry,weak_expert,4,0.4065713877454547,1,0,rf__trees300__depth10__leaf5__features0p1,mean,0
deb2972a-cee8-42f2-8cde-0639c71dda23,0,dry,weak_expert,4,0.33134261113749036,1,0,rf__trees300__depth10__leaf5__features0p1,mean,0
df09794b-095c-4ae9-8968-945ccc7b5668,0,dry,weak_expert,4,0.2848433800721515,1,0,rf__trees300__depth10__leaf5__features0p1,mean,0
df9cd86e-9e40-4da9-8291-3bc7f86b33f2,0,dry,weak_expert,4,0.41194729510423594,1,0,rf__trees300__depth10__leaf5__features0p1,mean,0
e206e88e-4a9e-4eab-b9c3-f1d5ed807c96,0,dry,weak_expert,4,0.35676986744484007,1,0,rf__trees300__depth10__leaf5__features0p1,mean,0
e339c45d-998d-4f9b-a8f4-300a63985aa2,0,dry,weak_expert,4,0.2003928491927838,1,0,rf__trees300__depth10__leaf5__features0p1,mean,0
e4739ce1-f3e5-4af2-adb5-98f022c50bf7,0,dry,weak_expert,4,0.2631676462936937,1,0,rf__trees300__depth10__leaf5__features0p1,mean,0
e64c0647-d3b9-47c0-8da6-09c1895ef9f1,0,dry,weak_expert,4,0.2898651555318589,1,0,rf__trees300__depth10__leaf5__features0p1,mean,0
e7bd9488-4878-404b-bc30-da40ac705462,0,dry,weak_expert,4,0.309002895410969,1,0,rf__trees300__depth10__leaf5__features0p1,mean,0
e80023d9-392a-407a-9580-9c66eb45d7bd,0,dry,weak_expert,4,0.3262643843472137,1,0,rf__trees300__depth10__leaf5__features0p1,mean,0
e8759970-c5b4-4d2a-a71c-d08ee83f482a,0,dry,weak_expert,4,0.3246694110030896,1,0,rf__trees300__depth10__leaf5__features0p1,mean,0
e8f9178e-30b1-45b8-bde1-b4f00c4b4883,0,dry,weak_expert,4,0.2440464655983481,1,0,rf__trees300__depth10__leaf5__features0p1,mean,0
e92ed6f0-70a8-425f-8dee-1b0443381224,0,dry,weak_expert,4,0.5014905926962928,1,1,rf__trees300__depth10__leaf5__features0p1,mean,1
e9ac8c20-f223-4225-8e17-bd524ecb0a68,0,dry,weak_expert,4,0.42160576381179204,1,0,rf__trees300__depth10__leaf5__features0p1,mean,0
e9b6c992-e63c-446d-8c92-e7e62209b6a1,0,dry,weak_expert,4,0.1233156233142685,1,0,rf__trees300__depth10__leaf5__features0p1,mean,0
e9bf0a5a-ff96-480b-a54a-f647143e1d6f,0,dry,gold_expert,4,0.19158527675583437,1,0,rf__trees300__depth10__leaf5__features0p1,mean,0
eaed556e-e896-4e43-baca-a8bd7b127e92,0,dry,weak_expert,4,0.08399875886433383,1,0,rf__trees300__depth10__leaf5__features0p1,mean,0
ec041149-b613-4b8b-823e-1bed1d6dc6e0,0,dry,weak_expert,4,0.1713030825877392,1,0,rf__trees300__depth10__leaf5__features0p1,mean,0
ee28fdd9-6f0a-4c52-bb38-c8c43f24a669,0,dry,weak_expert,4,0.3377680730607592,1,0,rf__trees300__depth10__leaf5__features0p1,mean,0
f18bb6f5-90c1-492e-8030-d95acd72b146,0,dry,weak_expert,4,0.30851383460399834,1,0,rf__trees300__depth10__leaf5__features0p1,mean,0
f3bdd3ab-aac5-42ca-9c3e-36475ee47349,0,dry,weak_expert,4,0.30276398439225183,1,0,rf__trees300__depth10__leaf5__features0p1,mean,0
f4e4e818-c210-4c9e-bdca-c1cf1af1e144,0,dry,weak_expert,4,0.36428110934147073,1,0,rf__trees300__depth10__leaf5__features0p1,mean,0
f5231767-4f81-4b7a-bace-c6eae80fe56c,0,dry,weak_expert,4,0.20224393302977584,1,0,rf__trees300__depth10__leaf5__features0p1,mean,0
f5d1d24e-13ed-46f6-9f68-516ae92414b7,0,dry,weak_expert,4,0.16625706307784663,1,0,rf__trees300__depth10__leaf5__features0p1,mean,0
f7c229bd-ed49-40d5-a1bc-837ea7b66bd0,0,dry,weak_expert,4,0.39062570422235093,1,0,rf__trees300__depth10__leaf5__features0p1,mean,0
fb6e4eac-fba3-4ab4-95ae-53488da9b68b,0,dry,weak_expert,4,0.22333847907356671,1,0,rf__trees300__depth10__leaf5__features0p1,mean,0
fbe16432-b3f6-4d2e-b414-ae83660414a8,0,dry,weak_expert,4,0.2927121740701179,1,0,rf__trees300__depth10__leaf5__features0p1,mean,0
ffa718e8-da65-4602-8da8-cda7cdc568f2,0,dry,weak_expert,4,0.19014552085070013,1,0,rf__trees300__depth10__leaf5__features0p1,mean,0
018b40a1-c109-459a-9e31-86cbd2cb3918,1,wet,weak_expert,4,0.5583327178703741,1,1,rf__trees300__depth10__leaf5__features0p1,mean,1
0527be95-d7f1-4156-8e37-1587355661ca,1,wet,weak_expert,4,0.4370199551016126,1,1,rf__trees300__depth10__leaf5__features0p1,mean,0
0640716b-e287-4181-a653-5b798e8308c8,1,wet,weak_expert,4,0.46988865430662874,1,1,rf__trees300__depth10__leaf5__features0p1,mean,0
06b568b5-b9f8-4334-816c-c16009bb5de7,1,wet,weak_expert,4,0.49161395402846164,1,1,rf__trees300__depth10__leaf5__features0p1,mean,0
06e989e7-b76d-4a36-8c5c-c59ef0d9d663,1,wet,weak_expert,4,0.4360675239285999,1,1,rf__trees300__depth10__leaf5__features0p1,mean,0
0b6ea0b5-e036-43ca-8462-d128f6232bdf,1,wet,weak_expert,4,0.3800431153749824,1,0,rf__trees300__depth10__leaf5__features0p1,mean,0
0dcae895-e7c6-4e47-a399-29f22b37e075,1,wet,weak_expert,4,0.19699675363684402,1,0,rf__trees300__depth10__leaf5__features0p1,mean,0
10aed3ae-9ec1-4041-bac6-90b1d4634aee,1,wet,weak_expert,4,0.5855503392339205,1,1,rf__trees300__depth10__leaf5__features0p1,mean,1
1a324acb-12f7-4eef-8e8c-0c71a47280e2,1,wet,weak_expert,4,0.1699856698650225,1,0,rf__trees300__depth10__leaf5__features0p1,mean,0
1c7f79d6-70bb-4558-b5a9-0c94c9418610,1,wet,weak_expert,4,0.47575183608220634,1,1,rf__trees300__depth10__leaf5__features0p1,mean,0
1c8853d4-5a0b-425e-b211-d20b2d16e35d,1,wet,weak_expert,4,0.4402125412886725,1,1,rf__trees300__depth10__leaf5__features0p1,mean,0
1e4aef1f-a0d0-414b-8f09-b588a455111c,1,wet,weak_expert,4,0.6421631046518892,1,1,rf__trees300__depth10__leaf5__features0p1,mean,1
1f6a497a-7d48-4db2-be34-c7760e427427,1,wet,weak_expert,4,0.533877000648226,1,1,rf__trees300__depth10__leaf5__features0p1,mean,1
213aff15-681f-4f36-a001-07dd623161d3,1,wet,weak_expert,4,0.2336100546227091,1,0,rf__trees300__depth10__leaf5__features0p1,mean,0
22002ad7-3fb5-47d7-8987-e3cdc0931439,1,wet,weak_expert,4,0.46835114247801385,1,1,rf__trees300__depth10__leaf5__features0p1,mean,0
244d35b5-565c-4a3b-a1bd-baa8f899f9d2,1,wet,weak_expert,4,0.5135102093878027,1,1,rf__trees300__depth10__leaf5__features0p1,mean,1
28cb1fbb-ff5a-4ab6-b676-0d3d0e8c9235,1,wet,weak_expert,4,0.6112474631251148,1,1,rf__trees300__depth10__leaf5__features0p1,mean,1
28de837b-8dbf-43a8-a90f-04e644a04933,1,wet,weak_expert,4,0.45139373981078373,1,1,rf__trees300__depth10__leaf5__features0p1,mean,0
2e349a58-b119-4b15-8b3f-5a5c6416bca4,1,wet,weak_expert,4,0.32573870899547586,1,0,rf__trees300__depth10__leaf5__features0p1,mean,0
35244796-18c5-4825-ac49-90235ff885fc,1,wet,weak_expert,4,0.32662549137124386,1,0,rf__trees300__depth10__leaf5__features0p1,mean,0
3a3b515b-fde5-4208-bb1c-c24de372c9e7,1,wet,weak_expert,4,0.285079883427911,1,0,rf__trees300__depth10__leaf5__features0p1,mean,0
42ee475c-2a4b-48f0-b33e-9a5f57000770,1,wet,weak_expert,4,0.2574077029784239,1,0,rf__trees300__depth10__leaf5__features0p1,mean,0
478adaaa-cc6a-487d-a842-a30af37aa4d0,1,wet,weak_expert,4,0.4818099849609391,1,1,rf__trees300__depth10__leaf5__features0p1,mean,0
47b5e63d-17ff-4f39-a8d6-f1d711992913,1,wet,weak_expert,4,0.33469755388546985,1,0,rf__trees300__depth10__leaf5__features0p1,mean,0
47ceafde-45d9-4bb6-881a-5ef866fa908d,1,wet,weak_expert,4,0.5205000656640183,1,1,rf__trees300__depth10__leaf5__features0p1,mean,1
49c952bf-0654-4baa-a67f-363745f146de,1,wet,weak_expert,4,0.3558708521524189,1,0,rf__trees300__depth10__leaf5__features0p1,mean,0
4b22dc75-caee-40a8-84da-d3bc8f4eca69,1,wet,weak_expert,4,0.2871232553028559,1,0,rf__trees300__depth10__leaf5__features0p1,mean,0
4c98548d-6e9e-4832-8b77-b7af79c9e987,1,wet,weak_expert,4,0.5915603390069648,1,1,rf__trees300__depth10__leaf5__features0p1,mean,1
51a9ade4-721c-4a75-ab33-57e68f425a42,1,wet,weak_expert,4,0.25883752585459374,1,0,rf__trees300__depth10__leaf5__features0p1,mean,0
53d69964-ae7d-4ccc-a297-91a9b21c772e,1,wet,weak_expert,4,0.2150169737378302,1,0,rf__trees300__depth10__leaf5__features0p1,mean,0
58a9d260-53d9-4ba6-b7d4-3e7357412426,1,wet,weak_expert,4,0.4690204791791958,1,1,rf__trees300__depth10__leaf5__features0p1,mean,0
62de2524-c400-459b-98a2-746e0ed84eb2,1,wet,weak_expert,4,0.5544590038049819,1,1,rf__trees300__depth10__leaf5__features0p1,mean,1
636c468c-d6db-4a7d-8e0e-31c7f68baa49,1,wet,weak_expert,4,0.502096729449302,1,1,rf__trees300__depth10__leaf5__features0p1,mean,1
63acc1aa-2087-4c46-b0a8-56d38a3b1b10,1,wet,weak_expert,4,0.11296808318210388,1,0,rf__trees300__depth10__leaf5__features0p1,mean,0
7240dc44-c2c7-4a09-bb78-e4297d1462ba,1,wet,weak_expert,4,0.26808042661204273,1,0,rf__trees300__depth10__leaf5__features0p1,mean,0
731cbe07-5754-46cf-bb5c-873a670cd5d7,1,wet,weak_expert,4,0.5009897479089601,1,1,rf__trees300__depth10__leaf5__features0p1,mean,1
733b0db4-aec3-4afa-a7fc-7e29e0c9403c,1,wet,weak_expert,4,0.6519121505872526,1,1,rf__trees300__depth10__leaf5__features0p1,mean,1
76095239-daab-4439-84fe-8f869f743eff,1,wet,weak_expert,4,0.2693300306041358,1,0,rf__trees300__depth10__leaf5__features0p1,mean,0
763abc17-c8f2-4e61-899e-4882f2b4e00e,1,wet,weak_expert,4,0.4871947815391471,1,1,rf__trees300__depth10__leaf5__features0p1,mean,0
76e8a4af-709e-4311-ab93-135b90ffaf49,1,wet,weak_expert,4,0.3849856872779354,1,0,rf__trees300__depth10__leaf5__features0p1,mean,0
7e307ff5-00ca-4f25-bd20-1c1d2d3b9b47,1,wet,weak_expert,4,0.4242588104337633,1,0,rf__trees300__depth10__leaf5__features0p1,mean,0
7f796fc4-89d2-4858-8994-3c2cc72097b6,1,wet,weak_expert,4,0.6121492313501562,1,1,rf__trees300__depth10__leaf5__features0p1,mean,1
80411c72-2727-40a3-a781-0d71f1bb717d,1,wet,weak_expert,4,0.5123515597593749,1,1,rf__trees300__depth10__leaf5__features0p1,mean,1
8200cbb2-14dd-440a-9943-1d9c6ce94768,1,wet,weak_expert,4,0.2065912257812763,1,0,rf__trees300__depth10__leaf5__features0p1,mean,0
8588cbcb-a7c2-47fe-bedf-734de9d855c8,1,wet,weak_expert,4,0.2671121623220543,1,0,rf__trees300__depth10__leaf5__features0p1,mean,0
8c9122bd-5601-48aa-865a-63db152a91df,1,wet,weak_expert,4,0.37712268996390025,1,0,rf__trees300__depth10__leaf5__features0p1,mean,0
8e472a6f-87ea-4c25-af3f-7bda3db7399d,1,wet,weak_expert,4,0.3517739872417689,1,0,rf__trees300__depth10__leaf5__features0p1,mean,0
92576934-e7b9-41bd-baee-5c6a9afc962e,1,wet,weak_expert,4,0.3983350196221589,1,0,rf__trees300__depth10__leaf5__features0p1,mean,0
95c41fec-38ea-4144-a071-22baf4981bdb,1,wet,weak_expert,4,0.6093604706354807,1,1,rf__trees300__depth10__leaf5__features0p1,mean,1
9639193c-1ada-4bc6-a5dc-6ea78064bb72,1,wet,weak_expert,4,0.09152524538214324,1,0,rf__trees300__depth10__leaf5__features0p1,mean,0
983d7e7d-7e21-43a3-8b5b-801374c6b529,1,wet,weak_expert,4,0.4887039174852553,1,1,rf__trees300__depth10__leaf5__features0p1,mean,0
994914cd-7e11-4f1e-b2c2-a0111f32307f,1,wet,weak_expert,4,0.2721823230899511,1,0,rf__trees300__depth10__leaf5__features0p1,mean,0
9d691598-b7e2-4d3b-a90a-afd4ab47abad,1,wet,weak_expert,4,0.5694875176503397,1,1,rf__trees300__depth10__leaf5__features0p1,mean,1
9e0490ff-2444-488a-8c01-400b958c9875,1,wet,weak_expert,4,0.3443965605891049,1,0,rf__trees300__depth10__leaf5__features0p1,mean,0
af511c3d-614c-4b89-abcf-8c9f9d2f9f3f,1,wet,weak_expert,4,0.28931726088648463,1,0,rf__trees300__depth10__leaf5__features0p1,mean,0
b4163e6f-5997-4e8b-8966-e70aeecbde91,1,wet,weak_expert,4,0.25731041423211454,1,0,rf__trees300__depth10__leaf5__features0p1,mean,0
b4cb0e7d-ee40-4088-8e82-21a910caa86a,1,wet,weak_expert,4,0.40066252564778915,1,0,rf__trees300__depth10__leaf5__features0p1,mean,0
c2e2039a-7bef-4430-907c-276de3fa44bb,1,wet,weak_expert,4,0.539727127027841,1,1,rf__trees300__depth10__leaf5__features0p1,mean,1
c4bb2745-d354-46ec-983d-a14a4ff3bd86,1,wet,weak_expert,4,0.5082140054530552,1,1,rf__trees300__depth10__leaf5__features0p1,mean,1
c52f9edf-409b-46dc-8d99-b0b6e0e3a336,1,wet,weak_expert,4,0.6389526451124006,1,1,rf__trees300__depth10__leaf5__features0p1,mean,1
c7aebd2e-f4d8-4af7-82f5-f0d71f93cae2,1,wet,weak_expert,4,0.3327084251452675,1,0,rf__trees300__depth10__leaf5__features0p1,mean,0
cc3c1f82-0559-4ae6-bcbd-45a61a6178b0,1,wet,weak_expert,4,0.5484923810257434,1,1,rf__trees300__depth10__leaf5__features0p1,mean,1
ce02bd1b-5ef9-4840-a9b8-152ba4c8be70,1,wet,weak_expert,4,0.5966524238325409,1,1,rf__trees300__depth10__leaf5__features0p1,mean,1
ceedfac8-9acb-4a08-97de-5fead70cd19e,1,wet,weak_expert,4,0.2612303597153241,1,0,rf__trees300__depth10__leaf5__features0p1,mean,0
d99023eb-d5f2-4693-95f6-047a6f0142b4,1,wet,weak_expert,4,0.2124862381740108,1,0,rf__trees300__depth10__leaf5__features0p1,mean,0
e43f8cad-6593-4258-b428-16671808e8d2,1,wet,weak_expert,4,0.5005594890196755,1,1,rf__trees300__depth10__leaf5__features0p1,mean,1
e4729edf-12e5-4ba9-883e-1114c32b90f0,1,wet,weak_expert,4,0.6023035073670658,1,1,rf__trees300__depth10__leaf5__features0p1,mean,1
ea454263-90d9-43f6-91d3-a82e80a18781,1,wet,weak_expert,4,0.1491780789598298,1,0,rf__trees300__depth10__leaf5__features0p1,mean,0
eeae6f7f-bebd-4d8f-9748-d7a59f7628d6,1,wet,weak_expert,4,0.3901860629203666,1,0,rf__trees300__depth10__leaf5__features0p1,mean,0
ef4098b8-f694-4b16-89df-c81df3ce4192,1,wet,weak_expert,4,0.3790598571084753,1,0,rf__trees300__depth10__leaf5__features0p1,mean,0
f0da0dd1-a4d1-47ac-bc31-e9c6ceb05e28,1,wet,gold_expert,4,0.5656426008693021,1,1,rf__trees300__depth10__leaf5__features0p1,mean,1
f4562a08-6124-4bca-8a0d-0bce0d0877a5,1,wet,weak_expert,4,0.17807894236044894,1,0,rf__trees300__depth10__leaf5__features0p1,mean,0
f63fdfe6-071c-480e-bbdb-85cc44accd49,1,wet,weak_expert,4,0.15334685022438602,1,0,rf__trees300__depth10__leaf5__features0p1,mean,0
f7f2f111-2861-4eda-a25e-ec6c90b87c2a,1,wet,weak_expert,4,0.43965665837142304,1,1,rf__trees300__depth10__leaf5__features0p1,mean,0
f99a8315-236c-483b-8222-449dea88604a,1,wet,weak_expert,4,0.4998211310184319,1,1,rf__trees300__depth10__leaf5__features0p1,mean,0
0029d048-898a-4c70-89c7-0815cdcf7391,0,dry,weak_expert,0,0.14180832782772376,1,0,rf__trees300__depth10__leaf5__features0p1,mean_std,0
006d8d1c-2bf6-46a6-8ef2-1823898a4733,0,dry,weak_expert,0,0.2034225999770827,1,0,rf__trees300__depth10__leaf5__features0p1,mean_std,0
00ddf050-6939-4f33-9e54-fcb309b895ec,0,dry,weak_expert,0,0.2168172732353445,1,0,rf__trees300__depth10__leaf5__features0p1,mean_std,0
03c8796e-547e-4158-ae5f-7c613aaeb02f,0,dry,weak_expert,0,0.19452151017265104,1,0,rf__trees300__depth10__leaf5__features0p1,mean_std,0
05458ac9-b4d3-4558-b6b2-b2bf7036f16c,0,dry,weak_expert,0,0.2484621267365886,1,0,rf__trees300__depth10__leaf5__features0p1,mean_std,0
0593e9bf-e162-46c2-b1d5-3bc34ef1fc6f,0,dry,weak_expert,0,0.3426011564393886,1,0,rf__trees300__depth10__leaf5__features0p1,mean_std,0
062c3a7f-a783-4b43-806e-6db83aa0da15,0,dry,weak_expert,0,0.256859459480691,1,0,rf__trees300__depth10__leaf5__features0p1,mean_std,0
076f59de-0637-4ee1-951c-f2e0784e8a53,0,dry,weak_expert,0,0.3705713622681488,1,0,rf__trees300__depth10__leaf5__features0p1,mean_std,0
08024f8a-88fb-4298-9656-04da97112ae6,0,dry,weak_expert,0,0.0994266982887184,1,0,rf__trees300__depth10__leaf5__features0p1,mean_std,0
089f764a-6620-4554-8519-ac64f833a5d5,0,dry,weak_expert,0,0.19685222140773787,1,0,rf__trees300__depth10__leaf5__features0p1,mean_std,0
08d5d346-6219-4e6d-ac06-ef489f2d186c,0,dry,weak_expert,0,0.7421075562391534,1,1,rf__trees300__depth10__leaf5__features0p1,mean_std,1
0b43fe9d-c9d6-4d0d-abf9-52f6b3712325,0,dry,weak_expert,0,0.07105668569652822,1,0,rf__trees300__depth10__leaf5__features0p1,mean_std,0
0e8c849d-9a13-4d43-b6b5-be14a334b77c,0,dry,weak_expert,0,0.43720973725532747,1,1,rf__trees300__depth10__leaf5__features0p1,mean_std,0
0ef3c0bc-56c3-44da-bea0-dc31a158414a,0,dry,weak_expert,0,0.32348282890880264,1,0,rf__trees300__depth10__leaf5__features0p1,mean_std,0
0f746594-9aa2-4681-addd-bea6230b9027,0,dry,weak_expert,0,0.49995975915265767,1,1,rf__trees300__depth10__leaf5__features0p1,mean_std,0
11237f1a-3eb2-4cf7-80f7-116df4b1699a,0,dry,weak_expert,0,0.1899523429443581,1,0,rf__trees300__depth10__leaf5__features0p1,mean_std,0
12a7d4c8-1dea-4ba3-a9a9-73fbeca9cc96,0,dry,weak_expert,0,0.3986173781740023,1,0,rf__trees300__depth10__leaf5__features0p1,mean_std,0
159c098b-ec97-45cf-aeb7-ff389a98d95c,0,dry,weak_expert,0,0.16024577562323214,1,0,rf__trees300__depth10__leaf5__features0p1,mean_std,0
164ff16d-2af8-4724-9a57-3b3bd7e17839,0,dry,weak_expert,0,0.3514459860750038,1,0,rf__trees300__depth10__leaf5__features0p1,mean_std,0
19654d11-2cef-46ec-8007-4a4c7bea60af,0,dry,weak_expert,0,0.30479052975412113,1,0,rf__trees300__depth10__leaf5__features0p1,mean_std,0
1adc614f-9f34-451c-ac33-47a411f0a06d,0,dry,weak_expert,0,0.2651847848400068,1,0,rf__trees300__depth10__leaf5__features0p1,mean_std,0
1d1dd53c-0b98-4ebd-a34b-e168bff6b7da,0,dry,weak_expert,0,0.21599823640021223,1,0,rf__trees300__depth10__leaf5__features0p1,mean_std,0
1fb47adc-d640-4c2b-a6f2-7e1078caad81,0,dry,weak_expert,0,0.3552828890975038,1,0,rf__trees300__depth10__leaf5__features0p1,mean_std,0
24dc7236-522f-4120-b76d-65538ab32b5b,0,dry,weak_expert,0,0.2774613541824789,1,0,rf__trees300__depth10__leaf5__features0p1,mean_std,0
25a6fb1b-a42c-4728-a2bf-d0613e17d1d7,0,dry,weak_expert,0,0.4066821128439043,1,1,rf__trees300__depth10__leaf5__features0p1,mean_std,0
26abd7b6-569b-41ed-955e-0481ed0368dd,0,dry,weak_expert,0,0.3651860058001934,1,0,rf__trees300__depth10__leaf5__features0p1,mean_std,0
271dc530-49dd-4f49-913d-28475b4a150b,0,dry,weak_expert,0,0.2880497697962671,1,0,rf__trees300__depth10__leaf5__features0p1,mean_std,0
274fee77-6d89-4b0f-962e-28969658b430,0,dry,weak_expert,0,0.10572064143426395,1,0,rf__trees300__depth10__leaf5__features0p1,mean_std,0
27a23047-925b-4b76-879b-eaeab82e0857,0,dry,weak_expert,0,0.2951849839953338,1,0,rf__trees300__depth10__leaf5__features0p1,mean_std,0
28757e31-b8f6-408c-982e-a016170ab3ef,0,dry,weak_expert,0,0.3095275356840961,1,0,rf__trees300__depth10__leaf5__features0p1,mean_std,0
28c76cca-15d8-490a-a785-9bbb5c21fd26,0,dry,weak_expert,0,0.15438440643758083,1,0,rf__trees300__depth10__leaf5__features0p1,mean_std,0
28de464d-b466-45cc-849d-a1c138c96767,0,dry,weak_expert,0,0.11779684235764196,1,0,rf__trees300__depth10__leaf5__features0p1,mean_std,0
29121026-d6b2-4203-8491-227353a60348,0,dry,weak_expert,0,0.2247513232612877,1,0,rf__trees300__depth10__leaf5__features0p1,mean_std,0
2b243e9c-37f2-4552-ac69-4cdf0e070b9a,0,dry,weak_expert,0,0.034438648119523366,1,0,rf__trees300__depth10__leaf5__features0p1,mean_std,0
2baa4845-c6e6-44a6-b4f3-f239be93bfa7,0,dry,weak_expert,0,0.24498249465436336,1,0,rf__trees300__depth10__leaf5__features0p1,mean_std,0
2bcd2201-d3ec-466d-a0a1-1305a46aa74a,0,dry,weak_expert,0,0.17438953720719083,1,0,rf__trees300__depth10__leaf5__features0p1,mean_std,0
2c148a1a-099b-48dd-97c2-437ecb15d430,0,dry,weak_expert,0,0.34389112663637195,1,0,rf__trees300__depth10__leaf5__features0p1,mean_std,0
2d79341b-2ce5-4c6b-82d0-599626f629d6,0,dry,weak_expert,0,0.48040230992294997,1,1,rf__trees300__depth10__leaf5__features0p1,mean_std,0
2de41de6-fd3d-4948-adca-78ae50b9bb97,0,dry,weak_expert,0,0.25705458239157425,1,0,rf__trees300__depth10__leaf5__features0p1,mean_std,0
2e5be083-a771-4769-99b6-ac9a0473755b,0,dry,weak_expert,0,0.3455624064967492,1,0,rf__trees300__depth10__leaf5__features0p1,mean_std,0
30c7cf4c-a067-4349-99dc-c6fcfea194e0,0,dry,weak_expert,0,0.0605894069094846,1,0,rf__trees300__depth10__leaf5__features0p1,mean_std,0
31a557c8-eaf3-4ab7-b374-5b8b659222c8,0,dry,weak_expert,0,0.06574146108810784,1,0,rf__trees300__depth10__leaf5__features0p1,mean_std,0
31f74e48-2e55-4167-980d-d328138a71a9,0,dry,weak_expert,0,0.4123745668038865,1,1,rf__trees300__depth10__leaf5__features0p1,mean_std,0
332ab58f-9728-4cea-9960-c49151120510,0,dry,weak_expert,0,0.2396851271096102,1,0,rf__trees300__depth10__leaf5__features0p1,mean_std,0
338ffa66-a7e2-488a-b5a9-d7b808731922,0,dry,weak_expert,0,0.23395510019385166,1,0,rf__trees300__depth10__leaf5__features0p1,mean_std,0
34191fb6-7fb8-4cbf-a5cf-ea458bf4107b,0,dry,weak_expert,0,0.2664807172165174,1,0,rf__trees300__depth10__leaf5__features0p1,mean_std,0
3483aaf8-14e4-44ac-8b20-6f1a05cfa822,0,dry,weak_expert,0,0.30503695661228314,1,0,rf__trees300__depth10__leaf5__features0p1,mean_std,0
349e4ca9-fffa-45ea-95e2-c0843f852555,0,dry,weak_expert,0,0.1583070504207221,1,0,rf__trees300__depth10__leaf5__features0p1,mean_std,0
3722d824-c4bc-489d-8a8f-6bb171129e19,0,dry,weak_expert,0,0.42117909177763946,1,1,rf__trees300__depth10__leaf5__features0p1,mean_std,0
377c3a4c-b901-49c0-9337-e87560b523d4,0,dry,weak_expert,0,0.28532604099140946,1,0,rf__trees300__depth10__leaf5__features0p1,mean_std,0
37ac823b-4e39-4e85-a6c1-5e1e79979a13,0,dry,gold_expert,0,0.4448133571311711,1,1,rf__trees300__depth10__leaf5__features0p1,mean_std,0
3938fac1-ae70-4148-90ea-59abb26459c1,0,dry,weak_expert,0,0.16395071821196588,1,0,rf__trees300__depth10__leaf5__features0p1,mean_std,0
3960bb7b-56e2-4cad-aa5f-8849b99b5bf5,0,dry,weak_expert,0,0.3941307347489789,1,0,rf__trees300__depth10__leaf5__features0p1,mean_std,0
3aac052c-4344-4350-a877-59f8a5270b02,0,dry,weak_expert,0,0.09188725996276435,1,0,rf__trees300__depth10__leaf5__features0p1,mean_std,0
3be5af36-9e52-465a-81a6-da1c60d350f5,0,dry,weak_expert,0,0.39355333343817345,1,0,rf__trees300__depth10__leaf5__features0p1,mean_std,0
3c3e2950-ff3d-4db5-b079-6db5182f3f92,0,dry,weak_expert,0,0.321997294241008,1,0,rf__trees300__depth10__leaf5__features0p1,mean_std,0
3d74c62a-40cb-4f3f-8851-d3aae9e44b48,0,dry,weak_expert,0,0.12094355526681819,1,0,rf__trees300__depth10__leaf5__features0p1,mean_std,0
3e051a0d-5f5e-4ec6-b0e9-6a97c809cc92,0,dry,weak_expert,0,0.13199030494702804,1,0,rf__trees300__depth10__leaf5__features0p1,mean_std,0
3e1be8df-6634-44ef-b0a1-a4ab499f2959,0,dry,weak_expert,0,0.493694908576099,1,1,rf__trees300__depth10__leaf5__features0p1,mean_std,0
3e80334d-1d97-4dc5-a17a-affd1f06011e,0,dry,weak_expert,0,0.10547755172373292,1,0,rf__trees300__depth10__leaf5__features0p1,mean_std,0
41ef8038-b679-44e0-85f2-da3e81e21091,0,dry,weak_expert,0,0.08101884469602288,1,0,rf__trees300__depth10__leaf5__features0p1,mean_std,0
424784ac-85a8-4b14-8447-fce82be45f62,0,dry,weak_expert,0,0.24300251219596306,1,0,rf__trees300__depth10__leaf5__features0p1,mean_std,0
439daf49-ca13-413b-80e8-a8b6928db817,0,dry,weak_expert,0,0.346419086731883,1,0,rf__trees300__depth10__leaf5__features0p1,mean_std,0
444d9701-cc2f-4dc7-87ff-4f6ada471c3e,0,dry,weak_expert,0,0.43802771427101694,1,1,rf__trees300__depth10__leaf5__features0p1,mean_std,0
456005c3-f550-4770-a091-befce2a7d630,0,dry,weak_expert,0,0.4181513518088773,1,1,rf__trees300__depth10__leaf5__features0p1,mean_std,0
4619f7e8-fae5-4477-971c-0568ede350a2,0,dry,weak_expert,0,0.16362985674485483,1,0,rf__trees300__depth10__leaf5__features0p1,mean_std,0
47b47be2-59eb-4ae8-b0ca-e4180f04896c,0,dry,weak_expert,0,0.2866758388847086,1,0,rf__trees300__depth10__leaf5__features0p1,mean_std,0
48ff5e27-832e-4450-9ea5-288a0e6967db,0,dry,weak_expert,0,0.12440427579201603,1,0,rf__trees300__depth10__leaf5__features0p1,mean_std,0
491018d6-fe1e-4b24-9c42-70971ec93615,0,dry,weak_expert,0,0.6837646701389662,1,1,rf__trees300__depth10__leaf5__features0p1,mean_std,1
49114698-8b5c-40e3-9645-b6a5223658d8,0,dry,weak_expert,0,0.2259973538190223,1,0,rf__trees300__depth10__leaf5__features0p1,mean_std,0
4b9df238-0be3-43bd-aac2-719cf69c853c,0,dry,weak_expert,0,0.12190500332954662,1,0,rf__trees300__depth10__leaf5__features0p1,mean_std,0
4bc5287f-92ae-400e-93b2-037163281e89,0,dry,weak_expert,0,0.32306734142499477,1,0,rf__trees300__depth10__leaf5__features0p1,mean_std,0
4d6cdc78-b5f1-4568-bea9-ae1a49c34ee7,0,dry,weak_expert,0,0.27497045717175894,1,0,rf__trees300__depth10__leaf5__features0p1,mean_std,0
4dba41ae-c9c3-4bf3-a5fb-8d8d2b8809c9,0,dry,gold_expert,0,0.23923356270744936,1,0,rf__trees300__depth10__leaf5__features0p1,mean_std,0
545c655f-89ef-41c5-919a-11b2a09b0e49,0,dry,weak_expert,0,0.12631930590149962,1,0,rf__trees300__depth10__leaf5__features0p1,mean_std,0
56db4bed-54ee-4560-b962-cbab7d552621,0,dry,weak_expert,0,0.47821580366313204,1,1,rf__trees300__depth10__leaf5__features0p1,mean_std,0
5969183f-bfad-4b72-b11e-5c459b752adc,0,dry,weak_expert,0,0.18136274994819618,1,0,rf__trees300__depth10__leaf5__features0p1,mean_std,0
59ce4d68-d3d6-48c8-9df7-fcd6621899d6,0,dry,weak_expert,0,0.6144510682039589,1,1,rf__trees300__depth10__leaf5__features0p1,mean_std,1
5b2342d2-01f8-4ad7-bf13-217601cd3c13,0,dry,weak_expert,0,0.10029041222162692,1,0,rf__trees300__depth10__leaf5__features0p1,mean_std,0
5b306faa-b133-4029-a3b7-26a121ae6a0c,0,dry,weak_expert,0,0.23857652719019484,1,0,rf__trees300__depth10__leaf5__features0p1,mean_std,0
5c4b21f1-e8d1-4133-9f78-76b3ef3c5f18,0,dry,weak_expert,0,0.21102623216075486,1,0,rf__trees300__depth10__leaf5__features0p1,mean_std,0
5c4d833f-64ac-4ec0-82d9-3327020c870f,0,dry,weak_expert,0,0.2629340825310012,1,0,rf__trees300__depth10__leaf5__features0p1,mean_std,0
5c8604ef-6403-454a-b8ec-0151a37d6ef6,0,dry,weak_expert,0,0.28552682124329076,1,0,rf__trees300__depth10__leaf5__features0p1,mean_std,0
5cc60202-8998-426d-8e01-e05fc091f7ed,0,dry,weak_expert,0,0.272524579755488,1,0,rf__trees300__depth10__leaf5__features0p1,mean_std,0
5e0b6e89-d9b6-4cca-984d-cdcae3fdd4c0,0,dry,weak_expert,0,0.23102335518734735,1,0,rf__trees300__depth10__leaf5__features0p1,mean_std,0
5f081467-1e54-4162-8cb2-1c2d11a26edf,0,dry,weak_expert,0,0.18267851764311518,1,0,rf__trees300__depth10__leaf5__features0p1,mean_std,0
5f0a1915-2cd5-41fb-9887-e17ab27b515e,0,dry,weak_expert,0,0.6386061841485801,1,1,rf__trees300__depth10__leaf5__features0p1,mean_std,1
5fe2cece-1061-4f53-b4ac-64a07efc6ba1,0,dry,weak_expert,0,0.27154582668675226,1,0,rf__trees300__depth10__leaf5__features0p1,mean_std,0
60ab1646-c540-4179-ae54-ca83767edff1,0,dry,weak_expert,0,0.5957022020431226,1,1,rf__trees300__depth10__leaf5__features0p1,mean_std,1
611e6287-ba3d-4300-837c-76f185566428,0,dry,weak_expert,0,0.2738733878508402,1,0,rf__trees300__depth10__leaf5__features0p1,mean_std,0
61716d56-8676-4234-8cbc-c2ea724c1405,0,dry,weak_expert,0,0.24129001306493778,1,0,rf__trees300__depth10__leaf5__features0p1,mean_std,0
61f98ca8-54c9-4a7f-90f3-82c1c34ca600,0,dry,weak_expert,0,0.1401283161605428,1,0,rf__trees300__depth10__leaf5__features0p1,mean_std,0
6273e21b-563c-46dd-8cd0-ad353463cbbb,0,dry,weak_expert,0,0.4989258058274568,1,1,rf__trees300__depth10__leaf5__features0p1,mean_std,0
62a60e4e-eab7-4574-9f04-c6a3cbfdc6f4,0,dry,weak_expert,0,0.23714606120178586,1,0,rf__trees300__depth10__leaf5__features0p1,mean_std,0
62b3a308-0d2b-428c-954c-60fb4a3315a1,0,dry,weak_expert,0,0.43912360586934257,1,1,rf__trees300__depth10__leaf5__features0p1,mean_std,0
639c0947-16a5-421a-af60-96ddfa896024,0,dry,weak_expert,0,0.5634711221076786,1,1,rf__trees300__depth10__leaf5__features0p1,mean_std,1
647da923-9dfe-4527-9ec6-473b8fb791ca,0,dry,weak_expert,0,0.31379549857487044,1,0,rf__trees300__depth10__leaf5__features0p1,mean_std,0
654a2bab-b45a-4042-bc07-554a59105bbd,0,dry,weak_expert,0,0.20649368048215094,1,0,rf__trees300__depth10__leaf5__features0p1,mean_std,0
658daf16-7fc3-4640-911e-81dac60a2df9,0,dry,weak_expert,0,0.04475036121178801,1,0,rf__trees300__depth10__leaf5__features0p1,mean_std,0
6793221c-3716-4cbb-9eb0-58afe524e8b8,0,dry,weak_expert,0,0.13288155139426105,1,0,rf__trees300__depth10__leaf5__features0p1,mean_std,0
69317fad-cc19-43fe-8537-782fc415ee7c,0,dry,gold_expert,0,0.20712947508952456,1,0,rf__trees300__depth10__leaf5__features0p1,mean_std,0
69e7b5c5-0469-42dd-b68f-9a7f7637425b,0,dry,weak_expert,0,0.5597549885508504,1,1,rf__trees300__depth10__leaf5__features0p1,mean_std,1
6a2ffeef-99c5-4765-8dac-92aec8459d79,0,dry,weak_expert,0,0.40438248259329346,1,1,rf__trees300__depth10__leaf5__features0p1,mean_std,0
6afffb59-71d0-4a4c-b575-cde463c0a24a,0,dry,weak_expert,0,0.1817632996447433,1,0,rf__trees300__depth10__leaf5__features0p1,mean_std,0
6dd2d1e3-e140-489f-905f-007a7f54321c,0,dry,weak_expert,0,0.33613372200107877,1,0,rf__trees300__depth10__leaf5__features0p1,mean_std,0
6dfae390-f7b5-467c-9600-3f13c33f0988,0,dry,weak_expert,0,0.13013977074275823,1,0,rf__trees300__depth10__leaf5__features0p1,mean_std,0
70199b46-18c6-42f7-8a56-ceaa854a6acf,0,dry,weak_expert,0,0.18635059611671034,1,0,rf__trees300__depth10__leaf5__features0p1,mean_std,0
707d9dbf-1621-4eac-a157-1393de750d7b,0,dry,weak_expert,0,0.4704683226373981,1,1,rf__trees300__depth10__leaf5__features0p1,mean_std,0
70b6cbf4-70cd-4f35-874e-9125a59aa0f3,0,dry,weak_expert,0,0.275258809328208,1,0,rf__trees300__depth10__leaf5__features0p1,mean_std,0
7234b112-4ea3-43ab-89ad-c1fd9aa33a3b,0,dry,weak_expert,0,0.2663621858487875,1,0,rf__trees300__depth10__leaf5__features0p1,mean_std,0
72b95c95-1a95-437c-9d52-86b53461b304,0,dry,weak_expert,0,0.2509431555937184,1,0,rf__trees300__depth10__leaf5__features0p1,mean_std,0
73fc1cdd-e291-46f7-9353-4a7b93cd08de,0,dry,weak_expert,0,0.41058635863879317,1,1,rf__trees300__depth10__leaf5__features0p1,mean_std,0
760cb050-4175-4498-817d-a9976e359c52,0,dry,weak_expert,0,0.20150052625808673,1,0,rf__trees300__depth10__leaf5__features0p1,mean_std,0
764d2729-f572-490a-8f22-1397e2e19906,0,dry,weak_expert,0,0.20081356966925243,1,0,rf__trees300__depth10__leaf5__features0p1,mean_std,0
76a03d41-09de-4d00-b1e6-0cedf0b3dbda,0,dry,weak_expert,0,0.053676910960997914,1,0,rf__trees300__depth10__leaf5__features0p1,mean_std,0
77f44d08-0f8a-47e1-97ca-7f791704a951,0,dry,weak_expert,0,0.19536099228780107,1,0,rf__trees300__depth10__leaf5__features0p1,mean_std,0
78c1fbe5-0d8a-4747-b238-bdb66e3fceb2,0,dry,weak_expert,0,0.3871611437502154,1,0,rf__trees300__depth10__leaf5__features0p1,mean_std,0
796748e0-b012-44f0-9725-dea2bf495f2f,0,dry,weak_expert,0,0.3260829256711654,1,0,rf__trees300__depth10__leaf5__features0p1,mean_std,0
7a963229-e38d-49b0-b5af-15d1721667ca,0,dry,weak_expert,0,0.6028212767349271,1,1,rf__trees300__depth10__leaf5__features0p1,mean_std,1
7b423206-e57c-463b-a43b-c82cdb055f26,0,dry,weak_expert,0,0.29410633522384194,1,0,rf__trees300__depth10__leaf5__features0p1,mean_std,0
7bcb0830-15ab-4bbb-9dc4-2f49bd4f2160,0,dry,weak_expert,0,0.22585254483491435,1,0,rf__trees300__depth10__leaf5__features0p1,mean_std,0
7c48edd6-5800-4899-8f0a-c458c1b39e68,0,dry,weak_expert,0,0.10335309499203292,1,0,rf__trees300__depth10__leaf5__features0p1,mean_std,0
7cb4843e-bdf2-4dbc-9956-bf2464cb6c7d,0,dry,weak_expert,0,0.4427748855588874,1,1,rf__trees300__depth10__leaf5__features0p1,mean_std,0
7dc52a58-ffa9-450c-b557-99386ae99915,0,dry,weak_expert,0,0.26730021050629205,1,0,rf__trees300__depth10__leaf5__features0p1,mean_std,0
82879368-f357-4032-b87a-5268db64e247,0,dry,weak_expert,0,0.09610227849285659,1,0,rf__trees300__depth10__leaf5__features0p1,mean_std,0
83d26908-f355-426a-b5dc-92dee890482d,0,dry,weak_expert,0,0.3703100725081205,1,0,rf__trees300__depth10__leaf5__features0p1,mean_std,0
83e76c73-4e06-4e49-ae0d-354e2974745f,0,dry,weak_expert,0,0.07166472682525139,1,0,rf__trees300__depth10__leaf5__features0p1,mean_std,0
86b4b29b-2c0f-40e3-9d37-644b492ea570,0,dry,weak_expert,0,0.2422884035269288,1,0,rf__trees300__depth10__leaf5__features0p1,mean_std,0
888f0bc9-1781-494d-9076-a977bc8ae3e1,0,dry,weak_expert,0,0.05877442512949296,1,0,rf__trees300__depth10__leaf5__features0p1,mean_std,0
89385120-2b52-4c61-9e36-05e5b032a8ce,0,dry,weak_expert,0,0.27856145336568844,1,0,rf__trees300__depth10__leaf5__features0p1,mean_std,0
8d553d2b-0679-4122-9502-ac2f14c83513,0,dry,weak_expert,0,0.28094243069772157,1,0,rf__trees300__depth10__leaf5__features0p1,mean_std,0
8f71d0b4-c179-44a9-afb5-cc85047aca9d,0,dry,weak_expert,0,0.15145203358053358,1,0,rf__trees300__depth10__leaf5__features0p1,mean_std,0
90120a9b-ee30-4bef-b649-c725c986312e,0,dry,weak_expert,0,0.3209145397451244,1,0,rf__trees300__depth10__leaf5__features0p1,mean_std,0
91e91fae-a111-4143-92c1-46b841db99f8,0,dry,weak_expert,0,0.4959811161376604,1,1,rf__trees300__depth10__leaf5__features0p1,mean_std,0
93e121aa-1c8b-4b9a-b446-cbe4ddbcdaf4,0,dry,weak_expert,0,0.10134332077915809,1,0,rf__trees300__depth10__leaf5__features0p1,mean_std,0
942152b1-4a8f-4d9b-a4e6-43f61504e589,0,dry,weak_expert,0,0.3923797269149214,1,0,rf__trees300__depth10__leaf5__features0p1,mean_std,0
94ad74ad-5a8c-406c-9c1a-18e281d53b9d,0,dry,weak_expert,0,0.4118024437747784,1,1,rf__trees300__depth10__leaf5__features0p1,mean_std,0
94c5e62b-3dd7-4586-9705-3eaaaaa68ec9,0,dry,weak_expert,0,0.05615306769958534,1,0,rf__trees300__depth10__leaf5__features0p1,mean_std,0
952475ba-04d5-4885-8e0b-52fe17a059da,0,dry,weak_expert,0,0.4984561695955702,1,1,rf__trees300__depth10__leaf5__features0p1,mean_std,0
95e40d65-5398-4dd8-bda8-5da98d06ed80,0,dry,weak_expert,0,0.37186156003690995,1,0,rf__trees300__depth10__leaf5__features0p1,mean_std,0
96f63bc1-4c6d-4dc9-84c3-43d5b69d4a87,0,dry,weak_expert,0,0.10151816973121379,1,0,rf__trees300__depth10__leaf5__features0p1,mean_std,0
96fd8500-a077-4d0a-bcd4-d6d5f747c2da,0,dry,weak_expert,0,0.3027982124067055,1,0,rf__trees300__depth10__leaf5__features0p1,mean_std,0
97c784f1-0322-45e1-9bb3-9a751ce1897b,0,dry,weak_expert,0,0.13569096756200352,1,0,rf__trees300__depth10__leaf5__features0p1,mean_std,0
97d266b1-7856-47f3-9273-224e1f27be4c,0,dry,weak_expert,0,0.18549898319951436,1,0,rf__trees300__depth10__leaf5__features0p1,mean_std,0
98f74976-5070-4f9b-bcb9-b706b04da3cb,0,dry,weak_expert,0,0.5675089808441235,1,1,rf__trees300__depth10__leaf5__features0p1,mean_std,1
99b2dc16-7b5f-4d45-99b2-c3768262be3a,0,dry,weak_expert,0,0.36005946884557344,1,0,rf__trees300__depth10__leaf5__features0p1,mean_std,0
9a5b90f0-06d5-4748-a260-e888ace7e53d,0,dry,weak_expert,0,0.45054606447447926,1,1,rf__trees300__depth10__leaf5__features0p1,mean_std,0
9b4f0155-35d2-4868-90e7-a61d2fa473a6,0,dry,weak_expert,0,0.45929369196537995,1,1,rf__trees300__depth10__leaf5__features0p1,mean_std,0
9c1ac649-8b03-4868-9146-e665daa17d7d,0,dry,weak_expert,0,0.2707821804105759,1,0,rf__trees300__depth10__leaf5__features0p1,mean_std,0
9cb306f5-47a1-441c-888a-34ad29f5983c,0,dry,gold_expert,0,0.2723788562307127,1,0,rf__trees300__depth10__leaf5__features0p1,mean_std,0
9e949ada-abdf-41f2-8d03-bbd3d1ea4754,0,dry,weak_expert,0,0.24475079839749572,1,0,rf__trees300__depth10__leaf5__features0p1,mean_std,0
9ecb18ca-483d-400f-a049-1a078a483c50,0,dry,weak_expert,0,0.3415257827492816,1,0,rf__trees300__depth10__leaf5__features0p1,mean_std,0
9f7c176a-ae7d-407a-88a2-b0ee714858d7,0,dry,weak_expert,0,0.22487695101457408,1,0,rf__trees300__depth10__leaf5__features0p1,mean_std,0
a1182546-5e99-4ba4-b941-351c79866173,0,dry,weak_expert,0,0.382647971064792,1,0,rf__trees300__depth10__leaf5__features0p1,mean_std,0
a147e909-0e90-442b-adc4-b8487de75504,0,dry,weak_expert,0,0.298468682428973,1,0,rf__trees300__depth10__leaf5__features0p1,mean_std,0
a14ac807-5cf3-44d8-acd6-830dd0d086ea,0,dry,weak_expert,0,0.17609837053188757,1,0,rf__trees300__depth10__leaf5__features0p1,mean_std,0
a2ae6c67-9ab7-4d42-b4c5-e04d890493b2,0,dry,weak_expert,0,0.3328657556608441,1,0,rf__trees300__depth10__leaf5__features0p1,mean_std,0
a2bd77dd-61f9-494d-b6b5-306ada124f30,0,dry,weak_expert,0,0.5591916765956277,1,1,rf__trees300__depth10__leaf5__features0p1,mean_std,1
a30b1432-29fe-4a4d-953a-fb1edec1b468,0,dry,weak_expert,0,0.07179835799639205,1,0,rf__trees300__depth10__leaf5__features0p1,mean_std,0
a55596ff-f478-4f96-8a86-5ba5a50d9c8e,0,dry,weak_expert,0,0.09117715323799519,1,0,rf__trees300__depth10__leaf5__features0p1,mean_std,0
a583d3cc-ab0f-449a-9692-977714b3050e,0,dry,weak_expert,0,0.236668536755316,1,0,rf__trees300__depth10__leaf5__features0p1,mean_std,0
a75adc66-7f70-4f0f-91f7-7a2a2eac61e9,0,dry,gold_expert,0,0.31571038202754226,1,0,rf__trees300__depth10__leaf5__features0p1,mean_std,0
aa27859e-d3a3-4a40-a241-8ebdc849017a,0,dry,weak_expert,0,0.6661705095153684,1,1,rf__trees300__depth10__leaf5__features0p1,mean_std,1
aa3632d1-d3e9-4ce4-9d29-d1f056fa3dfe,0,dry,weak_expert,0,0.07228613849206868,1,0,rf__trees300__depth10__leaf5__features0p1,mean_std,0
aa697a0c-34a2-4257-b1d8-1ebf5dee5be8,0,dry,weak_expert,0,0.2803557900314571,1,0,rf__trees300__depth10__leaf5__features0p1,mean_std,0
ab77c2d6-edf7-4368-8cb1-5d8f1b928cef,0,dry,weak_expert,0,0.16409787456673297,1,0,rf__trees300__depth10__leaf5__features0p1,mean_std,0
abb11855-0da7-468d-844b-91a228cd3eed,0,dry,weak_expert,0,0.051212330723636804,1,0,rf__trees300__depth10__leaf5__features0p1,mean_std,0
abf2af4d-9369-40e9-873b-73dca08ae7a1,0,dry,weak_expert,0,0.4934951076109414,1,1,rf__trees300__depth10__leaf5__features0p1,mean_std,0
acae37ea-edb8-45fe-9a10-5b7af79c17ec,0,dry,weak_expert,0,0.25123412981845805,1,0,rf__trees300__depth10__leaf5__features0p1,mean_std,0
ad627ce9-0279-4e8f-b029-95f5a79f5a0a,0,dry,weak_expert,0,0.5597984645821155,1,1,rf__trees300__depth10__leaf5__features0p1,mean_std,1
adddfa9b-c016-4e58-8275-308501fc13d9,0,dry,weak_expert,0,0.09451040282444226,1,0,rf__trees300__depth10__leaf5__features0p1,mean_std,0
adf406f5-b1bc-432a-ae5a-78c52fc95292,0,dry,weak_expert,0,0.22896146874391596,1,0,rf__trees300__depth10__leaf5__features0p1,mean_std,0
ae4b17b8-7b3f-434a-a894-d4257c7394f5,0,dry,weak_expert,0,0.12287434164882005,1,0,rf__trees300__depth10__leaf5__features0p1,mean_std,0
aeb567c4-529c-43c7-9075-21537e836d4d,0,dry,weak_expert,0,0.1525889034606842,1,0,rf__trees300__depth10__leaf5__features0p1,mean_std,0
aef400f0-6e03-43be-9928-a91660eb3988,0,dry,weak_expert,0,0.34699194951094126,1,0,rf__trees300__depth10__leaf5__features0p1,mean_std,0
b26b3150-4026-442d-b1ac-6b3ab2a991b3,0,dry,weak_expert,0,0.07036323242377134,1,0,rf__trees300__depth10__leaf5__features0p1,mean_std,0
b2b52448-2ff5-4aa3-a43d-a4e3711d85bb,0,dry,weak_expert,0,0.562623408660669,1,1,rf__trees300__depth10__leaf5__features0p1,mean_std,1
b2cb86f2-d182-4a2f-9321-5b19ddadf4f4,0,dry,weak_expert,0,0.14883726936416297,1,0,rf__trees300__depth10__leaf5__features0p1,mean_std,0
b349c0bf-5c56-4ee5-9d0d-d050d8dd9ab6,0,dry,weak_expert,0,0.2440722989709082,1,0,rf__trees300__depth10__leaf5__features0p1,mean_std,0
b374149f-cdc9-4865-9151-e229bb0ab98b,0,dry,weak_expert,0,0.5602337155648508,1,1,rf__trees300__depth10__leaf5__features0p1,mean_std,1
b3bc167c-616b-47e4-a4ff-95e1d40dfdfd,0,dry,weak_expert,0,0.5890830325311696,1,1,rf__trees300__depth10__leaf5__features0p1,mean_std,1
b492f127-ee29-4a55-b479-80e5e3a8a66a,0,dry,weak_expert,0,0.17194214322296156,1,0,rf__trees300__depth10__leaf5__features0p1,mean_std,0
b4b17de3-ac90-415a-8e2c-393d6cc02618,0,dry,weak_expert,0,0.3784563399612282,1,0,rf__trees300__depth10__leaf5__features0p1,mean_std,0
b50f238c-3493-4782-b1e3-9c76f751d9e5,0,dry,weak_expert,0,0.22228869158926,1,0,rf__trees300__depth10__leaf5__features0p1,mean_std,0
b618923d-796d-4adb-ae9e-266ab08f1249,0,dry,gold_expert,0,0.38608565962429675,1,0,rf__trees300__depth10__leaf5__features0p1,mean_std,0
b8738fc2-42d8-460e-97aa-ee731e15b21d,0,dry,weak_expert,0,0.1968500216612287,1,0,rf__trees300__depth10__leaf5__features0p1,mean_std,0
b97f011c-062b-4fdd-a65d-4f1d8ab1bd09,0,dry,weak_expert,0,0.283048842946892,1,0,rf__trees300__depth10__leaf5__features0p1,mean_std,0
ba6f354e-2189-4b93-b037-c07ee2e72f40,0,dry,weak_expert,0,0.2757821999415881,1,0,rf__trees300__depth10__leaf5__features0p1,mean_std,0
bab59cef-c297-42f0-9c47-1371e791ea7b,0,dry,weak_expert,0,0.2697502431202611,1,0,rf__trees300__depth10__leaf5__features0p1,mean_std,0
bae0c88f-852c-4f3f-8141-d037c777459e,0,dry,gold_expert,0,0.23324641610178987,1,0,rf__trees300__depth10__leaf5__features0p1,mean_std,0
bb9766af-74b9-4533-ac93-e0d75f7bd7ba,0,dry,gold_expert,0,0.2753662776188457,1,0,rf__trees300__depth10__leaf5__features0p1,mean_std,0
bb9cd351-d75d-4bd6-9140-7f88a8209871,0,dry,weak_expert,0,0.40286890798736913,1,1,rf__trees300__depth10__leaf5__features0p1,mean_std,0
bde99a5c-a804-4daf-a4d5-897fb72d5060,0,dry,weak_expert,0,0.14231410759378793,1,0,rf__trees300__depth10__leaf5__features0p1,mean_std,0
be482d71-4ab2-453d-abd8-e1a7fdeedb06,0,dry,weak_expert,0,0.3318411187739193,1,0,rf__trees300__depth10__leaf5__features0p1,mean_std,0
be808b39-ff71-4d98-99c0-97436d1e198a,0,dry,weak_expert,0,0.49693865915986846,1,1,rf__trees300__depth10__leaf5__features0p1,mean_std,0
bf990e0e-bbf6-4233-8578-e77aea74a3b1,0,dry,weak_expert,0,0.5775965009543927,1,1,rf__trees300__depth10__leaf5__features0p1,mean_std,1
bfa6b379-56e3-4144-ac7c-17d7269e9865,0,dry,weak_expert,0,0.20444210515745245,1,0,rf__trees300__depth10__leaf5__features0p1,mean_std,0
c1243982-1f22-433f-b178-a27ebdef63ae,0,dry,weak_expert,0,0.21983108194856166,1,0,rf__trees300__depth10__leaf5__features0p1,mean_std,0
c3382b37-9f19-4379-b488-68f636a6c684,0,dry,gold_expert,0,0.2768969217028741,1,0,rf__trees300__depth10__leaf5__features0p1,mean_std,0
c4a0fa78-e10b-43bc-896a-329bc997ffe8,0,dry,weak_expert,0,0.25118848682086264,1,0,rf__trees300__depth10__leaf5__features0p1,mean_std,0
c4fbbd15-173c-4440-988c-b091e35aa978,0,dry,weak_expert,0,0.23261311091740122,1,0,rf__trees300__depth10__leaf5__features0p1,mean_std,0
c591e11e-6fdb-4685-8ae1-44576d877831,0,dry,weak_expert,0,0.29543191082525955,1,0,rf__trees300__depth10__leaf5__features0p1,mean_std,0
c6d2eece-2c2b-4192-939e-0096ad9e3332,0,dry,weak_expert,0,0.13842614978539808,1,0,rf__trees300__depth10__leaf5__features0p1,mean_std,0
c7f04242-4649-488a-bf21-72fa488e1c5b,0,dry,weak_expert,0,0.3927045061640094,1,0,rf__trees300__depth10__leaf5__features0p1,mean_std,0
c91f755a-e37e-4106-a90a-bb0672fdfd24,0,dry,weak_expert,0,0.28294351159255887,1,0,rf__trees300__depth10__leaf5__features0p1,mean_std,0
c9c17bea-4fb9-40de-8d10-a45f61420be0,0,dry,weak_expert,0,0.43701950061570527,1,1,rf__trees300__depth10__leaf5__features0p1,mean_std,0
c9c4445b-fbd3-4f4d-9ca2-282a669d79c4,0,dry,weak_expert,0,0.09993696396810876,1,0,rf__trees300__depth10__leaf5__features0p1,mean_std,0
ca8d6795-2841-48a0-9d9b-9e00f9e866c3,0,dry,weak_expert,0,0.2214299434498257,1,0,rf__trees300__depth10__leaf5__features0p1,mean_std,0
cbfd3865-b0fe-4f54-86ba-d93c47feeb2f,0,dry,weak_expert,0,0.12880108446287128,1,0,rf__trees300__depth10__leaf5__features0p1,mean_std,0
ccd3279c-e351-4e6b-a142-fd3f48c3b052,0,dry,weak_expert,0,0.3068206147346981,1,0,rf__trees300__depth10__leaf5__features0p1,mean_std,0
ccdfd92d-e6f1-42ce-8781-ff6d04f7f628,0,dry,weak_expert,0,0.6483999344640103,1,1,rf__trees300__depth10__leaf5__features0p1,mean_std,1
cfbda12e-fdc6-4749-a7ec-3a81c3106317,0,dry,weak_expert,0,0.16472873521316253,1,0,rf__trees300__depth10__leaf5__features0p1,mean_std,0
d293ce7d-1898-4c66-bfd2-c3c329e82408,0,dry,weak_expert,0,0.14299872237565525,1,0,rf__trees300__depth10__leaf5__features0p1,mean_std,0
d57e15cf-e837-4e9e-a777-c3ee24fcb72b,0,dry,weak_expert,0,0.07753202818003326,1,0,rf__trees300__depth10__leaf5__features0p1,mean_std,0
d6ee9da5-ff1d-4677-9ab2-da397e3267c4,0,dry,weak_expert,0,0.34599470846873787,1,0,rf__trees300__depth10__leaf5__features0p1,mean_std,0
d70748e6-0e82-4760-a2fc-d63b01d3c65c,0,dry,weak_expert,0,0.49156786758267734,1,1,rf__trees300__depth10__leaf5__features0p1,mean_std,0
d70f7518-e3e8-46f3-a4fe-fa43363f16ca,0,dry,weak_expert,0,0.3644370922833068,1,0,rf__trees300__depth10__leaf5__features0p1,mean_std,0
d81a9166-5e95-4654-b0d3-66f14ddbe8ae,0,dry,weak_expert,0,0.39959908287760065,1,0,rf__trees300__depth10__leaf5__features0p1,mean_std,0
d82590cb-e28c-4a04-8406-416a86e15c86,0,dry,weak_expert,0,0.19758850040048187,1,0,rf__trees300__depth10__leaf5__features0p1,mean_std,0
d89c7657-6010-4137-9ec1-c152c46790c9,0,dry,weak_expert,0,0.11339220645207926,1,0,rf__trees300__depth10__leaf5__features0p1,mean_std,0
dacc51e7-099f-48b3-9462-d9ef5c8c9d3d,0,dry,weak_expert,0,0.26615681626983967,1,0,rf__trees300__depth10__leaf5__features0p1,mean_std,0
db72efa4-78a9-40e7-a450-0affcd4c96b6,0,dry,weak_expert,0,0.5714391081262135,1,1,rf__trees300__depth10__leaf5__features0p1,mean_std,1
dddb1a55-d976-40bc-ad41-cdc713623e03,0,dry,gold_expert,0,0.2195345691640959,1,0,rf__trees300__depth10__leaf5__features0p1,mean_std,0
de7b422a-c5cb-4b9a-9bbd-1c4545ead02c,0,dry,weak_expert,0,0.5045077282127153,1,1,rf__trees300__depth10__leaf5__features0p1,mean_std,1
df35b241-5aff-4f49-80f6-4ef5fabc115c,0,dry,weak_expert,0,0.3923549967125463,1,0,rf__trees300__depth10__leaf5__features0p1,mean_std,0
e0bd94ad-3476-4149-a368-f13f68f56fbc,0,dry,weak_expert,0,0.06812764407171039,1,0,rf__trees300__depth10__leaf5__features0p1,mean_std,0
e0f90aa2-e38a-446a-aade-19b461eb2bf8,0,dry,weak_expert,0,0.18395860990890545,1,0,rf__trees300__depth10__leaf5__features0p1,mean_std,0
e3bc1069-6c55-448f-8d73-8d6b8aaa715a,0,dry,weak_expert,0,0.2538815474823904,1,0,rf__trees300__depth10__leaf5__features0p1,mean_std,0
e5afc038-4511-49d8-9540-07e27a990096,0,dry,weak_expert,0,0.20613010605605026,1,0,rf__trees300__depth10__leaf5__features0p1,mean_std,0
e5e9bc03-88b3-432f-b8d1-ca8891b72912,0,dry,weak_expert,0,0.2506672148039237,1,0,rf__trees300__depth10__leaf5__features0p1,mean_std,0
e84454f0-c5a0-4447-a20e-661620e7623d,0,dry,weak_expert,0,0.32513368447010854,1,0,rf__trees300__depth10__leaf5__features0p1,mean_std,0
e8527a0e-96c9-4026-96c2-3b3a3508f3ee,0,dry,weak_expert,0,0.25474696796015284,1,0,rf__trees300__depth10__leaf5__features0p1,mean_std,0
ea550a6f-3b55-4beb-9aa3-1325feed86ab,0,dry,weak_expert,0,0.4251993440783677,1,1,rf__trees300__depth10__leaf5__features0p1,mean_std,0
ea783521-7fe9-4e65-9dd1-ba4d30126bae,0,dry,weak_expert,0,0.07967901047931687,1,0,rf__trees300__depth10__leaf5__features0p1,mean_std,0
ec53685a-d497-492f-a753-2e0418ee6e1d,0,dry,weak_expert,0,0.13087939007055868,1,0,rf__trees300__depth10__leaf5__features0p1,mean_std,0
ee81db75-dd90-45fc-a2a4-3dfb689f2fbd,0,dry,weak_expert,0,0.5785362610997922,1,1,rf__trees300__depth10__leaf5__features0p1,mean_std,1
f0be2916-492b-4de5-9061-015407dfe010,0,dry,weak_expert,0,0.47527573498622855,1,1,rf__trees300__depth10__leaf5__features0p1,mean_std,0
f25876a9-e307-41a9-bd78-7ab345f9925e,0,dry,weak_expert,0,0.31477228708936245,1,0,rf__trees300__depth10__leaf5__features0p1,mean_std,0
f2d57d35-d8f6-480d-bb64-58a5676ed09c,0,dry,weak_expert,0,0.2931819840020953,1,0,rf__trees300__depth10__leaf5__features0p1,mean_std,0
f4748a2e-b4b7-4b87-be75-8352db1c9b25,0,dry,weak_expert,0,0.2202334259312046,1,0,rf__trees300__depth10__leaf5__features0p1,mean_std,0
f4eaf2ba-b2e3-4755-893e-6ddb786189c9,0,dry,gold_expert,0,0.23189316953063482,1,0,rf__trees300__depth10__leaf5__features0p1,mean_std,0
f5a661dc-8161-4842-b1c3-cd7265896101,0,dry,weak_expert,0,0.21020613653642517,1,0,rf__trees300__depth10__leaf5__features0p1,mean_std,0
f6205ed8-a1cc-4685-aadc-c5bf8cc87490,0,dry,weak_expert,0,0.16549027731439403,1,0,rf__trees300__depth10__leaf5__features0p1,mean_std,0
f98206a8-8669-4527-b3c8-7064c9aa929e,0,dry,weak_expert,0,0.2377907925153884,1,0,rf__trees300__depth10__leaf5__features0p1,mean_std,0
f9b7c88c-63c0-489e-80c7-75ac6b11c182,0,dry,weak_expert,0,0.3862222417038436,1,0,rf__trees300__depth10__leaf5__features0p1,mean_std,0
fcc3203a-cc1f-4eb8-a652-39a43311f598,0,dry,weak_expert,0,0.21979134394369254,1,0,rf__trees300__depth10__leaf5__features0p1,mean_std,0
febc1922-0a6f-4667-8f5a-d28efdcd993d,0,dry,weak_expert,0,0.4468743356737506,1,1,rf__trees300__depth10__leaf5__features0p1,mean_std,0
ff8363d2-016d-4738-9499-4c62480886fb,0,dry,weak_expert,0,0.3525711512250462,1,0,rf__trees300__depth10__leaf5__features0p1,mean_std,0
ffedc843-bfc2-4ad6-a749-2bc86bdac84a,0,dry,weak_expert,0,0.3857058251953671,1,0,rf__trees300__depth10__leaf5__features0p1,mean_std,0
034aa6d3-6673-47a1-a319-325aa9be44a2,1,wet,weak_expert,0,0.49407068316196473,1,1,rf__trees300__depth10__leaf5__features0p1,mean_std,0
0a03da19-eb19-4f51-9860-78ad95fa8cb5,1,wet,weak_expert,0,0.07529851405283775,1,0,rf__trees300__depth10__leaf5__features0p1,mean_std,0
0b0d7e10-8353-4124-a16b-bf96e405f63c,1,wet,weak_expert,0,0.3669489914926849,1,0,rf__trees300__depth10__leaf5__features0p1,mean_std,0
0b467189-37bc-488a-bf88-43611762fea8,1,wet,weak_expert,0,0.1245487630631552,1,0,rf__trees300__depth10__leaf5__features0p1,mean_std,0
0bbac203-c99f-4895-ad6a-85202f1d93a2,1,wet,weak_expert,0,0.5551823195992782,1,1,rf__trees300__depth10__leaf5__features0p1,mean_std,1
0ed0f24e-8e57-4183-9b9f-837a701f87df,1,wet,weak_expert,0,0.4049801907230395,1,1,rf__trees300__depth10__leaf5__features0p1,mean_std,0
13bbc1cd-358b-4e90-9a35-31428809eb2a,1,wet,weak_expert,0,0.3756033085763612,1,0,rf__trees300__depth10__leaf5__features0p1,mean_std,0
18722fbe-d240-457a-a0fc-2d9d09bfbcc8,1,wet,weak_expert,0,0.30944715935671996,1,0,rf__trees300__depth10__leaf5__features0p1,mean_std,0
191dca0e-7951-4aa3-9764-2761bd511955,1,wet,weak_expert,0,0.3469167067584865,1,0,rf__trees300__depth10__leaf5__features0p1,mean_std,0
1c21cb68-6ea8-4aa1-af22-2e64007554d7,1,wet,weak_expert,0,0.2083748359228908,1,0,rf__trees300__depth10__leaf5__features0p1,mean_std,0
2295a6f8-08d5-467f-8534-8329c9083f28,1,wet,weak_expert,0,0.3813521736600399,1,0,rf__trees300__depth10__leaf5__features0p1,mean_std,0
2499bd0e-4221-449a-8184-ee15e1c80b35,1,wet,weak_expert,0,0.237216180364673,1,0,rf__trees300__depth10__leaf5__features0p1,mean_std,0
255387fa-5934-4b9b-8c6d-9de47c3841b0,1,wet,weak_expert,0,0.24026471097851218,1,0,rf__trees300__depth10__leaf5__features0p1,mean_std,0
2af862d9-7cac-4270-97de-ae4b4c293d07,1,wet,weak_expert,0,0.4648219339773353,1,1,rf__trees300__depth10__leaf5__features0p1,mean_std,0
2de3fb8f-20a6-4fa5-8428-11cad3338d37,1,wet,weak_expert,0,0.4514638975835668,1,1,rf__trees300__depth10__leaf5__features0p1,mean_std,0
332d696d-74bf-49ef-998a-764316780ee5,1,wet,weak_expert,0,0.26697387294629643,1,0,rf__trees300__depth10__leaf5__features0p1,mean_std,0
338f9eb0-d1eb-4448-b183-15d75afece8c,1,wet,weak_expert,0,0.37962513970075606,1,0,rf__trees300__depth10__leaf5__features0p1,mean_std,0
3481b694-34fe-4b03-a529-88ef085815fd,1,wet,weak_expert,0,0.4765273739240802,1,1,rf__trees300__depth10__leaf5__features0p1,mean_std,0
34e4c711-fd77-4f76-babf-76437885227e,1,wet,weak_expert,0,0.30155246432878174,1,0,rf__trees300__depth10__leaf5__features0p1,mean_std,0
35647ec0-1566-4df0-ae5d-27b0357ece7c,1,wet,weak_expert,0,0.27145540207522284,1,0,rf__trees300__depth10__leaf5__features0p1,mean_std,0
38c23848-68c1-41a6-b8c8-5d0685dc0246,1,wet,weak_expert,0,0.3597055145132283,1,0,rf__trees300__depth10__leaf5__features0p1,mean_std,0
3c0efb34-6a14-4b8f-b759-b6e8f2a3c479,1,wet,weak_expert,0,0.26827402033103,1,0,rf__trees300__depth10__leaf5__features0p1,mean_std,0
3d1a50bb-5d38-459e-91a0-e57c3ac04e45,1,wet,weak_expert,0,0.2723465523735511,1,0,rf__trees300__depth10__leaf5__features0p1,mean_std,0
3ecfa0a9-d972-4958-9e46-44dcf980601f,1,wet,weak_expert,0,0.22283740094365898,1,0,rf__trees300__depth10__leaf5__features0p1,mean_std,0
42dcff9d-b2e1-4b9e-bd93-81a0a100d232,1,wet,weak_expert,0,0.3310664357959444,1,0,rf__trees300__depth10__leaf5__features0p1,mean_std,0
43d84d62-8837-479b-bcb6-30effd9ecbc3,1,wet,weak_expert,0,0.4108396599748572,1,1,rf__trees300__depth10__leaf5__features0p1,mean_std,0
44e9099f-aac3-4669-a80c-2ee40d65faef,1,wet,weak_expert,0,0.35470687319805655,1,0,rf__trees300__depth10__leaf5__features0p1,mean_std,0
494f9956-42e9-4cbf-803a-796e3bff2844,1,wet,weak_expert,0,0.06988501319195015,1,0,rf__trees300__depth10__leaf5__features0p1,mean_std,0
4b03a48f-c4d7-41c6-9567-678141df90e1,1,wet,weak_expert,0,0.5657968223070725,1,1,rf__trees300__depth10__leaf5__features0p1,mean_std,1
4c56d691-9cda-499c-8613-59a9c5659003,1,wet,weak_expert,0,0.4716041743936634,1,1,rf__trees300__depth10__leaf5__features0p1,mean_std,0
4ca22143-61f2-4f7a-a73e-6304d31a3871,1,wet,weak_expert,0,0.3877850852528352,1,0,rf__trees300__depth10__leaf5__features0p1,mean_std,0
4fcf0262-b38d-438e-8253-c4f45d20071d,1,wet,weak_expert,0,0.6002146027083554,1,1,rf__trees300__depth10__leaf5__features0p1,mean_std,1
4ff8d59c-1714-4de5-bdd0-15e6f5bafb6b,1,wet,weak_expert,0,0.21040818849329918,1,0,rf__trees300__depth10__leaf5__features0p1,mean_std,0
56da1f04-fe81-4928-a1de-0f3b9d333c12,1,wet,weak_expert,0,0.3752935937532997,1,0,rf__trees300__depth10__leaf5__features0p1,mean_std,0
5ab08ae7-0124-4a60-a2dc-d4a0845cc55b,1,wet,weak_expert,0,0.35880787619055887,1,0,rf__trees300__depth10__leaf5__features0p1,mean_std,0
5b3b1fd8-70c2-4b40-b759-e2cad6fe9a97,1,wet,weak_expert,0,0.20885456160980798,1,0,rf__trees300__depth10__leaf5__features0p1,mean_std,0
6462d540-48bc-410b-b08e-cdf0b45ee118,1,wet,gold_expert,0,0.23857355438471434,1,0,rf__trees300__depth10__leaf5__features0p1,mean_std,0
6ad6d999-71c0-409b-970e-03aee3078306,1,wet,weak_expert,0,0.42618039259957263,1,1,rf__trees300__depth10__leaf5__features0p1,mean_std,0
6ea6af0c-0f77-46d6-a65b-8df3a925d231,1,wet,weak_expert,0,0.32723138274802693,1,0,rf__trees300__depth10__leaf5__features0p1,mean_std,0
706b1acc-0e61-499e-abb1-43de015eef46,1,wet,weak_expert,0,0.3474884567000117,1,0,rf__trees300__depth10__leaf5__features0p1,mean_std,0
73786652-bf01-4a78-8e04-7c44a77d5108,1,wet,weak_expert,0,0.4257588463007668,1,1,rf__trees300__depth10__leaf5__features0p1,mean_std,0
752cd126-1698-4d9d-9649-a1177196d769,1,wet,weak_expert,0,0.16346597436867985,1,0,rf__trees300__depth10__leaf5__features0p1,mean_std,0
7667763a-3a74-4a29-b5f3-67b626922e05,1,wet,weak_expert,0,0.0966266166649171,1,0,rf__trees300__depth10__leaf5__features0p1,mean_std,0
7b5698cb-b713-4f6d-bb5f-6142b6f509a3,1,wet,weak_expert,0,0.17742361409929105,1,0,rf__trees300__depth10__leaf5__features0p1,mean_std,0
80cb70ea-369c-44aa-b304-b72b5fe3d07b,1,wet,weak_expert,0,0.4968423341935005,1,1,rf__trees300__depth10__leaf5__features0p1,mean_std,0
88e12b5e-5946-4d70-b2e2-20fc2d8d7d0f,1,wet,weak_expert,0,0.6731769799329782,1,1,rf__trees300__depth10__leaf5__features0p1,mean_std,1
8960f83e-bc0f-48f9-b913-a905b11378d8,1,wet,weak_expert,0,0.3976081646461705,1,0,rf__trees300__depth10__leaf5__features0p1,mean_std,0
8a7a47d9-7bcc-4eb2-9b93-bf2bf0eccba8,1,wet,weak_expert,0,0.10759869319877782,1,0,rf__trees300__depth10__leaf5__features0p1,mean_std,0
8e40d48d-8f5d-4892-8103-451b2679283f,1,wet,weak_expert,0,0.316373899935332,1,0,rf__trees300__depth10__leaf5__features0p1,mean_std,0
906c93d3-6615-478b-a7a1-803a5a15d360,1,wet,weak_expert,0,0.4073594686349551,1,1,rf__trees300__depth10__leaf5__features0p1,mean_std,0
93711a18-72ba-4e31-a846-73e3baf84128,1,wet,weak_expert,0,0.5236216206540399,1,1,rf__trees300__depth10__leaf5__features0p1,mean_std,1
980be57b-b54c-4e5e-871f-41ef7785dae5,1,wet,weak_expert,0,0.22880729425712587,1,0,rf__trees300__depth10__leaf5__features0p1,mean_std,0
9aad0bb1-3d4e-430b-964f-2a8b27a20143,1,wet,weak_expert,0,0.39877382080937207,1,0,rf__trees300__depth10__leaf5__features0p1,mean_std,0
9f671ce6-784b-4e64-bcd9-086a4f2db274,1,wet,weak_expert,0,0.48804184431938535,1,1,rf__trees300__depth10__leaf5__features0p1,mean_std,0
a03baece-440f-4026-9705-4fcb2bc9e065,1,wet,weak_expert,0,0.5514436658407185,1,1,rf__trees300__depth10__leaf5__features0p1,mean_std,1
a6645b1d-dadc-4258-b03b-c5b3f05d519d,1,wet,weak_expert,0,0.5734109091032057,1,1,rf__trees300__depth10__leaf5__features0p1,mean_std,1
a8b75ca3-e846-415b-809b-5a7c2c9024eb,1,wet,weak_expert,0,0.5371331813421871,1,1,rf__trees300__depth10__leaf5__features0p1,mean_std,1
a9910dca-8898-4eed-90ed-1371a22c64e6,1,wet,weak_expert,0,0.09124949928348876,1,0,rf__trees300__depth10__leaf5__features0p1,mean_std,0
b5314535-17c1-407c-9028-f6c63f83e362,1,wet,weak_expert,0,0.49708799520420893,1,1,rf__trees300__depth10__leaf5__features0p1,mean_std,0
bb84b88b-acd0-4975-8d43-0d0ebbf071f3,1,wet,weak_expert,0,0.348011521282883,1,0,rf__trees300__depth10__leaf5__features0p1,mean_std,0
bc74e39c-ab99-475d-932c-289473b9de54,1,wet,weak_expert,0,0.15302157478501052,1,0,rf__trees300__depth10__leaf5__features0p1,mean_std,0
bfb9c86e-eead-44ac-8969-ea42e869a3a3,1,wet,weak_expert,0,0.3809835638735392,1,0,rf__trees300__depth10__leaf5__features0p1,mean_std,0
c73c0e08-c880-4f04-a432-150d9c955b0c,1,wet,weak_expert,0,0.5720821941345025,1,1,rf__trees300__depth10__leaf5__features0p1,mean_std,1
cafcbee4-cfe7-4bac-8bbe-ba98da2b9179,1,wet,weak_expert,0,0.3577529372763925,1,0,rf__trees300__depth10__leaf5__features0p1,mean_std,0
cbdd4f1b-a67e-46e3-8f1a-a52da5689294,1,wet,weak_expert,0,0.40607974551077036,1,1,rf__trees300__depth10__leaf5__features0p1,mean_std,0
d50fb043-08aa-4960-94f7-e9bbc690e70d,1,wet,weak_expert,0,0.08136680218598277,1,0,rf__trees300__depth10__leaf5__features0p1,mean_std,0
d9b4a30f-682d-4889-b65f-b359f4ebc74d,1,wet,gold_expert,0,0.39100568453362733,1,0,rf__trees300__depth10__leaf5__features0p1,mean_std,0
dccd10ed-751e-462c-9513-340d89510ea6,1,wet,weak_expert,0,0.14900570959317716,1,0,rf__trees300__depth10__leaf5__features0p1,mean_std,0
dd26e157-4b48-45b4-9d57-90ed5ed1d06b,1,wet,weak_expert,0,0.4516875693132257,1,1,rf__trees300__depth10__leaf5__features0p1,mean_std,0
e16268c9-dc19-43d9-b55b-b01258603ae5,1,wet,weak_expert,0,0.31015917842182045,1,0,rf__trees300__depth10__leaf5__features0p1,mean_std,0
e35305cb-6b8a-4c37-a216-3857fab648e7,1,wet,weak_expert,0,0.45508805873348773,1,1,rf__trees300__depth10__leaf5__features0p1,mean_std,0
ec1c43c9-5043-4735-9f66-905e47e22b48,1,wet,weak_expert,0,0.4598391718546687,1,1,rf__trees300__depth10__leaf5__features0p1,mean_std,0
f347e2ac-a8f0-4eb1-8d14-088345ca7a7b,1,wet,weak_expert,0,0.27686731855466284,1,0,rf__trees300__depth10__leaf5__features0p1,mean_std,0
f5608979-5563-4e30-804a-901f50270c60,1,wet,weak_expert,0,0.56251543614146,1,1,rf__trees300__depth10__leaf5__features0p1,mean_std,1
fbd52f87-029f-4bd9-86ed-4743018722e8,1,wet,weak_expert,0,0.18708780493497218,1,0,rf__trees300__depth10__leaf5__features0p1,mean_std,0
fd59bf10-ea8f-4401-a6d9-a9cce4e8303f,1,wet,weak_expert,0,0.19498883945300421,1,0,rf__trees300__depth10__leaf5__features0p1,mean_std,0
00ce5b06-c302-4387-bbd7-86355a4a8c12,0,dry,weak_expert,1,0.5822287699066258,1,1,rf__trees300__depth10__leaf5__features0p1,mean_std,1
0177b817-0ba3-498a-bc05-48bc66cc91b8,0,dry,weak_expert,1,0.24758375509410377,1,0,rf__trees300__depth10__leaf5__features0p1,mean_std,0
036d875c-d39b-45f1-a17f-7f7badf0aa42,0,dry,weak_expert,1,0.45331844417277534,1,1,rf__trees300__depth10__leaf5__features0p1,mean_std,0
0379c586-c500-483c-83a6-95b63afe6931,0,dry,weak_expert,1,0.43485903549189886,1,1,rf__trees300__depth10__leaf5__features0p1,mean_std,0
03fca101-9ce7-4eb9-aeae-a6f8d4ee5599,0,dry,weak_expert,1,0.1942009072113094,1,0,rf__trees300__depth10__leaf5__features0p1,mean_std,0
07e33d6b-560d-4c16-8d7e-ecd5ddb3b195,0,dry,weak_expert,1,0.370166233564941,1,0,rf__trees300__depth10__leaf5__features0p1,mean_std,0
07f95718-2edc-4baa-9e18-3c6e04eb6e39,0,dry,weak_expert,1,0.25008200169379163,1,0,rf__trees300__depth10__leaf5__features0p1,mean_std,0
0c35e382-31cd-42cb-bc87-8a84b9c52a41,0,dry,weak_expert,1,0.6011740192545758,1,1,rf__trees300__depth10__leaf5__features0p1,mean_std,1
0eba0c0a-5609-4777-903d-b15292798250,0,dry,weak_expert,1,0.314003672466677,1,0,rf__trees300__depth10__leaf5__features0p1,mean_std,0
0f38cc71-e212-481e-ad6f-7ab087eb3cdb,0,dry,weak_expert,1,0.3283548123956534,1,0,rf__trees300__depth10__leaf5__features0p1,mean_std,0
0f87635c-4a6c-4c84-aaae-34afc236c22b,0,dry,weak_expert,1,0.5274592556364579,1,1,rf__trees300__depth10__leaf5__features0p1,mean_std,1
100fa960-30ee-4dfd-9364-38cf878709a0,0,dry,weak_expert,1,0.4589624990203248,1,1,rf__trees300__depth10__leaf5__features0p1,mean_std,0
11e0ed82-8f65-4a71-81cf-20fed63f9e51,0,dry,weak_expert,1,0.2906140616572989,1,0,rf__trees300__depth10__leaf5__features0p1,mean_std,0
13606b20-6081-484b-93e2-dd80648bfe06,0,dry,weak_expert,1,0.5059379534096673,1,1,rf__trees300__depth10__leaf5__features0p1,mean_std,1
13db4f04-6a75-4ae6-a8ed-45efb08cd0a3,0,dry,weak_expert,1,0.15577974966762098,1,0,rf__trees300__depth10__leaf5__features0p1,mean_std,0
154161ff-1243-49c0-a377-72992b6954e3,0,dry,weak_expert,1,0.36218402841524444,1,0,rf__trees300__depth10__leaf5__features0p1,mean_std,0
15a88a65-a01f-4d31-9cb3-a8b46bb8b780,0,dry,weak_expert,1,0.36475011907422167,1,0,rf__trees300__depth10__leaf5__features0p1,mean_std,0
161d1ac7-7dc1-440e-96e1-fa091f76d828,0,dry,weak_expert,1,0.19876471811229396,1,0,rf__trees300__depth10__leaf5__features0p1,mean_std,0
16527cdc-bf15-4805-8f8d-28b11175ff5d,0,dry,weak_expert,1,0.49096191808064454,1,1,rf__trees300__depth10__leaf5__features0p1,mean_std,0
16f9b161-86c6-4af1-99cb-0ab327f10fed,0,dry,weak_expert,1,0.16643590100219127,1,0,rf__trees300__depth10__leaf5__features0p1,mean_std,0
18736769-dad3-4fa6-88d5-6e8dfc951008,0,dry,weak_expert,1,0.6793066007551134,1,1,rf__trees300__depth10__leaf5__features0p1,mean_std,1
1ba36c5a-542c-4164-aa43-b1f01f23f94d,0,dry,weak_expert,1,0.46402566559413266,1,1,rf__trees300__depth10__leaf5__features0p1,mean_std,0
1cc88f3a-3529-4cb8-a167-fc0cb5b0bfb6,0,dry,weak_expert,1,0.5873113017765387,1,1,rf__trees300__depth10__leaf5__features0p1,mean_std,1
1d19775f-175d-4fdd-8dfe-c080a0c8de45,0,dry,weak_expert,1,0.2980303849285765,1,0,rf__trees300__depth10__leaf5__features0p1,mean_std,0
2018bfea-0071-4aca-8d45-18dac4d65199,0,dry,weak_expert,1,0.21829745292143196,1,0,rf__trees300__depth10__leaf5__features0p1,mean_std,0
20602da6-a92f-40ad-81d2-1688f5f1fcde,0,dry,weak_expert,1,0.3007537899938311,1,0,rf__trees300__depth10__leaf5__features0p1,mean_std,0
2089c2bd-d408-429e-9f15-138343a5cc9c,0,dry,weak_expert,1,0.45293514701657905,1,1,rf__trees300__depth10__leaf5__features0p1,mean_std,0
20c748f1-3eba-47dd-84fa-b9160e4a1ac6,0,dry,weak_expert,1,0.34044710679496354,1,0,rf__trees300__depth10__leaf5__features0p1,mean_std,0
2137ce12-072a-499e-bf8d-5ef099aa4b6b,0,dry,weak_expert,1,0.42593657455178363,1,1,rf__trees300__depth10__leaf5__features0p1,mean_std,0
2519f0bc-6606-4537-acc2-b8fdec0ee15c,0,dry,weak_expert,1,0.48249116767730577,1,1,rf__trees300__depth10__leaf5__features0p1,mean_std,0
25b750e5-8a76-4c13-9fd8-851e45d1b5ed,0,dry,weak_expert,1,0.17728255957082736,1,0,rf__trees300__depth10__leaf5__features0p1,mean_std,0
27c2cc15-dd1e-455a-8bca-59794d2fe98f,0,dry,weak_expert,1,0.11272035971500524,1,0,rf__trees300__depth10__leaf5__features0p1,mean_std,0
296446a3-d81c-4aaa-897f-d80c849b95b0,0,dry,weak_expert,1,0.2410327829747411,1,0,rf__trees300__depth10__leaf5__features0p1,mean_std,0
29c56cde-7a9f-44dd-a1d6-f6e4878e33de,0,dry,weak_expert,1,0.18287804871789523,1,0,rf__trees300__depth10__leaf5__features0p1,mean_std,0
2aa1d5be-0191-4540-9159-77ec1faa4094,0,dry,weak_expert,1,0.2619831534821904,1,0,rf__trees300__depth10__leaf5__features0p1,mean_std,0
2cc2fd2e-6314-424a-977b-7237f935fb65,0,dry,gold_expert,1,0.14049270836678493,1,0,rf__trees300__depth10__leaf5__features0p1,mean_std,0
2cfd466b-baa2-43f2-be7a-be2fb0e6dd66,0,dry,weak_expert,1,0.314184947817406,1,0,rf__trees300__depth10__leaf5__features0p1,mean_std,0
2d090ab6-346d-4168-a8aa-57296bcaf6e0,0,dry,weak_expert,1,0.15935092151944538,1,0,rf__trees300__depth10__leaf5__features0p1,mean_std,0
2df9d90f-7616-482f-ae5a-e0c8d3ee4289,0,dry,weak_expert,1,0.18402731625788127,1,0,rf__trees300__depth10__leaf5__features0p1,mean_std,0
2f9750bf-c157-4326-b12f-b0fd5b6ec229,0,dry,weak_expert,1,0.11838557165060928,1,0,rf__trees300__depth10__leaf5__features0p1,mean_std,0
3245eebf-f4d3-4a72-ba74-26a5af5da2d1,0,dry,weak_expert,1,0.35791796707419465,1,0,rf__trees300__depth10__leaf5__features0p1,mean_std,0
39791f26-0507-4862-ada4-369e28225207,0,dry,weak_expert,1,0.30995361165421625,1,0,rf__trees300__depth10__leaf5__features0p1,mean_std,0
3ad08dbf-1d9e-4055-83fa-9a0e0bb45d34,0,dry,weak_expert,1,0.3013300652581216,1,0,rf__trees300__depth10__leaf5__features0p1,mean_std,0
3b1db132-ba86-43e2-a35b-9638b5fce854,0,dry,weak_expert,1,0.3976918800252656,1,0,rf__trees300__depth10__leaf5__features0p1,mean_std,0
3b8e6988-cee6-4836-8c59-7ea1258b99b5,0,dry,weak_expert,1,0.5637577502066481,1,1,rf__trees300__depth10__leaf5__features0p1,mean_std,1
3bc2b14b-0b81-40bc-b6db-6f8864ede96a,0,dry,weak_expert,1,0.504028126995235,1,1,rf__trees300__depth10__leaf5__features0p1,mean_std,1
3e6c4fe1-b681-48d7-a576-5c4ddee41c70,0,dry,weak_expert,1,0.18737688471781402,1,0,rf__trees300__depth10__leaf5__features0p1,mean_std,0
3eadfa75-5906-4695-91fb-5726a24e02cd,0,dry,weak_expert,1,0.17529431211014135,1,0,rf__trees300__depth10__leaf5__features0p1,mean_std,0
3f2c6f57-c361-4fe7-ada8-5f47b6e8ee60,0,dry,weak_expert,1,0.18970442150225494,1,0,rf__trees300__depth10__leaf5__features0p1,mean_std,0
3f423152-d7aa-4c49-8c24-1fedcd4eb636,0,dry,weak_expert,1,0.10104373129858799,1,0,rf__trees300__depth10__leaf5__features0p1,mean_std,0
3fbe6119-b6d0-4aeb-beb8-19d1751ce190,0,dry,weak_expert,1,0.23763660685560936,1,0,rf__trees300__depth10__leaf5__features0p1,mean_std,0
408817b5-bd76-496d-9997-19cd7d36c45e,0,dry,weak_expert,1,0.12292717588560625,1,0,rf__trees300__depth10__leaf5__features0p1,mean_std,0
41793be3-8eb0-467d-b9a2-f09f6678fc4e,0,dry,weak_expert,1,0.17826898620192805,1,0,rf__trees300__depth10__leaf5__features0p1,mean_std,0
41bb08e9-6d43-41bc-bca2-a465f7dcf2f3,0,dry,weak_expert,1,0.23812607920218828,1,0,rf__trees300__depth10__leaf5__features0p1,mean_std,0
422a71b9-7343-4d2f-9170-8976d2dc532b,0,dry,weak_expert,1,0.37202204441231,1,0,rf__trees300__depth10__leaf5__features0p1,mean_std,0
43517c5a-e8ee-49a1-9b28-c2d224300996,0,dry,weak_expert,1,0.6666041902670418,1,1,rf__trees300__depth10__leaf5__features0p1,mean_std,1
447f49c5-43e7-48a9-9a82-1afefd22725b,0,dry,weak_expert,1,0.31503685513382235,1,0,rf__trees300__depth10__leaf5__features0p1,mean_std,0
44d6d275-b422-4338-bda2-2d0cc203f72b,0,dry,weak_expert,1,0.14512350574113173,1,0,rf__trees300__depth10__leaf5__features0p1,mean_std,0
4564ccce-b037-4509-ac0b-a7c59a2a262a,0,dry,weak_expert,1,0.20815859239245912,1,0,rf__trees300__depth10__leaf5__features0p1,mean_std,0
4624e4da-10f1-44b0-855e-a7ac857fbc82,0,dry,weak_expert,1,0.14937368611796417,1,0,rf__trees300__depth10__leaf5__features0p1,mean_std,0
47298691-1737-4d18-b301-b3526e935c1e,0,dry,weak_expert,1,0.2649439063374315,1,0,rf__trees300__depth10__leaf5__features0p1,mean_std,0
49064a01-6e0f-45bd-8b1d-853438414e93,0,dry,weak_expert,1,0.14896677281298518,1,0,rf__trees300__depth10__leaf5__features0p1,mean_std,0
4c9ce6f7-8ca8-41b9-8e18-8cd3de335c48,0,dry,weak_expert,1,0.13477125732242656,1,0,rf__trees300__depth10__leaf5__features0p1,mean_std,0
4d230bec-1056-49ca-b274-c0825b924824,0,dry,weak_expert,1,0.6461790311990295,1,1,rf__trees300__depth10__leaf5__features0p1,mean_std,1
4e47612c-6c09-4580-a9b6-2eb6bf2ab40c,0,dry,weak_expert,1,0.12501502003292736,1,0,rf__trees300__depth10__leaf5__features0p1,mean_std,0
4e9f4130-2954-4d29-adf5-d26768d3ead3,0,dry,weak_expert,1,0.2974749241528473,1,0,rf__trees300__depth10__leaf5__features0p1,mean_std,0
4f468032-6c4f-438b-9f19-219859552c5d,0,dry,weak_expert,1,0.505162719930649,1,1,rf__trees300__depth10__leaf5__features0p1,mean_std,1
4f5a4b71-46a6-42d8-aecd-7e0cc23d7d70,0,dry,weak_expert,1,0.3683885147859468,1,0,rf__trees300__depth10__leaf5__features0p1,mean_std,0
52f6838a-4033-4a71-84bb-81cbb4e64ab7,0,dry,gold_expert,1,0.1985247781695825,1,0,rf__trees300__depth10__leaf5__features0p1,mean_std,0
53325adb-0ff2-480a-8af0-fd9da2a10322,0,dry,weak_expert,1,0.46032289599397863,1,1,rf__trees300__depth10__leaf5__features0p1,mean_std,0
552dda14-3fea-4473-b39a-f409eb6a08f7,0,dry,weak_expert,1,0.11680114361498,1,0,rf__trees300__depth10__leaf5__features0p1,mean_std,0
5607860e-70fd-4fab-8e93-158ecedabdaa,0,dry,weak_expert,1,0.5069375341381218,1,1,rf__trees300__depth10__leaf5__features0p1,mean_std,1
56e28407-7719-45a2-93a3-9dc34f6e2560,0,dry,weak_expert,1,0.207544693794036,1,0,rf__trees300__depth10__leaf5__features0p1,mean_std,0
5729ad12-0130-4b4f-8865-159fbf93018a,0,dry,weak_expert,1,0.5237162221537185,1,1,rf__trees300__depth10__leaf5__features0p1,mean_std,1
5806ea47-6382-4268-bc3b-2be28a600e15,0,dry,weak_expert,1,0.4998316047946413,1,1,rf__trees300__depth10__leaf5__features0p1,mean_std,0
5874af96-541d-443c-878d-996bd7bfa1cf,0,dry,weak_expert,1,0.19239178324861678,1,0,rf__trees300__depth10__leaf5__features0p1,mean_std,0
5ab4d303-64be-4ea4-a65e-8681659e8e5f,0,dry,weak_expert,1,0.5878130732518131,1,1,rf__trees300__depth10__leaf5__features0p1,mean_std,1
5bcb66a6-ed26-45fc-a0a1-c7286a01de66,0,dry,weak_expert,1,0.09399635444235113,1,0,rf__trees300__depth10__leaf5__features0p1,mean_std,0
5d29532f-943b-4726-aca8-21191eeba327,0,dry,weak_expert,1,0.165450904876497,1,0,rf__trees300__depth10__leaf5__features0p1,mean_std,0
5e2dd52b-f9f1-4647-ac69-858dcb6f7611,0,dry,weak_expert,1,0.20546473387835631,1,0,rf__trees300__depth10__leaf5__features0p1,mean_std,0
64522664-f2f7-4141-9b74-ba0b9d181c31,0,dry,weak_expert,1,0.6549944938992877,1,1,rf__trees300__depth10__leaf5__features0p1,mean_std,1
64d7d0e6-715c-4fd2-a0e8-334122b61ff2,0,dry,weak_expert,1,0.1420343906454234,1,0,rf__trees300__depth10__leaf5__features0p1,mean_std,0
64e6a399-4aff-4758-a7a1-68f5460bd320,0,dry,weak_expert,1,0.4441946050022921,1,1,rf__trees300__depth10__leaf5__features0p1,mean_std,0
65be7822-e7c7-4fdc-9549-bf3fac30f919,0,dry,weak_expert,1,0.22862490807318983,1,0,rf__trees300__depth10__leaf5__features0p1,mean_std,0
6604cf63-454a-4b13-9fc9-95eb74566e8e,0,dry,weak_expert,1,0.2686980256302899,1,0,rf__trees300__depth10__leaf5__features0p1,mean_std,0
662fb840-9285-4fed-a114-633a324dc49f,0,dry,weak_expert,1,0.2476154105140222,1,0,rf__trees300__depth10__leaf5__features0p1,mean_std,0
67b0eab5-c09a-406b-9d1f-17562da9a7dd,0,dry,weak_expert,1,0.1843429202277266,1,0,rf__trees300__depth10__leaf5__features0p1,mean_std,0
68d5215b-afdb-4b7a-81d3-fbd5677de7b4,0,dry,weak_expert,1,0.11887305537636443,1,0,rf__trees300__depth10__leaf5__features0p1,mean_std,0
69101dc9-dfd5-43b5-b063-54a2e634e021,0,dry,weak_expert,1,0.22875295571811743,1,0,rf__trees300__depth10__leaf5__features0p1,mean_std,0
6a15ea48-771c-4a7f-bab6-d348dcc6aabd,0,dry,weak_expert,1,0.5131162133223482,1,1,rf__trees300__depth10__leaf5__features0p1,mean_std,1
6aa04a12-6e9a-4b9c-80da-a9fa01fc1757,0,dry,weak_expert,1,0.23146033975025906,1,0,rf__trees300__depth10__leaf5__features0p1,mean_std,0
6d194cdc-ba5a-40ba-8232-5bf150026c67,0,dry,weak_expert,1,0.42150646697712235,1,1,rf__trees300__depth10__leaf5__features0p1,mean_std,0
6d528de2-cf20-4caa-a22e-ffc588c0bacb,0,dry,weak_expert,1,0.5080382475376033,1,1,rf__trees300__depth10__leaf5__features0p1,mean_std,1
6e348474-0779-49fa-afdf-49420f8ad6b2,0,dry,weak_expert,1,0.18185475539783277,1,0,rf__trees300__depth10__leaf5__features0p1,mean_std,0
7023acad-4e24-444b-b0a6-a3aa54bd321b,0,dry,weak_expert,1,0.6339544516398812,1,1,rf__trees300__depth10__leaf5__features0p1,mean_std,1
7117304a-e59b-42c9-bea9-3c6f17b0d30e,0,dry,weak_expert,1,0.2490475099597497,1,0,rf__trees300__depth10__leaf5__features0p1,mean_std,0
72418df9-2a0a-4da5-922d-7a1d5d12ab80,0,dry,weak_expert,1,0.17468273486384894,1,0,rf__trees300__depth10__leaf5__features0p1,mean_std,0
74048b34-b37a-46c1-bd4c-ccd169c37784,0,dry,weak_expert,1,0.15723379579667734,1,0,rf__trees300__depth10__leaf5__features0p1,mean_std,0
75135933-89b0-4d43-9d75-688453353f56,0,dry,weak_expert,1,0.2374756113610934,1,0,rf__trees300__depth10__leaf5__features0p1,mean_std,0
7630638c-1d22-4852-be07-5a27af3c1e49,0,dry,weak_expert,1,0.17448722973986633,1,0,rf__trees300__depth10__leaf5__features0p1,mean_std,0
76f9d2cf-0ee1-4c38-9f49-02e59b8d6fb3,0,dry,weak_expert,1,0.1412671575820882,1,0,rf__trees300__depth10__leaf5__features0p1,mean_std,0
7717442d-d687-4821-a55f-a89b524ff17b,0,dry,weak_expert,1,0.4122242195523619,1,1,rf__trees300__depth10__leaf5__features0p1,mean_std,0
79a12ab8-7497-4a70-871f-5486c6699f45,0,dry,weak_expert,1,0.4661494294839109,1,1,rf__trees300__depth10__leaf5__features0p1,mean_std,0
7a20fe3e-5701-451c-b5c9-b8daf5b328e3,0,dry,weak_expert,1,0.39279314676949945,1,0,rf__trees300__depth10__leaf5__features0p1,mean_std,0
7ae1ffe1-2259-411f-8ead-6c107e01e824,0,dry,gold_expert,1,0.2692238973917133,1,0,rf__trees300__depth10__leaf5__features0p1,mean_std,0
7bc3c521-b422-45dd-bafc-0282abe03030,0,dry,weak_expert,1,0.6409899711000969,1,1,rf__trees300__depth10__leaf5__features0p1,mean_std,1
7d0f7c10-c2fb-4a0b-8917-00c1bbfa9ba9,0,dry,weak_expert,1,0.21810162299509073,1,0,rf__trees300__depth10__leaf5__features0p1,mean_std,0
7f58cd54-3414-4b3d-a418-8438d549df31,0,dry,weak_expert,1,0.45163677967319255,1,1,rf__trees300__depth10__leaf5__features0p1,mean_std,0
7fc329ed-814a-44da-823c-ec2dc47a8228,0,dry,weak_expert,1,0.4994761488153457,1,1,rf__trees300__depth10__leaf5__features0p1,mean_std,0
81a75de7-dc30-4c6b-9722-c238feebf447,0,dry,weak_expert,1,0.3802705691927194,1,0,rf__trees300__depth10__leaf5__features0p1,mean_std,0
81ddff28-05de-4669-bb99-8408895de7ab,0,dry,weak_expert,1,0.3651921589660037,1,0,rf__trees300__depth10__leaf5__features0p1,mean_std,0
824a8cf9-1199-48bf-aad5-65539d6d2011,0,dry,gold_expert,1,0.1978880965853081,1,0,rf__trees300__depth10__leaf5__features0p1,mean_std,0
836a340f-3e5c-4ea7-8817-1586d27a7f7a,0,dry,weak_expert,1,0.3315890803429298,1,0,rf__trees300__depth10__leaf5__features0p1,mean_std,0
839ad7ed-cc68-4689-b29e-7c8af17d3067,0,dry,weak_expert,1,0.1913848489248094,1,0,rf__trees300__depth10__leaf5__features0p1,mean_std,0
851d3141-589e-4a63-a81f-837b85585ee7,0,dry,weak_expert,1,0.12060733223194954,1,0,rf__trees300__depth10__leaf5__features0p1,mean_std,0
861d08d1-8b10-40e3-afa0-710451936f11,0,dry,weak_expert,1,0.19009656089910185,1,0,rf__trees300__depth10__leaf5__features0p1,mean_std,0
88df2ab1-8056-48de-a7a8-f2649d9cab4a,0,dry,weak_expert,1,0.042779576113725334,1,0,rf__trees300__depth10__leaf5__features0p1,mean_std,0
8a37026e-32a9-4505-85f9-3c9dabccc284,0,dry,weak_expert,1,0.20108828713353516,1,0,rf__trees300__depth10__leaf5__features0p1,mean_std,0
8b04c1fa-4fbe-45f3-9b4a-5cc6a450c43c,0,dry,weak_expert,1,0.45298526172049386,1,1,rf__trees300__depth10__leaf5__features0p1,mean_std,0
8b197bc0-2f11-4971-b643-1524cf030a2b,0,dry,weak_expert,1,0.582900520437733,1,1,rf__trees300__depth10__leaf5__features0p1,mean_std,1
8b427718-43ee-418f-b8f1-6807b3d6ed0e,0,dry,weak_expert,1,0.22673102559503572,1,0,rf__trees300__depth10__leaf5__features0p1,mean_std,0
8c631f0e-6973-4d8e-a42d-b1d0bf1ffe1d,0,dry,weak_expert,1,0.447854715144443,1,1,rf__trees300__depth10__leaf5__features0p1,mean_std,0
8e72293b-1ab4-44d4-b5be-0b51038d2304,0,dry,weak_expert,1,0.4201835839334843,1,1,rf__trees300__depth10__leaf5__features0p1,mean_std,0
8fafcc7b-1d75-4172-a93b-dfc06ac33b10,0,dry,weak_expert,1,0.19366982316554054,1,0,rf__trees300__depth10__leaf5__features0p1,mean_std,0
914cd0fc-3623-4424-bc67-759743a0c593,0,dry,weak_expert,1,0.30874145225519173,1,0,rf__trees300__depth10__leaf5__features0p1,mean_std,0
91d9c321-7371-4a0c-af3d-398542cb9c4c,0,dry,weak_expert,1,0.2204239395805187,1,0,rf__trees300__depth10__leaf5__features0p1,mean_std,0
922fd4da-e8ce-4ef5-b9a8-56921dfa9328,0,dry,gold_expert,1,0.33377897713112964,1,0,rf__trees300__depth10__leaf5__features0p1,mean_std,0
928ce384-ca55-4419-acab-516b2647a77d,0,dry,weak_expert,1,0.19982086794295784,1,0,rf__trees300__depth10__leaf5__features0p1,mean_std,0
93d51cf7-6dee-49e5-b434-fa81a7595132,0,dry,weak_expert,1,0.5022482032581974,1,1,rf__trees300__depth10__leaf5__features0p1,mean_std,1
94a33ac9-c166-4795-9665-f7dd4f0caace,0,dry,weak_expert,1,0.24710736506861655,1,0,rf__trees300__depth10__leaf5__features0p1,mean_std,0
952eafc4-38d9-468b-b46d-c9a5f6b3d620,0,dry,weak_expert,1,0.14872355191832484,1,0,rf__trees300__depth10__leaf5__features0p1,mean_std,0
96678e97-6a39-4932-9c5d-13981167bbd8,0,dry,weak_expert,1,0.170912773828475,1,0,rf__trees300__depth10__leaf5__features0p1,mean_std,0
9810b72b-79ca-474b-9b66-41079f892c79,0,dry,weak_expert,1,0.2492179050489709,1,0,rf__trees300__depth10__leaf5__features0p1,mean_std,0
981441a4-89d8-43c5-8e43-3768968fa614,0,dry,weak_expert,1,0.19955269458776928,1,0,rf__trees300__depth10__leaf5__features0p1,mean_std,0
98fb6294-d339-4c83-8ff5-2bbcf82e35e0,0,dry,gold_expert,1,0.23338572448113018,1,0,rf__trees300__depth10__leaf5__features0p1,mean_std,0
99ca2bde-0950-4e1d-8e9a-cbd0d70981bd,0,dry,weak_expert,1,0.5140364492398599,1,1,rf__trees300__depth10__leaf5__features0p1,mean_std,1
9cefcba6-bea1-4131-a905-3d28e567344b,0,dry,weak_expert,1,0.2991814848958652,1,0,rf__trees300__depth10__leaf5__features0p1,mean_std,0
9eb1894a-8201-431d-a923-79dc88945ebb,0,dry,weak_expert,1,0.26657105311931695,1,0,rf__trees300__depth10__leaf5__features0p1,mean_std,0
a02e0fa5-1a29-4e3f-817e-15047e79e744,0,dry,weak_expert,1,0.23453722124604473,1,0,rf__trees300__depth10__leaf5__features0p1,mean_std,0
a084b953-189d-422d-a40a-b545b4f01618,0,dry,weak_expert,1,0.21497868176494456,1,0,rf__trees300__depth10__leaf5__features0p1,mean_std,0
a08b86d5-4573-4a42-9a84-f75f5e50351a,0,dry,weak_expert,1,0.43000688263566983,1,1,rf__trees300__depth10__leaf5__features0p1,mean_std,0
a20c7e61-024c-491f-807c-fd01dc856bbd,0,dry,weak_expert,1,0.4755281238317296,1,1,rf__trees300__depth10__leaf5__features0p1,mean_std,0
a2c4999f-df6f-42a7-b733-3d10536b6d03,0,dry,weak_expert,1,0.10546412122307118,1,0,rf__trees300__depth10__leaf5__features0p1,mean_std,0
a46654b3-b91b-4f95-8a69-3dcd1d428ea0,0,dry,weak_expert,1,0.48041537196251727,1,1,rf__trees300__depth10__leaf5__features0p1,mean_std,0
a5aeaa95-ed25-452b-b112-62c042c21b33,0,dry,weak_expert,1,0.36009141001185024,1,0,rf__trees300__depth10__leaf5__features0p1,mean_std,0
a6417792-0dfe-46da-b820-3c047f15ad9a,0,dry,weak_expert,1,0.41597421918254235,1,1,rf__trees300__depth10__leaf5__features0p1,mean_std,0
a6b7aeb5-6b58-4bea-9e2d-6ee573cd1aab,0,dry,weak_expert,1,0.2018560620109664,1,0,rf__trees300__depth10__leaf5__features0p1,mean_std,0
a9108704-75af-4d2c-afb2-5c8ca33cb9e0,0,dry,weak_expert,1,0.08121097409969198,1,0,rf__trees300__depth10__leaf5__features0p1,mean_std,0
adc24bde-023b-457e-9be7-9fadbad0b155,0,dry,weak_expert,1,0.3394181180948042,1,0,rf__trees300__depth10__leaf5__features0p1,mean_std,0
ae7f3e27-5c50-48bd-ba50-4b52ddfc6b8f,0,dry,weak_expert,1,0.4500317286217255,1,1,rf__trees300__depth10__leaf5__features0p1,mean_std,0
aeb63eba-7261-4d5a-9cf5-4f31357bcd57,0,dry,weak_expert,1,0.2061466021017501,1,0,rf__trees300__depth10__leaf5__features0p1,mean_std,0
af89b4c6-a942-4dbd-9efb-cc0ae79a9acf,0,dry,weak_expert,1,0.13283299709126453,1,0,rf__trees300__depth10__leaf5__features0p1,mean_std,0
afdcc1b1-befc-4eac-bf4b-328a7a21261e,0,dry,weak_expert,1,0.30992165339079575,1,0,rf__trees300__depth10__leaf5__features0p1,mean_std,0
b08bd7a4-a123-4f28-b659-bbb5ea70fb6f,0,dry,weak_expert,1,0.4482146642619958,1,1,rf__trees300__depth10__leaf5__features0p1,mean_std,0
b2cb680f-2b1f-4daf-824c-c83952cd639c,0,dry,weak_expert,1,0.3094364563378028,1,0,rf__trees300__depth10__leaf5__features0p1,mean_std,0
b35c9f6c-4e1d-4c3f-a733-5905c3ee387d,0,dry,weak_expert,1,0.5118067626511698,1,1,rf__trees300__depth10__leaf5__features0p1,mean_std,1
b38e69f2-01f9-47ac-b94f-cf7b5eb764b3,0,dry,weak_expert,1,0.19372470221075383,1,0,rf__trees300__depth10__leaf5__features0p1,mean_std,0
b5808d67-b898-4d8b-b74c-6d3ef7085be4,0,dry,weak_expert,1,0.2565494310327729,1,0,rf__trees300__depth10__leaf5__features0p1,mean_std,0
b6165d05-e841-44cc-bb13-a59d6ceed6ed,0,dry,weak_expert,1,0.4117019037457041,1,1,rf__trees300__depth10__leaf5__features0p1,mean_std,0
b61f41d5-8a12-44de-a8c7-f7ab67f35ab7,0,dry,weak_expert,1,0.6245659320527637,1,1,rf__trees300__depth10__leaf5__features0p1,mean_std,1
b7825dc8-a17f-4171-863b-2c0b346cfcd0,0,dry,weak_expert,1,0.38988609507781496,1,0,rf__trees300__depth10__leaf5__features0p1,mean_std,0
b95b4d94-e665-41d0-bd0e-4fb9d4684e65,0,dry,weak_expert,1,0.1375517933349701,1,0,rf__trees300__depth10__leaf5__features0p1,mean_std,0
ba21cefd-7209-47e8-87ff-e12e3d0ed4dc,0,dry,weak_expert,1,0.22213648132974229,1,0,rf__trees300__depth10__leaf5__features0p1,mean_std,0
ba5ade2c-45fc-41e5-b111-86c08ea8609b,0,dry,weak_expert,1,0.1218825226485365,1,0,rf__trees300__depth10__leaf5__features0p1,mean_std,0
bb5fd4d8-a36d-4918-931f-c6bd2adcc20d,0,dry,weak_expert,1,0.226706555791334,1,0,rf__trees300__depth10__leaf5__features0p1,mean_std,0
bb94e3f4-831c-4c04-b528-617cf04ab8c7,0,dry,weak_expert,1,0.5279225837949941,1,1,rf__trees300__depth10__leaf5__features0p1,mean_std,1
bc24d4d9-b66b-4429-8228-6645de25622f,0,dry,weak_expert,1,0.4121361335399977,1,1,rf__trees300__depth10__leaf5__features0p1,mean_std,0
bc27b4fb-a820-4296-a776-0f0943ba1455,0,dry,weak_expert,1,0.3895201581148518,1,0,rf__trees300__depth10__leaf5__features0p1,mean_std,0
bcb90b43-185a-4420-a4ca-dafe8f914682,0,dry,weak_expert,1,0.5086721441595475,1,1,rf__trees300__depth10__leaf5__features0p1,mean_std,1
bd11b513-12a1-44be-82f6-4fbeea1fbda0,0,dry,weak_expert,1,0.2328277694077472,1,0,rf__trees300__depth10__leaf5__features0p1,mean_std,0
bd205be0-24a4-4a28-8262-30bc14bf1faa,0,dry,weak_expert,1,0.0836425689346925,1,0,rf__trees300__depth10__leaf5__features0p1,mean_std,0
be0fe831-c469-4a13-961f-e3bd6dda0633,0,dry,weak_expert,1,0.2532349689957699,1,0,rf__trees300__depth10__leaf5__features0p1,mean_std,0
be2d9024-401a-42a0-91fd-194567b1d4c1,0,dry,weak_expert,1,0.2538185877487283,1,0,rf__trees300__depth10__leaf5__features0p1,mean_std,0
be5f63f3-2be9-448b-b57e-fa118eddc2e2,0,dry,weak_expert,1,0.17282110229700104,1,0,rf__trees300__depth10__leaf5__features0p1,mean_std,0
be920126-b1e2-4117-84e2-461b2230e46e,0,dry,weak_expert,1,0.2611067866387349,1,0,rf__trees300__depth10__leaf5__features0p1,mean_std,0
beb9eff3-e2c7-4f53-981b-0abc09158dec,0,dry,weak_expert,1,0.7399911434740983,1,1,rf__trees300__depth10__leaf5__features0p1,mean_std,1
bf4ca169-aab4-466f-8e14-63631e0b3ea0,0,dry,weak_expert,1,0.6546274653177775,1,1,rf__trees300__depth10__leaf5__features0p1,mean_std,1
bf5901da-d580-4034-88b0-19bd18778f5a,0,dry,weak_expert,1,0.27281315303521686,1,0,rf__trees300__depth10__leaf5__features0p1,mean_std,0
bf7f0dd3-eaef-4912-8edc-c919fd98df62,0,dry,weak_expert,1,0.21210095811518548,1,0,rf__trees300__depth10__leaf5__features0p1,mean_std,0
c0643c65-15f1-4f25-9f4e-d42541cca1b8,0,dry,weak_expert,1,0.3248783389670647,1,0,rf__trees300__depth10__leaf5__features0p1,mean_std,0
c16f96bf-dc05-445b-aed6-5758aa0ec5c8,0,dry,weak_expert,1,0.23057720096314982,1,0,rf__trees300__depth10__leaf5__features0p1,mean_std,0
c2795c09-691f-421d-87eb-60d11ef0a776,0,dry,weak_expert,1,0.3133358984991604,1,0,rf__trees300__depth10__leaf5__features0p1,mean_std,0
c2d24716-5e15-4066-855a-2a0c0b7566f6,0,dry,weak_expert,1,0.544678326748347,1,1,rf__trees300__depth10__leaf5__features0p1,mean_std,1
c2e033f0-5e2f-4793-be75-afa9ae7d3f8f,0,dry,weak_expert,1,0.14835544286448182,1,0,rf__trees300__depth10__leaf5__features0p1,mean_std,0
c34d6285-a7d7-4357-9036-cb4a5caec6f6,0,dry,weak_expert,1,0.5277553439455456,1,1,rf__trees300__depth10__leaf5__features0p1,mean_std,1
c3b9dca7-67eb-4438-b6aa-dd6b2aca1432,0,dry,gold_expert,1,0.1565346571178548,1,0,rf__trees300__depth10__leaf5__features0p1,mean_std,0
c3d0135b-83ef-4aba-b98c-2c8fe50ffeff,0,dry,weak_expert,1,0.4553838097950835,1,1,rf__trees300__depth10__leaf5__features0p1,mean_std,0
c4961eda-91f5-4fbc-bd90-92f56f7f4deb,0,dry,weak_expert,1,0.4051351039328057,1,1,rf__trees300__depth10__leaf5__features0p1,mean_std,0
c8983507-264a-4bbb-8926-8a06afb36bff,0,dry,weak_expert,1,0.5397291505231697,1,1,rf__trees300__depth10__leaf5__features0p1,mean_std,1
c961a082-77cf-412a-ba8a-66fff0b7bc82,0,dry,weak_expert,1,0.32747003260524876,1,0,rf__trees300__depth10__leaf5__features0p1,mean_std,0
c9fa0d4d-76d1-41c4-863c-b83bb8908140,0,dry,gold_expert,1,0.40857939643076935,1,1,rf__trees300__depth10__leaf5__features0p1,mean_std,0
cb5c6410-8b55-4c33-932d-fc72e5cac22c,0,dry,weak_expert,1,0.29103828298811085,1,0,rf__trees300__depth10__leaf5__features0p1,mean_std,0
cbbbe2c4-51c4-48e3-807d-5ad37ad220e4,0,dry,weak_expert,1,0.1443120092385808,1,0,rf__trees300__depth10__leaf5__features0p1,mean_std,0
ce3f9e37-b553-4c23-b341-8da601f7468e,0,dry,weak_expert,1,0.41777201159845473,1,1,rf__trees300__depth10__leaf5__features0p1,mean_std,0
cefb99ae-7dda-4397-8b65-77e3fc0c7739,0,dry,weak_expert,1,0.3658919599362409,1,0,rf__trees300__depth10__leaf5__features0p1,mean_std,0
d0d4e84a-3692-46e2-a168-463896fb9d31,0,dry,weak_expert,1,0.23893289837591142,1,0,rf__trees300__depth10__leaf5__features0p1,mean_std,0
d101742f-52a3-4ed3-a4bb-46f65d02fc2a,0,dry,weak_expert,1,0.26216075666041627,1,0,rf__trees300__depth10__leaf5__features0p1,mean_std,0
d1c3a8a6-742e-4677-aa79-92b9b217be75,0,dry,weak_expert,1,0.21053712824650117,1,0,rf__trees300__depth10__leaf5__features0p1,mean_std,0
d2a55629-24e2-4460-8a0a-b7065927ee07,0,dry,weak_expert,1,0.5252932871111086,1,1,rf__trees300__depth10__leaf5__features0p1,mean_std,1
d3ea88bd-d578-44dd-aadd-391f8559bdc5,0,dry,weak_expert,1,0.23333010105323632,1,0,rf__trees300__depth10__leaf5__features0p1,mean_std,0
d505b939-4d86-4713-8bba-987cde761118,0,dry,weak_expert,1,0.3870375230267418,1,0,rf__trees300__depth10__leaf5__features0p1,mean_std,0
d551a262-676b-4856-ae36-5b6334c6b586,0,dry,weak_expert,1,0.08471185336339879,1,0,rf__trees300__depth10__leaf5__features0p1,mean_std,0
d57d4c31-4f34-41cd-9fdf-84e4df3f2dcc,0,dry,weak_expert,1,0.3683000897664257,1,0,rf__trees300__depth10__leaf5__features0p1,mean_std,0
d5e56f55-97a1-417d-a724-04d6ef10830e,0,dry,weak_expert,1,0.25745331114611586,1,0,rf__trees300__depth10__leaf5__features0p1,mean_std,0
d6d50155-5eb2-421e-9da1-8ad5faa275a1,0,dry,weak_expert,1,0.11891516760053794,1,0,rf__trees300__depth10__leaf5__features0p1,mean_std,0
d789e459-6db1-4481-af44-db7427304108,0,dry,weak_expert,1,0.14562446860514425,1,0,rf__trees300__depth10__leaf5__features0p1,mean_std,0
db234c88-9a58-4947-a852-d7f2584128ef,0,dry,weak_expert,1,0.37604512340496005,1,0,rf__trees300__depth10__leaf5__features0p1,mean_std,0
dbc6f669-469e-4306-acdc-f46039006148,0,dry,weak_expert,1,0.14674901888276232,1,0,rf__trees300__depth10__leaf5__features0p1,mean_std,0
dc17e768-40f6-462e-99ad-80292586ac3a,0,dry,weak_expert,1,0.308474707019889,1,0,rf__trees300__depth10__leaf5__features0p1,mean_std,0
dcd6359c-4fbc-44ea-93b0-f1da55eb3a75,0,dry,weak_expert,1,0.3369967551115768,1,0,rf__trees300__depth10__leaf5__features0p1,mean_std,0
dd235b59-b0df-4eb7-9024-3b11e1515888,0,dry,weak_expert,1,0.07692687793547838,1,0,rf__trees300__depth10__leaf5__features0p1,mean_std,0
dd489c88-affc-4142-ac56-752c3a433991,0,dry,weak_expert,1,0.5978590670210275,1,1,rf__trees300__depth10__leaf5__features0p1,mean_std,1
dd7e32e6-a949-4c92-a5b1-628edbb65144,0,dry,weak_expert,1,0.2936611229557179,1,0,rf__trees300__depth10__leaf5__features0p1,mean_std,0
dd80d0c6-76ec-43b1-9611-23ea269cec57,0,dry,weak_expert,1,0.42856332348162407,1,1,rf__trees300__depth10__leaf5__features0p1,mean_std,0
de67d064-eff4-40c4-ab46-b115d0691e1f,0,dry,weak_expert,1,0.12344934995355468,1,0,rf__trees300__depth10__leaf5__features0p1,mean_std,0
dec024bb-bb3f-49ba-8a42-b1420d56a2e0,0,dry,weak_expert,1,0.15437713170457623,1,0,rf__trees300__depth10__leaf5__features0p1,mean_std,0
df6cf29a-fcf8-4b96-ab4f-19e018c3b297,0,dry,weak_expert,1,0.1655430876451344,1,0,rf__trees300__depth10__leaf5__features0p1,mean_std,0
dfb0a442-3453-4d42-b355-b68eda2a9865,0,dry,weak_expert,1,0.14326951393426,1,0,rf__trees300__depth10__leaf5__features0p1,mean_std,0
dfe7b783-c80f-4357-b72e-63e875bf9ec3,0,dry,weak_expert,1,0.42100149552483085,1,1,rf__trees300__depth10__leaf5__features0p1,mean_std,0
e0107451-503c-48b0-9a9e-675a3a0c834e,0,dry,weak_expert,1,0.3971015585710309,1,0,rf__trees300__depth10__leaf5__features0p1,mean_std,0
e23b7ef4-c268-4179-b234-c45702001252,0,dry,weak_expert,1,0.15773307186801472,1,0,rf__trees300__depth10__leaf5__features0p1,mean_std,0
e4242c29-1213-4960-b792-565fae299403,0,dry,weak_expert,1,0.17619274489861167,1,0,rf__trees300__depth10__leaf5__features0p1,mean_std,0
e4bbd7fa-3767-48e3-97cf-c5e14881314f,0,dry,weak_expert,1,0.20196773478232535,1,0,rf__trees300__depth10__leaf5__features0p1,mean_std,0
e56ea219-e97c-45c4-8222-5ecf168445b5,0,dry,gold_expert,1,0.11118432370227753,1,0,rf__trees300__depth10__leaf5__features0p1,mean_std,0
e5a8a140-d910-47da-b3d6-96941e084028,0,dry,weak_expert,1,0.5357581819481073,1,1,rf__trees300__depth10__leaf5__features0p1,mean_std,1
e6448323-4be3-4fac-ba98-33aee0de0817,0,dry,gold_expert,1,0.14457286653752144,1,0,rf__trees300__depth10__leaf5__features0p1,mean_std,0
e667faac-9ba9-472e-8a97-ad47887d5108,0,dry,weak_expert,1,0.5686161407827929,1,1,rf__trees300__depth10__leaf5__features0p1,mean_std,1
e6a6d19c-2ff0-4c1a-aa5f-f432c9a8b55e,0,dry,weak_expert,1,0.21822275597120186,1,0,rf__trees300__depth10__leaf5__features0p1,mean_std,0
e6d07d7b-cd63-4f81-8dbd-3ab87104fbf0,0,dry,weak_expert,1,0.10406285402109487,1,0,rf__trees300__depth10__leaf5__features0p1,mean_std,0
e9650512-35f6-4872-acca-c8aca7cd228b,0,dry,weak_expert,1,0.16032786195033993,1,0,rf__trees300__depth10__leaf5__features0p1,mean_std,0
e9cc9a65-15c2-4acf-8412-4cffc98eb56f,0,dry,weak_expert,1,0.26825044321717717,1,0,rf__trees300__depth10__leaf5__features0p1,mean_std,0
eb74838f-26b9-457e-a4f6-3fff63ebc270,0,dry,weak_expert,1,0.42222604398864155,1,1,rf__trees300__depth10__leaf5__features0p1,mean_std,0
ec86b666-9979-4799-a06f-9773eba8927f,0,dry,weak_expert,1,0.154104995146045,1,0,rf__trees300__depth10__leaf5__features0p1,mean_std,0
ecc957af-3001-4a29-935a-32db98540746,0,dry,weak_expert,1,0.24333095897014392,1,0,rf__trees300__depth10__leaf5__features0p1,mean_std,0
edcadaac-51d0-44d1-99c6-efbbc41dd4bd,0,dry,weak_expert,1,0.5514936582027217,1,1,rf__trees300__depth10__leaf5__features0p1,mean_std,1
eeaa9780-b73a-4e0f-b075-4dc5fbb54080,0,dry,weak_expert,1,0.1437332837640109,1,0,rf__trees300__depth10__leaf5__features0p1,mean_std,0
ef458365-a016-45ff-842a-7388a89ed774,0,dry,weak_expert,1,0.19897427252117075,1,0,rf__trees300__depth10__leaf5__features0p1,mean_std,0
ef6d35f9-347a-4aad-9e4d-e37bd0f417f9,0,dry,weak_expert,1,0.7070714749520102,1,1,rf__trees300__depth10__leaf5__features0p1,mean_std,1
f0bcf37a-4766-4cc0-a4d3-13a6e1343103,0,dry,weak_expert,1,0.2022102835435967,1,0,rf__trees300__depth10__leaf5__features0p1,mean_std,0
f18097f1-d7d5-4566-a7f1-dce0f2e8da87,0,dry,weak_expert,1,0.11313793593793894,1,0,rf__trees300__depth10__leaf5__features0p1,mean_std,0
f3ef7d3e-56e1-496b-8a46-b593e33d25d6,0,dry,weak_expert,1,0.3570074874197839,1,0,rf__trees300__depth10__leaf5__features0p1,mean_std,0
f5531d66-e612-41c3-b7c1-658fe7922f34,0,dry,weak_expert,1,0.5280325796612698,1,1,rf__trees300__depth10__leaf5__features0p1,mean_std,1
f64f33a5-b6e1-4d5c-ab1b-8d48dd826440,0,dry,weak_expert,1,0.42194092500942143,1,1,rf__trees300__depth10__leaf5__features0p1,mean_std,0
f66386d5-f2e2-4b9b-8f00-35e51858446b,0,dry,weak_expert,1,0.2680259622144563,1,0,rf__trees300__depth10__leaf5__features0p1,mean_std,0
f6fd67d0-eb9d-47b4-9fc7-1e4af068d05b,0,dry,weak_expert,1,0.3272206141640407,1,0,rf__trees300__depth10__leaf5__features0p1,mean_std,0
f9f521ef-bcba-461f-8dcc-b4df6f6beb2f,0,dry,weak_expert,1,0.4346525124220334,1,1,rf__trees300__depth10__leaf5__features0p1,mean_std,0
fafbe64d-8da4-4901-95a2-e0025771f446,0,dry,weak_expert,1,0.19844897964407054,1,0,rf__trees300__depth10__leaf5__features0p1,mean_std,0
fe3ddef6-cf4c-4adf-b12d-bf5c5b79a5f4,0,dry,weak_expert,1,0.3770509930749437,1,0,rf__trees300__depth10__leaf5__features0p1,mean_std,0
fed255ec-4829-4f4a-b22d-9bb23f2dd89f,0,dry,gold_expert,1,0.2592030881291508,1,0,rf__trees300__depth10__leaf5__features0p1,mean_std,0
ff8435f6-76b5-42c1-8f4c-7479710e71bf,0,dry,weak_expert,1,0.13393122583987727,1,0,rf__trees300__depth10__leaf5__features0p1,mean_std,0
01614a4a-947f-43ca-a609-fc2787509f6f,1,wet,weak_expert,1,0.4492656494580204,1,1,rf__trees300__depth10__leaf5__features0p1,mean_std,0
0837bd59-09c5-4098-afe3-4bcbfb0fb0e2,1,wet,weak_expert,1,0.4809807920236354,1,1,rf__trees300__depth10__leaf5__features0p1,mean_std,0
08f05aa0-7c3d-40be-a8ae-ab6bc6d41be3,1,wet,weak_expert,1,0.5852292610175932,1,1,rf__trees300__depth10__leaf5__features0p1,mean_std,1
0b6f8543-c5e3-414c-a4f3-020e56e8ec60,1,wet,weak_expert,1,0.30252525952391895,1,0,rf__trees300__depth10__leaf5__features0p1,mean_std,0
0b72bbdf-fe74-4c76-8c9a-9e4a60a7b9f9,1,wet,weak_expert,1,0.3770227639134916,1,0,rf__trees300__depth10__leaf5__features0p1,mean_std,0
0f8d80f9-700e-4069-924d-e15f29d7c19a,1,wet,gold_expert,1,0.27150558535622255,1,0,rf__trees300__depth10__leaf5__features0p1,mean_std,0
13cc16ff-2b44-4740-b7f4-e80cf7404d30,1,wet,weak_expert,1,0.5501970749663521,1,1,rf__trees300__depth10__leaf5__features0p1,mean_std,1
16af8331-f890-4f2e-bf49-2b42985d379e,1,wet,weak_expert,1,0.28746897956708267,1,0,rf__trees300__depth10__leaf5__features0p1,mean_std,0
16b16ff5-e875-4f0f-ad76-bd7ba27faca6,1,wet,weak_expert,1,0.2743574695554391,1,0,rf__trees300__depth10__leaf5__features0p1,mean_std,0
182246b0-9f77-4c40-976e-3c9342619819,1,wet,weak_expert,1,0.3955040927835123,1,0,rf__trees300__depth10__leaf5__features0p1,mean_std,0
1b1f2c9b-7cfa-4eb5-837d-36ae3d647c92,1,wet,weak_expert,1,0.3749785949442492,1,0,rf__trees300__depth10__leaf5__features0p1,mean_std,0
1de44182-c6f6-4059-bb54-1e8552999e03,1,wet,weak_expert,1,0.1525614494190311,1,0,rf__trees300__depth10__leaf5__features0p1,mean_std,0
1e3025cb-d921-485b-a08c-c2966fc4f730,1,wet,weak_expert,1,0.553371893922636,1,1,rf__trees300__depth10__leaf5__features0p1,mean_std,1
20638b85-0ab9-45cc-b257-9ce9986946de,1,wet,weak_expert,1,0.2846265007393514,1,0,rf__trees300__depth10__leaf5__features0p1,mean_std,0
21c16c1c-46fc-4b80-b941-65d7c6e87555,1,wet,weak_expert,1,0.19049751339635884,1,0,rf__trees300__depth10__leaf5__features0p1,mean_std,0
25e59482-9d33-4a0c-bfbf-5438b9c0c9ea,1,wet,weak_expert,1,0.14672068381162173,1,0,rf__trees300__depth10__leaf5__features0p1,mean_std,0
28b30c43-8b77-436a-a181-9b36ec9f0553,1,wet,weak_expert,1,0.5136202356120824,1,1,rf__trees300__depth10__leaf5__features0p1,mean_std,1
2e41a2bd-6462-407d-8078-9f7b86a54f52,1,wet,weak_expert,1,0.46013476782318585,1,1,rf__trees300__depth10__leaf5__features0p1,mean_std,0
32eea255-502c-4bb2-9160-12aa16912ea9,1,wet,weak_expert,1,0.4673148798058295,1,1,rf__trees300__depth10__leaf5__features0p1,mean_std,0
380bc7f0-d950-450c-9f5e-43c7c3f4c132,1,wet,weak_expert,1,0.5719564935499123,1,1,rf__trees300__depth10__leaf5__features0p1,mean_std,1
3c903e81-9634-4d62-90f0-f09b95f382f7,1,wet,weak_expert,1,0.14104031468081588,1,0,rf__trees300__depth10__leaf5__features0p1,mean_std,0
4122c8f7-07e5-4c74-8993-c17157bd6c1b,1,wet,weak_expert,1,0.13109347716399314,1,0,rf__trees300__depth10__leaf5__features0p1,mean_std,0
4a19eff2-8302-4aa6-9164-ae5a9d2d824f,1,wet,weak_expert,1,0.08134375497239027,1,0,rf__trees300__depth10__leaf5__features0p1,mean_std,0
4eab6d7e-32c1-4a7f-be8c-b1cbcffe2420,1,wet,weak_expert,1,0.49051443757270147,1,1,rf__trees300__depth10__leaf5__features0p1,mean_std,0
4f95a31d-9302-47bb-a0b6-cdd8b13c0aab,1,wet,weak_expert,1,0.25120701041319526,1,0,rf__trees300__depth10__leaf5__features0p1,mean_std,0
5322ecad-3152-4fab-8f66-8552c0ebd4c2,1,wet,weak_expert,1,0.23350388204419228,1,0,rf__trees300__depth10__leaf5__features0p1,mean_std,0
55534e14-5e4e-4102-8bb0-2011ca1c371a,1,wet,weak_expert,1,0.284936000568293,1,0,rf__trees300__depth10__leaf5__features0p1,mean_std,0
5790906b-44f0-4b59-8052-1f3d7927decd,1,wet,weak_expert,1,0.5943091327117723,1,1,rf__trees300__depth10__leaf5__features0p1,mean_std,1
618fc43a-4d9d-4dad-8b68-2714b584ccc4,1,wet,weak_expert,1,0.24630644104709992,1,0,rf__trees300__depth10__leaf5__features0p1,mean_std,0
641a25a8-413c-4a45-b74f-a46edc276724,1,wet,weak_expert,1,0.18656306346592347,1,0,rf__trees300__depth10__leaf5__features0p1,mean_std,0
6647b629-2246-48c9-83ad-c3ad4795c891,1,wet,weak_expert,1,0.6331294338367512,1,1,rf__trees300__depth10__leaf5__features0p1,mean_std,1
66636b7b-3e0e-4613-9f1f-4ec16fb313c3,1,wet,weak_expert,1,0.17570402200781607,1,0,rf__trees300__depth10__leaf5__features0p1,mean_std,0
66bd4211-2034-4cde-82ad-59aeff6e7eb8,1,wet,weak_expert,1,0.14629181571384348,1,0,rf__trees300__depth10__leaf5__features0p1,mean_std,0
6fbee7bd-2530-404b-80e2-bb2d1317d7c5,1,wet,weak_expert,1,0.39876578560870873,1,0,rf__trees300__depth10__leaf5__features0p1,mean_std,0
78637ec8-6570-4b6a-b8fd-a1610022c413,1,wet,weak_expert,1,0.32148919997035086,1,0,rf__trees300__depth10__leaf5__features0p1,mean_std,0
7872c598-46e9-4bc5-804b-47c71b4be1ac,1,wet,weak_expert,1,0.11263748252138006,1,0,rf__trees300__depth10__leaf5__features0p1,mean_std,0
811d96a7-e63f-4a8e-afc8-d8cef7bec7aa,1,wet,weak_expert,1,0.41230232534292277,1,1,rf__trees300__depth10__leaf5__features0p1,mean_std,0
821f8448-26e5-4f74-acbf-e5d5058eaa93,1,wet,weak_expert,1,0.369336385854015,1,0,rf__trees300__depth10__leaf5__features0p1,mean_std,0
8475da17-5c32-415c-ba77-6dfad5ee5f9b,1,wet,weak_expert,1,0.399050401259007,1,0,rf__trees300__depth10__leaf5__features0p1,mean_std,0
868d1ace-2365-4f81-bc7e-0fbe8214f5d7,1,wet,weak_expert,1,0.6771514711330815,1,1,rf__trees300__depth10__leaf5__features0p1,mean_std,1
8b96d238-8053-4b15-86b6-a31f448dda73,1,wet,weak_expert,1,0.44794568389678235,1,1,rf__trees300__depth10__leaf5__features0p1,mean_std,0
8cdd0367-1661-4524-830d-2bd69aa6dee7,1,wet,weak_expert,1,0.2752762973727861,1,0,rf__trees300__depth10__leaf5__features0p1,mean_std,0
91678983-1d96-4390-8f09-55df6a75bb36,1,wet,weak_expert,1,0.4935048169399319,1,1,rf__trees300__depth10__leaf5__features0p1,mean_std,0
9420ab0f-61bd-4567-a229-e93ff115785b,1,wet,weak_expert,1,0.20471428294816854,1,0,rf__trees300__depth10__leaf5__features0p1,mean_std,0
99de245e-7797-4b68-8b4e-7be2c3600f49,1,wet,weak_expert,1,0.44974741822274333,1,1,rf__trees300__depth10__leaf5__features0p1,mean_std,0
9c121206-2d76-40b1-bbd0-4b1f483adada,1,wet,weak_expert,1,0.38819589835829,1,0,rf__trees300__depth10__leaf5__features0p1,mean_std,0
9e41c672-ffbd-4a9b-919b-3fdfd4771f63,1,wet,weak_expert,1,0.5384923302952914,1,1,rf__trees300__depth10__leaf5__features0p1,mean_std,1
a1f69db9-81f4-4a07-9808-dd1c99053125,1,wet,weak_expert,1,0.20166281946026574,1,0,rf__trees300__depth10__leaf5__features0p1,mean_std,0
a5115a55-1187-4983-b9d6-4e423d92f981,1,wet,weak_expert,1,0.35664877339717915,1,0,rf__trees300__depth10__leaf5__features0p1,mean_std,0
aa78817e-f5e3-470b-b516-6006c59fb1fa,1,wet,weak_expert,1,0.15913528684692224,1,0,rf__trees300__depth10__leaf5__features0p1,mean_std,0
b392ae80-f91a-4a78-bad3-2e8a8c8130d2,1,wet,weak_expert,1,0.3528342731155566,1,0,rf__trees300__depth10__leaf5__features0p1,mean_std,0
b689a94c-70d7-4fec-a237-b5ded63ca518,1,wet,weak_expert,1,0.2938978316618533,1,0,rf__trees300__depth10__leaf5__features0p1,mean_std,0
b7f60904-a2e1-4068-9854-523ebe8d8c04,1,wet,weak_expert,1,0.6487537126109507,1,1,rf__trees300__depth10__leaf5__features0p1,mean_std,1
bcc118e3-39f2-45f9-8dae-46650d962729,1,wet,weak_expert,1,0.5195342104972234,1,1,rf__trees300__depth10__leaf5__features0p1,mean_std,1
bd14922a-f88e-4b99-a338-360789a40b69,1,wet,weak_expert,1,0.6181628633889754,1,1,rf__trees300__depth10__leaf5__features0p1,mean_std,1
c34dae42-797d-41cd-815d-b10d23d8844d,1,wet,weak_expert,1,0.3254623639661546,1,0,rf__trees300__depth10__leaf5__features0p1,mean_std,0
c3c69ce2-8617-4329-8f39-7f7b16daafed,1,wet,weak_expert,1,0.36284102149788855,1,0,rf__trees300__depth10__leaf5__features0p1,mean_std,0
c9d68f80-c9ee-4cb3-885b-f4f46fa1c8bd,1,wet,weak_expert,1,0.15547598246645172,1,0,rf__trees300__depth10__leaf5__features0p1,mean_std,0
cc5b8aa6-355a-4f4c-bc88-4f1d5bafc5ad,1,wet,weak_expert,1,0.4186724186194585,1,1,rf__trees300__depth10__leaf5__features0p1,mean_std,0
dc994f21-ea5e-4236-bc48-2fd980feb2f8,1,wet,weak_expert,1,0.5258939385627321,1,1,rf__trees300__depth10__leaf5__features0p1,mean_std,1
dff83863-6ceb-416a-9846-26b13bab1bfa,1,wet,weak_expert,1,0.25816091375410954,1,0,rf__trees300__depth10__leaf5__features0p1,mean_std,0
e048aa97-7313-48f8-99f7-0f2795bf4a48,1,wet,weak_expert,1,0.36754995216818726,1,0,rf__trees300__depth10__leaf5__features0p1,mean_std,0
e272246a-5c0e-4549-83b0-8330cfce867e,1,wet,weak_expert,1,0.33294054059497097,1,0,rf__trees300__depth10__leaf5__features0p1,mean_std,0
e292ff84-85b8-486e-984a-91ecceef4b90,1,wet,weak_expert,1,0.29989262312251247,1,0,rf__trees300__depth10__leaf5__features0p1,mean_std,0
e39dac66-46e0-4d6f-b09c-58026674c71f,1,wet,weak_expert,1,0.45095665768187937,1,1,rf__trees300__depth10__leaf5__features0p1,mean_std,0
e6788288-778c-46d3-9d83-c4c2eb6f707d,1,wet,weak_expert,1,0.39735300561875786,1,0,rf__trees300__depth10__leaf5__features0p1,mean_std,0
e89a2e55-e5ad-4774-950c-ae4e84b444f8,1,wet,weak_expert,1,0.5161122734609759,1,1,rf__trees300__depth10__leaf5__features0p1,mean_std,1
ea3553b7-8fc4-4889-bc48-9318dfc1c9f5,1,wet,weak_expert,1,0.15508927327808308,1,0,rf__trees300__depth10__leaf5__features0p1,mean_std,0
ed5f5776-506b-42ac-85f6-021619d319b9,1,wet,weak_expert,1,0.3176607033092966,1,0,rf__trees300__depth10__leaf5__features0p1,mean_std,0
ee82b8a5-39ed-41da-a927-7be42bb86ec7,1,wet,weak_expert,1,0.6131514309070263,1,1,rf__trees300__depth10__leaf5__features0p1,mean_std,1
f33560fd-1e3f-4117-b759-b2151dfb7eab,1,wet,weak_expert,1,0.22232878207248438,1,0,rf__trees300__depth10__leaf5__features0p1,mean_std,0
f3a3af59-0ebf-4644-a38b-32e36a70b876,1,wet,weak_expert,1,0.12927232807069702,1,0,rf__trees300__depth10__leaf5__features0p1,mean_std,0
f8c27e97-5b6b-4437-a8ae-236074a31b98,1,wet,weak_expert,1,0.13293586330126259,1,0,rf__trees300__depth10__leaf5__features0p1,mean_std,0
f9144621-a450-411a-b4f6-9a29e617358f,1,wet,weak_expert,1,0.5626158171708933,1,1,rf__trees300__depth10__leaf5__features0p1,mean_std,1
fd0859a7-9b11-405f-b151-6f21048f50bd,1,wet,weak_expert,1,0.41536390263092,1,1,rf__trees300__depth10__leaf5__features0p1,mean_std,0
059ae242-fffd-44c7-b821-9d73f93449aa,0,dry,weak_expert,2,0.12748674438424829,1,0,rf__trees300__depth10__leaf5__features0p1,mean_std,0
06ad9cc8-27ff-4d9e-bfec-f88a660d9253,0,dry,weak_expert,2,0.2105899974157812,1,0,rf__trees300__depth10__leaf5__features0p1,mean_std,0
06b49798-22b7-4570-85b9-1390947ff34d,0,dry,weak_expert,2,0.3076491569103815,1,0,rf__trees300__depth10__leaf5__features0p1,mean_std,0
0b35d226-9927-4ddc-b5ea-cca273d43f66,0,dry,weak_expert,2,0.24528913394953344,1,0,rf__trees300__depth10__leaf5__features0p1,mean_std,0
0b60a771-1dde-49b8-a46d-d049b1791ca4,0,dry,weak_expert,2,0.523457720585683,1,1,rf__trees300__depth10__leaf5__features0p1,mean_std,1
0ebcd337-e754-4955-a935-f7b3f04ec5ff,0,dry,weak_expert,2,0.14804840328248103,1,0,rf__trees300__depth10__leaf5__features0p1,mean_std,0
12a1f8a8-d986-477c-a186-501247d38869,0,dry,weak_expert,2,0.3148626258556631,1,0,rf__trees300__depth10__leaf5__features0p1,mean_std,0
139d0f69-4c1c-416c-933e-ab45ea42ff93,0,dry,weak_expert,2,0.2229759264718498,1,0,rf__trees300__depth10__leaf5__features0p1,mean_std,0
13ec7c23-9c3d-42a7-90e7-ca621e8e2c33,0,dry,weak_expert,2,0.2949493358229879,1,0,rf__trees300__depth10__leaf5__features0p1,mean_std,0
15a0a034-354e-4637-b74c-9653763e0862,0,dry,weak_expert,2,0.16887961886017588,1,0,rf__trees300__depth10__leaf5__features0p1,mean_std,0
1645e119-c9ee-4cf8-9a87-31bcc8b025bb,0,dry,weak_expert,2,0.26503622095234614,1,0,rf__trees300__depth10__leaf5__features0p1,mean_std,0
167b1c65-40e6-4330-8dc7-d51d735ccdab,0,dry,weak_expert,2,0.2960030499395254,1,0,rf__trees300__depth10__leaf5__features0p1,mean_std,0
1853c64d-a058-471d-8409-84fd2afb5edd,0,dry,weak_expert,2,0.2137336658318494,1,0,rf__trees300__depth10__leaf5__features0p1,mean_std,0
1add9b29-ef49-4a03-b38f-c9391161e7bf,0,dry,weak_expert,2,0.33669246620899457,1,0,rf__trees300__depth10__leaf5__features0p1,mean_std,0
1c13288a-9ef9-4027-9ca6-06472a106fb1,0,dry,weak_expert,2,0.3727557882428669,1,0,rf__trees300__depth10__leaf5__features0p1,mean_std,0
1c4c4928-4a83-4fae-be54-48a557fb7739,0,dry,weak_expert,2,0.25643005871562513,1,0,rf__trees300__depth10__leaf5__features0p1,mean_std,0
1cef13ee-037d-49cb-bbd3-bbb44328cd91,0,dry,weak_expert,2,0.30615557452076414,1,0,rf__trees300__depth10__leaf5__features0p1,mean_std,0
1e2fb96c-cc9c-450d-9474-b363b22adfe8,0,dry,weak_expert,2,0.2898004568253573,1,0,rf__trees300__depth10__leaf5__features0p1,mean_std,0
1e35ccdb-4d0c-4a40-884d-500fa21dae26,0,dry,weak_expert,2,0.11675522184956118,1,0,rf__trees300__depth10__leaf5__features0p1,mean_std,0
1f02c230-3a22-4ee1-81e4-7e7237b36c03,0,dry,weak_expert,2,0.16720913846879124,1,0,rf__trees300__depth10__leaf5__features0p1,mean_std,0
21601275-9606-4574-869d-1cec6120d3e1,0,dry,weak_expert,2,0.3755930833289187,1,0,rf__trees300__depth10__leaf5__features0p1,mean_std,0
218f522f-d3b0-4370-a93f-e8a70d958950,0,dry,gold_expert,2,0.2830294936058867,1,0,rf__trees300__depth10__leaf5__features0p1,mean_std,0
21d95211-da92-44a9-83c7-30f8d4c6d670,0,dry,weak_expert,2,0.13314614729453733,1,0,rf__trees300__depth10__leaf5__features0p1,mean_std,0
22cb791b-2eba-480f-9eb3-69018bd25a04,0,dry,weak_expert,2,0.31278702376400974,1,0,rf__trees300__depth10__leaf5__features0p1,mean_std,0
23757c39-1cc1-4c17-bdda-b8b44c42a68e,0,dry,weak_expert,2,0.23673512550225984,1,0,rf__trees300__depth10__leaf5__features0p1,mean_std,0
23b27f73-bbcc-4856-a5bd-8a9719e471db,0,dry,weak_expert,2,0.3575869646827711,1,0,rf__trees300__depth10__leaf5__features0p1,mean_std,0
24526b28-3377-4f1e-942f-8e3f6d38e44b,0,dry,weak_expert,2,0.0942710712745065,1,0,rf__trees300__depth10__leaf5__features0p1,mean_std,0
26194021-bc50-4a4f-b49e-e36a01041b49,0,dry,weak_expert,2,0.1412741939090889,1,0,rf__trees300__depth10__leaf5__features0p1,mean_std,0
26b079a2-0954-4ca4-a494-1ef64e7d93f9,0,dry,weak_expert,2,0.1382524996086812,1,0,rf__trees300__depth10__leaf5__features0p1,mean_std,0
27bfbb49-3141-4d9e-9746-0e830e859907,0,dry,weak_expert,2,0.2093650439408614,1,0,rf__trees300__depth10__leaf5__features0p1,mean_std,0
28ccfa17-8a60-43b1-b0b0-2db7042c088e,0,dry,weak_expert,2,0.43539282627649356,1,1,rf__trees300__depth10__leaf5__features0p1,mean_std,0
2c38b55e-7a52-4b23-a4a5-f0da83cd2cba,0,dry,weak_expert,2,0.4835126573192007,1,1,rf__trees300__depth10__leaf5__features0p1,mean_std,0
2e4456dd-bb47-45f7-b2ef-7b2d2f2859c6,0,dry,gold_expert,2,0.2955583881810003,1,0,rf__trees300__depth10__leaf5__features0p1,mean_std,0
30f89651-4d57-4de3-8575-ab68725eccef,0,dry,weak_expert,2,0.15572681702374574,1,0,rf__trees300__depth10__leaf5__features0p1,mean_std,0
32233260-588c-4431-a326-4a0ea6c669c5,0,dry,weak_expert,2,0.2559992292643815,1,0,rf__trees300__depth10__leaf5__features0p1,mean_std,0
32ba514c-b6e5-45a5-a62d-a4555084e3ed,0,dry,weak_expert,2,0.340932770233471,1,0,rf__trees300__depth10__leaf5__features0p1,mean_std,0
335a56cc-66bf-4dd0-a60b-f7a596e43c08,0,dry,weak_expert,2,0.2569708285724005,1,0,rf__trees300__depth10__leaf5__features0p1,mean_std,0
33ed7ec5-c28f-4397-90ac-f64af5d0393e,0,dry,weak_expert,2,0.4595008747210128,1,1,rf__trees300__depth10__leaf5__features0p1,mean_std,0
341ff20f-b75f-4d5a-8ee9-38ba198ed6ec,0,dry,weak_expert,2,0.18304607938324824,1,0,rf__trees300__depth10__leaf5__features0p1,mean_std,0
34fa8ed4-a911-4def-9272-d26e56dd05d2,0,dry,weak_expert,2,0.1722323067412582,1,0,rf__trees300__depth10__leaf5__features0p1,mean_std,0
353bb06f-a51c-4646-b890-d7fd3529e0e2,0,dry,weak_expert,2,0.5334494952299877,1,1,rf__trees300__depth10__leaf5__features0p1,mean_std,1
35ee826c-b4e1-40ae-9873-7df156071b7b,0,dry,weak_expert,2,0.2744782209459245,1,0,rf__trees300__depth10__leaf5__features0p1,mean_std,0
362c55e4-0bb0-4295-9dc3-be1e1e7e95a4,0,dry,weak_expert,2,0.1987978749011192,1,0,rf__trees300__depth10__leaf5__features0p1,mean_std,0
37347587-048a-4a1c-a100-7cf820711428,0,dry,weak_expert,2,0.3568774873229209,1,0,rf__trees300__depth10__leaf5__features0p1,mean_std,0
38578eb5-eef4-4c69-9e08-cbda1065b9d0,0,dry,weak_expert,2,0.2009438224068606,1,0,rf__trees300__depth10__leaf5__features0p1,mean_std,0
3a3e7613-0749-40ca-bec3-fbe8070a9719,0,dry,weak_expert,2,0.0772651783907184,1,0,rf__trees300__depth10__leaf5__features0p1,mean_std,0
3a6d3a21-4c29-47a9-9146-913edb738bca,0,dry,weak_expert,2,0.5834437667299429,1,1,rf__trees300__depth10__leaf5__features0p1,mean_std,1
3b6a0157-04a2-46cd-b5a7-299595293a2d,0,dry,weak_expert,2,0.3173575154696247,1,0,rf__trees300__depth10__leaf5__features0p1,mean_std,0
3b917045-a264-4e3c-9a70-491e49448c36,0,dry,weak_expert,2,0.3900463465164747,1,0,rf__trees300__depth10__leaf5__features0p1,mean_std,0
3cb4dbb6-d191-4331-bcdb-eec0f100484a,0,dry,weak_expert,2,0.41882962246009053,1,1,rf__trees300__depth10__leaf5__features0p1,mean_std,0
3d8a71a7-e94f-425c-8b92-09aceddcd063,0,dry,weak_expert,2,0.206277938685122,1,0,rf__trees300__depth10__leaf5__features0p1,mean_std,0
3e231461-a679-4e96-8fcc-07480b6309c1,0,dry,weak_expert,2,0.2273188867728078,1,0,rf__trees300__depth10__leaf5__features0p1,mean_std,0
3ef8a638-8f4c-4018-8e25-dfd817979599,0,dry,weak_expert,2,0.1934202503559484,1,0,rf__trees300__depth10__leaf5__features0p1,mean_std,0
41c95439-7a27-4f01-8aba-4a0640b4683e,0,dry,weak_expert,2,0.40516470384533604,1,1,rf__trees300__depth10__leaf5__features0p1,mean_std,0
4260e6fd-0a12-48de-9bfd-1b8644c2186b,0,dry,gold_expert,2,0.32617244679015156,1,0,rf__trees300__depth10__leaf5__features0p1,mean_std,0
4376cf7a-db13-4730-b2bd-890bd5e5cb8b,0,dry,weak_expert,2,0.3065063953379978,1,0,rf__trees300__depth10__leaf5__features0p1,mean_std,0
43e83454-4324-4f0d-8ff5-02c53b4781c8,0,dry,weak_expert,2,0.5720545397152667,1,1,rf__trees300__depth10__leaf5__features0p1,mean_std,1
449b3a31-6ec1-4e6a-bb90-4cf63b07c8be,0,dry,weak_expert,2,0.35299569988953283,1,0,rf__trees300__depth10__leaf5__features0p1,mean_std,0
44c16fe2-1d25-4964-b32d-61ce832599c1,0,dry,weak_expert,2,0.18217726110434843,1,0,rf__trees300__depth10__leaf5__features0p1,mean_std,0
47041a03-16e8-4a03-b343-8d5e69afcd5c,0,dry,weak_expert,2,0.24655022498139498,1,0,rf__trees300__depth10__leaf5__features0p1,mean_std,0
4763797e-e24f-4af4-a449-d60bbc9079cb,0,dry,weak_expert,2,0.1848579943107645,1,0,rf__trees300__depth10__leaf5__features0p1,mean_std,0
47edb277-7f3c-426d-8e14-a0385f3c1b77,0,dry,weak_expert,2,0.14619727590399503,1,0,rf__trees300__depth10__leaf5__features0p1,mean_std,0
486dd43d-63a6-4ad6-8a00-2787b31c245e,0,dry,weak_expert,2,0.06798412987658917,1,0,rf__trees300__depth10__leaf5__features0p1,mean_std,0
48d28621-e417-47ae-ab2b-54e659e9df04,0,dry,weak_expert,2,0.2850952609281523,1,0,rf__trees300__depth10__leaf5__features0p1,mean_std,0
48f84033-8615-4805-b2a5-d84050d3951b,0,dry,weak_expert,2,0.1900021108312088,1,0,rf__trees300__depth10__leaf5__features0p1,mean_std,0
49f7f1de-5199-4291-b906-f058a8dc74d9,0,dry,weak_expert,2,0.2044174503899644,1,0,rf__trees300__depth10__leaf5__features0p1,mean_std,0
4a39216d-fdac-4a28-b2cc-367e39d098aa,0,dry,weak_expert,2,0.40052699955129467,1,0,rf__trees300__depth10__leaf5__features0p1,mean_std,0
4afa3822-6de3-4877-b5ee-2e4e7ffb9081,0,dry,weak_expert,2,0.37595216478277954,1,0,rf__trees300__depth10__leaf5__features0p1,mean_std,0
4e052563-ff5b-47b1-92c2-dc4ba0ac8fbc,0,dry,weak_expert,2,0.21217550025872142,1,0,rf__trees300__depth10__leaf5__features0p1,mean_std,0
4f51059b-0e34-4ae8-8ea8-66630d9b147b,0,dry,weak_expert,2,0.5508034422519985,1,1,rf__trees300__depth10__leaf5__features0p1,mean_std,1
4fa3ac8d-f252-40d6-bccd-24aa5e35556c,0,dry,weak_expert,2,0.11049017115758876,1,0,rf__trees300__depth10__leaf5__features0p1,mean_std,0
506b5606-cecb-4fba-8723-c4a2bfb8b038,0,dry,weak_expert,2,0.2560885965463951,1,0,rf__trees300__depth10__leaf5__features0p1,mean_std,0
510640bb-d6db-483f-a754-c5fa1eaaa388,0,dry,gold_expert,2,0.1968175146122145,1,0,rf__trees300__depth10__leaf5__features0p1,mean_std,0
5132cf1f-33ea-489a-83c4-9e428f1646a7,0,dry,weak_expert,2,0.2926715791709865,1,0,rf__trees300__depth10__leaf5__features0p1,mean_std,0
51e2e40b-f1cd-45ba-ad05-8219c595235c,0,dry,weak_expert,2,0.3157577829259918,1,0,rf__trees300__depth10__leaf5__features0p1,mean_std,0
52047339-5625-493f-903a-e0c1950353b3,0,dry,weak_expert,2,0.09952708761115886,1,0,rf__trees300__depth10__leaf5__features0p1,mean_std,0
522a43ec-3d80-43e4-97c9-c21ceb8b7a63,0,dry,weak_expert,2,0.19412785913525404,1,0,rf__trees300__depth10__leaf5__features0p1,mean_std,0
539a8ff2-b70e-4d5d-9799-53bf23cf3acf,0,dry,weak_expert,2,0.08631806654677916,1,0,rf__trees300__depth10__leaf5__features0p1,mean_std,0
5402221a-1b2a-4472-ba3e-f5cfc04f18f0,0,dry,weak_expert,2,0.41696370263252075,1,1,rf__trees300__depth10__leaf5__features0p1,mean_std,0
55cb1a15-6513-4602-8f59-ecdb5681248c,0,dry,weak_expert,2,0.3027799777997399,1,0,rf__trees300__depth10__leaf5__features0p1,mean_std,0
55d0ed26-a7a2-418d-b326-d0bd29a3f19c,0,dry,weak_expert,2,0.25656360843514453,1,0,rf__trees300__depth10__leaf5__features0p1,mean_std,0
5683cd42-347e-4fbf-8cd5-aa60c3e5b6cc,0,dry,weak_expert,2,0.22089190214585594,1,0,rf__trees300__depth10__leaf5__features0p1,mean_std,0
57c25c39-f510-44e3-9ca0-0f694c81a440,0,dry,weak_expert,2,0.43223917313966514,1,1,rf__trees300__depth10__leaf5__features0p1,mean_std,0
57e1df06-5e7a-451e-8ffa-6aeaeb732192,0,dry,weak_expert,2,0.27615647801561405,1,0,rf__trees300__depth10__leaf5__features0p1,mean_std,0
583bcee8-db16-4027-b767-cd74e9433cba,0,dry,weak_expert,2,0.20409039187224076,1,0,rf__trees300__depth10__leaf5__features0p1,mean_std,0
58970bd3-2993-4762-8b21-0c5a2937c16b,0,dry,weak_expert,2,0.23631834317146694,1,0,rf__trees300__depth10__leaf5__features0p1,mean_std,0
5ac1a9c3-b135-4589-95dc-cf2a222265f8,0,dry,weak_expert,2,0.08354982358875232,1,0,rf__trees300__depth10__leaf5__features0p1,mean_std,0
5be10c89-4c9a-495e-8671-f445f51a3fe0,0,dry,gold_expert,2,0.46176542385167824,1,1,rf__trees300__depth10__leaf5__features0p1,mean_std,0
5e232ea7-d639-4ec9-99b2-1829528cdf1c,0,dry,weak_expert,2,0.37773478911811537,1,0,rf__trees300__depth10__leaf5__features0p1,mean_std,0
5e6d9fe2-f660-49d8-8258-96fc6518187d,0,dry,weak_expert,2,0.30578840937656276,1,0,rf__trees300__depth10__leaf5__features0p1,mean_std,0
5ef9fa57-cf7d-4964-a001-05fd72063add,0,dry,weak_expert,2,0.29513865349859647,1,0,rf__trees300__depth10__leaf5__features0p1,mean_std,0
60c3afcc-fe9b-4d91-b713-0ab357d5c825,0,dry,weak_expert,2,0.33992438737647884,1,0,rf__trees300__depth10__leaf5__features0p1,mean_std,0
6208f70a-1cd0-4428-a68e-b3db1bc8abf7,0,dry,weak_expert,2,0.483410401361568,1,1,rf__trees300__depth10__leaf5__features0p1,mean_std,0
6308a83f-58f0-4cd8-be25-5c75b8883126,0,dry,weak_expert,2,0.10860125364940906,1,0,rf__trees300__depth10__leaf5__features0p1,mean_std,0
639c6225-edd2-4f9c-8c7f-5fedd57ef73f,0,dry,weak_expert,2,0.2109667206582868,1,0,rf__trees300__depth10__leaf5__features0p1,mean_std,0
668c6e03-edc6-45aa-98d1-429fe5bd92fa,0,dry,weak_expert,2,0.36323864015229435,1,0,rf__trees300__depth10__leaf5__features0p1,mean_std,0
67b68c39-caf5-46b1-b8da-7f2fd9068a5a,0,dry,weak_expert,2,0.24446152684807942,1,0,rf__trees300__depth10__leaf5__features0p1,mean_std,0
6868da77-a36a-4fb4-afa5-aba26bd2bbd5,0,dry,weak_expert,2,0.5884652083226056,1,1,rf__trees300__depth10__leaf5__features0p1,mean_std,1
70bd76c5-bfc6-4a4d-9942-47588699c714,0,dry,weak_expert,2,0.2525945068577334,1,0,rf__trees300__depth10__leaf5__features0p1,mean_std,0
724ff070-52ab-48e8-8e85-f6431a9d2869,0,dry,weak_expert,2,0.19719149170227482,1,0,rf__trees300__depth10__leaf5__features0p1,mean_std,0
729d23d1-9abd-44df-8b05-22217b1ffbdf,0,dry,weak_expert,2,0.2905769359249051,1,0,rf__trees300__depth10__leaf5__features0p1,mean_std,0
7336b77f-6873-4e2c-837d-2ef925a3d33e,0,dry,weak_expert,2,0.39770912537506153,1,0,rf__trees300__depth10__leaf5__features0p1,mean_std,0
74c47154-dc42-4f14-8285-b5a507ef9463,0,dry,weak_expert,2,0.18832185994829626,1,0,rf__trees300__depth10__leaf5__features0p1,mean_std,0
751c4649-2d74-46f1-a873-b0d40946e145,0,dry,weak_expert,2,0.5065696264130136,1,1,rf__trees300__depth10__leaf5__features0p1,mean_std,1
756d7aa4-e12a-4eb3-b119-2b8a7db0abb6,0,dry,weak_expert,2,0.28697339520370085,1,0,rf__trees300__depth10__leaf5__features0p1,mean_std,0
76521f70-dec6-4d64-8378-a0dbb1f5c724,0,dry,weak_expert,2,0.15539873498386272,1,0,rf__trees300__depth10__leaf5__features0p1,mean_std,0
7668e116-b279-4ee0-90f6-dff5be2df938,0,dry,weak_expert,2,0.24514308114390862,1,0,rf__trees300__depth10__leaf5__features0p1,mean_std,0
7672fa5b-277c-40e4-98e7-bca978acfe9e,0,dry,weak_expert,2,0.1889305513999981,1,0,rf__trees300__depth10__leaf5__features0p1,mean_std,0
76779311-1f9c-40b5-845d-bde19b0d9c0e,0,dry,weak_expert,2,0.24541554961080517,1,0,rf__trees300__depth10__leaf5__features0p1,mean_std,0
78bba857-d1c8-4a56-86d5-650911bad154,0,dry,weak_expert,2,0.3559886554032643,1,0,rf__trees300__depth10__leaf5__features0p1,mean_std,0
7a92755e-90c8-4491-a7ec-36b3d9a74ceb,0,dry,weak_expert,2,0.19012206187467143,1,0,rf__trees300__depth10__leaf5__features0p1,mean_std,0
7a94b3ae-2fd8-48f3-b15d-34c157c21e8f,0,dry,weak_expert,2,0.42696958318474837,1,1,rf__trees300__depth10__leaf5__features0p1,mean_std,0
7e4cf3ef-9c9a-43ff-8e0e-527eddeff067,0,dry,weak_expert,2,0.4097438009428875,1,1,rf__trees300__depth10__leaf5__features0p1,mean_std,0
7ec311f3-c48a-4b46-81dd-de4ffca3610c,0,dry,weak_expert,2,0.23320084015309475,1,0,rf__trees300__depth10__leaf5__features0p1,mean_std,0
7f64a4ba-035c-41e1-a7d0-34f60d160648,0,dry,weak_expert,2,0.4247228629193826,1,1,rf__trees300__depth10__leaf5__features0p1,mean_std,0
80ef7fb3-fa42-4539-8109-bac59586b80d,0,dry,weak_expert,2,0.287112346217735,1,0,rf__trees300__depth10__leaf5__features0p1,mean_std,0
818197ee-acaf-48e1-8776-1c70942a4ced,0,dry,gold_expert,2,0.31215555673349377,1,0,rf__trees300__depth10__leaf5__features0p1,mean_std,0
82a7bdf0-56fb-426c-9dc6-7811ee82ece2,0,dry,weak_expert,2,0.2255992854013355,1,0,rf__trees300__depth10__leaf5__features0p1,mean_std,0
8395f784-e828-4c74-a856-e49cdb1074ef,0,dry,weak_expert,2,0.37016189917565895,1,0,rf__trees300__depth10__leaf5__features0p1,mean_std,0
84f7f9eb-ce07-4ace-8c02-d83360a25db4,0,dry,weak_expert,2,0.24646909044750273,1,0,rf__trees300__depth10__leaf5__features0p1,mean_std,0
86154e17-8089-4f5a-9dfb-427f4e5a9583,0,dry,weak_expert,2,0.35509799538354064,1,0,rf__trees300__depth10__leaf5__features0p1,mean_std,0
880d7516-b583-45c9-9012-949148905250,0,dry,weak_expert,2,0.24773434683393855,1,0,rf__trees300__depth10__leaf5__features0p1,mean_std,0
885278b4-30ed-4dd7-a813-f0e2706a12ba,0,dry,weak_expert,2,0.2271792067631795,1,0,rf__trees300__depth10__leaf5__features0p1,mean_std,0
88571a5b-7d25-4373-86f8-f784dbceabec,0,dry,gold_expert,2,0.26314988485140917,1,0,rf__trees300__depth10__leaf5__features0p1,mean_std,0
89a9d33a-38ac-4927-914b-79d448519c72,0,dry,weak_expert,2,0.4266928143546906,1,1,rf__trees300__depth10__leaf5__features0p1,mean_std,0
8a4486c3-9d2f-47cf-82ec-998b7f59e8f2,0,dry,weak_expert,2,0.45822648546819694,1,1,rf__trees300__depth10__leaf5__features0p1,mean_std,0
8b50115d-5e51-4fa0-9521-f6ecc0b6527d,0,dry,weak_expert,2,0.4570442420715412,1,1,rf__trees300__depth10__leaf5__features0p1,mean_std,0
8c509a42-be60-4f6c-b5a8-5f304d5caff7,0,dry,weak_expert,2,0.2758097364060739,1,0,rf__trees300__depth10__leaf5__features0p1,mean_std,0
8e381f25-6bc9-4b5e-b221-f92e340e71b9,0,dry,weak_expert,2,0.22428956535436537,1,0,rf__trees300__depth10__leaf5__features0p1,mean_std,0
8e9e20cd-78c6-414d-91fb-c99092255bd6,0,dry,weak_expert,2,0.2506901246920599,1,0,rf__trees300__depth10__leaf5__features0p1,mean_std,0
8ef63129-6889-4095-8e2f-562ddee8069e,0,dry,weak_expert,2,0.2064630367174499,1,0,rf__trees300__depth10__leaf5__features0p1,mean_std,0
8f71aa36-4f94-4726-9def-b98b63f03a27,0,dry,weak_expert,2,0.29780654369945436,1,0,rf__trees300__depth10__leaf5__features0p1,mean_std,0
900e0342-6ad8-48f0-8cbc-e8f1950541df,0,dry,weak_expert,2,0.16866320867729917,1,0,rf__trees300__depth10__leaf5__features0p1,mean_std,0
90df4728-8750-4646-a0a4-027f2c9cd544,0,dry,weak_expert,2,0.4252582248019154,1,1,rf__trees300__depth10__leaf5__features0p1,mean_std,0
9255b8a3-43a2-4c4d-a858-9ddc45bb506b,0,dry,weak_expert,2,0.11507562817634932,1,0,rf__trees300__depth10__leaf5__features0p1,mean_std,0
92d33463-e1bd-490e-8a8d-adb7bfb0b24e,0,dry,weak_expert,2,0.12513953225902538,1,0,rf__trees300__depth10__leaf5__features0p1,mean_std,0
9333c624-ef59-44f6-9643-fa9b2485c173,0,dry,gold_expert,2,0.2288346967135961,1,0,rf__trees300__depth10__leaf5__features0p1,mean_std,0
93d85777-43fb-4fbf-a63b-95434133437b,0,dry,weak_expert,2,0.14436887812594318,1,0,rf__trees300__depth10__leaf5__features0p1,mean_std,0
977592cb-c1f2-4b5e-bad1-6132b5cd2ad0,0,dry,weak_expert,2,0.3076253044446532,1,0,rf__trees300__depth10__leaf5__features0p1,mean_std,0
9b1454f3-7e95-4b04-9369-ba923145c84c,0,dry,weak_expert,2,0.33397319656684776,1,0,rf__trees300__depth10__leaf5__features0p1,mean_std,0
9cc8c2de-8733-4e5b-a18d-5bf9a5166c85,0,dry,weak_expert,2,0.3565563451299546,1,0,rf__trees300__depth10__leaf5__features0p1,mean_std,0
9d03d2b0-dde8-4a31-b4a8-7bb87e98750f,0,dry,weak_expert,2,0.07412588277079635,1,0,rf__trees300__depth10__leaf5__features0p1,mean_std,0
9dc66677-d2a0-4c56-8a4d-74177f49ba1e,0,dry,weak_expert,2,0.23151725060606201,1,0,rf__trees300__depth10__leaf5__features0p1,mean_std,0
9e4f4e7b-541e-4e88-80c8-458f62c12825,0,dry,weak_expert,2,0.21103868107112655,1,0,rf__trees300__depth10__leaf5__features0p1,mean_std,0
9f2e5d96-7ac5-4b6b-8d67-afebd051d2e1,0,dry,weak_expert,2,0.4657964018557783,1,1,rf__trees300__depth10__leaf5__features0p1,mean_std,0
9f4dfad5-c175-4a75-b3ac-cdc08e72b98c,0,dry,weak_expert,2,0.25539267451072467,1,0,rf__trees300__depth10__leaf5__features0p1,mean_std,0
a08ada1f-32e6-40cf-9513-57cf411cf97d,0,dry,weak_expert,2,0.5068183428316595,1,1,rf__trees300__depth10__leaf5__features0p1,mean_std,1
a0bd7465-ae76-40cd-903b-3591ed9595db,0,dry,weak_expert,2,0.2885885473032868,1,0,rf__trees300__depth10__leaf5__features0p1,mean_std,0
a1ffec02-864d-4739-8725-1f7487fee29c,0,dry,weak_expert,2,0.44463964200976636,1,1,rf__trees300__depth10__leaf5__features0p1,mean_std,0
a286fb10-67fa-432e-80b1-e3f3992f4f95,0,dry,weak_expert,2,0.26980831963538016,1,0,rf__trees300__depth10__leaf5__features0p1,mean_std,0
a28776b5-b876-47ac-8973-9ca280156608,0,dry,weak_expert,2,0.11231528712541464,1,0,rf__trees300__depth10__leaf5__features0p1,mean_std,0
a2f3af55-0c64-4b6a-af94-35566bbdcf74,0,dry,weak_expert,2,0.3209014443023958,1,0,rf__trees300__depth10__leaf5__features0p1,mean_std,0
a3a67ea5-43d5-4b74-8176-0230d2281efb,0,dry,weak_expert,2,0.1659051981995432,1,0,rf__trees300__depth10__leaf5__features0p1,mean_std,0
a3f71947-b7ec-4fd4-a091-987a2859d5e1,0,dry,weak_expert,2,0.400225454738613,1,0,rf__trees300__depth10__leaf5__features0p1,mean_std,0
a426cca7-528f-41d3-aba4-b717699e45d5,0,dry,weak_expert,2,0.0900228679417924,1,0,rf__trees300__depth10__leaf5__features0p1,mean_std,0
a523b86d-a88a-450b-a778-bb131e1e0865,0,dry,weak_expert,2,0.20008342051984918,1,0,rf__trees300__depth10__leaf5__features0p1,mean_std,0
a5e352b6-3f84-4374-9551-15e14383c27b,0,dry,weak_expert,2,0.24779497097573142,1,0,rf__trees300__depth10__leaf5__features0p1,mean_std,0
a684a1c0-e2de-4ae2-b1a1-cca613005bd5,0,dry,weak_expert,2,0.14334762954590954,1,0,rf__trees300__depth10__leaf5__features0p1,mean_std,0
a6c4aa4b-eaa9-457f-a077-98eba5b8ad0e,0,dry,weak_expert,2,0.33396597370295833,1,0,rf__trees300__depth10__leaf5__features0p1,mean_std,0
a8eeb6e9-2034-4c15-8fea-525fdfb3ef3c,0,dry,weak_expert,2,0.2783258474521655,1,0,rf__trees300__depth10__leaf5__features0p1,mean_std,0
aa0d68d2-690e-4341-9a83-c041c6abfcea,0,dry,weak_expert,2,0.18555901934694788,1,0,rf__trees300__depth10__leaf5__features0p1,mean_std,0
aa4877b2-4820-422b-affe-c3d31c1fc70a,0,dry,weak_expert,2,0.32244046855858843,1,0,rf__trees300__depth10__leaf5__features0p1,mean_std,0
abb1586c-6a06-4667-8407-5574b4cc78e3,0,dry,weak_expert,2,0.09580997308529816,1,0,rf__trees300__depth10__leaf5__features0p1,mean_std,0
acaf0afa-64f0-4c09-b764-24f8b3f5dff0,0,dry,weak_expert,2,0.5709717394873132,1,1,rf__trees300__depth10__leaf5__features0p1,mean_std,1
acd3adc4-4f5c-4144-8dd6-3ea2063845db,0,dry,weak_expert,2,0.24914304076819027,1,0,rf__trees300__depth10__leaf5__features0p1,mean_std,0
ae24d283-6e7d-4677-a6c0-c8de2fc87422,0,dry,weak_expert,2,0.2295616846416391,1,0,rf__trees300__depth10__leaf5__features0p1,mean_std,0
ae5dcf74-bf11-47a3-b0d6-c668a0794d8a,0,dry,weak_expert,2,0.07736257585983196,1,0,rf__trees300__depth10__leaf5__features0p1,mean_std,0
b010f28f-e601-49de-9293-fb65fdad2dd4,0,dry,gold_expert,2,0.09231860447232625,1,0,rf__trees300__depth10__leaf5__features0p1,mean_std,0
b05935c3-68d7-4a28-aea9-f92fbe295c6c,0,dry,gold_expert,2,0.1269376673652581,1,0,rf__trees300__depth10__leaf5__features0p1,mean_std,0
b0f208f9-2bb8-4de3-b144-ecc04a5e10d3,0,dry,weak_expert,2,0.4887213747519967,1,1,rf__trees300__depth10__leaf5__features0p1,mean_std,0
b2880c03-b9df-4fab-b2cf-a82eb3ab97f8,0,dry,weak_expert,2,0.5223789634588851,1,1,rf__trees300__depth10__leaf5__features0p1,mean_std,1
b3889822-bf4c-4655-8d72-69593a4abda4,0,dry,weak_expert,2,0.3068822346771494,1,0,rf__trees300__depth10__leaf5__features0p1,mean_std,0
b4538358-d704-49f4-81a6-2888dfc4b309,0,dry,weak_expert,2,0.14732605474055296,1,0,rf__trees300__depth10__leaf5__features0p1,mean_std,0
b4d64d96-8bf9-413d-a165-e6deed6c4dba,0,dry,weak_expert,2,0.2761909735491634,1,0,rf__trees300__depth10__leaf5__features0p1,mean_std,0
b5880de4-b63e-4b27-9a51-35a5a6667af3,0,dry,weak_expert,2,0.11923818207224855,1,0,rf__trees300__depth10__leaf5__features0p1,mean_std,0
b5ec57dd-28bb-428d-a420-6617f7749a9a,0,dry,weak_expert,2,0.25319223625304993,1,0,rf__trees300__depth10__leaf5__features0p1,mean_std,0
b694763f-70c6-4f29-bb00-0e8d7d7c9a0f,0,dry,weak_expert,2,0.22970410823588144,1,0,rf__trees300__depth10__leaf5__features0p1,mean_std,0
b6ad6b8e-d647-4a31-a414-3c79a1006e80,0,dry,weak_expert,2,0.10887594114780946,1,0,rf__trees300__depth10__leaf5__features0p1,mean_std,0
b74176fe-cc78-4daa-8541-10ba8968439d,0,dry,weak_expert,2,0.337450110463614,1,0,rf__trees300__depth10__leaf5__features0p1,mean_std,0
b8d76cc3-378a-4ac6-9aef-0640c8473e7e,0,dry,weak_expert,2,0.5331931415842192,1,1,rf__trees300__depth10__leaf5__features0p1,mean_std,1
b986fda8-71e3-4de9-8702-5cc2c82b5faa,0,dry,weak_expert,2,0.28356732035019594,1,0,rf__trees300__depth10__leaf5__features0p1,mean_std,0
bb6ce694-ca5a-4b1a-9460-8c4cbae05826,0,dry,weak_expert,2,0.4032127959043941,1,1,rf__trees300__depth10__leaf5__features0p1,mean_std,0
bbb221cc-8c5c-407d-9ae1-ae8ebd842504,0,dry,weak_expert,2,0.4907655126143526,1,1,rf__trees300__depth10__leaf5__features0p1,mean_std,0
bbd87814-fc8c-493a-907c-aeb18acf8e44,0,dry,weak_expert,2,0.4782934532788358,1,1,rf__trees300__depth10__leaf5__features0p1,mean_std,0
be9d7901-a0ae-4ef1-83f6-d58c5263cd96,0,dry,weak_expert,2,0.281726217180347,1,0,rf__trees300__depth10__leaf5__features0p1,mean_std,0
bed17bfe-d49d-44a1-a3d1-40ae3249ec52,0,dry,weak_expert,2,0.26565590280756457,1,0,rf__trees300__depth10__leaf5__features0p1,mean_std,0
c07875ca-5e1a-4263-9a47-4c06f2b0fbe3,0,dry,weak_expert,2,0.27625933953159265,1,0,rf__trees300__depth10__leaf5__features0p1,mean_std,0
c1281451-b74b-4659-beb7-11669297e022,0,dry,weak_expert,2,0.46538381864700484,1,1,rf__trees300__depth10__leaf5__features0p1,mean_std,0
c29f01d2-870f-4aac-94ec-3699fc0ee32a,0,dry,weak_expert,2,0.4550367720086349,1,1,rf__trees300__depth10__leaf5__features0p1,mean_std,0
c5470e5f-81fd-4586-bfdb-7e94e7cce348,0,dry,weak_expert,2,0.4585589710198664,1,1,rf__trees300__depth10__leaf5__features0p1,mean_std,0
c5868d6c-a411-4f12-b563-0a418224c376,0,dry,weak_expert,2,0.617957627386568,1,1,rf__trees300__depth10__leaf5__features0p1,mean_std,1
c587c70a-7489-4c3b-9696-ce1b715168ec,0,dry,weak_expert,2,0.10314435357189983,1,0,rf__trees300__depth10__leaf5__features0p1,mean_std,0
c5f4b9fe-04cd-441b-801f-ae24db6b2fc7,0,dry,weak_expert,2,0.14201691577859202,1,0,rf__trees300__depth10__leaf5__features0p1,mean_std,0
c66b8483-8310-437c-9e6d-ab3fc0aa5e98,0,dry,weak_expert,2,0.19024202360259831,1,0,rf__trees300__depth10__leaf5__features0p1,mean_std,0
c903ddd6-d205-411d-923a-60550e6aab1e,0,dry,weak_expert,2,0.38697388989150255,1,0,rf__trees300__depth10__leaf5__features0p1,mean_std,0
c91f0ba5-6d0e-415a-a27f-b9753d758533,0,dry,weak_expert,2,0.2745481603340104,1,0,rf__trees300__depth10__leaf5__features0p1,mean_std,0
ca4c3587-d044-4242-81e1-7a51e68db6a7,0,dry,weak_expert,2,0.2523981801273072,1,0,rf__trees300__depth10__leaf5__features0p1,mean_std,0
cbbef439-96c8-4dca-b3ff-f8491b7c8653,0,dry,weak_expert,2,0.24693922823960895,1,0,rf__trees300__depth10__leaf5__features0p1,mean_std,0
cd05d1d9-ed06-4fa7-b0d7-3e43c89eb45b,0,dry,weak_expert,2,0.08049487863395885,1,0,rf__trees300__depth10__leaf5__features0p1,mean_std,0
ce2634a4-1ad5-4e79-bb90-905c03e52afb,0,dry,weak_expert,2,0.39821726236227417,1,0,rf__trees300__depth10__leaf5__features0p1,mean_std,0
ce29aef9-0a86-42e6-ab49-258b8a6b1a5e,0,dry,weak_expert,2,0.11898756130309089,1,0,rf__trees300__depth10__leaf5__features0p1,mean_std,0
ce468c06-5a71-4498-8b0d-4d75551094b3,0,dry,weak_expert,2,0.445432686050942,1,1,rf__trees300__depth10__leaf5__features0p1,mean_std,0
ce8ccb5f-c7a3-48e1-839a-a9c4cd71ab3a,0,dry,weak_expert,2,0.2538553605348344,1,0,rf__trees300__depth10__leaf5__features0p1,mean_std,0
d037aca5-7fce-402a-871e-d25601a69a8c,0,dry,weak_expert,2,0.4339879516764546,1,1,rf__trees300__depth10__leaf5__features0p1,mean_std,0
d2c91dbb-f9d3-4d93-ac4d-1b0245631c82,0,dry,weak_expert,2,0.14661876499309942,1,0,rf__trees300__depth10__leaf5__features0p1,mean_std,0
d7e71034-14a0-4ebb-870c-11bffb7d80d4,0,dry,gold_expert,2,0.3848490128241705,1,0,rf__trees300__depth10__leaf5__features0p1,mean_std,0
d801aaa2-a086-4213-a552-7dd6fbf53943,0,dry,weak_expert,2,0.12395157737327428,1,0,rf__trees300__depth10__leaf5__features0p1,mean_std,0
d86c823a-3599-4b67-8ec5-85546f1abb16,0,dry,weak_expert,2,0.4597707461622235,1,1,rf__trees300__depth10__leaf5__features0p1,mean_std,0
d92e70af-5bec-4d14-a60e-5a3806e24e75,0,dry,weak_expert,2,0.2453199105037807,1,0,rf__trees300__depth10__leaf5__features0p1,mean_std,0
d9bbd789-3516-4bd1-982f-040ffd01eddf,0,dry,weak_expert,2,0.30211610802931727,1,0,rf__trees300__depth10__leaf5__features0p1,mean_std,0
da46c7ee-5342-4f0f-8326-fae957cdfcdf,0,dry,weak_expert,2,0.1424381739845687,1,0,rf__trees300__depth10__leaf5__features0p1,mean_std,0
dc245a1e-cce1-47f4-914f-e4fa8dbd9917,0,dry,weak_expert,2,0.34857109334291464,1,0,rf__trees300__depth10__leaf5__features0p1,mean_std,0
dc2d0ff1-8f06-4deb-a95f-bdac66488319,0,dry,weak_expert,2,0.25768928570743627,1,0,rf__trees300__depth10__leaf5__features0p1,mean_std,0
dc82a3d2-e9bb-40d2-8451-16ad60e188f2,0,dry,weak_expert,2,0.39991051219680745,1,0,rf__trees300__depth10__leaf5__features0p1,mean_std,0
deca9f96-463f-4198-baf0-19c42446ec19,0,dry,weak_expert,2,0.32803490869759816,1,0,rf__trees300__depth10__leaf5__features0p1,mean_std,0
dee8c009-e2f7-4258-9c17-98f8ef49345d,0,dry,weak_expert,2,0.2893385934020825,1,0,rf__trees300__depth10__leaf5__features0p1,mean_std,0
e0c631a6-5e7e-4f5a-8a07-d27f0ecbfb65,0,dry,weak_expert,2,0.1844613638820658,1,0,rf__trees300__depth10__leaf5__features0p1,mean_std,0
e1259ecf-0b60-4106-9852-61c945065ab1,0,dry,weak_expert,2,0.3512335893391702,1,0,rf__trees300__depth10__leaf5__features0p1,mean_std,0
e2719794-cda2-484d-9147-7d526bd86148,0,dry,weak_expert,2,0.36538260559523733,1,0,rf__trees300__depth10__leaf5__features0p1,mean_std,0
e4740bf9-f9ea-47f9-9fbd-1a285654a9de,0,dry,weak_expert,2,0.07664737718694963,1,0,rf__trees300__depth10__leaf5__features0p1,mean_std,0
e5309e82-43fc-4aac-9bd7-200c3b4e926d,0,dry,weak_expert,2,0.3971239585992165,1,0,rf__trees300__depth10__leaf5__features0p1,mean_std,0
e586aff4-968f-4299-b092-3e9a59472689,0,dry,weak_expert,2,0.2781090149834532,1,0,rf__trees300__depth10__leaf5__features0p1,mean_std,0
e614bfdf-0264-4094-8585-a1cd4068f503,0,dry,weak_expert,2,0.4013062214310106,1,0,rf__trees300__depth10__leaf5__features0p1,mean_std,0
e695a385-83cf-48d7-9595-ab9cf8923359,0,dry,weak_expert,2,0.28046194908965055,1,0,rf__trees300__depth10__leaf5__features0p1,mean_std,0
e6aa50ad-6ca4-4187-aca1-6e5915e1d691,0,dry,weak_expert,2,0.1663231263502965,1,0,rf__trees300__depth10__leaf5__features0p1,mean_std,0
e83d9943-0a3b-4492-a260-25dffff666b2,0,dry,weak_expert,2,0.31682776684635355,1,0,rf__trees300__depth10__leaf5__features0p1,mean_std,0
e8fe6b8b-a7be-404d-95a5-5da7f4efe0e8,0,dry,weak_expert,2,0.3631246892510213,1,0,rf__trees300__depth10__leaf5__features0p1,mean_std,0
e9d0b8ba-4bb5-46c6-a1a6-3d3f68fc0c19,0,dry,weak_expert,2,0.3658225744351554,1,0,rf__trees300__depth10__leaf5__features0p1,mean_std,0
eb8828a2-ec95-4e4d-883d-7795322a0079,0,dry,weak_expert,2,0.15321086254999486,1,0,rf__trees300__depth10__leaf5__features0p1,mean_std,0
ed19d797-397f-4218-8412-14d7f5c25780,0,dry,weak_expert,2,0.48511588884799284,1,1,rf__trees300__depth10__leaf5__features0p1,mean_std,0
ed988dfa-0bc8-409d-adea-4b44350ad946,0,dry,weak_expert,2,0.24223756648024183,1,0,rf__trees300__depth10__leaf5__features0p1,mean_std,0
edd0f863-340f-4e5b-b4ce-a0ef86db8d9a,0,dry,weak_expert,2,0.1822116476558873,1,0,rf__trees300__depth10__leaf5__features0p1,mean_std,0
ee675fea-3d85-4c06-acec-3c69d26986e7,0,dry,weak_expert,2,0.4226119501717838,1,1,rf__trees300__depth10__leaf5__features0p1,mean_std,0
efe41fcb-0a86-4fd3-ad6c-e85f4cde8550,0,dry,weak_expert,2,0.05525305586062333,1,0,rf__trees300__depth10__leaf5__features0p1,mean_std,0
f028405b-2f4f-4379-ba3e-acc7a69f90be,0,dry,weak_expert,2,0.5128982874093032,1,1,rf__trees300__depth10__leaf5__features0p1,mean_std,1
f06dc4f4-26ec-4743-940c-505fb4dea0cb,0,dry,weak_expert,2,0.1959782989412688,1,0,rf__trees300__depth10__leaf5__features0p1,mean_std,0
f3032d2e-cfa8-4725-88dd-1e3ca0b563f8,0,dry,weak_expert,2,0.25069540484563146,1,0,rf__trees300__depth10__leaf5__features0p1,mean_std,0
f3f25a4e-536f-4fe4-b038-7428fc916411,0,dry,weak_expert,2,0.42060184866607303,1,1,rf__trees300__depth10__leaf5__features0p1,mean_std,0
f4e86ede-7444-4325-bcf8-bfd540e8ce43,0,dry,weak_expert,2,0.23356291675992732,1,0,rf__trees300__depth10__leaf5__features0p1,mean_std,0
f4ea2005-309b-4c9a-84b2-6ed938532d05,0,dry,weak_expert,2,0.2764730499054955,1,0,rf__trees300__depth10__leaf5__features0p1,mean_std,0
f6dc47c2-d5f1-4153-b9a9-7ee1419cbae5,0,dry,weak_expert,2,0.35055414024009857,1,0,rf__trees300__depth10__leaf5__features0p1,mean_std,0
f7d1f28a-e3a8-4dd9-b7ec-93e04ee023a0,0,dry,weak_expert,2,0.30413946881463366,1,0,rf__trees300__depth10__leaf5__features0p1,mean_std,0
f9dd0931-616e-426c-85cb-c431ddf06e7d,0,dry,weak_expert,2,0.40599457063814637,1,1,rf__trees300__depth10__leaf5__features0p1,mean_std,0
fa3cbbd0-dcbb-4ce7-a658-d87644a69946,0,dry,weak_expert,2,0.12969083859171993,1,0,rf__trees300__depth10__leaf5__features0p1,mean_std,0
fb0971e2-8ebf-459c-972d-b09d28ae0ca6,0,dry,weak_expert,2,0.38791619610050204,1,0,rf__trees300__depth10__leaf5__features0p1,mean_std,0
fb8f5c0b-93e0-4403-baea-26673d650b42,0,dry,weak_expert,2,0.2888819864210121,1,0,rf__trees300__depth10__leaf5__features0p1,mean_std,0
fd849b72-f4bf-4852-9bc2-fd9becc9571e,0,dry,weak_expert,2,0.14992989677734953,1,0,rf__trees300__depth10__leaf5__features0p1,mean_std,0
fd9c0574-c559-4301-bab9-bbf45e64ed40,0,dry,weak_expert,2,0.4520149813947349,1,1,rf__trees300__depth10__leaf5__features0p1,mean_std,0
ffd18a56-096d-40fc-9862-e5c5a8ca1fcd,0,dry,weak_expert,2,0.5775821170139566,1,1,rf__trees300__depth10__leaf5__features0p1,mean_std,1
008ba489-31ad-44d8-856b-fcf72369dc46,1,wet,weak_expert,2,0.26450287846568443,1,0,rf__trees300__depth10__leaf5__features0p1,mean_std,0
00bf9f83-2e8f-47cf-a4f2-97f2beceebc1,1,wet,weak_expert,2,0.27572769357163474,1,0,rf__trees300__depth10__leaf5__features0p1,mean_std,0
14a3c119-bee8-435a-9193-d2ce7cb84a03,1,wet,weak_expert,2,0.5050381882351326,1,1,rf__trees300__depth10__leaf5__features0p1,mean_std,1
1510dd92-a632-48ad-b5e7-1853a9e8e61d,1,wet,weak_expert,2,0.4481097707666675,1,1,rf__trees300__depth10__leaf5__features0p1,mean_std,0
1d120109-bee0-4597-8fc6-c8eaf97cab5c,1,wet,weak_expert,2,0.41725253395870604,1,1,rf__trees300__depth10__leaf5__features0p1,mean_std,0
21aee478-6d13-45ea-be4d-4f29fd244798,1,wet,weak_expert,2,0.270822976281741,1,0,rf__trees300__depth10__leaf5__features0p1,mean_std,0
224ee66d-7c74-474d-8123-360b75ed739c,1,wet,weak_expert,2,0.4412300450627221,1,1,rf__trees300__depth10__leaf5__features0p1,mean_std,0
22975528-762e-4bd7-9f73-a3da0b485cb4,1,wet,weak_expert,2,0.26877535774855527,1,0,rf__trees300__depth10__leaf5__features0p1,mean_std,0
28d4e487-0d9d-4911-951d-5de7fcb5c986,1,wet,weak_expert,2,0.36144989269266137,1,0,rf__trees300__depth10__leaf5__features0p1,mean_std,0
30a6ca1c-0b72-4ad2-9226-e9bb06add48d,1,wet,weak_expert,2,0.42200543116985045,1,1,rf__trees300__depth10__leaf5__features0p1,mean_std,0
3278e364-afdd-4c39-9126-b8b4a4caf1c5,1,wet,gold_expert,2,0.4185328251333123,1,1,rf__trees300__depth10__leaf5__features0p1,mean_std,0
36d918eb-8f0c-4ab2-a7de-7aa27f58800c,1,wet,weak_expert,2,0.4383880159139219,1,1,rf__trees300__depth10__leaf5__features0p1,mean_std,0
3bd63a44-a443-4a3f-a1ec-ffc2540f7ed0,1,wet,weak_expert,2,0.25838281744967423,1,0,rf__trees300__depth10__leaf5__features0p1,mean_std,0
3f9a82e6-93b5-4d80-b8ae-09d36929d437,1,wet,weak_expert,2,0.44851408061433196,1,1,rf__trees300__depth10__leaf5__features0p1,mean_std,0
44276123-82cf-4aa0-abb6-a483c83b9852,1,wet,weak_expert,2,0.31762448314773317,1,0,rf__trees300__depth10__leaf5__features0p1,mean_std,0
459c949d-1074-4687-a911-e1b61753643c,1,wet,weak_expert,2,0.30556336720963717,1,0,rf__trees300__depth10__leaf5__features0p1,mean_std,0
4811b9fb-5369-478e-91ac-a6eb9a72005e,1,wet,weak_expert,2,0.3443928694995972,1,0,rf__trees300__depth10__leaf5__features0p1,mean_std,0
48834369-72f5-4bbb-847c-5636af5a6882,1,wet,weak_expert,2,0.18864533457500426,1,0,rf__trees300__depth10__leaf5__features0p1,mean_std,0
48bcd9fe-f974-46cc-910a-1b0307eaa336,1,wet,weak_expert,2,0.4366792794458203,1,1,rf__trees300__depth10__leaf5__features0p1,mean_std,0
48d078a6-6e5c-4e34-a562-3bd57d7688d6,1,wet,weak_expert,2,0.4432218284068486,1,1,rf__trees300__depth10__leaf5__features0p1,mean_std,0
4e8a8b2b-3437-4358-a1fc-407c04c51a0d,1,wet,weak_expert,2,0.492624541788065,1,1,rf__trees300__depth10__leaf5__features0p1,mean_std,0
52339446-0c26-4d66-a776-9894b8bd196f,1,wet,weak_expert,2,0.4143538603050889,1,1,rf__trees300__depth10__leaf5__features0p1,mean_std,0
5ac60a58-ed8d-4b77-8338-fbefe993ad6e,1,wet,weak_expert,2,0.4740833391652068,1,1,rf__trees300__depth10__leaf5__features0p1,mean_std,0
5c434e8c-d6cc-4011-b4e8-013fc8183324,1,wet,weak_expert,2,0.31017299449988606,1,0,rf__trees300__depth10__leaf5__features0p1,mean_std,0
5e5bbcfe-9901-4fd8-9be7-d51ea7251cbe,1,wet,weak_expert,2,0.5651308605452944,1,1,rf__trees300__depth10__leaf5__features0p1,mean_std,1
5fdfbf5f-b4db-42ad-8971-275b616bcc72,1,wet,weak_expert,2,0.34213538480000083,1,0,rf__trees300__depth10__leaf5__features0p1,mean_std,0
616464a2-ee80-48e0-a96b-cd4464445162,1,wet,weak_expert,2,0.0744565490764956,1,0,rf__trees300__depth10__leaf5__features0p1,mean_std,0
64da4ad6-4280-49a1-bd37-e35efd7837c6,1,wet,weak_expert,2,0.4023826698483457,1,1,rf__trees300__depth10__leaf5__features0p1,mean_std,0
6a4726f8-f69e-423c-86be-f8d0c4975d4f,1,wet,weak_expert,2,0.13645034201868803,1,0,rf__trees300__depth10__leaf5__features0p1,mean_std,0
6d485342-6c82-4d58-8a54-d8777ceeca9b,1,wet,weak_expert,2,0.21273014093209683,1,0,rf__trees300__depth10__leaf5__features0p1,mean_std,0
71e56426-e99f-4c1a-b39a-55d7c687704c,1,wet,weak_expert,2,0.3539274116803064,1,0,rf__trees300__depth10__leaf5__features0p1,mean_std,0
72af1dd5-618e-47f2-a11f-f3a61d9b396f,1,wet,weak_expert,2,0.42962478785040037,1,1,rf__trees300__depth10__leaf5__features0p1,mean_std,0
77f4b676-9d1f-49d4-b694-49f2edb225bd,1,wet,weak_expert,2,0.20885897330788641,1,0,rf__trees300__depth10__leaf5__features0p1,mean_std,0
7b4e2b37-d42a-4184-a06a-d824c89fe264,1,wet,weak_expert,2,0.2091533650329078,1,0,rf__trees300__depth10__leaf5__features0p1,mean_std,0
7e5e71f2-c060-4f4c-9d80-1524981eadc5,1,wet,weak_expert,2,0.28890088736528,1,0,rf__trees300__depth10__leaf5__features0p1,mean_std,0
805d5c82-a503-44a6-b69d-41532ebb859c,1,wet,weak_expert,2,0.19703662965069643,1,0,rf__trees300__depth10__leaf5__features0p1,mean_std,0
826697aa-c314-45d2-9a09-b726571ca407,1,wet,weak_expert,2,0.40299227058328396,1,1,rf__trees300__depth10__leaf5__features0p1,mean_std,0
864b3b33-c30b-4215-a6ad-66be69c07197,1,wet,weak_expert,2,0.28503661771835903,1,0,rf__trees300__depth10__leaf5__features0p1,mean_std,0
86bd5780-9af3-4e33-86ba-c0105ecd408e,1,wet,weak_expert,2,0.45629442484295774,1,1,rf__trees300__depth10__leaf5__features0p1,mean_std,0
88a9b00f-205e-4fbc-9cda-1793f2c7600b,1,wet,weak_expert,2,0.5483465553559155,1,1,rf__trees300__depth10__leaf5__features0p1,mean_std,1
8905d5ea-2412-4222-93f8-95cd4455f8e4,1,wet,weak_expert,2,0.4873368011585571,1,1,rf__trees300__depth10__leaf5__features0p1,mean_std,0
8ac2ef46-05fb-4f68-bb2d-ca5b1e51ed7f,1,wet,weak_expert,2,0.5154248433525185,1,1,rf__trees300__depth10__leaf5__features0p1,mean_std,1
8bb8315c-9afe-4205-911f-222c912f980e,1,wet,weak_expert,2,0.38192828249125954,1,0,rf__trees300__depth10__leaf5__features0p1,mean_std,0
8c48edec-8c1f-4e36-b8a4-10576bf6f301,1,wet,weak_expert,2,0.5181812292791138,1,1,rf__trees300__depth10__leaf5__features0p1,mean_std,1
912af762-44df-4648-b48d-beba3435a401,1,wet,weak_expert,2,0.40392056013333866,1,1,rf__trees300__depth10__leaf5__features0p1,mean_std,0
9535fedb-ad1d-4d0d-969f-63b6400ebcb3,1,wet,weak_expert,2,0.6360504623480022,1,1,rf__trees300__depth10__leaf5__features0p1,mean_std,1
9caf2c7a-bc24-48c1-abbf-6a371dfc8d18,1,wet,weak_expert,2,0.43776531128634494,1,1,rf__trees300__depth10__leaf5__features0p1,mean_std,0
9ea4d87d-e60f-4a02-94be-20d345222a84,1,wet,weak_expert,2,0.153048771934926,1,0,rf__trees300__depth10__leaf5__features0p1,mean_std,0
9fa0f414-5e2c-4ae7-bbbc-0330decc929e,1,wet,weak_expert,2,0.4983691875584561,1,1,rf__trees300__depth10__leaf5__features0p1,mean_std,0
9fc30462-4e90-4b05-a9d4-f25b775d1794,1,wet,weak_expert,2,0.48771209861161235,1,1,rf__trees300__depth10__leaf5__features0p1,mean_std,0
ae0381a3-914d-42a2-8d3c-58a45db1be36,1,wet,weak_expert,2,0.3515492574604572,1,0,rf__trees300__depth10__leaf5__features0p1,mean_std,0
b9579f63-24fd-4e2f-8444-c087556984ea,1,wet,weak_expert,2,0.3875807283926148,1,0,rf__trees300__depth10__leaf5__features0p1,mean_std,0
bd132860-47c0-4ada-ab34-fa8b6b551685,1,wet,weak_expert,2,0.1781362523618201,1,0,rf__trees300__depth10__leaf5__features0p1,mean_std,0
bd64a8e8-ad6e-4062-8e99-99ef5caab05b,1,wet,weak_expert,2,0.49520121751599694,1,1,rf__trees300__depth10__leaf5__features0p1,mean_std,0
c3bcea97-1dfc-4978-88a2-654bd8303244,1,wet,weak_expert,2,0.21261808383347194,1,0,rf__trees300__depth10__leaf5__features0p1,mean_std,0
cf59244a-576d-471e-b853-9871be627fa8,1,wet,weak_expert,2,0.6084697228413197,1,1,rf__trees300__depth10__leaf5__features0p1,mean_std,1
d014a758-b70b-4474-9de5-63f7061f95a6,1,wet,weak_expert,2,0.566514900064775,1,1,rf__trees300__depth10__leaf5__features0p1,mean_std,1
d11e501c-6f48-4028-8198-9075c67ce238,1,wet,weak_expert,2,0.49713425055392585,1,1,rf__trees300__depth10__leaf5__features0p1,mean_std,0
d4e4b900-939e-48e9-ad9f-bf9eee425303,1,wet,weak_expert,2,0.3982073486093865,1,0,rf__trees300__depth10__leaf5__features0p1,mean_std,0
d5b05c83-3dab-4fc9-8db7-9f46bcb06cac,1,wet,weak_expert,2,0.20602188492165063,1,0,rf__trees300__depth10__leaf5__features0p1,mean_std,0
df17949b-3eb0-45a5-801b-7a7f3985031e,1,wet,weak_expert,2,0.4459146941967463,1,1,rf__trees300__depth10__leaf5__features0p1,mean_std,0
dfa97006-e494-4c73-ba46-2fe805aec1cd,1,wet,weak_expert,2,0.39260666961086166,1,0,rf__trees300__depth10__leaf5__features0p1,mean_std,0
e23dd9bb-9e34-4cc8-b3ba-cfa5222d9fd8,1,wet,weak_expert,2,0.17643271792871262,1,0,rf__trees300__depth10__leaf5__features0p1,mean_std,0
e247085a-cf34-45be-b3c1-3c609c7d2bf1,1,wet,weak_expert,2,0.2501477967520731,1,0,rf__trees300__depth10__leaf5__features0p1,mean_std,0
e2a72896-8aac-4254-81f4-97812b05d4d4,1,wet,weak_expert,2,0.606519029108522,1,1,rf__trees300__depth10__leaf5__features0p1,mean_std,1
e31a34d6-2e8f-42b1-b633-7569897a8dc8,1,wet,weak_expert,2,0.20484254101773483,1,0,rf__trees300__depth10__leaf5__features0p1,mean_std,0
e3a0e232-dc03-478b-9f8c-b6d928cd01ab,1,wet,weak_expert,2,0.57955908258986,1,1,rf__trees300__depth10__leaf5__features0p1,mean_std,1
e95fa8ec-64e5-4fb1-afdc-b70bac309dec,1,wet,weak_expert,2,0.32964967605380885,1,0,rf__trees300__depth10__leaf5__features0p1,mean_std,0
f19c0f7f-037c-4fbf-8f3a-5426894b232d,1,wet,weak_expert,2,0.4513298395387531,1,1,rf__trees300__depth10__leaf5__features0p1,mean_std,0
f23ee4be-d96c-43ff-a06c-99e1050b7ffe,1,wet,weak_expert,2,0.4191525168494428,1,1,rf__trees300__depth10__leaf5__features0p1,mean_std,0
f46c5215-8097-4891-bbd4-d4ac017c224c,1,wet,weak_expert,2,0.43498945403144934,1,1,rf__trees300__depth10__leaf5__features0p1,mean_std,0
f6171954-10f5-4991-9278-c54776d937ef,1,wet,weak_expert,2,0.3349570326611073,1,0,rf__trees300__depth10__leaf5__features0p1,mean_std,0
fe40afee-154b-4092-8626-baf91e2860ff,1,wet,weak_expert,2,0.4226808488445531,1,1,rf__trees300__depth10__leaf5__features0p1,mean_std,0
fed03a5c-6329-488c-a031-213ccdceabcf,1,wet,weak_expert,2,0.35251637011471754,1,0,rf__trees300__depth10__leaf5__features0p1,mean_std,0
ff49f6b7-fa54-4780-a4be-b0594e628aae,1,wet,weak_expert,2,0.2903233423552447,1,0,rf__trees300__depth10__leaf5__features0p1,mean_std,0
01820f7c-b953-4faf-aa13-978cfda6b08e,0,dry,weak_expert,3,0.26973684487779814,1,0,rf__trees300__depth10__leaf5__features0p1,mean_std,0
02805b36-5361-41f5-b41e-583ec496eff6,0,dry,weak_expert,3,0.08307995701750998,1,0,rf__trees300__depth10__leaf5__features0p1,mean_std,0
03430d6b-4554-4ffe-8c82-507832dc1d52,0,dry,weak_expert,3,0.24283499959971447,1,0,rf__trees300__depth10__leaf5__features0p1,mean_std,0
03cfc75c-88a0-4ca9-8ca4-4aa61e2dec37,0,dry,weak_expert,3,0.3390717723143879,1,0,rf__trees300__depth10__leaf5__features0p1,mean_std,0
06e9197b-9b40-4bde-bde8-9e78242a60ac,0,dry,weak_expert,3,0.47405786430131513,1,1,rf__trees300__depth10__leaf5__features0p1,mean_std,0
07c16495-d19c-47ad-ba39-d2e24f31d6e4,0,dry,weak_expert,3,0.41369605076576643,1,1,rf__trees300__depth10__leaf5__features0p1,mean_std,0
0aec66e3-47a5-4f3f-bec6-ad38d090b219,0,dry,weak_expert,3,0.26729992776503636,1,0,rf__trees300__depth10__leaf5__features0p1,mean_std,0
0b14b4fa-edf0-4595-89af-d4a69208205b,0,dry,weak_expert,3,0.2108183757465696,1,0,rf__trees300__depth10__leaf5__features0p1,mean_std,0
0b618a49-9562-4fa5-afb7-fce583b5a444,0,dry,weak_expert,3,0.2214345333586822,1,0,rf__trees300__depth10__leaf5__features0p1,mean_std,0
0c01c4ac-cfbf-45b9-80db-492f334aaf30,0,dry,weak_expert,3,0.4660514097528798,1,1,rf__trees300__depth10__leaf5__features0p1,mean_std,0
0f04746a-08e0-40a2-9431-2f57f9166720,0,dry,weak_expert,3,0.4712327432724906,1,1,rf__trees300__depth10__leaf5__features0p1,mean_std,0
0f1d05f5-1d1f-452c-be28-fb0c7b8085c4,0,dry,weak_expert,3,0.09199708344254484,1,0,rf__trees300__depth10__leaf5__features0p1,mean_std,0
0f79324e-9dc6-4f6c-8c13-2a3041f044d1,0,dry,weak_expert,3,0.15503297940436175,1,0,rf__trees300__depth10__leaf5__features0p1,mean_std,0
1080b72c-f243-4e5d-96e5-a9c12c0eaed0,0,dry,weak_expert,3,0.31566371477397664,1,0,rf__trees300__depth10__leaf5__features0p1,mean_std,0
125243ce-cda2-4412-a38c-474dd3875d1f,0,dry,weak_expert,3,0.5072463217870324,1,1,rf__trees300__depth10__leaf5__features0p1,mean_std,1
13b55d58-ad6d-4cb4-933e-80622a4ff240,0,dry,weak_expert,3,0.4984267098469318,1,1,rf__trees300__depth10__leaf5__features0p1,mean_std,0
13ddcdda-6ec1-458f-938c-9f0515a9b642,0,dry,weak_expert,3,0.32651644281481007,1,0,rf__trees300__depth10__leaf5__features0p1,mean_std,0
178f39e2-a261-4ec6-a8fb-3f89c3c795bb,0,dry,weak_expert,3,0.31985862666831716,1,0,rf__trees300__depth10__leaf5__features0p1,mean_std,0
195f9381-cf35-45da-b0ae-cc4ed04e9283,0,dry,weak_expert,3,0.4272958823750658,1,1,rf__trees300__depth10__leaf5__features0p1,mean_std,0
1adbbc78-5322-4410-aa61-4048e5578325,0,dry,weak_expert,3,0.49251409141930397,1,1,rf__trees300__depth10__leaf5__features0p1,mean_std,0
1c34e7b6-708b-412c-b934-4af1e2990f67,0,dry,weak_expert,3,0.27993725007789266,1,0,rf__trees300__depth10__leaf5__features0p1,mean_std,0
1c5bbc80-5166-427b-8204-298b5ef8a0f9,0,dry,weak_expert,3,0.32088651913609806,1,0,rf__trees300__depth10__leaf5__features0p1,mean_std,0
1ca49e1b-7b7a-4442-8603-a41083fc49e3,0,dry,weak_expert,3,0.1959091623233172,1,0,rf__trees300__depth10__leaf5__features0p1,mean_std,0
1cd13fe6-9d35-4a86-82ff-a9af6b90d70b,0,dry,weak_expert,3,0.3044235981639501,1,0,rf__trees300__depth10__leaf5__features0p1,mean_std,0
1d1b2daf-5b26-4176-b826-c521d25ee5c5,0,dry,weak_expert,3,0.10637775568670714,1,0,rf__trees300__depth10__leaf5__features0p1,mean_std,0
1dd3b212-e969-4ede-a9d9-f24b711e2028,0,dry,gold_expert,3,0.2804173684127758,1,0,rf__trees300__depth10__leaf5__features0p1,mean_std,0
1e13bf2c-1de7-4855-99a3-ec339694b7f2,0,dry,weak_expert,3,0.15723132069688472,1,0,rf__trees300__depth10__leaf5__features0p1,mean_std,0
1ed2eced-cfd7-4f12-917d-a59b7b024d01,0,dry,weak_expert,3,0.2288903308856879,1,0,rf__trees300__depth10__leaf5__features0p1,mean_std,0
21519b33-26a1-48ab-95e9-290188d9d7ed,0,dry,weak_expert,3,0.3838271147115017,1,0,rf__trees300__depth10__leaf5__features0p1,mean_std,0
21582038-eca3-4517-a16f-c34db540341b,0,dry,weak_expert,3,0.37768792041016114,1,0,rf__trees300__depth10__leaf5__features0p1,mean_std,0
217f4053-74b3-4e1b-92f3-24004064066b,0,dry,weak_expert,3,0.17067592262641781,1,0,rf__trees300__depth10__leaf5__features0p1,mean_std,0
22ac9dc4-858e-4db5-886e-792d7553e67f,0,dry,weak_expert,3,0.37152999364991185,1,0,rf__trees300__depth10__leaf5__features0p1,mean_std,0
23180623-c32f-4fa7-85db-2aaf72438824,0,dry,weak_expert,3,0.34884279464536977,1,0,rf__trees300__depth10__leaf5__features0p1,mean_std,0
239862c9-653a-46c7-ba74-2511aab54340,0,dry,weak_expert,3,0.14404337005519918,1,0,rf__trees300__depth10__leaf5__features0p1,mean_std,0
2532b7ae-20da-4dde-ab4e-46ffe1fdbe77,0,dry,weak_expert,3,0.36043347750587,1,0,rf__trees300__depth10__leaf5__features0p1,mean_std,0
2561c0c9-c4d4-4d63-8c8a-610d6eafe593,0,dry,weak_expert,3,0.5228699586679709,1,1,rf__trees300__depth10__leaf5__features0p1,mean_std,1
25d5e8bc-0203-4909-aebb-00df700417b9,0,dry,weak_expert,3,0.24256232661982474,1,0,rf__trees300__depth10__leaf5__features0p1,mean_std,0
2989f5c7-1b1c-42aa-9f44-05e8d6fea729,0,dry,weak_expert,3,0.2617851167069945,1,0,rf__trees300__depth10__leaf5__features0p1,mean_std,0
29b6542b-6a40-474c-9eb1-787ebfbab90d,0,dry,weak_expert,3,0.09138273380686886,1,0,rf__trees300__depth10__leaf5__features0p1,mean_std,0
2a7328f9-4c7b-461e-8975-0809d0c49de9,0,dry,weak_expert,3,0.2650098104252873,1,0,rf__trees300__depth10__leaf5__features0p1,mean_std,0
2b22a1b8-5dc4-4674-9ebc-99d6a06e999c,0,dry,weak_expert,3,0.14844159248032487,1,0,rf__trees300__depth10__leaf5__features0p1,mean_std,0
2bb66cf8-ae01-4f8d-93d2-3bc4b08c08f8,0,dry,weak_expert,3,0.08115832870053624,1,0,rf__trees300__depth10__leaf5__features0p1,mean_std,0
2c333872-8c6f-4818-a011-7a5efb063509,0,dry,weak_expert,3,0.24302640391201336,1,0,rf__trees300__depth10__leaf5__features0p1,mean_std,0
2c802186-571e-41ff-8d7e-a273a68329da,0,dry,weak_expert,3,0.10703577159223912,1,0,rf__trees300__depth10__leaf5__features0p1,mean_std,0
2ca9e925-859f-417e-838b-681d77639839,0,dry,weak_expert,3,0.28819623111118825,1,0,rf__trees300__depth10__leaf5__features0p1,mean_std,0
2d945d23-990e-4f00-91a6-b4de59fcb2a6,0,dry,weak_expert,3,0.3463257004888763,1,0,rf__trees300__depth10__leaf5__features0p1,mean_std,0
2dd7dcf1-1065-4779-98ae-7e152ca3b1d5,0,dry,weak_expert,3,0.202538857686154,1,0,rf__trees300__depth10__leaf5__features0p1,mean_std,0
2e0e732f-3cf5-4fb6-9762-aae4ab603d4d,0,dry,weak_expert,3,0.35630905688558967,1,0,rf__trees300__depth10__leaf5__features0p1,mean_std,0
2e687a52-6e9b-4343-9688-b96132f52f87,0,dry,weak_expert,3,0.25896064398367413,1,0,rf__trees300__depth10__leaf5__features0p1,mean_std,0
2e704c72-6b85-4241-b680-f74c2ab70ca7,0,dry,weak_expert,3,0.28604593591657823,1,0,rf__trees300__depth10__leaf5__features0p1,mean_std,0
2ee095c2-4dee-4696-9f85-5452bf9fc28f,0,dry,weak_expert,3,0.2504043705847944,1,0,rf__trees300__depth10__leaf5__features0p1,mean_std,0
2ef79bd0-5d88-4583-a45d-a6570dfbd4c7,0,dry,weak_expert,3,0.16586670434811351,1,0,rf__trees300__depth10__leaf5__features0p1,mean_std,0
2f7f0c1b-782b-4b90-9f0b-ed60edfeab89,0,dry,weak_expert,3,0.16830870106478302,1,0,rf__trees300__depth10__leaf5__features0p1,mean_std,0
30d927be-7a71-4e50-b8cf-ed9ff6f8dca4,0,dry,weak_expert,3,0.24887772704440142,1,0,rf__trees300__depth10__leaf5__features0p1,mean_std,0
30f275f4-7248-4909-9753-f9d7b294d3bd,0,dry,weak_expert,3,0.21952167008897286,1,0,rf__trees300__depth10__leaf5__features0p1,mean_std,0
30fa4631-eba2-44d7-ba44-4ef930092d45,0,dry,weak_expert,3,0.3051172758868522,1,0,rf__trees300__depth10__leaf5__features0p1,mean_std,0
3169ae75-df07-48b3-a04c-b33cd3b10b30,0,dry,weak_expert,3,0.18643503187149107,1,0,rf__trees300__depth10__leaf5__features0p1,mean_std,0
333ca4a1-557a-4be5-b2e3-9e572b3132ff,0,dry,weak_expert,3,0.23493876845007458,1,0,rf__trees300__depth10__leaf5__features0p1,mean_std,0
33dd938d-7654-4238-a207-cbc3fad63349,0,dry,weak_expert,3,0.254486606740132,1,0,rf__trees300__depth10__leaf5__features0p1,mean_std,0
344f10c7-9219-421e-8d2a-906111988422,0,dry,weak_expert,3,0.12310789137035219,1,0,rf__trees300__depth10__leaf5__features0p1,mean_std,0
34b77763-a4a4-4beb-aeaa-02ef8298ef31,0,dry,weak_expert,3,0.31990816264155325,1,0,rf__trees300__depth10__leaf5__features0p1,mean_std,0
34fd00ad-788a-433c-a0b8-b603b33a589c,0,dry,weak_expert,3,0.2816107047128356,1,0,rf__trees300__depth10__leaf5__features0p1,mean_std,0
35811251-f9e5-49e9-8ee9-d4ca1afa08f8,0,dry,weak_expert,3,0.2695085460715586,1,0,rf__trees300__depth10__leaf5__features0p1,mean_std,0
3714de53-8471-4b14-be82-58c918b7fb1b,0,dry,weak_expert,3,0.2338448514199187,1,0,rf__trees300__depth10__leaf5__features0p1,mean_std,0
39460774-2d87-4c17-9015-5ca9d6328744,0,dry,weak_expert,3,0.2823522066987079,1,0,rf__trees300__depth10__leaf5__features0p1,mean_std,0
3bc13005-f63f-4ca4-9ee7-92b40b511eb8,0,dry,weak_expert,3,0.2907712304258421,1,0,rf__trees300__depth10__leaf5__features0p1,mean_std,0
3f582004-aa52-4a2b-bba8-cb76352ddf44,0,dry,weak_expert,3,0.27759339417774576,1,0,rf__trees300__depth10__leaf5__features0p1,mean_std,0
41fc7925-0b48-4555-b55e-49ce9290addf,0,dry,weak_expert,3,0.35765298378179505,1,0,rf__trees300__depth10__leaf5__features0p1,mean_std,0
43795e89-f72e-4d3e-877d-a157fb169949,0,dry,weak_expert,3,0.3582339375016344,1,0,rf__trees300__depth10__leaf5__features0p1,mean_std,0
43cfe07c-cf76-4d97-914a-b1a1ec2c9759,0,dry,weak_expert,3,0.1622854534432296,1,0,rf__trees300__depth10__leaf5__features0p1,mean_std,0
462c8d00-d349-40b3-ad60-440fc5746b6d,0,dry,weak_expert,3,0.1520730532730163,1,0,rf__trees300__depth10__leaf5__features0p1,mean_std,0
47566b56-c2aa-48d5-a0be-92506fc53eab,0,dry,weak_expert,3,0.3704733253809596,1,0,rf__trees300__depth10__leaf5__features0p1,mean_std,0
477d5eb0-f5a4-4c97-9f00-03ace4fbf876,0,dry,weak_expert,3,0.20324968095129273,1,0,rf__trees300__depth10__leaf5__features0p1,mean_std,0
478090b5-f194-46a2-96be-4a0ba30ad3b0,0,dry,weak_expert,3,0.18940288462624616,1,0,rf__trees300__depth10__leaf5__features0p1,mean_std,0
4a54513d-cdcf-4ea6-8139-b0f1d33d41d8,0,dry,weak_expert,3,0.2618304426448382,1,0,rf__trees300__depth10__leaf5__features0p1,mean_std,0
4c40ace0-7967-4090-9d2c-51248d38bdda,0,dry,weak_expert,3,0.11318989284049115,1,0,rf__trees300__depth10__leaf5__features0p1,mean_std,0
4c86e76d-0476-4016-b26d-00e3b8a0dc01,0,dry,weak_expert,3,0.30567641020051484,1,0,rf__trees300__depth10__leaf5__features0p1,mean_std,0
4d35b416-d0b0-4fca-bd40-420da86ab4e2,0,dry,weak_expert,3,0.1647418924580751,1,0,rf__trees300__depth10__leaf5__features0p1,mean_std,0
4d72142f-9932-47f4-8d86-29757ea3f78d,0,dry,weak_expert,3,0.12060258522007442,1,0,rf__trees300__depth10__leaf5__features0p1,mean_std,0
4e39ad3e-5257-4356-b854-7fb48c6cd1f0,0,dry,weak_expert,3,0.311234121149453,1,0,rf__trees300__depth10__leaf5__features0p1,mean_std,0
4fb2ef80-dd57-4be0-afa6-866a8a5297bf,0,dry,weak_expert,3,0.34891078534803377,1,0,rf__trees300__depth10__leaf5__features0p1,mean_std,0
5131b118-88df-4d26-90bb-85b726fe0b5a,0,dry,weak_expert,3,0.6358959763356749,1,1,rf__trees300__depth10__leaf5__features0p1,mean_std,1
522b0923-a528-47d9-8905-ececf13c65e0,0,dry,weak_expert,3,0.10961081762669535,1,0,rf__trees300__depth10__leaf5__features0p1,mean_std,0
5287e036-c41e-4527-93de-c6cdbf1a8461,0,dry,weak_expert,3,0.21752982277231253,1,0,rf__trees300__depth10__leaf5__features0p1,mean_std,0
56279ffd-3f56-4fd2-9ebd-94ec5b6825e5,0,dry,weak_expert,3,0.12600975761409552,1,0,rf__trees300__depth10__leaf5__features0p1,mean_std,0
589c25e2-58b8-4cd2-a2aa-47819f71181e,0,dry,weak_expert,3,0.25547853079513727,1,0,rf__trees300__depth10__leaf5__features0p1,mean_std,0
58a3d924-98cd-426f-9b58-cb6240b7d044,0,dry,weak_expert,3,0.3393776723808698,1,0,rf__trees300__depth10__leaf5__features0p1,mean_std,0
59868a93-765b-4ff4-a58e-f7aa9c811206,0,dry,weak_expert,3,0.4683367947309933,1,1,rf__trees300__depth10__leaf5__features0p1,mean_std,0
5b32c2c2-fb33-47e7-93da-86968876ce02,0,dry,weak_expert,3,0.29527245721729567,1,0,rf__trees300__depth10__leaf5__features0p1,mean_std,0
5c53c446-4d42-4dcf-9a2a-3c8c4a7682e1,0,dry,gold_expert,3,0.3110757681574214,1,0,rf__trees300__depth10__leaf5__features0p1,mean_std,0
5db9f54b-8f92-4a15-bc2e-862dcd6d375b,0,dry,weak_expert,3,0.24272288647957396,1,0,rf__trees300__depth10__leaf5__features0p1,mean_std,0
5f5f4027-45d4-4867-a9e2-ecc500eaf21d,0,dry,gold_expert,3,0.2052483541023079,1,0,rf__trees300__depth10__leaf5__features0p1,mean_std,0
61ca0d5f-b27e-43fa-85d9-1fb58d2d1746,0,dry,weak_expert,3,0.15543202854195368,1,0,rf__trees300__depth10__leaf5__features0p1,mean_std,0
637d6498-1d52-4860-9976-5a7a94f2a0c3,0,dry,gold_expert,3,0.2915149663683938,1,0,rf__trees300__depth10__leaf5__features0p1,mean_std,0
65ba1f8c-b528-425e-b55f-2e132638fa39,0,dry,weak_expert,3,0.15254461546750195,1,0,rf__trees300__depth10__leaf5__features0p1,mean_std,0
6648cb81-abf5-476b-81e2-0abe5be299e4,0,dry,weak_expert,3,0.2139253683390337,1,0,rf__trees300__depth10__leaf5__features0p1,mean_std,0
66fcdc41-6150-4037-9842-0417375a4d14,0,dry,weak_expert,3,0.21642190521596216,1,0,rf__trees300__depth10__leaf5__features0p1,mean_std,0
67090bb0-377e-492c-9c49-8a608f50345d,0,dry,weak_expert,3,0.10520538625666158,1,0,rf__trees300__depth10__leaf5__features0p1,mean_std,0
6811fc15-6ffc-4623-85aa-bf477c4d0082,0,dry,weak_expert,3,0.16007489739969488,1,0,rf__trees300__depth10__leaf5__features0p1,mean_std,0
6816fa8c-2bd4-4be4-bbb0-d18a397f99e5,0,dry,weak_expert,3,0.18749091626384917,1,0,rf__trees300__depth10__leaf5__features0p1,mean_std,0
68be5313-193c-42ca-acdc-f6f93c9c1126,0,dry,weak_expert,3,0.13036668929186693,1,0,rf__trees300__depth10__leaf5__features0p1,mean_std,0
697d000f-b7ab-4bb8-bee7-2c9983976300,0,dry,weak_expert,3,0.5852731212335085,1,1,rf__trees300__depth10__leaf5__features0p1,mean_std,1
6a577002-17a0-44a5-87bf-14ba2a225616,0,dry,weak_expert,3,0.4139869376815612,1,1,rf__trees300__depth10__leaf5__features0p1,mean_std,0
6c7893ac-4ca9-47af-8a91-fd0926dd7f39,0,dry,weak_expert,3,0.10300216855637338,1,0,rf__trees300__depth10__leaf5__features0p1,mean_std,0
6d25354c-712b-4d24-831a-e99a95dd597b,0,dry,weak_expert,3,0.2827810623888915,1,0,rf__trees300__depth10__leaf5__features0p1,mean_std,0
6d45e866-26cd-4c90-b538-8e3d74639f93,0,dry,weak_expert,3,0.3234388744753394,1,0,rf__trees300__depth10__leaf5__features0p1,mean_std,0
6d73708f-f815-410f-b6a1-76cec2a7754c,0,dry,weak_expert,3,0.3970332131204389,1,0,rf__trees300__depth10__leaf5__features0p1,mean_std,0
6d8729b7-cc9b-4ae3-a3ee-99a5a909e32f,0,dry,weak_expert,3,0.15448274516549848,1,0,rf__trees300__depth10__leaf5__features0p1,mean_std,0
6d941efe-43f9-4a64-8172-58cbb20400ab,0,dry,weak_expert,3,0.15539836407612576,1,0,rf__trees300__depth10__leaf5__features0p1,mean_std,0
6e777752-cb40-47dd-ae97-50bc73da4550,0,dry,weak_expert,3,0.2919779809525204,1,0,rf__trees300__depth10__leaf5__features0p1,mean_std,0
6f0a2344-8d8b-4db5-b4c3-cf569ca4f7b9,0,dry,weak_expert,3,0.30060159023131494,1,0,rf__trees300__depth10__leaf5__features0p1,mean_std,0
6fc243bf-14f0-42ab-97e3-f1fe3fdfe3ce,0,dry,weak_expert,3,0.2049508328116711,1,0,rf__trees300__depth10__leaf5__features0p1,mean_std,0
705e111b-1e41-4831-97e2-7990771c9fe4,0,dry,weak_expert,3,0.12789028846043896,1,0,rf__trees300__depth10__leaf5__features0p1,mean_std,0
7376afac-2a76-408c-9bee-7b7ed2555692,0,dry,weak_expert,3,0.2020058069634512,1,0,rf__trees300__depth10__leaf5__features0p1,mean_std,0
7465377a-8963-4a0e-bd1b-92a8924b1ccb,0,dry,weak_expert,3,0.25018525891380006,1,0,rf__trees300__depth10__leaf5__features0p1,mean_std,0
748142b3-0e0b-4975-b795-78267dbe4547,0,dry,weak_expert,3,0.3073545755331868,1,0,rf__trees300__depth10__leaf5__features0p1,mean_std,0
76183e29-22c1-4d51-aafa-6b96e93b3aa2,0,dry,weak_expert,3,0.15147977719977224,1,0,rf__trees300__depth10__leaf5__features0p1,mean_std,0
76682a59-1c14-44e8-93b9-f9f5f774e897,0,dry,weak_expert,3,0.46752364615491276,1,1,rf__trees300__depth10__leaf5__features0p1,mean_std,0
7ad89fd2-56cb-43cd-84ea-4d3eb7b30e00,0,dry,weak_expert,3,0.4187198076788347,1,1,rf__trees300__depth10__leaf5__features0p1,mean_std,0
7b7e11b1-0f2b-4531-b071-54b7889c4771,0,dry,weak_expert,3,0.31688192276024163,1,0,rf__trees300__depth10__leaf5__features0p1,mean_std,0
7bd5996c-f98d-46bc-be93-ca6e1139d838,0,dry,weak_expert,3,0.06284690698355663,1,0,rf__trees300__depth10__leaf5__features0p1,mean_std,0
7de30485-428f-402e-8402-54747fd97420,0,dry,weak_expert,3,0.2219697308888322,1,0,rf__trees300__depth10__leaf5__features0p1,mean_std,0
7e2f4bb0-a4a1-4e62-a26f-f4174ab4954b,0,dry,weak_expert,3,0.32850647975072916,1,0,rf__trees300__depth10__leaf5__features0p1,mean_std,0
7f8e60f4-5cbd-4ec6-bc73-e8ab2b6c3abd,0,dry,weak_expert,3,0.5795083013991722,1,1,rf__trees300__depth10__leaf5__features0p1,mean_std,1
83443b73-5740-4b3e-85ba-77e372fea63d,0,dry,weak_expert,3,0.15947985562549152,1,0,rf__trees300__depth10__leaf5__features0p1,mean_std,0
85eef4ec-c8e8-4635-a6c3-2d194057f7f2,0,dry,weak_expert,3,0.13042215017303585,1,0,rf__trees300__depth10__leaf5__features0p1,mean_std,0
87c60871-f7f6-48cb-94b0-c22b2158d49f,0,dry,weak_expert,3,0.4103456769215869,1,1,rf__trees300__depth10__leaf5__features0p1,mean_std,0
87f52d87-03d1-469b-b8fb-247da4504f90,0,dry,weak_expert,3,0.31508839172111464,1,0,rf__trees300__depth10__leaf5__features0p1,mean_std,0
88024607-e701-4a54-adeb-c4c1ecc282f4,0,dry,weak_expert,3,0.4225414345055194,1,1,rf__trees300__depth10__leaf5__features0p1,mean_std,0
88f6aa4d-d9e3-4d51-b803-5736e92762e4,0,dry,weak_expert,3,0.6355328751924171,1,1,rf__trees300__depth10__leaf5__features0p1,mean_std,1
89bad459-b4f0-48ab-9907-28fe8f895800,0,dry,weak_expert,3,0.20265843838508635,1,0,rf__trees300__depth10__leaf5__features0p1,mean_std,0
8a5feabb-3b0a-49b5-900c-6d3d31e96794,0,dry,weak_expert,3,0.24085856581971968,1,0,rf__trees300__depth10__leaf5__features0p1,mean_std,0
8ada36ff-a9fb-4623-a97c-cab077d4bf99,0,dry,weak_expert,3,0.266990821505792,1,0,rf__trees300__depth10__leaf5__features0p1,mean_std,0
8b0c699b-dca8-4ed0-bf4b-319774d31c54,0,dry,weak_expert,3,0.097480873053216,1,0,rf__trees300__depth10__leaf5__features0p1,mean_std,0
8b65a198-2b0f-452c-ac15-47d892676fc3,0,dry,weak_expert,3,0.27817731645109606,1,0,rf__trees300__depth10__leaf5__features0p1,mean_std,0
8b733837-961a-4f17-a18c-13b89b54ef69,0,dry,gold_expert,3,0.2541786838154125,1,0,rf__trees300__depth10__leaf5__features0p1,mean_std,0
8be589c2-c09a-442d-a0a0-50094a73f0d5,0,dry,weak_expert,3,0.142358836761793,1,0,rf__trees300__depth10__leaf5__features0p1,mean_std,0
8ca4463e-23a3-4a16-9d46-7b28b968e6af,0,dry,weak_expert,3,0.12129475270956862,1,0,rf__trees300__depth10__leaf5__features0p1,mean_std,0
8cd6b5c0-96b9-4572-9b3d-2caf91996483,0,dry,weak_expert,3,0.6021525234272607,1,1,rf__trees300__depth10__leaf5__features0p1,mean_std,1
8d33620a-f041-4c6c-b55d-78c1ac9eb8e5,0,dry,weak_expert,3,0.3265194594484968,1,0,rf__trees300__depth10__leaf5__features0p1,mean_std,0
8eac4375-f279-468e-853d-c83c73a62077,0,dry,weak_expert,3,0.06626753536695039,1,0,rf__trees300__depth10__leaf5__features0p1,mean_std,0
8f0052b4-731b-4822-8e4b-1393a473d35e,0,dry,weak_expert,3,0.36328180964946016,1,0,rf__trees300__depth10__leaf5__features0p1,mean_std,0
8f20ec81-e8f6-4a72-ba04-42e5b1f3d522,0,dry,weak_expert,3,0.3768770976641265,1,0,rf__trees300__depth10__leaf5__features0p1,mean_std,0
90912b99-0e92-4dad-b223-3c96a6967316,0,dry,weak_expert,3,0.3178012615028408,1,0,rf__trees300__depth10__leaf5__features0p1,mean_std,0
91c59a04-aeda-4233-adce-ac2f3d2212df,0,dry,weak_expert,3,0.27387742852808555,1,0,rf__trees300__depth10__leaf5__features0p1,mean_std,0
9235c603-3817-4c3e-b0a5-4624f1293282,0,dry,weak_expert,3,0.17455753362341714,1,0,rf__trees300__depth10__leaf5__features0p1,mean_std,0
9254bd84-4c4e-40cf-94d0-47a0bdf550ce,0,dry,weak_expert,3,0.24200761673797302,1,0,rf__trees300__depth10__leaf5__features0p1,mean_std,0
927ae69c-d4b6-484e-b651-7b76c9c1d9d5,0,dry,weak_expert,3,0.20064804656387114,1,0,rf__trees300__depth10__leaf5__features0p1,mean_std,0
92b22064-50ef-4244-b5fd-aa348ceb7371,0,dry,gold_expert,3,0.2312112944205423,1,0,rf__trees300__depth10__leaf5__features0p1,mean_std,0
92bfada9-7b1c-4fcf-82d1-64ad74ad92a6,0,dry,weak_expert,3,0.43266738879280336,1,1,rf__trees300__depth10__leaf5__features0p1,mean_std,0
936268f0-41a3-421d-bd18-8e69e597e84c,0,dry,weak_expert,3,0.3149054327234242,1,0,rf__trees300__depth10__leaf5__features0p1,mean_std,0
93dfe86e-d139-4b0e-b959-3b210701bab1,0,dry,weak_expert,3,0.2226248200493833,1,0,rf__trees300__depth10__leaf5__features0p1,mean_std,0
94bfcb37-906f-4862-9c4e-69b5550e320e,0,dry,weak_expert,3,0.21947271209001035,1,0,rf__trees300__depth10__leaf5__features0p1,mean_std,0
95dee56b-2ebb-48ec-acd7-2bb4ad631679,0,dry,weak_expert,3,0.12280326508492467,1,0,rf__trees300__depth10__leaf5__features0p1,mean_std,0
9736398b-2034-43a8-88e1-affa632772c9,0,dry,weak_expert,3,0.2053788931982572,1,0,rf__trees300__depth10__leaf5__features0p1,mean_std,0
97b6a1d6-2c18-458e-bc05-3fe48136902d,0,dry,weak_expert,3,0.15754523631051795,1,0,rf__trees300__depth10__leaf5__features0p1,mean_std,0
98cf4fc3-ac20-4007-a227-3b89dc43a52c,0,dry,weak_expert,3,0.08152999650136442,1,0,rf__trees300__depth10__leaf5__features0p1,mean_std,0
99eb251e-8aa9-4307-b77c-3864dc15a789,0,dry,weak_expert,3,0.2644729525199489,1,0,rf__trees300__depth10__leaf5__features0p1,mean_std,0
9ab84f0f-1c83-4042-9497-474af8816350,0,dry,weak_expert,3,0.5999948076866234,1,1,rf__trees300__depth10__leaf5__features0p1,mean_std,1
9b8791f6-9c76-41a6-b8bf-3090c8b4609f,0,dry,weak_expert,3,0.404722143361608,1,1,rf__trees300__depth10__leaf5__features0p1,mean_std,0
9bbc6186-f18d-4a96-b92b-37d25b390bdf,0,dry,weak_expert,3,0.2917099066087298,1,0,rf__trees300__depth10__leaf5__features0p1,mean_std,0
9eb5f87f-3f16-423d-bd11-bb15a6b11a9d,0,dry,weak_expert,3,0.3544077310598685,1,0,rf__trees300__depth10__leaf5__features0p1,mean_std,0
9eb6506a-17f8-40b7-968d-ee511818d50b,0,dry,weak_expert,3,0.3964587263336493,1,0,rf__trees300__depth10__leaf5__features0p1,mean_std,0
a0e0ce03-2778-46f2-8b5f-aa46c503f392,0,dry,weak_expert,3,0.25179667364367375,1,0,rf__trees300__depth10__leaf5__features0p1,mean_std,0
a1092580-10f6-4176-8862-3a8cc0784f4a,0,dry,weak_expert,3,0.16865729245165162,1,0,rf__trees300__depth10__leaf5__features0p1,mean_std,0
a27768df-a3bc-4ac9-9d45-76cc25508478,0,dry,weak_expert,3,0.20504708023241322,1,0,rf__trees300__depth10__leaf5__features0p1,mean_std,0
a3529398-f357-4c11-bec3-c2e30088df2e,0,dry,weak_expert,3,0.39472782161708275,1,0,rf__trees300__depth10__leaf5__features0p1,mean_std,0
a60e1682-1dda-4bc7-ab05-8e881a8b867a,0,dry,weak_expert,3,0.5087412955214502,1,1,rf__trees300__depth10__leaf5__features0p1,mean_std,1
a97f2838-d416-4267-b41a-26f9cae46c62,0,dry,weak_expert,3,0.20295077466075348,1,0,rf__trees300__depth10__leaf5__features0p1,mean_std,0
aa059172-1850-4afe-8809-2fe79603286a,0,dry,gold_expert,3,0.2939847393366757,1,0,rf__trees300__depth10__leaf5__features0p1,mean_std,0
ab5f623d-dda2-4a26-ae6e-33e517e145a5,0,dry,weak_expert,3,0.21864845796389082,1,0,rf__trees300__depth10__leaf5__features0p1,mean_std,0
ac4ea2db-4fff-4a7f-a5fe-3a9ade2f1020,0,dry,weak_expert,3,0.3957550038097234,1,0,rf__trees300__depth10__leaf5__features0p1,mean_std,0
ad19a44f-e512-46ec-980a-2eead07d68c1,0,dry,weak_expert,3,0.16660405226915073,1,0,rf__trees300__depth10__leaf5__features0p1,mean_std,0
ae0ff134-0218-4d7e-804d-c48f57946de9,0,dry,weak_expert,3,0.3568689042369886,1,0,rf__trees300__depth10__leaf5__features0p1,mean_std,0
aeded0cd-89ff-43d3-86f2-4ae7bc4fbb56,0,dry,weak_expert,3,0.27057986367502906,1,0,rf__trees300__depth10__leaf5__features0p1,mean_std,0
b2caeb04-59dd-4f72-9bd1-b3f7e4b93c39,0,dry,weak_expert,3,0.1866351124786268,1,0,rf__trees300__depth10__leaf5__features0p1,mean_std,0
b2e9cb14-17c6-42ca-8503-5a0a3ff80b3c,0,dry,weak_expert,3,0.30236322370144747,1,0,rf__trees300__depth10__leaf5__features0p1,mean_std,0
b37a051e-c2b0-4f38-9b12-51652c511d03,0,dry,weak_expert,3,0.20164792440592688,1,0,rf__trees300__depth10__leaf5__features0p1,mean_std,0
b38dbe54-b3c1-448e-bf03-92cdf214932d,0,dry,weak_expert,3,0.5820864236860078,1,1,rf__trees300__depth10__leaf5__features0p1,mean_std,1
bc474477-4762-4308-835e-733da92d712e,0,dry,weak_expert,3,0.38298442232569824,1,0,rf__trees300__depth10__leaf5__features0p1,mean_std,0
bcb69f37-df84-485a-af43-4ff8b9de570c,0,dry,weak_expert,3,0.33704252726527645,1,0,rf__trees300__depth10__leaf5__features0p1,mean_std,0
be53aed3-5771-4cb6-af3b-1c95dfed2ae5,0,dry,weak_expert,3,0.2248004058074219,1,0,rf__trees300__depth10__leaf5__features0p1,mean_std,0
c01b9572-1fbf-463a-9d03-e3857ab5d55a,0,dry,weak_expert,3,0.5447792774174509,1,1,rf__trees300__depth10__leaf5__features0p1,mean_std,1
c18be4ba-eaa8-487a-9343-2c45af6c60aa,0,dry,weak_expert,3,0.28186812783384485,1,0,rf__trees300__depth10__leaf5__features0p1,mean_std,0
c2356246-454a-42ac-ae33-967e5feabcb7,0,dry,weak_expert,3,0.10780929356765813,1,0,rf__trees300__depth10__leaf5__features0p1,mean_std,0
c494d05a-a6fa-462e-9d3e-28e91b82147d,0,dry,weak_expert,3,0.36621419711807734,1,0,rf__trees300__depth10__leaf5__features0p1,mean_std,0
c926f81f-17c8-4446-9c0c-1ea92c76834d,0,dry,weak_expert,3,0.15050345474594023,1,0,rf__trees300__depth10__leaf5__features0p1,mean_std,0
cc0bc8c7-eb1b-4290-8f64-58c4fe25c58e,0,dry,weak_expert,3,0.15840787707002987,1,0,rf__trees300__depth10__leaf5__features0p1,mean_std,0
cd9de27d-87fa-43e6-a452-8cdaba3eae4c,0,dry,weak_expert,3,0.36503316983699025,1,0,rf__trees300__depth10__leaf5__features0p1,mean_std,0
ce047b79-fd52-4ac5-a451-f27d8a368985,0,dry,weak_expert,3,0.29832581363681115,1,0,rf__trees300__depth10__leaf5__features0p1,mean_std,0
ce40512b-6a1f-4a2f-9b74-4bcf246d0edb,0,dry,weak_expert,3,0.1466401545697799,1,0,rf__trees300__depth10__leaf5__features0p1,mean_std,0
d0eec145-0080-4dab-b0bb-a22656bb81ed,0,dry,weak_expert,3,0.3240465915301551,1,0,rf__trees300__depth10__leaf5__features0p1,mean_std,0
d1a21158-7a3b-4313-8fc3-0472b257b4c7,0,dry,weak_expert,3,0.14822070547766683,1,0,rf__trees300__depth10__leaf5__features0p1,mean_std,0
d5e9a1af-2571-40f7-99c7-77cfe71657c5,0,dry,weak_expert,3,0.5846949028895273,1,1,rf__trees300__depth10__leaf5__features0p1,mean_std,1
d66c93d7-6aac-4876-9252-66d9bf26323f,0,dry,weak_expert,3,0.07855137259475828,1,0,rf__trees300__depth10__leaf5__features0p1,mean_std,0
d6de71ae-5b92-4a91-a656-bd0d33fa6189,0,dry,weak_expert,3,0.3093361381916003,1,0,rf__trees300__depth10__leaf5__features0p1,mean_std,0
d6f624cb-757b-441c-bf5f-e22dc914277b,0,dry,weak_expert,3,0.6416561103999132,1,1,rf__trees300__depth10__leaf5__features0p1,mean_std,1
d769f90f-8183-4c42-8ea6-cf992ee40a64,0,dry,gold_expert,3,0.21983021628515031,1,0,rf__trees300__depth10__leaf5__features0p1,mean_std,0
d7abd3ca-33d1-498b-9928-41e316047998,0,dry,weak_expert,3,0.20352561537775193,1,0,rf__trees300__depth10__leaf5__features0p1,mean_std,0
d844a814-c17d-4398-b536-9963f6ded940,0,dry,weak_expert,3,0.16714614409372278,1,0,rf__trees300__depth10__leaf5__features0p1,mean_std,0
d85118e0-5f00-4ca3-b56b-94a7b7cd01ee,0,dry,weak_expert,3,0.38557577327923287,1,0,rf__trees300__depth10__leaf5__features0p1,mean_std,0
d8dd429e-db29-4389-96a3-e68e6d8a6b77,0,dry,weak_expert,3,0.25290179180948075,1,0,rf__trees300__depth10__leaf5__features0p1,mean_std,0
d93b74aa-faed-4737-9d5e-540e0fbdb961,0,dry,weak_expert,3,0.18930524664109516,1,0,rf__trees300__depth10__leaf5__features0p1,mean_std,0
dc12b624-aeea-47d3-988e-d875a14bdc34,0,dry,weak_expert,3,0.09308980148576382,1,0,rf__trees300__depth10__leaf5__features0p1,mean_std,0
dc52c21c-6602-44ef-b982-9771f4fb76c1,0,dry,weak_expert,3,0.28939324687540596,1,0,rf__trees300__depth10__leaf5__features0p1,mean_std,0
dcb7cded-c3bf-4835-9f1f-efac118a40c1,0,dry,weak_expert,3,0.4330069488715954,1,1,rf__trees300__depth10__leaf5__features0p1,mean_std,0
dcd085b9-d8d4-4c6f-8082-0214e523cdba,0,dry,weak_expert,3,0.3482251810258114,1,0,rf__trees300__depth10__leaf5__features0p1,mean_std,0
dd774ccf-3980-4eda-90d9-aa2fa57bde32,0,dry,weak_expert,3,0.26906309024788916,1,0,rf__trees300__depth10__leaf5__features0p1,mean_std,0
deaddfa6-ac89-461c-ab08-c531e2a296cd,0,dry,weak_expert,3,0.2332507722524194,1,0,rf__trees300__depth10__leaf5__features0p1,mean_std,0
e024dc48-fbdd-4845-ac13-cbe67c60446a,0,dry,weak_expert,3,0.17380321388285913,1,0,rf__trees300__depth10__leaf5__features0p1,mean_std,0
e36c0dda-a5cb-4398-ae8f-235320a729e4,0,dry,weak_expert,3,0.17586731680088338,1,0,rf__trees300__depth10__leaf5__features0p1,mean_std,0
e4714f0e-c191-42dc-9928-78da49129e16,0,dry,weak_expert,3,0.371095408622734,1,0,rf__trees300__depth10__leaf5__features0p1,mean_std,0
e4996edb-842c-4bda-b5f4-ffb6ec8cc8fe,0,dry,weak_expert,3,0.08974900966728266,1,0,rf__trees300__depth10__leaf5__features0p1,mean_std,0
e4ec845a-b80b-409b-afa0-81abc3ae3dc7,0,dry,weak_expert,3,0.24030268971850394,1,0,rf__trees300__depth10__leaf5__features0p1,mean_std,0
e539d599-6d07-4174-9f29-a562ced58b68,0,dry,weak_expert,3,0.14433914372660445,1,0,rf__trees300__depth10__leaf5__features0p1,mean_std,0
e659824f-fb7b-4b6b-86da-5c629e1ce0fd,0,dry,weak_expert,3,0.10376353058916327,1,0,rf__trees300__depth10__leaf5__features0p1,mean_std,0
e7b94eb1-f37d-4bfe-bc67-e8e13a8870f6,0,dry,weak_expert,3,0.20477034987680312,1,0,rf__trees300__depth10__leaf5__features0p1,mean_std,0
e88932d8-8869-4fa2-b4a5-1d4a3ddce94d,0,dry,weak_expert,3,0.10652392030217366,1,0,rf__trees300__depth10__leaf5__features0p1,mean_std,0
e8a4c9ee-66e8-473c-9f1b-40918a92a928,0,dry,weak_expert,3,0.1388119663532482,1,0,rf__trees300__depth10__leaf5__features0p1,mean_std,0
e9708094-2ece-478f-9dc4-ab951c42034b,0,dry,weak_expert,3,0.4290159707204066,1,1,rf__trees300__depth10__leaf5__features0p1,mean_std,0
ea15c9f5-e77d-4b3f-803d-443a69d63eed,0,dry,weak_expert,3,0.17762078782966992,1,0,rf__trees300__depth10__leaf5__features0p1,mean_std,0
ea3848e3-886a-428a-a918-4d01f32e38d8,0,dry,weak_expert,3,0.40807550406938753,1,1,rf__trees300__depth10__leaf5__features0p1,mean_std,0
ea8b1411-bcc8-47f3-8ba7-9b3585b83319,0,dry,weak_expert,3,0.22828617366524914,1,0,rf__trees300__depth10__leaf5__features0p1,mean_std,0
ea975f7b-e57a-4e47-9133-ec421fb193c5,0,dry,weak_expert,3,0.510024044997296,1,1,rf__trees300__depth10__leaf5__features0p1,mean_std,1
ecb53985-efae-451c-9bf5-3e10f6b61e41,0,dry,weak_expert,3,0.26770323419962794,1,0,rf__trees300__depth10__leaf5__features0p1,mean_std,0
eceaa3a9-f850-4ba9-82ee-1bcd2575b99c,0,dry,gold_expert,3,0.29107415816447335,1,0,rf__trees300__depth10__leaf5__features0p1,mean_std,0
ed7daba8-a8bc-473f-b159-55d16ea59eb1,0,dry,weak_expert,3,0.3799725697057211,1,0,rf__trees300__depth10__leaf5__features0p1,mean_std,0
ee899936-5701-4a8f-a3ab-f3292554a148,0,dry,weak_expert,3,0.2339504543014128,1,0,rf__trees300__depth10__leaf5__features0p1,mean_std,0
efdc1fe6-2c52-438e-8943-aaf97a387cae,0,dry,weak_expert,3,0.24810354690146055,1,0,rf__trees300__depth10__leaf5__features0p1,mean_std,0
f09f7e2a-f173-4423-92a6-dea210147179,0,dry,weak_expert,3,0.13698943391976148,1,0,rf__trees300__depth10__leaf5__features0p1,mean_std,0
f0bc6079-5c16-4c95-91be-ddffc7bb37b0,0,dry,weak_expert,3,0.259697811367033,1,0,rf__trees300__depth10__leaf5__features0p1,mean_std,0
f1b271ee-6902-4cff-b260-cfdf9bc3fa1f,0,dry,weak_expert,3,0.2602527824470032,1,0,rf__trees300__depth10__leaf5__features0p1,mean_std,0
f1e02616-7b84-4e35-8d7f-1961b27c1c7a,0,dry,weak_expert,3,0.21211943630232621,1,0,rf__trees300__depth10__leaf5__features0p1,mean_std,0
f23fac18-75a0-45fb-8099-a789d9597776,0,dry,weak_expert,3,0.3342306965352601,1,0,rf__trees300__depth10__leaf5__features0p1,mean_std,0
f2574f9d-beae-4a85-ad18-289a400e1b6a,0,dry,weak_expert,3,0.3450764651369046,1,0,rf__trees300__depth10__leaf5__features0p1,mean_std,0
f2b8d4c0-b7ba-49a6-8e91-9f20be33520a,0,dry,weak_expert,3,0.5204191230397003,1,1,rf__trees300__depth10__leaf5__features0p1,mean_std,1
f45082d4-f205-483f-8d0b-427470db2ffc,0,dry,weak_expert,3,0.28141487542944743,1,0,rf__trees300__depth10__leaf5__features0p1,mean_std,0
f4d06640-6eaf-40e8-a96e-3ffd924cd7ef,0,dry,weak_expert,3,0.0944700105371478,1,0,rf__trees300__depth10__leaf5__features0p1,mean_std,0
f5a36e3a-28f9-461d-970e-c95ff38f4740,0,dry,weak_expert,3,0.07589960031387612,1,0,rf__trees300__depth10__leaf5__features0p1,mean_std,0
f5e3c403-1588-49ad-8984-47f123f941f8,0,dry,weak_expert,3,0.13790792073971572,1,0,rf__trees300__depth10__leaf5__features0p1,mean_std,0
f5e8d8ec-e234-4117-a4ab-2f7dba0066ef,0,dry,gold_expert,3,0.2976707527529387,1,0,rf__trees300__depth10__leaf5__features0p1,mean_std,0
f7a10fb3-b805-4ed0-8a93-9b0851efe78e,0,dry,weak_expert,3,0.4754516575514225,1,1,rf__trees300__depth10__leaf5__features0p1,mean_std,0
f7be812e-ffcb-421f-8cef-bb39702ea909,0,dry,weak_expert,3,0.7200583667269456,1,1,rf__trees300__depth10__leaf5__features0p1,mean_std,1
f8ca1e1d-4660-4739-ae76-cf0b10de2540,0,dry,weak_expert,3,0.2219048114160203,1,0,rf__trees300__depth10__leaf5__features0p1,mean_std,0
f8d8b216-d17d-40ce-8de6-6a889adcf016,0,dry,weak_expert,3,0.29693453891331384,1,0,rf__trees300__depth10__leaf5__features0p1,mean_std,0
fd7d172d-4106-427a-870b-0384c88f147f,0,dry,gold_expert,3,0.24633137772691596,1,0,rf__trees300__depth10__leaf5__features0p1,mean_std,0
feecacb2-52ce-4454-9dcf-267ea138fa63,0,dry,weak_expert,3,0.39869962528713937,1,0,rf__trees300__depth10__leaf5__features0p1,mean_std,0
ff1234d7-7837-4ba7-842f-99fdc916baa9,0,dry,gold_expert,3,0.2670152722684866,1,0,rf__trees300__depth10__leaf5__features0p1,mean_std,0
ff5f97db-9b64-4e35-afe8-af463d5c2c60,0,dry,weak_expert,3,0.196032487189048,1,0,rf__trees300__depth10__leaf5__features0p1,mean_std,0
ff8bfcc9-3df2-4752-8280-63f023fba31c,0,dry,weak_expert,3,0.28403415788826786,1,0,rf__trees300__depth10__leaf5__features0p1,mean_std,0
01bf156f-a8ff-48f6-9335-8a1f5bb4c1b7,1,wet,weak_expert,3,0.5336774942793613,1,1,rf__trees300__depth10__leaf5__features0p1,mean_std,1
031fd54a-87b5-4223-9af6-60985127fb7a,1,wet,weak_expert,3,0.3763180751180782,1,0,rf__trees300__depth10__leaf5__features0p1,mean_std,0
03d30b8b-03f8-4089-bda8-0e14deec7d82,1,wet,weak_expert,3,0.23416163194769551,1,0,rf__trees300__depth10__leaf5__features0p1,mean_std,0
0569d979-384b-4a30-b0ca-2b19e8c8650b,1,wet,weak_expert,3,0.34601012893416355,1,0,rf__trees300__depth10__leaf5__features0p1,mean_std,0
092d10af-b848-473c-8dfd-19376b7c587a,1,wet,weak_expert,3,0.5289774216558019,1,1,rf__trees300__depth10__leaf5__features0p1,mean_std,1
0abc55f4-83bb-4284-87d2-65044bf06200,1,wet,weak_expert,3,0.35767284647824155,1,0,rf__trees300__depth10__leaf5__features0p1,mean_std,0
0b03673a-28db-4e1c-aeb0-4fec88d977a1,1,wet,weak_expert,3,0.4877019901593054,1,1,rf__trees300__depth10__leaf5__features0p1,mean_std,0
0cb72725-4166-475d-99a2-5e4e269c1eea,1,wet,weak_expert,3,0.3385143033709909,1,0,rf__trees300__depth10__leaf5__features0p1,mean_std,0
0e2f8fe3-12aa-464f-a4cc-312efa425b98,1,wet,weak_expert,3,0.47502985507240975,1,1,rf__trees300__depth10__leaf5__features0p1,mean_std,0
198c88cb-8f41-4a79-9c4b-be606361e80b,1,wet,weak_expert,3,0.2864604005827956,1,0,rf__trees300__depth10__leaf5__features0p1,mean_std,0
2143ebda-26f8-4cf7-9d99-471f11c3c584,1,wet,weak_expert,3,0.39443838229734673,1,0,rf__trees300__depth10__leaf5__features0p1,mean_std,0
22fd67e4-0911-45f9-8625-1fe8ba4323cf,1,wet,weak_expert,3,0.35533971840947154,1,0,rf__trees300__depth10__leaf5__features0p1,mean_std,0
2aa8f538-07ca-41f3-b20a-8d9e5ef24cfe,1,wet,weak_expert,3,0.3182255078367646,1,0,rf__trees300__depth10__leaf5__features0p1,mean_std,0
2cc30bb4-6e0f-4cb5-a7a5-f7fa03c203ba,1,wet,weak_expert,3,0.43398845130499153,1,1,rf__trees300__depth10__leaf5__features0p1,mean_std,0
2e9f905a-697c-48db-883e-7e905873172f,1,wet,weak_expert,3,0.24705902220777679,1,0,rf__trees300__depth10__leaf5__features0p1,mean_std,0
34bcd0cb-bbfb-4947-84c9-79a07c28a7c1,1,wet,weak_expert,3,0.09552078286865302,1,0,rf__trees300__depth10__leaf5__features0p1,mean_std,0
372846d2-d0b1-435b-bd1c-2580506dc502,1,wet,weak_expert,3,0.3233552530637371,1,0,rf__trees300__depth10__leaf5__features0p1,mean_std,0
376bc849-fcad-41ed-b28e-b4aa128eb1d9,1,wet,weak_expert,3,0.3024081609848649,1,0,rf__trees300__depth10__leaf5__features0p1,mean_std,0
3951f2b6-88a3-4419-a191-774fb50b918f,1,wet,weak_expert,3,0.30855691861854384,1,0,rf__trees300__depth10__leaf5__features0p1,mean_std,0
3ad61f08-80f1-4576-ae32-f383e46dbe53,1,wet,weak_expert,3,0.38080729956019954,1,0,rf__trees300__depth10__leaf5__features0p1,mean_std,0
431c4a7e-06d9-4fed-9aca-2de718d66f29,1,wet,weak_expert,3,0.24203478137207388,1,0,rf__trees300__depth10__leaf5__features0p1,mean_std,0
45468c10-083b-4fea-9883-29a552edd30d,1,wet,weak_expert,3,0.37465325094732194,1,0,rf__trees300__depth10__leaf5__features0p1,mean_std,0
46a06a18-2b08-49b1-8c22-40b5a23089ff,1,wet,weak_expert,3,0.550437884342238,1,1,rf__trees300__depth10__leaf5__features0p1,mean_std,1
4735aed3-46f9-44c5-91f0-ca772c541fff,1,wet,weak_expert,3,0.4403736125047823,1,1,rf__trees300__depth10__leaf5__features0p1,mean_std,0
49f6f0db-97dc-4da4-848e-69bd536b5283,1,wet,weak_expert,3,0.33417115207156295,1,0,rf__trees300__depth10__leaf5__features0p1,mean_std,0
4e63830d-679b-480c-a420-0540b0689c16,1,wet,weak_expert,3,0.5455097789895262,1,1,rf__trees300__depth10__leaf5__features0p1,mean_std,1
5280c666-4f3e-4d7c-a283-19041fc4cb2b,1,wet,weak_expert,3,0.1952521525750371,1,0,rf__trees300__depth10__leaf5__features0p1,mean_std,0
6990ad8f-0acd-44f1-86e5-adbb0bbfcab0,1,wet,weak_expert,3,0.24985151768773253,1,0,rf__trees300__depth10__leaf5__features0p1,mean_std,0
6ce9c771-2d64-4e26-9fe1-e0950221b59d,1,wet,weak_expert,3,0.09786822566045937,1,0,rf__trees300__depth10__leaf5__features0p1,mean_std,0
70ea204c-0ac3-494c-a998-ac38df39b2ac,1,wet,weak_expert,3,0.41751295699673774,1,1,rf__trees300__depth10__leaf5__features0p1,mean_std,0
70ea9638-f7e3-4f16-bb97-7d066a0e6cdf,1,wet,weak_expert,3,0.22612108491063818,1,0,rf__trees300__depth10__leaf5__features0p1,mean_std,0
71d4e0e2-99b1-49bc-990f-1f7b4b5de826,1,wet,weak_expert,3,0.12872255431267596,1,0,rf__trees300__depth10__leaf5__features0p1,mean_std,0
72eb0edc-42e6-40b5-b788-39d8dae7f353,1,wet,weak_expert,3,0.46055317180631067,1,1,rf__trees300__depth10__leaf5__features0p1,mean_std,0
75be8a70-37fd-42ea-8daf-9ee78d1018a1,1,wet,weak_expert,3,0.4564337172434417,1,1,rf__trees300__depth10__leaf5__features0p1,mean_std,0
77cd79c9-1154-4da6-b9d4-6befbbc2754e,1,wet,weak_expert,3,0.4439320107181054,1,1,rf__trees300__depth10__leaf5__features0p1,mean_std,0
7876c549-066a-4ea1-a82e-45772114f964,1,wet,gold_expert,3,0.4957517268595899,1,1,rf__trees300__depth10__leaf5__features0p1,mean_std,0
799627e0-3cc6-4e23-b0ab-45a0fc2fb606,1,wet,weak_expert,3,0.2782887858237455,1,0,rf__trees300__depth10__leaf5__features0p1,mean_std,0
7d1428e9-7241-482b-8dbd-95f43a57c694,1,wet,weak_expert,3,0.4422983643794014,1,1,rf__trees300__depth10__leaf5__features0p1,mean_std,0
80a05566-ac42-4c5c-82a5-4e21cb3ed772,1,wet,weak_expert,3,0.41563336204142615,1,1,rf__trees300__depth10__leaf5__features0p1,mean_std,0
80b89e0e-8ae8-4c2a-9f7d-29f85e539ca3,1,wet,weak_expert,3,0.43376152122351763,1,1,rf__trees300__depth10__leaf5__features0p1,mean_std,0
8469a131-4174-4d7b-b588-00c9c0f91a28,1,wet,weak_expert,3,0.3681827839001629,1,0,rf__trees300__depth10__leaf5__features0p1,mean_std,0
85950027-a5fd-4cd4-ad38-46202aa61172,1,wet,weak_expert,3,0.358049017442511,1,0,rf__trees300__depth10__leaf5__features0p1,mean_std,0
85f7130c-2c56-4dff-8ff8-a99527170fec,1,wet,weak_expert,3,0.441111317851844,1,1,rf__trees300__depth10__leaf5__features0p1,mean_std,0
87d4e292-7e94-49b4-9e11-c944e3ae63f8,1,wet,weak_expert,3,0.3185934831895127,1,0,rf__trees300__depth10__leaf5__features0p1,mean_std,0
88498dd4-82ce-4430-9f7d-ca005a7c989e,1,wet,weak_expert,3,0.5111315320583208,1,1,rf__trees300__depth10__leaf5__features0p1,mean_std,1
909f7f8b-d304-4238-83b0-de0e4114d3e2,1,wet,weak_expert,3,0.1586323473364868,1,0,rf__trees300__depth10__leaf5__features0p1,mean_std,0
93833a6e-c67c-4c5f-9570-6f36ac22b9e6,1,wet,weak_expert,3,0.15818982786915697,1,0,rf__trees300__depth10__leaf5__features0p1,mean_std,0
956a3b1f-1961-40cf-ad48-fb36090f7331,1,wet,weak_expert,3,0.2896005027417398,1,0,rf__trees300__depth10__leaf5__features0p1,mean_std,0
967a1fee-a7df-4644-9693-498626b618cc,1,wet,weak_expert,3,0.29272699167431365,1,0,rf__trees300__depth10__leaf5__features0p1,mean_std,0
9a80a95e-6d74-4d45-bfd0-62c3eb40471a,1,wet,weak_expert,3,0.33998746940606556,1,0,rf__trees300__depth10__leaf5__features0p1,mean_std,0
9c9d5f33-e8e4-4483-a9ba-992fe633e486,1,wet,weak_expert,3,0.41908717683533286,1,1,rf__trees300__depth10__leaf5__features0p1,mean_std,0
9ebf6f35-91a8-4c33-84cb-fbeec8f2f557,1,wet,weak_expert,3,0.45590286019388165,1,1,rf__trees300__depth10__leaf5__features0p1,mean_std,0
a22706e7-e1bb-40a9-a95a-2dd1f9fcbadb,1,wet,weak_expert,3,0.6421567058971722,1,1,rf__trees300__depth10__leaf5__features0p1,mean_std,1
a3e8863e-e604-4d56-8dc5-9d26a198b699,1,wet,weak_expert,3,0.613547128023178,1,1,rf__trees300__depth10__leaf5__features0p1,mean_std,1
a5025365-abca-4ff4-a335-a692389b7553,1,wet,weak_expert,3,0.2245254839057429,1,0,rf__trees300__depth10__leaf5__features0p1,mean_std,0
a521beb8-4e79-4d26-8a6a-7570afc0d8cb,1,wet,weak_expert,3,0.2978615589215993,1,0,rf__trees300__depth10__leaf5__features0p1,mean_std,0
a649bd89-6584-41e5-a251-033caa07d08a,1,wet,weak_expert,3,0.2968710185090386,1,0,rf__trees300__depth10__leaf5__features0p1,mean_std,0
ae05888f-fab3-4754-a98c-c3e76c82504d,1,wet,weak_expert,3,0.3666188264728066,1,0,rf__trees300__depth10__leaf5__features0p1,mean_std,0
ae7d06f1-2f0e-4fee-a080-76084ab5bb86,1,wet,weak_expert,3,0.49759275769794536,1,1,rf__trees300__depth10__leaf5__features0p1,mean_std,0
b54df7b6-c651-40e7-a80d-c0955f1abaa9,1,wet,weak_expert,3,0.14824633386396374,1,0,rf__trees300__depth10__leaf5__features0p1,mean_std,0
bb825a76-02ce-4a02-a001-7ae1a05d5bb8,1,wet,weak_expert,3,0.46160792913544035,1,1,rf__trees300__depth10__leaf5__features0p1,mean_std,0
bc048378-1d7f-44ed-a8a8-e2ce7d0a56ae,1,wet,weak_expert,3,0.2590704196920055,1,0,rf__trees300__depth10__leaf5__features0p1,mean_std,0
bce328d8-acfe-4cc9-bc60-e7934f3e6e5f,1,wet,weak_expert,3,0.28804192205859125,1,0,rf__trees300__depth10__leaf5__features0p1,mean_std,0
bf8e9236-0d63-46ed-9855-38a1074c2121,1,wet,weak_expert,3,0.37359433106747786,1,0,rf__trees300__depth10__leaf5__features0p1,mean_std,0
c3174535-aaef-4c26-b0b5-a38996e54763,1,wet,weak_expert,3,0.3433060366673594,1,0,rf__trees300__depth10__leaf5__features0p1,mean_std,0
cc7421cf-a094-4a17-a4cb-cecdd43b8095,1,wet,weak_expert,3,0.25314776455516175,1,0,rf__trees300__depth10__leaf5__features0p1,mean_std,0
cf756ffb-9f1f-4579-8f67-d00bf4a2330b,1,wet,weak_expert,3,0.445505904096194,1,1,rf__trees300__depth10__leaf5__features0p1,mean_std,0
d0a4cbf7-263d-49f1-978d-8cf767546e3c,1,wet,weak_expert,3,0.1575836082088911,1,0,rf__trees300__depth10__leaf5__features0p1,mean_std,0
dabd8101-b56b-40cd-84c6-169b7f8c6fbc,1,wet,weak_expert,3,0.23408143526957412,1,0,rf__trees300__depth10__leaf5__features0p1,mean_std,0
deec748e-a51e-4a37-a7fb-47df7b035292,1,wet,weak_expert,3,0.17949292769709574,1,0,rf__trees300__depth10__leaf5__features0p1,mean_std,0
e34e8cb1-f615-4542-849a-d6e6f7e7f6e2,1,wet,weak_expert,3,0.4587855762750857,1,1,rf__trees300__depth10__leaf5__features0p1,mean_std,0
e971aab1-03f6-47c1-b826-ce9004ac7698,1,wet,weak_expert,3,0.5309080147775204,1,1,rf__trees300__depth10__leaf5__features0p1,mean_std,1
eb43c33d-b6a1-476a-a135-40b872e8221b,1,wet,weak_expert,3,0.20258995629739557,1,0,rf__trees300__depth10__leaf5__features0p1,mean_std,0
fcd7caa2-6034-457c-a8ab-6b838bf60d2b,1,wet,weak_expert,3,0.6718743111611163,1,1,rf__trees300__depth10__leaf5__features0p1,mean_std,1
ff201807-134a-4a38-92e3-4eaab9219681,1,wet,weak_expert,3,0.23949710253960432,1,0,rf__trees300__depth10__leaf5__features0p1,mean_std,0
005b8518-03ba-4bf5-86d2-005541442357,0,dry,weak_expert,4,0.433764927090996,1,1,rf__trees300__depth10__leaf5__features0p1,mean_std,0
01208e5c-5338-4f1b-b8c6-41c049e40d90,0,dry,weak_expert,4,0.3486627618514738,1,0,rf__trees300__depth10__leaf5__features0p1,mean_std,0
01ff40e8-63e6-4570-a463-9778ea30cad7,0,dry,gold_expert,4,0.26814433440542723,1,0,rf__trees300__depth10__leaf5__features0p1,mean_std,0
033da4e3-7365-4adc-9252-7347816e4e77,0,dry,weak_expert,4,0.1722164205884704,1,0,rf__trees300__depth10__leaf5__features0p1,mean_std,0
0512e4fa-684b-4d81-8dda-a38ffd0b67a9,0,dry,weak_expert,4,0.1746413719077847,1,0,rf__trees300__depth10__leaf5__features0p1,mean_std,0
06b58ff7-42e9-49d8-8b56-dd82e7b18ace,0,dry,weak_expert,4,0.11046018140377255,1,0,rf__trees300__depth10__leaf5__features0p1,mean_std,0
080b6119-f1ab-4337-93dd-aaccf73b4ee1,0,dry,weak_expert,4,0.1239120103330941,1,0,rf__trees300__depth10__leaf5__features0p1,mean_std,0
0f8fb3e0-1a30-4bd3-982a-24342a0bdc70,0,dry,gold_expert,4,0.3953654442106796,1,0,rf__trees300__depth10__leaf5__features0p1,mean_std,0
1005ef8a-7d26-441e-bf06-8849165038d0,0,dry,weak_expert,4,0.08666438987835962,1,0,rf__trees300__depth10__leaf5__features0p1,mean_std,0
11f2a916-e3d5-4c8a-a339-d1d3e1c5f4d3,0,dry,weak_expert,4,0.13779672671903737,1,0,rf__trees300__depth10__leaf5__features0p1,mean_std,0
134e5ac2-706b-4098-969e-18c24f0f0002,0,dry,weak_expert,4,0.42355018393689664,1,1,rf__trees300__depth10__leaf5__features0p1,mean_std,0
1351a8e1-f5e5-4a05-a6a9-4bac18393022,0,dry,weak_expert,4,0.47734260296205455,1,1,rf__trees300__depth10__leaf5__features0p1,mean_std,0
14b9f356-c3dd-456f-9875-5125040d0c83,0,dry,weak_expert,4,0.1500615987397418,1,0,rf__trees300__depth10__leaf5__features0p1,mean_std,0
150de1d1-3e1c-4319-8575-cc8b89f775f3,0,dry,weak_expert,4,0.21828256505453728,1,0,rf__trees300__depth10__leaf5__features0p1,mean_std,0
17e623e8-7179-4805-889b-83ba37063d21,0,dry,weak_expert,4,0.09961595068704601,1,0,rf__trees300__depth10__leaf5__features0p1,mean_std,0
198f3500-da31-4e16-aa93-05e56a62eea2,0,dry,weak_expert,4,0.07654211316700404,1,0,rf__trees300__depth10__leaf5__features0p1,mean_std,0
1b7a8173-80be-4905-bdaa-b471b228b1ed,0,dry,weak_expert,4,0.1271595317404505,1,0,rf__trees300__depth10__leaf5__features0p1,mean_std,0
1d8101a3-75b0-4ba8-840d-965eb76ab547,0,dry,weak_expert,4,0.4615251932308749,1,1,rf__trees300__depth10__leaf5__features0p1,mean_std,0
1dca9938-00dd-469a-a476-da7d21e90027,0,dry,weak_expert,4,0.4121605702581046,1,1,rf__trees300__depth10__leaf5__features0p1,mean_std,0
1e4a8472-c9f7-4677-a92a-0e1ff412ab5b,0,dry,weak_expert,4,0.4605464421383428,1,1,rf__trees300__depth10__leaf5__features0p1,mean_std,0
1fcd577a-af2b-4352-a735-a1d1a7e7d0b1,0,dry,weak_expert,4,0.31792468391663725,1,0,rf__trees300__depth10__leaf5__features0p1,mean_std,0
22dcfcdd-52a8-4b42-9c50-c0a3696382a9,0,dry,weak_expert,4,0.17941556891539637,1,0,rf__trees300__depth10__leaf5__features0p1,mean_std,0
240021ec-048e-431d-9548-11d7c234389e,0,dry,weak_expert,4,0.3416182636355056,1,0,rf__trees300__depth10__leaf5__features0p1,mean_std,0
2457c496-0a45-4c4c-942f-5598c39c9b89,0,dry,weak_expert,4,0.4853583235266788,1,1,rf__trees300__depth10__leaf5__features0p1,mean_std,0
24f20435-bf37-4ba8-b5e3-47c492e8f52b,0,dry,weak_expert,4,0.4126073163130972,1,1,rf__trees300__depth10__leaf5__features0p1,mean_std,0
259ecdd2-5641-4b33-966d-7cf0b3af87a5,0,dry,weak_expert,4,0.6149645411402129,1,1,rf__trees300__depth10__leaf5__features0p1,mean_std,1
2716f7c1-a47d-4634-9f97-e2d8c59b3bbf,0,dry,weak_expert,4,0.13965794903483672,1,0,rf__trees300__depth10__leaf5__features0p1,mean_std,0
2a49d183-60b0-4ccf-8147-876cc291670f,0,dry,weak_expert,4,0.20988778108172726,1,0,rf__trees300__depth10__leaf5__features0p1,mean_std,0
2c16ec6e-321d-4d18-82f4-9e5f59e32449,0,dry,weak_expert,4,0.45950259142226674,1,1,rf__trees300__depth10__leaf5__features0p1,mean_std,0
2c2e3dea-3a4d-47f3-9c14-3058cc44db47,0,dry,weak_expert,4,0.33471885917276023,1,0,rf__trees300__depth10__leaf5__features0p1,mean_std,0
2cba06c6-a2af-4307-b53b-cdde40ee9492,0,dry,weak_expert,4,0.2215941508995598,1,0,rf__trees300__depth10__leaf5__features0p1,mean_std,0
2d9cb119-d985-4dc8-8b8e-8f0ac488f2ad,0,dry,weak_expert,4,0.2606719138488131,1,0,rf__trees300__depth10__leaf5__features0p1,mean_std,0
2daf940f-6253-4edb-b801-f3db88255d22,0,dry,weak_expert,4,0.29113582744074107,1,0,rf__trees300__depth10__leaf5__features0p1,mean_std,0
3050a1e2-d70b-4f86-9e57-f33220b8f990,0,dry,weak_expert,4,0.22796268619126636,1,0,rf__trees300__depth10__leaf5__features0p1,mean_std,0
30b9a320-705b-452a-9ff9-daa6f5639085,0,dry,weak_expert,4,0.13137572135618777,1,0,rf__trees300__depth10__leaf5__features0p1,mean_std,0
318642a7-90a0-484e-b40c-30286ae88037,0,dry,weak_expert,4,0.4919493611382645,1,1,rf__trees300__depth10__leaf5__features0p1,mean_std,0
31874a9d-4405-40c4-b088-b0b16fa94690,0,dry,weak_expert,4,0.4069194672249577,1,1,rf__trees300__depth10__leaf5__features0p1,mean_std,0
33b688eb-cae8-40cb-9d71-694f5d2f417f,0,dry,weak_expert,4,0.09363857308384815,1,0,rf__trees300__depth10__leaf5__features0p1,mean_std,0
35a40835-dc69-4e0d-b833-6b58df25c8cc,0,dry,weak_expert,4,0.09738755486443121,1,0,rf__trees300__depth10__leaf5__features0p1,mean_std,0
36d1c7ee-0e4f-4d25-8e0c-e38bd76143eb,0,dry,weak_expert,4,0.4179638358358387,1,1,rf__trees300__depth10__leaf5__features0p1,mean_std,0
37b27ce5-a134-431d-ae71-8c3c6fe273af,0,dry,weak_expert,4,0.1973985072921003,1,0,rf__trees300__depth10__leaf5__features0p1,mean_std,0
380e3cbd-961d-42ff-9553-e902926e6740,0,dry,weak_expert,4,0.30275719900841624,1,0,rf__trees300__depth10__leaf5__features0p1,mean_std,0
38cd2f39-edad-4c95-a338-c127c6ae3517,0,dry,weak_expert,4,0.41758131242208035,1,1,rf__trees300__depth10__leaf5__features0p1,mean_std,0
3987cfec-1d63-4362-9d51-0f98b1fa67fd,0,dry,weak_expert,4,0.4290739950111984,1,1,rf__trees300__depth10__leaf5__features0p1,mean_std,0
3ac4c15d-fadd-430f-8866-399b9bd19adc,0,dry,weak_expert,4,0.24405618229935347,1,0,rf__trees300__depth10__leaf5__features0p1,mean_std,0
3b1cd361-b8b0-47ae-a02a-d2b0f2d40807,0,dry,weak_expert,4,0.1405426798343629,1,0,rf__trees300__depth10__leaf5__features0p1,mean_std,0
3cbb5093-53f6-45a7-8bbc-ea87c51dc88c,0,dry,weak_expert,4,0.24192926947726642,1,0,rf__trees300__depth10__leaf5__features0p1,mean_std,0
3daa3dd0-e920-46a8-bca5-2a7f728998d7,0,dry,weak_expert,4,0.10730958689986841,1,0,rf__trees300__depth10__leaf5__features0p1,mean_std,0
3deed1f8-085b-4531-92f1-c03ec500802a,0,dry,weak_expert,4,0.2707407842934463,1,0,rf__trees300__depth10__leaf5__features0p1,mean_std,0
3f80b816-c688-478a-a5da-85ed19581b1e,0,dry,weak_expert,4,0.2385460698568303,1,0,rf__trees300__depth10__leaf5__features0p1,mean_std,0
40c8a6bc-b676-4678-8987-1db07f5923c4,0,dry,weak_expert,4,0.11554098776542385,1,0,rf__trees300__depth10__leaf5__features0p1,mean_std,0
41b99768-ae1b-4038-b831-d7c7d225f369,0,dry,weak_expert,4,0.11042387766437033,1,0,rf__trees300__depth10__leaf5__features0p1,mean_std,0
421d9f99-9d55-40e6-8d30-0d9891605994,0,dry,weak_expert,4,0.06825746238241111,1,0,rf__trees300__depth10__leaf5__features0p1,mean_std,0
424f1c61-5421-4da9-b3de-70e2d706867e,0,dry,weak_expert,4,0.2654835718099854,1,0,rf__trees300__depth10__leaf5__features0p1,mean_std,0
4283550e-8fe9-4495-9b3e-11ab3020d254,0,dry,weak_expert,4,0.3459336368534783,1,0,rf__trees300__depth10__leaf5__features0p1,mean_std,0
433a37a6-02c8-4ff3-b71b-67d4c9968919,0,dry,weak_expert,4,0.5058532165606063,1,1,rf__trees300__depth10__leaf5__features0p1,mean_std,1
43d6034a-6751-4023-9ee7-6510dd3e157d,0,dry,weak_expert,4,0.15508358702304162,1,0,rf__trees300__depth10__leaf5__features0p1,mean_std,0
43df4f16-fb75-43bb-a866-5231a9243e21,0,dry,weak_expert,4,0.23356446817469026,1,0,rf__trees300__depth10__leaf5__features0p1,mean_std,0
4493e997-621f-4fa5-8c0d-84d6b245b75a,0,dry,weak_expert,4,0.38517514886887155,1,0,rf__trees300__depth10__leaf5__features0p1,mean_std,0
44c295f9-5176-41ce-a1e2-f94633b9b57b,0,dry,weak_expert,4,0.41746787144262804,1,1,rf__trees300__depth10__leaf5__features0p1,mean_std,0
450dbdc0-e479-43a2-b3d2-8e51b8253649,0,dry,weak_expert,4,0.43758221165619154,1,1,rf__trees300__depth10__leaf5__features0p1,mean_std,0
460a8717-0a50-4e1f-b399-86e27cc31579,0,dry,weak_expert,4,0.3851896729648213,1,0,rf__trees300__depth10__leaf5__features0p1,mean_std,0
46a647cb-8f90-4020-affb-775bf931e775,0,dry,weak_expert,4,0.29198103683282717,1,0,rf__trees300__depth10__leaf5__features0p1,mean_std,0
48b287c0-5c2b-44ef-b469-3808b3b287ea,0,dry,gold_expert,4,0.30427930240623424,1,0,rf__trees300__depth10__leaf5__features0p1,mean_std,0
49bc7b95-fbe5-4933-886e-8752b8acf842,0,dry,weak_expert,4,0.2887282882929065,1,0,rf__trees300__depth10__leaf5__features0p1,mean_std,0
4c2840ed-fd4b-4a86-b976-5cc040d6ea4e,0,dry,gold_expert,4,0.16007022659798,1,0,rf__trees300__depth10__leaf5__features0p1,mean_std,0
4ced00fc-ff57-4a83-bc12-fc5876503c6f,0,dry,weak_expert,4,0.34965002704148057,1,0,rf__trees300__depth10__leaf5__features0p1,mean_std,0
4eec3002-43f3-477b-bd24-bc2ba1fd920e,0,dry,weak_expert,4,0.15619831393532946,1,0,rf__trees300__depth10__leaf5__features0p1,mean_std,0
4fa482c1-e2c7-402f-b383-343c18be4ccd,0,dry,weak_expert,4,0.1959165052521379,1,0,rf__trees300__depth10__leaf5__features0p1,mean_std,0
50e4574d-0fa7-4fa0-977d-394644797b1b,0,dry,weak_expert,4,0.36479175844955725,1,0,rf__trees300__depth10__leaf5__features0p1,mean_std,0
51d4bc80-1f02-4ffa-8e2e-1dc3527a0979,0,dry,gold_expert,4,0.41828425013121423,1,1,rf__trees300__depth10__leaf5__features0p1,mean_std,0
56ff4794-4d52-4b89-8e9c-68ab3d8d1a48,0,dry,weak_expert,4,0.07823385918525501,1,0,rf__trees300__depth10__leaf5__features0p1,mean_std,0
583240d0-4e6f-4456-8894-be5a74010add,0,dry,weak_expert,4,0.18568194447502406,1,0,rf__trees300__depth10__leaf5__features0p1,mean_std,0
59285a69-a0c0-40fb-92ee-c4a771b292b4,0,dry,weak_expert,4,0.20962247279939408,1,0,rf__trees300__depth10__leaf5__features0p1,mean_std,0
5998a733-5790-4918-adff-cef8e7b12a73,0,dry,weak_expert,4,0.35059922228477697,1,0,rf__trees300__depth10__leaf5__features0p1,mean_std,0
5a0fe430-5054-4fe4-b2da-29824128b3a4,0,dry,weak_expert,4,0.4444804984854243,1,1,rf__trees300__depth10__leaf5__features0p1,mean_std,0
5a229a4b-e0ae-478c-97d5-1963cb0ac690,0,dry,weak_expert,4,0.26116319766082124,1,0,rf__trees300__depth10__leaf5__features0p1,mean_std,0
5a783d35-fd85-43d7-9ae7-22db4f523269,0,dry,weak_expert,4,0.3694977164128052,1,0,rf__trees300__depth10__leaf5__features0p1,mean_std,0
5b0be374-28d0-4a16-b010-0c18a460a7d4,0,dry,weak_expert,4,0.28110743051265746,1,0,rf__trees300__depth10__leaf5__features0p1,mean_std,0
5bbd361a-f7ab-4397-9eec-e76a4758489d,0,dry,weak_expert,4,0.21944544767276242,1,0,rf__trees300__depth10__leaf5__features0p1,mean_std,0
5c3d8573-8193-4501-8a27-d5e2f881c7b4,0,dry,weak_expert,4,0.3190380622424316,1,0,rf__trees300__depth10__leaf5__features0p1,mean_std,0
5d4cb7a7-b4e4-4eed-828d-e5c46829da09,0,dry,weak_expert,4,0.2054686685642799,1,0,rf__trees300__depth10__leaf5__features0p1,mean_std,0
5d5c5271-5a75-49ed-99fb-dc62d85071ff,0,dry,weak_expert,4,0.11341664361424096,1,0,rf__trees300__depth10__leaf5__features0p1,mean_std,0
5d7f356e-f0bf-4cee-896d-9341e81ddaaf,0,dry,weak_expert,4,0.1717112185262691,1,0,rf__trees300__depth10__leaf5__features0p1,mean_std,0
5fb358c3-76bc-4adc-93ac-02f367e38739,0,dry,weak_expert,4,0.0825451277859502,1,0,rf__trees300__depth10__leaf5__features0p1,mean_std,0
617658ed-22f1-4286-9da8-ae3410da15ed,0,dry,weak_expert,4,0.18685911229516342,1,0,rf__trees300__depth10__leaf5__features0p1,mean_std,0
61924ecf-e529-41de-b3a8-626bc58e044d,0,dry,weak_expert,4,0.5489640768261282,1,1,rf__trees300__depth10__leaf5__features0p1,mean_std,1
64565fdb-05f4-4ee8-abe3-13b2a6bde887,0,dry,weak_expert,4,0.15024716220441506,1,0,rf__trees300__depth10__leaf5__features0p1,mean_std,0
64c52b39-ae24-4423-bb47-81772a444bfe,0,dry,weak_expert,4,0.30667096018442475,1,0,rf__trees300__depth10__leaf5__features0p1,mean_std,0
64ff0a57-3000-465e-b47c-82f326b28368,0,dry,weak_expert,4,0.5592887368692839,1,1,rf__trees300__depth10__leaf5__features0p1,mean_std,1
65f8a73e-9cf4-480f-8f4f-c31e67753ea7,0,dry,weak_expert,4,0.32875081794085875,1,0,rf__trees300__depth10__leaf5__features0p1,mean_std,0
664efc01-b7d3-4dfd-a1c8-dbbcba0780ce,0,dry,weak_expert,4,0.1923282012787584,1,0,rf__trees300__depth10__leaf5__features0p1,mean_std,0
671d5452-c6a5-456b-aac5-48ef5278f773,0,dry,weak_expert,4,0.0797400013513439,1,0,rf__trees300__depth10__leaf5__features0p1,mean_std,0
6864ecfc-c540-4e0d-a9cb-933dd9b77e05,0,dry,weak_expert,4,0.3145375311692281,1,0,rf__trees300__depth10__leaf5__features0p1,mean_std,0
69443da8-7868-4020-8eb6-af768b893a21,0,dry,weak_expert,4,0.3886112565972193,1,0,rf__trees300__depth10__leaf5__features0p1,mean_std,0
6ae99e6f-623c-45e5-aa98-cf00914f1974,0,dry,weak_expert,4,0.4131453079185785,1,1,rf__trees300__depth10__leaf5__features0p1,mean_std,0
6cbc0d07-c436-48c5-a13f-e1c0e9334550,0,dry,weak_expert,4,0.41556666424786715,1,1,rf__trees300__depth10__leaf5__features0p1,mean_std,0
6cd0a8d6-8e94-4ff2-8ad6-ed18ae2b207c,0,dry,weak_expert,4,0.4620556639813561,1,1,rf__trees300__depth10__leaf5__features0p1,mean_std,0
6ecde34e-2767-47b0-aef3-2828d4b181c7,0,dry,weak_expert,4,0.43132054170551387,1,1,rf__trees300__depth10__leaf5__features0p1,mean_std,0
6f2e1f59-6d57-499a-8c26-978d80255271,0,dry,weak_expert,4,0.4146045239841057,1,1,rf__trees300__depth10__leaf5__features0p1,mean_std,0
6f2e82d2-a307-43d7-b3a9-b50cb1a04d9e,0,dry,weak_expert,4,0.46016796801456783,1,1,rf__trees300__depth10__leaf5__features0p1,mean_std,0
70049bd1-5f1b-42fe-8d8e-2ebf384cfca3,0,dry,weak_expert,4,0.402462480952568,1,1,rf__trees300__depth10__leaf5__features0p1,mean_std,0
71b26116-62cd-46ca-89a4-0642e0f2bc52,0,dry,weak_expert,4,0.3037985234441777,1,0,rf__trees300__depth10__leaf5__features0p1,mean_std,0
727349f2-4730-45f6-99fe-8cf1ae1f2004,0,dry,weak_expert,4,0.12172447203317148,1,0,rf__trees300__depth10__leaf5__features0p1,mean_std,0
72bf1cb5-9f60-40db-9666-470d6d02f02c,0,dry,weak_expert,4,0.6052642821064778,1,1,rf__trees300__depth10__leaf5__features0p1,mean_std,1
74d33247-658a-45ea-a641-5b736ee5498f,0,dry,weak_expert,4,0.15335466430214298,1,0,rf__trees300__depth10__leaf5__features0p1,mean_std,0
760194db-a651-4a06-b7b8-bffd126364cf,0,dry,weak_expert,4,0.3775055914711965,1,0,rf__trees300__depth10__leaf5__features0p1,mean_std,0
76f0dea9-2043-4984-b515-7a0d03d31035,0,dry,weak_expert,4,0.20749953542155944,1,0,rf__trees300__depth10__leaf5__features0p1,mean_std,0
778c38b9-431e-467c-85b0-468e79deacd8,0,dry,weak_expert,4,0.2768299808994903,1,0,rf__trees300__depth10__leaf5__features0p1,mean_std,0
7869b66e-5c53-42b8-8741-8e7398f78137,0,dry,weak_expert,4,0.4233232403632828,1,1,rf__trees300__depth10__leaf5__features0p1,mean_std,0
79221f97-e57f-476c-a8b1-57c65ff4e01c,0,dry,weak_expert,4,0.1819373997000717,1,0,rf__trees300__depth10__leaf5__features0p1,mean_std,0
7981abda-eba4-4508-925d-596aa1da5497,0,dry,weak_expert,4,0.16849608231452648,1,0,rf__trees300__depth10__leaf5__features0p1,mean_std,0
79e8672c-fcd7-49ad-bbd7-1ad4a50d07e6,0,dry,weak_expert,4,0.16367777727717434,1,0,rf__trees300__depth10__leaf5__features0p1,mean_std,0
7a985f89-ed5d-41e2-9f5d-8d8982508665,0,dry,weak_expert,4,0.14423187873318788,1,0,rf__trees300__depth10__leaf5__features0p1,mean_std,0
7ad010ba-c400-43bc-b5c6-6d5df815d1f7,0,dry,weak_expert,4,0.390312753371313,1,0,rf__trees300__depth10__leaf5__features0p1,mean_std,0
7b3f90c2-9236-4bdc-abf9-375698074f5e,0,dry,weak_expert,4,0.4264998909514948,1,1,rf__trees300__depth10__leaf5__features0p1,mean_std,0
7b7f6998-7f52-475f-8bbd-e76d80eafd91,0,dry,weak_expert,4,0.3230538205020619,1,0,rf__trees300__depth10__leaf5__features0p1,mean_std,0
7b962d6a-50fa-48ef-80f0-9d8b23747e90,0,dry,weak_expert,4,0.3733096305773158,1,0,rf__trees300__depth10__leaf5__features0p1,mean_std,0
7cd1efb7-e973-492d-8a2c-e00a42ef0d78,0,dry,weak_expert,4,0.5542031459031266,1,1,rf__trees300__depth10__leaf5__features0p1,mean_std,1
7d2e208f-4b40-43c8-8f85-e05f9671db2c,0,dry,weak_expert,4,0.3292649107683717,1,0,rf__trees300__depth10__leaf5__features0p1,mean_std,0
7dc5b3de-2746-46b1-80c4-a73288f37773,0,dry,weak_expert,4,0.31845926139747843,1,0,rf__trees300__depth10__leaf5__features0p1,mean_std,0
7e782166-6aa4-451c-9b01-afc57c43c3a1,0,dry,weak_expert,4,0.445539527123117,1,1,rf__trees300__depth10__leaf5__features0p1,mean_std,0
7e7dc35c-f4a3-4988-a5af-4b9cf730aa4f,0,dry,weak_expert,4,0.3093310597755008,1,0,rf__trees300__depth10__leaf5__features0p1,mean_std,0
7f1f564a-55eb-4357-b411-e0bf9818e56c,0,dry,weak_expert,4,0.46431528635175634,1,1,rf__trees300__depth10__leaf5__features0p1,mean_std,0
7fe58bc1-6f08-4eee-801c-0c8bf9287fd5,0,dry,weak_expert,4,0.20712628278330497,1,0,rf__trees300__depth10__leaf5__features0p1,mean_std,0
814a5c9e-6174-4efa-a378-a990ac566ae2,0,dry,weak_expert,4,0.13282291460078557,1,0,rf__trees300__depth10__leaf5__features0p1,mean_std,0
83f5d563-5e0c-4f09-b967-d66ade3ad885,0,dry,weak_expert,4,0.21801670783217786,1,0,rf__trees300__depth10__leaf5__features0p1,mean_std,0
84d8364a-bce5-4e2d-89ca-af05d62b4709,0,dry,weak_expert,4,0.4767643682988247,1,1,rf__trees300__depth10__leaf5__features0p1,mean_std,0
8815d555-76ba-4803-b536-22df34e872dc,0,dry,weak_expert,4,0.22327290423474058,1,0,rf__trees300__depth10__leaf5__features0p1,mean_std,0
88bec0f2-8dbd-44d5-a6c2-de1cf0646737,0,dry,weak_expert,4,0.48649717672553244,1,1,rf__trees300__depth10__leaf5__features0p1,mean_std,0
89bb7d99-45fd-4199-90d1-ac000fa68a65,0,dry,weak_expert,4,0.10390774977719117,1,0,rf__trees300__depth10__leaf5__features0p1,mean_std,0
8a3058b7-c1ec-43d8-ae17-f1c72da07a21,0,dry,weak_expert,4,0.4305977485538033,1,1,rf__trees300__depth10__leaf5__features0p1,mean_std,0
8aa95c58-4f0f-4df6-89a2-4b3b5d7841bb,0,dry,weak_expert,4,0.25904281731177187,1,0,rf__trees300__depth10__leaf5__features0p1,mean_std,0
8d870fda-3cb4-4d17-8650-c52596963ff3,0,dry,weak_expert,4,0.48673840988373807,1,1,rf__trees300__depth10__leaf5__features0p1,mean_std,0
8e4d3ab1-5e08-424f-9146-054314535ad5,0,dry,weak_expert,4,0.38230775753963264,1,0,rf__trees300__depth10__leaf5__features0p1,mean_std,0
8ec67d70-2a82-45ea-a646-ab8a5bc4bf4f,0,dry,weak_expert,4,0.46612110427568626,1,1,rf__trees300__depth10__leaf5__features0p1,mean_std,0
8f5531fb-5c2a-450b-b14c-4321085887d8,0,dry,gold_expert,4,0.3689428610575233,1,0,rf__trees300__depth10__leaf5__features0p1,mean_std,0
92307087-a106-4fd5-919a-a92b57ffd316,0,dry,weak_expert,4,0.3911012830941296,1,0,rf__trees300__depth10__leaf5__features0p1,mean_std,0
92580ab5-bc25-48ee-b844-16e2084cf14b,0,dry,weak_expert,4,0.397377418653592,1,0,rf__trees300__depth10__leaf5__features0p1,mean_std,0
92a40891-fb6b-41ad-b005-bd84c48d12ef,0,dry,weak_expert,4,0.271837145768446,1,0,rf__trees300__depth10__leaf5__features0p1,mean_std,0
93d36f3e-2008-44cc-af6f-adb012cef434,0,dry,weak_expert,4,0.21757471972008482,1,0,rf__trees300__depth10__leaf5__features0p1,mean_std,0
95677325-1a53-4792-bc6d-f2f707cfcb24,0,dry,weak_expert,4,0.2204728446564114,1,0,rf__trees300__depth10__leaf5__features0p1,mean_std,0
95c2af6d-4ed8-4626-88d0-27515a452ffe,0,dry,weak_expert,4,0.4963844315530784,1,1,rf__trees300__depth10__leaf5__features0p1,mean_std,0
96684bb9-596c-4886-80e3-ccb2238e41d2,0,dry,weak_expert,4,0.2662265055517189,1,0,rf__trees300__depth10__leaf5__features0p1,mean_std,0
9668aedd-1d7b-48e7-86d1-7c00c67211ae,0,dry,weak_expert,4,0.1642415082775623,1,0,rf__trees300__depth10__leaf5__features0p1,mean_std,0
96898934-8f8e-4af6-b351-24039794ea57,0,dry,weak_expert,4,0.6253033146869088,1,1,rf__trees300__depth10__leaf5__features0p1,mean_std,1
9a4d243e-4ac6-4c34-9b73-7ef188a02ed0,0,dry,weak_expert,4,0.4493593202253646,1,1,rf__trees300__depth10__leaf5__features0p1,mean_std,0
9a70cfcf-2df1-4bbc-aed8-aa9afa094a9f,0,dry,weak_expert,4,0.375927392358563,1,0,rf__trees300__depth10__leaf5__features0p1,mean_std,0
9a8ced91-6c7b-4eee-beb2-252ab3d9554d,0,dry,weak_expert,4,0.15831757503102775,1,0,rf__trees300__depth10__leaf5__features0p1,mean_std,0
9ad9631c-6910-4f4e-ada7-319db3a165c4,0,dry,weak_expert,4,0.5159880544423595,1,1,rf__trees300__depth10__leaf5__features0p1,mean_std,1
9aea1b03-9fc0-48c9-9e62-a6ac15633c03,0,dry,weak_expert,4,0.34310790972229005,1,0,rf__trees300__depth10__leaf5__features0p1,mean_std,0
9bdef567-3097-4553-8dab-beed4036d779,0,dry,weak_expert,4,0.4390206182768953,1,1,rf__trees300__depth10__leaf5__features0p1,mean_std,0
9d389c55-da76-4670-b950-f5c03742d905,0,dry,weak_expert,4,0.6419241988693624,1,1,rf__trees300__depth10__leaf5__features0p1,mean_std,1
9d4a6e36-fb08-4ef4-a309-7905212f67b0,0,dry,weak_expert,4,0.3614136106300223,1,0,rf__trees300__depth10__leaf5__features0p1,mean_std,0
9d72542d-65e3-430c-910b-fd34a2527812,0,dry,weak_expert,4,0.17661241661149843,1,0,rf__trees300__depth10__leaf5__features0p1,mean_std,0
9e1a07c9-37a4-441a-a5a3-834b2283ae01,0,dry,weak_expert,4,0.5195301645479046,1,1,rf__trees300__depth10__leaf5__features0p1,mean_std,1
9e5738c6-7649-42d5-be58-1e289796f189,0,dry,weak_expert,4,0.16961548250183442,1,0,rf__trees300__depth10__leaf5__features0p1,mean_std,0
9e6d88da-2a85-4c86-a606-e66d83bf7550,0,dry,weak_expert,4,0.33091775117234645,1,0,rf__trees300__depth10__leaf5__features0p1,mean_std,0
9fe0d71a-e946-467e-aac2-767ae85ed884,0,dry,weak_expert,4,0.08599426644507001,1,0,rf__trees300__depth10__leaf5__features0p1,mean_std,0
a0b2c39c-8a24-4984-aa0f-009f13a700c5,0,dry,weak_expert,4,0.1832410507761198,1,0,rf__trees300__depth10__leaf5__features0p1,mean_std,0
a13b9da9-a901-4622-9898-71f76097b98c,0,dry,weak_expert,4,0.36132985576073157,1,0,rf__trees300__depth10__leaf5__features0p1,mean_std,0
a3652154-abdd-4d52-98cf-cddfc1c75447,0,dry,weak_expert,4,0.21337482453534085,1,0,rf__trees300__depth10__leaf5__features0p1,mean_std,0
a41a84b6-f192-4b79-bb08-e47285cf8a4e,0,dry,weak_expert,4,0.3468826760855845,1,0,rf__trees300__depth10__leaf5__features0p1,mean_std,0
a4cc4680-8bb6-4646-b9cf-d77a4e8ada21,0,dry,weak_expert,4,0.16707192438562146,1,0,rf__trees300__depth10__leaf5__features0p1,mean_std,0
a4e4dc63-969f-4b6d-889a-b8f9d20028f7,0,dry,weak_expert,4,0.15178413157022702,1,0,rf__trees300__depth10__leaf5__features0p1,mean_std,0
a664172f-6df4-44db-bfd4-c735f1edc3e6,0,dry,weak_expert,4,0.3745743075897926,1,0,rf__trees300__depth10__leaf5__features0p1,mean_std,0
a69d7fc8-6cac-417e-9008-89bef72f1fa7,0,dry,weak_expert,4,0.21891651616364058,1,0,rf__trees300__depth10__leaf5__features0p1,mean_std,0
a7a5c702-df32-41e5-a129-a43ec576a480,0,dry,weak_expert,4,0.21244812840573346,1,0,rf__trees300__depth10__leaf5__features0p1,mean_std,0
aa577908-e7cd-485b-adfa-51c6d7828201,0,dry,weak_expert,4,0.2155433820213455,1,0,rf__trees300__depth10__leaf5__features0p1,mean_std,0
aa5a073e-9319-477b-b2ad-7465765d6340,0,dry,weak_expert,4,0.26972922529628846,1,0,rf__trees300__depth10__leaf5__features0p1,mean_std,0
ada1def9-7e36-4d4e-8e3e-e678afee4185,0,dry,gold_expert,4,0.23988698073178327,1,0,rf__trees300__depth10__leaf5__features0p1,mean_std,0
ae18328e-da30-4137-a717-a718ffe2412e,0,dry,gold_expert,4,0.38881957211930174,1,0,rf__trees300__depth10__leaf5__features0p1,mean_std,0
ae9ae0a2-f646-4f2d-a8d2-050d71fc3a29,0,dry,weak_expert,4,0.15989868676150215,1,0,rf__trees300__depth10__leaf5__features0p1,mean_std,0
b07782ac-d2f7-4c46-bd5a-045e715d20a3,0,dry,weak_expert,4,0.0976422272307124,1,0,rf__trees300__depth10__leaf5__features0p1,mean_std,0
b0aa16a7-ed93-4a11-88bf-031ea505282c,0,dry,weak_expert,4,0.19478012724033317,1,0,rf__trees300__depth10__leaf5__features0p1,mean_std,0
b0f187db-9026-4791-90dd-f845cdb3f90e,0,dry,weak_expert,4,0.41799880371086184,1,1,rf__trees300__depth10__leaf5__features0p1,mean_std,0
b1bdaeee-ffa3-4a1e-a213-7a74e3a863c3,0,dry,weak_expert,4,0.3445021077321931,1,0,rf__trees300__depth10__leaf5__features0p1,mean_std,0
b1e56350-eef1-4dd1-8d7a-446c15eff785,0,dry,weak_expert,4,0.29164709445705106,1,0,rf__trees300__depth10__leaf5__features0p1,mean_std,0
b273b74b-a227-43c9-be4b-3e8cf959fa44,0,dry,weak_expert,4,0.5556332052427234,1,1,rf__trees300__depth10__leaf5__features0p1,mean_std,1
b300ba99-adb0-4005-8292-e3ee5134a5a6,0,dry,weak_expert,4,0.3366526170361598,1,0,rf__trees300__depth10__leaf5__features0p1,mean_std,0
b46dc541-8b50-4f9b-b22a-761e144f88d9,0,dry,weak_expert,4,0.28849657108047494,1,0,rf__trees300__depth10__leaf5__features0p1,mean_std,0
b551c936-7f27-40a4-bf3b-2d8c4edfbae8,0,dry,weak_expert,4,0.1664269645022898,1,0,rf__trees300__depth10__leaf5__features0p1,mean_std,0
b66ea1a8-a46f-4890-8b1f-91c5841bfc99,0,dry,weak_expert,4,0.20664783069198828,1,0,rf__trees300__depth10__leaf5__features0p1,mean_std,0
bac8326b-2652-443d-8b58-af96cdf5284d,0,dry,weak_expert,4,0.3319865521329895,1,0,rf__trees300__depth10__leaf5__features0p1,mean_std,0
bb17ca61-9aa8-45d2-9b3e-52c53965641f,0,dry,weak_expert,4,0.13249343159120722,1,0,rf__trees300__depth10__leaf5__features0p1,mean_std,0
be265d6b-9bc3-4499-a099-940ad4479dde,0,dry,weak_expert,4,0.39601578925395836,1,0,rf__trees300__depth10__leaf5__features0p1,mean_std,0
beb10920-1bf0-42af-ada7-b73e73919bfa,0,dry,weak_expert,4,0.24857806404381785,1,0,rf__trees300__depth10__leaf5__features0p1,mean_std,0
bfeb3880-a9bc-438e-b171-f467ba93087d,0,dry,weak_expert,4,0.16797812921189015,1,0,rf__trees300__depth10__leaf5__features0p1,mean_std,0
c0687f80-4d3b-473e-9cd5-7ade1b43f528,0,dry,weak_expert,4,0.1559835475021336,1,0,rf__trees300__depth10__leaf5__features0p1,mean_std,0
c07264af-0bcb-41b6-9322-cdd1fb2d654f,0,dry,weak_expert,4,0.28082636066973193,1,0,rf__trees300__depth10__leaf5__features0p1,mean_std,0
c233a7a1-c6d8-4f5f-8f87-bfd180c6d32e,0,dry,weak_expert,4,0.35158594275396804,1,0,rf__trees300__depth10__leaf5__features0p1,mean_std,0
c2925320-df66-4a25-8309-3f1cca3dc37e,0,dry,weak_expert,4,0.27513275806173226,1,0,rf__trees300__depth10__leaf5__features0p1,mean_std,0
c36e8c36-3dfb-4ffd-98e2-118b6d58febf,0,dry,weak_expert,4,0.13265648175581388,1,0,rf__trees300__depth10__leaf5__features0p1,mean_std,0
c3cec81d-ff60-4b2b-a3ba-9ff86f268ea2,0,dry,weak_expert,4,0.3724336193377149,1,0,rf__trees300__depth10__leaf5__features0p1,mean_std,0
c5260e7e-c927-464a-8946-bf1559afa0cf,0,dry,weak_expert,4,0.2944551362032856,1,0,rf__trees300__depth10__leaf5__features0p1,mean_std,0
c52cae2c-3250-45e4-9c3a-4cfb08ef9c98,0,dry,weak_expert,4,0.40131170377444775,1,0,rf__trees300__depth10__leaf5__features0p1,mean_std,0
c54e2543-7e25-4a57-83fe-6b227220d00c,0,dry,weak_expert,4,0.34177691186109777,1,0,rf__trees300__depth10__leaf5__features0p1,mean_std,0
c55e4ac5-03f1-4432-ada6-be2c30e76bcb,0,dry,weak_expert,4,0.24230148641955224,1,0,rf__trees300__depth10__leaf5__features0p1,mean_std,0
c6fb2de6-86a6-4704-b267-11c0031431f2,0,dry,weak_expert,4,0.4587061497444057,1,1,rf__trees300__depth10__leaf5__features0p1,mean_std,0
c99bf408-50b8-48ba-984f-18fe7da1b484,0,dry,weak_expert,4,0.2090020331674003,1,0,rf__trees300__depth10__leaf5__features0p1,mean_std,0
ca4579a8-d65b-42aa-8fdf-1108e3b0323e,0,dry,weak_expert,4,0.5467954013958864,1,1,rf__trees300__depth10__leaf5__features0p1,mean_std,1
ca4c72fb-627d-4cd4-9120-ce93f05dcb56,0,dry,weak_expert,4,0.14976295488000219,1,0,rf__trees300__depth10__leaf5__features0p1,mean_std,0
ca81325c-1dc0-49ad-94cf-0b7d5b7f3a4a,0,dry,weak_expert,4,0.3020126543455825,1,0,rf__trees300__depth10__leaf5__features0p1,mean_std,0
caf07708-037e-44b8-b4f9-abeb76b237f2,0,dry,weak_expert,4,0.46618309720719897,1,1,rf__trees300__depth10__leaf5__features0p1,mean_std,0
caf4e7ea-513a-4f81-941a-56e28c49fb6d,0,dry,weak_expert,4,0.37268029664038416,1,0,rf__trees300__depth10__leaf5__features0p1,mean_std,0
cbe792ac-397c-4b38-91d3-043fef882f90,0,dry,weak_expert,4,0.49884955158631517,1,1,rf__trees300__depth10__leaf5__features0p1,mean_std,0
ce0c319b-da2c-4f90-9050-108a8156acb5,0,dry,weak_expert,4,0.2155193739098113,1,0,rf__trees300__depth10__leaf5__features0p1,mean_std,0
cf701e11-d828-45d4-ad04-ceceb7920886,0,dry,weak_expert,4,0.25095417504896667,1,0,rf__trees300__depth10__leaf5__features0p1,mean_std,0
cfecb0d8-defc-4875-afad-427f964ce2f3,0,dry,weak_expert,4,0.3183734713491661,1,0,rf__trees300__depth10__leaf5__features0p1,mean_std,0
d085181f-cd24-464a-9bd2-b8fe313d2321,0,dry,weak_expert,4,0.31475732707422166,1,0,rf__trees300__depth10__leaf5__features0p1,mean_std,0
d297b163-1de9-42b1-abf5-ee9ca659377f,0,dry,weak_expert,4,0.17906961326489865,1,0,rf__trees300__depth10__leaf5__features0p1,mean_std,0
d446bc98-e79e-41a7-9311-010b43c3f943,0,dry,weak_expert,4,0.23305471975751138,1,0,rf__trees300__depth10__leaf5__features0p1,mean_std,0
d474b19c-bc88-4c58-8cfc-5bca2308077c,0,dry,weak_expert,4,0.1185452378120637,1,0,rf__trees300__depth10__leaf5__features0p1,mean_std,0
d5a1411d-d312-44b1-a37d-a387ec13df1a,0,dry,gold_expert,4,0.4625993702194127,1,1,rf__trees300__depth10__leaf5__features0p1,mean_std,0
d5c506d9-9b17-4886-b5b3-999f8ee8060a,0,dry,weak_expert,4,0.1789375044408782,1,0,rf__trees300__depth10__leaf5__features0p1,mean_std,0
d64010f8-4dd5-45ce-8f3e-07335b3c4143,0,dry,weak_expert,4,0.41627729384630324,1,1,rf__trees300__depth10__leaf5__features0p1,mean_std,0
d6d428e1-3829-41e9-aa09-5f05e5eb058b,0,dry,weak_expert,4,0.344018574975344,1,0,rf__trees300__depth10__leaf5__features0p1,mean_std,0
d9936aee-41cf-4917-a02e-99b76db504c9,0,dry,gold_expert,4,0.5596822045614012,1,1,rf__trees300__depth10__leaf5__features0p1,mean_std,1
d9fb1d7c-a659-4194-831e-1a0110f57215,0,dry,weak_expert,4,0.4008075191921308,1,0,rf__trees300__depth10__leaf5__features0p1,mean_std,0
da1fad02-0141-4cbb-96bd-408bad5641b0,0,dry,weak_expert,4,0.3736103146795611,1,0,rf__trees300__depth10__leaf5__features0p1,mean_std,0
de39c600-5209-4974-954b-0a07f2ed4b6e,0,dry,weak_expert,4,0.38966048254886154,1,0,rf__trees300__depth10__leaf5__features0p1,mean_std,0
dea47426-a6cb-4ab4-a3aa-8dad29db8183,0,dry,weak_expert,4,0.38802004867252354,1,0,rf__trees300__depth10__leaf5__features0p1,mean_std,0
deb2972a-cee8-42f2-8cde-0639c71dda23,0,dry,weak_expert,4,0.3320922613906844,1,0,rf__trees300__depth10__leaf5__features0p1,mean_std,0
df09794b-095c-4ae9-8968-945ccc7b5668,0,dry,weak_expert,4,0.2643760137374752,1,0,rf__trees300__depth10__leaf5__features0p1,mean_std,0
df9cd86e-9e40-4da9-8291-3bc7f86b33f2,0,dry,weak_expert,4,0.4433682465017439,1,1,rf__trees300__depth10__leaf5__features0p1,mean_std,0
e206e88e-4a9e-4eab-b9c3-f1d5ed807c96,0,dry,weak_expert,4,0.35227732800769274,1,0,rf__trees300__depth10__leaf5__features0p1,mean_std,0
e339c45d-998d-4f9b-a8f4-300a63985aa2,0,dry,weak_expert,4,0.10817735263334048,1,0,rf__trees300__depth10__leaf5__features0p1,mean_std,0
e4739ce1-f3e5-4af2-adb5-98f022c50bf7,0,dry,weak_expert,4,0.3273451710659857,1,0,rf__trees300__depth10__leaf5__features0p1,mean_std,0
e64c0647-d3b9-47c0-8da6-09c1895ef9f1,0,dry,weak_expert,4,0.2948590727356099,1,0,rf__trees300__depth10__leaf5__features0p1,mean_std,0
e7bd9488-4878-404b-bc30-da40ac705462,0,dry,weak_expert,4,0.3643238069977659,1,0,rf__trees300__depth10__leaf5__features0p1,mean_std,0
e80023d9-392a-407a-9580-9c66eb45d7bd,0,dry,weak_expert,4,0.2753727636603824,1,0,rf__trees300__depth10__leaf5__features0p1,mean_std,0
e8759970-c5b4-4d2a-a71c-d08ee83f482a,0,dry,weak_expert,4,0.33265213720303627,1,0,rf__trees300__depth10__leaf5__features0p1,mean_std,0
e8f9178e-30b1-45b8-bde1-b4f00c4b4883,0,dry,weak_expert,4,0.24458835720442015,1,0,rf__trees300__depth10__leaf5__features0p1,mean_std,0
e92ed6f0-70a8-425f-8dee-1b0443381224,0,dry,weak_expert,4,0.5529764860371669,1,1,rf__trees300__depth10__leaf5__features0p1,mean_std,1
e9ac8c20-f223-4225-8e17-bd524ecb0a68,0,dry,weak_expert,4,0.3993498036802072,1,0,rf__trees300__depth10__leaf5__features0p1,mean_std,0
e9b6c992-e63c-446d-8c92-e7e62209b6a1,0,dry,weak_expert,4,0.1788884276741606,1,0,rf__trees300__depth10__leaf5__features0p1,mean_std,0
e9bf0a5a-ff96-480b-a54a-f647143e1d6f,0,dry,gold_expert,4,0.2999592279310652,1,0,rf__trees300__depth10__leaf5__features0p1,mean_std,0
eaed556e-e896-4e43-baca-a8bd7b127e92,0,dry,weak_expert,4,0.09823085385511199,1,0,rf__trees300__depth10__leaf5__features0p1,mean_std,0
ec041149-b613-4b8b-823e-1bed1d6dc6e0,0,dry,weak_expert,4,0.17094932870827229,1,0,rf__trees300__depth10__leaf5__features0p1,mean_std,0
ee28fdd9-6f0a-4c52-bb38-c8c43f24a669,0,dry,weak_expert,4,0.36510609439880265,1,0,rf__trees300__depth10__leaf5__features0p1,mean_std,0
f18bb6f5-90c1-492e-8030-d95acd72b146,0,dry,weak_expert,4,0.30937297882619247,1,0,rf__trees300__depth10__leaf5__features0p1,mean_std,0
f3bdd3ab-aac5-42ca-9c3e-36475ee47349,0,dry,weak_expert,4,0.23582946665901866,1,0,rf__trees300__depth10__leaf5__features0p1,mean_std,0
f4e4e818-c210-4c9e-bdca-c1cf1af1e144,0,dry,weak_expert,4,0.24159824729565196,1,0,rf__trees300__depth10__leaf5__features0p1,mean_std,0
f5231767-4f81-4b7a-bace-c6eae80fe56c,0,dry,weak_expert,4,0.20826738127809877,1,0,rf__trees300__depth10__leaf5__features0p1,mean_std,0
f5d1d24e-13ed-46f6-9f68-516ae92414b7,0,dry,weak_expert,4,0.14651758220178812,1,0,rf__trees300__depth10__leaf5__features0p1,mean_std,0
f7c229bd-ed49-40d5-a1bc-837ea7b66bd0,0,dry,weak_expert,4,0.4700916042090725,1,1,rf__trees300__depth10__leaf5__features0p1,mean_std,0
fb6e4eac-fba3-4ab4-95ae-53488da9b68b,0,dry,weak_expert,4,0.19134592531436034,1,0,rf__trees300__depth10__leaf5__features0p1,mean_std,0
fbe16432-b3f6-4d2e-b414-ae83660414a8,0,dry,weak_expert,4,0.17416021903407414,1,0,rf__trees300__depth10__leaf5__features0p1,mean_std,0
ffa718e8-da65-4602-8da8-cda7cdc568f2,0,dry,weak_expert,4,0.23185152565912745,1,0,rf__trees300__depth10__leaf5__features0p1,mean_std,0
018b40a1-c109-459a-9e31-86cbd2cb3918,1,wet,weak_expert,4,0.6901408640447884,1,1,rf__trees300__depth10__leaf5__features0p1,mean_std,1
0527be95-d7f1-4156-8e37-1587355661ca,1,wet,weak_expert,4,0.4905901756027446,1,1,rf__trees300__depth10__leaf5__features0p1,mean_std,0
0640716b-e287-4181-a653-5b798e8308c8,1,wet,weak_expert,4,0.42598013931415396,1,1,rf__trees300__depth10__leaf5__features0p1,mean_std,0
06b568b5-b9f8-4334-816c-c16009bb5de7,1,wet,weak_expert,4,0.43101501703060807,1,1,rf__trees300__depth10__leaf5__features0p1,mean_std,0
06e989e7-b76d-4a36-8c5c-c59ef0d9d663,1,wet,weak_expert,4,0.40824996917707806,1,1,rf__trees300__depth10__leaf5__features0p1,mean_std,0
0b6ea0b5-e036-43ca-8462-d128f6232bdf,1,wet,weak_expert,4,0.3722253648961346,1,0,rf__trees300__depth10__leaf5__features0p1,mean_std,0
0dcae895-e7c6-4e47-a399-29f22b37e075,1,wet,weak_expert,4,0.1563722661281605,1,0,rf__trees300__depth10__leaf5__features0p1,mean_std,0
10aed3ae-9ec1-4041-bac6-90b1d4634aee,1,wet,weak_expert,4,0.6015921796585488,1,1,rf__trees300__depth10__leaf5__features0p1,mean_std,1
1a324acb-12f7-4eef-8e8c-0c71a47280e2,1,wet,weak_expert,4,0.08343382129149386,1,0,rf__trees300__depth10__leaf5__features0p1,mean_std,0
1c7f79d6-70bb-4558-b5a9-0c94c9418610,1,wet,weak_expert,4,0.46027678403562183,1,1,rf__trees300__depth10__leaf5__features0p1,mean_std,0
1c8853d4-5a0b-425e-b211-d20b2d16e35d,1,wet,weak_expert,4,0.4212970245050307,1,1,rf__trees300__depth10__leaf5__features0p1,mean_std,0
1e4aef1f-a0d0-414b-8f09-b588a455111c,1,wet,weak_expert,4,0.5209106939005357,1,1,rf__trees300__depth10__leaf5__features0p1,mean_std,1
1f6a497a-7d48-4db2-be34-c7760e427427,1,wet,weak_expert,4,0.5405404124819986,1,1,rf__trees300__depth10__leaf5__features0p1,mean_std,1
213aff15-681f-4f36-a001-07dd623161d3,1,wet,weak_expert,4,0.256294422091001,1,0,rf__trees300__depth10__leaf5__features0p1,mean_std,0
22002ad7-3fb5-47d7-8987-e3cdc0931439,1,wet,weak_expert,4,0.355758376623828,1,0,rf__trees300__depth10__leaf5__features0p1,mean_std,0
244d35b5-565c-4a3b-a1bd-baa8f899f9d2,1,wet,weak_expert,4,0.48910996456476996,1,1,rf__trees300__depth10__leaf5__features0p1,mean_std,0
28cb1fbb-ff5a-4ab6-b676-0d3d0e8c9235,1,wet,weak_expert,4,0.543400145926986,1,1,rf__trees300__depth10__leaf5__features0p1,mean_std,1
28de837b-8dbf-43a8-a90f-04e644a04933,1,wet,weak_expert,4,0.507615794900578,1,1,rf__trees300__depth10__leaf5__features0p1,mean_std,1
2e349a58-b119-4b15-8b3f-5a5c6416bca4,1,wet,weak_expert,4,0.4027079282319985,1,1,rf__trees300__depth10__leaf5__features0p1,mean_std,0
35244796-18c5-4825-ac49-90235ff885fc,1,wet,weak_expert,4,0.22201120404534638,1,0,rf__trees300__depth10__leaf5__features0p1,mean_std,0
3a3b515b-fde5-4208-bb1c-c24de372c9e7,1,wet,weak_expert,4,0.23283176224128402,1,0,rf__trees300__depth10__leaf5__features0p1,mean_std,0
42ee475c-2a4b-48f0-b33e-9a5f57000770,1,wet,weak_expert,4,0.2178645027895387,1,0,rf__trees300__depth10__leaf5__features0p1,mean_std,0
478adaaa-cc6a-487d-a842-a30af37aa4d0,1,wet,weak_expert,4,0.539841055187375,1,1,rf__trees300__depth10__leaf5__features0p1,mean_std,1
47b5e63d-17ff-4f39-a8d6-f1d711992913,1,wet,weak_expert,4,0.3205680368642028,1,0,rf__trees300__depth10__leaf5__features0p1,mean_std,0
47ceafde-45d9-4bb6-881a-5ef866fa908d,1,wet,weak_expert,4,0.4848362619091145,1,1,rf__trees300__depth10__leaf5__features0p1,mean_std,0
49c952bf-0654-4baa-a67f-363745f146de,1,wet,weak_expert,4,0.32517876919953154,1,0,rf__trees300__depth10__leaf5__features0p1,mean_std,0
4b22dc75-caee-40a8-84da-d3bc8f4eca69,1,wet,weak_expert,4,0.27188821438028926,1,0,rf__trees300__depth10__leaf5__features0p1,mean_std,0
4c98548d-6e9e-4832-8b77-b7af79c9e987,1,wet,weak_expert,4,0.5775480108660921,1,1,rf__trees300__depth10__leaf5__features0p1,mean_std,1
51a9ade4-721c-4a75-ab33-57e68f425a42,1,wet,weak_expert,4,0.1635387817349328,1,0,rf__trees300__depth10__leaf5__features0p1,mean_std,0
53d69964-ae7d-4ccc-a297-91a9b21c772e,1,wet,weak_expert,4,0.20026269637809216,1,0,rf__trees300__depth10__leaf5__features0p1,mean_std,0
58a9d260-53d9-4ba6-b7d4-3e7357412426,1,wet,weak_expert,4,0.5036248581084058,1,1,rf__trees300__depth10__leaf5__features0p1,mean_std,1
62de2524-c400-459b-98a2-746e0ed84eb2,1,wet,weak_expert,4,0.4732738462082109,1,1,rf__trees300__depth10__leaf5__features0p1,mean_std,0
636c468c-d6db-4a7d-8e0e-31c7f68baa49,1,wet,weak_expert,4,0.5453006245281885,1,1,rf__trees300__depth10__leaf5__features0p1,mean_std,1
63acc1aa-2087-4c46-b0a8-56d38a3b1b10,1,wet,weak_expert,4,0.12531208398302168,1,0,rf__trees300__depth10__leaf5__features0p1,mean_std,0
7240dc44-c2c7-4a09-bb78-e4297d1462ba,1,wet,weak_expert,4,0.3007389613518116,1,0,rf__trees300__depth10__leaf5__features0p1,mean_std,0
731cbe07-5754-46cf-bb5c-873a670cd5d7,1,wet,weak_expert,4,0.3889120289546744,1,0,rf__trees300__depth10__leaf5__features0p1,mean_std,0
733b0db4-aec3-4afa-a7fc-7e29e0c9403c,1,wet,weak_expert,4,0.5957485103761959,1,1,rf__trees300__depth10__leaf5__features0p1,mean_std,1
76095239-daab-4439-84fe-8f869f743eff,1,wet,weak_expert,4,0.2741777638094955,1,0,rf__trees300__depth10__leaf5__features0p1,mean_std,0
763abc17-c8f2-4e61-899e-4882f2b4e00e,1,wet,weak_expert,4,0.5513669291831289,1,1,rf__trees300__depth10__leaf5__features0p1,mean_std,1
76e8a4af-709e-4311-ab93-135b90ffaf49,1,wet,weak_expert,4,0.40244967434085777,1,1,rf__trees300__depth10__leaf5__features0p1,mean_std,0
7e307ff5-00ca-4f25-bd20-1c1d2d3b9b47,1,wet,weak_expert,4,0.36488989835915886,1,0,rf__trees300__depth10__leaf5__features0p1,mean_std,0
7f796fc4-89d2-4858-8994-3c2cc72097b6,1,wet,weak_expert,4,0.5692221735449171,1,1,rf__trees300__depth10__leaf5__features0p1,mean_std,1
80411c72-2727-40a3-a781-0d71f1bb717d,1,wet,weak_expert,4,0.46379527359302963,1,1,rf__trees300__depth10__leaf5__features0p1,mean_std,0
8200cbb2-14dd-440a-9943-1d9c6ce94768,1,wet,weak_expert,4,0.31200993798914667,1,0,rf__trees300__depth10__leaf5__features0p1,mean_std,0
8588cbcb-a7c2-47fe-bedf-734de9d855c8,1,wet,weak_expert,4,0.19372008841526406,1,0,rf__trees300__depth10__leaf5__features0p1,mean_std,0
8c9122bd-5601-48aa-865a-63db152a91df,1,wet,weak_expert,4,0.30889001701766056,1,0,rf__trees300__depth10__leaf5__features0p1,mean_std,0
8e472a6f-87ea-4c25-af3f-7bda3db7399d,1,wet,weak_expert,4,0.28983838817675933,1,0,rf__trees300__depth10__leaf5__features0p1,mean_std,0
92576934-e7b9-41bd-baee-5c6a9afc962e,1,wet,weak_expert,4,0.40934124025130475,1,1,rf__trees300__depth10__leaf5__features0p1,mean_std,0
95c41fec-38ea-4144-a071-22baf4981bdb,1,wet,weak_expert,4,0.5914008397551869,1,1,rf__trees300__depth10__leaf5__features0p1,mean_std,1
9639193c-1ada-4bc6-a5dc-6ea78064bb72,1,wet,weak_expert,4,0.1487920863883631,1,0,rf__trees300__depth10__leaf5__features0p1,mean_std,0
983d7e7d-7e21-43a3-8b5b-801374c6b529,1,wet,weak_expert,4,0.48725378044467343,1,1,rf__trees300__depth10__leaf5__features0p1,mean_std,0
994914cd-7e11-4f1e-b2c2-a0111f32307f,1,wet,weak_expert,4,0.28911582227122934,1,0,rf__trees300__depth10__leaf5__features0p1,mean_std,0
9d691598-b7e2-4d3b-a90a-afd4ab47abad,1,wet,weak_expert,4,0.5797498535470456,1,1,rf__trees300__depth10__leaf5__features0p1,mean_std,1
9e0490ff-2444-488a-8c01-400b958c9875,1,wet,weak_expert,4,0.38956758113215656,1,0,rf__trees300__depth10__leaf5__features0p1,mean_std,0
af511c3d-614c-4b89-abcf-8c9f9d2f9f3f,1,wet,weak_expert,4,0.35405257012460206,1,0,rf__trees300__depth10__leaf5__features0p1,mean_std,0
b4163e6f-5997-4e8b-8966-e70aeecbde91,1,wet,weak_expert,4,0.17982456634116392,1,0,rf__trees300__depth10__leaf5__features0p1,mean_std,0
b4cb0e7d-ee40-4088-8e82-21a910caa86a,1,wet,weak_expert,4,0.3834211983240338,1,0,rf__trees300__depth10__leaf5__features0p1,mean_std,0
c2e2039a-7bef-4430-907c-276de3fa44bb,1,wet,weak_expert,4,0.4823482872878659,1,1,rf__trees300__depth10__leaf5__features0p1,mean_std,0
c4bb2745-d354-46ec-983d-a14a4ff3bd86,1,wet,weak_expert,4,0.5450234926056183,1,1,rf__trees300__depth10__leaf5__features0p1,mean_std,1
c52f9edf-409b-46dc-8d99-b0b6e0e3a336,1,wet,weak_expert,4,0.6111839594924579,1,1,rf__trees300__depth10__leaf5__features0p1,mean_std,1
c7aebd2e-f4d8-4af7-82f5-f0d71f93cae2,1,wet,weak_expert,4,0.33957826853175455,1,0,rf__trees300__depth10__leaf5__features0p1,mean_std,0
cc3c1f82-0559-4ae6-bcbd-45a61a6178b0,1,wet,weak_expert,4,0.6197510998417367,1,1,rf__trees300__depth10__leaf5__features0p1,mean_std,1
ce02bd1b-5ef9-4840-a9b8-152ba4c8be70,1,wet,weak_expert,4,0.5845107006294548,1,1,rf__trees300__depth10__leaf5__features0p1,mean_std,1
ceedfac8-9acb-4a08-97de-5fead70cd19e,1,wet,weak_expert,4,0.26791928552795913,1,0,rf__trees300__depth10__leaf5__features0p1,mean_std,0
d99023eb-d5f2-4693-95f6-047a6f0142b4,1,wet,weak_expert,4,0.15326409869203167,1,0,rf__trees300__depth10__leaf5__features0p1,mean_std,0
e43f8cad-6593-4258-b428-16671808e8d2,1,wet,weak_expert,4,0.41670940068313317,1,1,rf__trees300__depth10__leaf5__features0p1,mean_std,0
e4729edf-12e5-4ba9-883e-1114c32b90f0,1,wet,weak_expert,4,0.5472851207085593,1,1,rf__trees300__depth10__leaf5__features0p1,mean_std,1
ea454263-90d9-43f6-91d3-a82e80a18781,1,wet,weak_expert,4,0.15695882380375037,1,0,rf__trees300__depth10__leaf5__features0p1,mean_std,0
eeae6f7f-bebd-4d8f-9748-d7a59f7628d6,1,wet,weak_expert,4,0.5361259867220899,1,1,rf__trees300__depth10__leaf5__features0p1,mean_std,1
ef4098b8-f694-4b16-89df-c81df3ce4192,1,wet,weak_expert,4,0.40798222004203294,1,1,rf__trees300__depth10__leaf5__features0p1,mean_std,0
f0da0dd1-a4d1-47ac-bc31-e9c6ceb05e28,1,wet,gold_expert,4,0.5080718555453019,1,1,rf__trees300__depth10__leaf5__features0p1,mean_std,1
f4562a08-6124-4bca-8a0d-0bce0d0877a5,1,wet,weak_expert,4,0.1205903379962133,1,0,rf__trees300__depth10__leaf5__features0p1,mean_std,0
f63fdfe6-071c-480e-bbdb-85cc44accd49,1,wet,weak_expert,4,0.15082394541425498,1,0,rf__trees300__depth10__leaf5__features0p1,mean_std,0
f7f2f111-2861-4eda-a25e-ec6c90b87c2a,1,wet,weak_expert,4,0.43901510001418104,1,1,rf__trees300__depth10__leaf5__features0p1,mean_std,0
f99a8315-236c-483b-8222-449dea88604a,1,wet,weak_expert,4,0.5112147506572112,1,1,rf__trees300__depth10__leaf5__features0p1,mean_std,1
0029d048-898a-4c70-89c7-0815cdcf7391,0,dry,weak_expert,0,0.12130961669864818,1,0,rf__trees300__depth10__leaf5__features0p1,mean_std_max,0
006d8d1c-2bf6-46a6-8ef2-1823898a4733,0,dry,weak_expert,0,0.12281931887064393,1,0,rf__trees300__depth10__leaf5__features0p1,mean_std_max,0
00ddf050-6939-4f33-9e54-fcb309b895ec,0,dry,weak_expert,0,0.2295329671325159,1,0,rf__trees300__depth10__leaf5__features0p1,mean_std_max,0
03c8796e-547e-4158-ae5f-7c613aaeb02f,0,dry,weak_expert,0,0.2505747089749228,1,0,rf__trees300__depth10__leaf5__features0p1,mean_std_max,0
05458ac9-b4d3-4558-b6b2-b2bf7036f16c,0,dry,weak_expert,0,0.2331921322541046,1,0,rf__trees300__depth10__leaf5__features0p1,mean_std_max,0
0593e9bf-e162-46c2-b1d5-3bc34ef1fc6f,0,dry,weak_expert,0,0.3666477897603345,1,0,rf__trees300__depth10__leaf5__features0p1,mean_std_max,0
062c3a7f-a783-4b43-806e-6db83aa0da15,0,dry,weak_expert,0,0.24486074647122621,1,0,rf__trees300__depth10__leaf5__features0p1,mean_std_max,0
076f59de-0637-4ee1-951c-f2e0784e8a53,0,dry,weak_expert,0,0.32416595127895304,1,0,rf__trees300__depth10__leaf5__features0p1,mean_std_max,0
08024f8a-88fb-4298-9656-04da97112ae6,0,dry,weak_expert,0,0.07243607492338425,1,0,rf__trees300__depth10__leaf5__features0p1,mean_std_max,0
089f764a-6620-4554-8519-ac64f833a5d5,0,dry,weak_expert,0,0.20394493656933313,1,0,rf__trees300__depth10__leaf5__features0p1,mean_std_max,0
08d5d346-6219-4e6d-ac06-ef489f2d186c,0,dry,weak_expert,0,0.6984630822026758,1,1,rf__trees300__depth10__leaf5__features0p1,mean_std_max,1
0b43fe9d-c9d6-4d0d-abf9-52f6b3712325,0,dry,weak_expert,0,0.07918355852430796,1,0,rf__trees300__depth10__leaf5__features0p1,mean_std_max,0
0e8c849d-9a13-4d43-b6b5-be14a334b77c,0,dry,weak_expert,0,0.45409590489703455,1,1,rf__trees300__depth10__leaf5__features0p1,mean_std_max,0
0ef3c0bc-56c3-44da-bea0-dc31a158414a,0,dry,weak_expert,0,0.36965795494239956,1,0,rf__trees300__depth10__leaf5__features0p1,mean_std_max,0
0f746594-9aa2-4681-addd-bea6230b9027,0,dry,weak_expert,0,0.5029159832374637,1,1,rf__trees300__depth10__leaf5__features0p1,mean_std_max,1
11237f1a-3eb2-4cf7-80f7-116df4b1699a,0,dry,weak_expert,0,0.11968375985546899,1,0,rf__trees300__depth10__leaf5__features0p1,mean_std_max,0
12a7d4c8-1dea-4ba3-a9a9-73fbeca9cc96,0,dry,weak_expert,0,0.3487975928264486,1,0,rf__trees300__depth10__leaf5__features0p1,mean_std_max,0
159c098b-ec97-45cf-aeb7-ff389a98d95c,0,dry,weak_expert,0,0.13024227357099114,1,0,rf__trees300__depth10__leaf5__features0p1,mean_std_max,0
164ff16d-2af8-4724-9a57-3b3bd7e17839,0,dry,weak_expert,0,0.3246056019512902,1,0,rf__trees300__depth10__leaf5__features0p1,mean_std_max,0
19654d11-2cef-46ec-8007-4a4c7bea60af,0,dry,weak_expert,0,0.3398601235637004,1,0,rf__trees300__depth10__leaf5__features0p1,mean_std_max,0
1adc614f-9f34-451c-ac33-47a411f0a06d,0,dry,weak_expert,0,0.21612470078753673,1,0,rf__trees300__depth10__leaf5__features0p1,mean_std_max,0
1d1dd53c-0b98-4ebd-a34b-e168bff6b7da,0,dry,weak_expert,0,0.20864042622937942,1,0,rf__trees300__depth10__leaf5__features0p1,mean_std_max,0
1fb47adc-d640-4c2b-a6f2-7e1078caad81,0,dry,weak_expert,0,0.28932226480877327,1,0,rf__trees300__depth10__leaf5__features0p1,mean_std_max,0
24dc7236-522f-4120-b76d-65538ab32b5b,0,dry,weak_expert,0,0.23427645755632828,1,0,rf__trees300__depth10__leaf5__features0p1,mean_std_max,0
25a6fb1b-a42c-4728-a2bf-d0613e17d1d7,0,dry,weak_expert,0,0.3860289899611788,1,1,rf__trees300__depth10__leaf5__features0p1,mean_std_max,0
26abd7b6-569b-41ed-955e-0481ed0368dd,0,dry,weak_expert,0,0.33818719087996346,1,0,rf__trees300__depth10__leaf5__features0p1,mean_std_max,0
271dc530-49dd-4f49-913d-28475b4a150b,0,dry,weak_expert,0,0.24813345279397253,1,0,rf__trees300__depth10__leaf5__features0p1,mean_std_max,0
274fee77-6d89-4b0f-962e-28969658b430,0,dry,weak_expert,0,0.11301766567649063,1,0,rf__trees300__depth10__leaf5__features0p1,mean_std_max,0
27a23047-925b-4b76-879b-eaeab82e0857,0,dry,weak_expert,0,0.2851128689782701,1,0,rf__trees300__depth10__leaf5__features0p1,mean_std_max,0
28757e31-b8f6-408c-982e-a016170ab3ef,0,dry,weak_expert,0,0.32590234416836245,1,0,rf__trees300__depth10__leaf5__features0p1,mean_std_max,0
28c76cca-15d8-490a-a785-9bbb5c21fd26,0,dry,weak_expert,0,0.1477634218534017,1,0,rf__trees300__depth10__leaf5__features0p1,mean_std_max,0
28de464d-b466-45cc-849d-a1c138c96767,0,dry,weak_expert,0,0.152708656801324,1,0,rf__trees300__depth10__leaf5__features0p1,mean_std_max,0
29121026-d6b2-4203-8491-227353a60348,0,dry,weak_expert,0,0.34678360325261504,1,0,rf__trees300__depth10__leaf5__features0p1,mean_std_max,0
2b243e9c-37f2-4552-ac69-4cdf0e070b9a,0,dry,weak_expert,0,0.044270845793197136,1,0,rf__trees300__depth10__leaf5__features0p1,mean_std_max,0
2baa4845-c6e6-44a6-b4f3-f239be93bfa7,0,dry,weak_expert,0,0.2347130141516469,1,0,rf__trees300__depth10__leaf5__features0p1,mean_std_max,0
2bcd2201-d3ec-466d-a0a1-1305a46aa74a,0,dry,weak_expert,0,0.09326252832407672,1,0,rf__trees300__depth10__leaf5__features0p1,mean_std_max,0
2c148a1a-099b-48dd-97c2-437ecb15d430,0,dry,weak_expert,0,0.293515102881175,1,0,rf__trees300__depth10__leaf5__features0p1,mean_std_max,0
2d79341b-2ce5-4c6b-82d0-599626f629d6,0,dry,weak_expert,0,0.5489676379799079,1,1,rf__trees300__depth10__leaf5__features0p1,mean_std_max,1
2de41de6-fd3d-4948-adca-78ae50b9bb97,0,dry,weak_expert,0,0.25722492824769105,1,0,rf__trees300__depth10__leaf5__features0p1,mean_std_max,0
2e5be083-a771-4769-99b6-ac9a0473755b,0,dry,weak_expert,0,0.3068835251632397,1,0,rf__trees300__depth10__leaf5__features0p1,mean_std_max,0
30c7cf4c-a067-4349-99dc-c6fcfea194e0,0,dry,weak_expert,0,0.07335625959590708,1,0,rf__trees300__depth10__leaf5__features0p1,mean_std_max,0
31a557c8-eaf3-4ab7-b374-5b8b659222c8,0,dry,weak_expert,0,0.055347753035676184,1,0,rf__trees300__depth10__leaf5__features0p1,mean_std_max,0
31f74e48-2e55-4167-980d-d328138a71a9,0,dry,weak_expert,0,0.4407110731170664,1,1,rf__trees300__depth10__leaf5__features0p1,mean_std_max,0
332ab58f-9728-4cea-9960-c49151120510,0,dry,weak_expert,0,0.22216032837792635,1,0,rf__trees300__depth10__leaf5__features0p1,mean_std_max,0
338ffa66-a7e2-488a-b5a9-d7b808731922,0,dry,weak_expert,0,0.26155979440495986,1,0,rf__trees300__depth10__leaf5__features0p1,mean_std_max,0
34191fb6-7fb8-4cbf-a5cf-ea458bf4107b,0,dry,weak_expert,0,0.30153651418864497,1,0,rf__trees300__depth10__leaf5__features0p1,mean_std_max,0
3483aaf8-14e4-44ac-8b20-6f1a05cfa822,0,dry,weak_expert,0,0.32314167781289,1,0,rf__trees300__depth10__leaf5__features0p1,mean_std_max,0
349e4ca9-fffa-45ea-95e2-c0843f852555,0,dry,weak_expert,0,0.13768898649176553,1,0,rf__trees300__depth10__leaf5__features0p1,mean_std_max,0
3722d824-c4bc-489d-8a8f-6bb171129e19,0,dry,weak_expert,0,0.41643106683240544,1,1,rf__trees300__depth10__leaf5__features0p1,mean_std_max,0
377c3a4c-b901-49c0-9337-e87560b523d4,0,dry,weak_expert,0,0.284075651001293,1,0,rf__trees300__depth10__leaf5__features0p1,mean_std_max,0
37ac823b-4e39-4e85-a6c1-5e1e79979a13,0,dry,gold_expert,0,0.3839026083476619,1,1,rf__trees300__depth10__leaf5__features0p1,mean_std_max,0
3938fac1-ae70-4148-90ea-59abb26459c1,0,dry,weak_expert,0,0.1258335696614043,1,0,rf__trees300__depth10__leaf5__features0p1,mean_std_max,0
3960bb7b-56e2-4cad-aa5f-8849b99b5bf5,0,dry,weak_expert,0,0.3085490932024642,1,0,rf__trees300__depth10__leaf5__features0p1,mean_std_max,0
3aac052c-4344-4350-a877-59f8a5270b02,0,dry,weak_expert,0,0.1028209413664334,1,0,rf__trees300__depth10__leaf5__features0p1,mean_std_max,0
3be5af36-9e52-465a-81a6-da1c60d350f5,0,dry,weak_expert,0,0.32696536352037103,1,0,rf__trees300__depth10__leaf5__features0p1,mean_std_max,0
3c3e2950-ff3d-4db5-b079-6db5182f3f92,0,dry,weak_expert,0,0.37730388214318894,1,1,rf__trees300__depth10__leaf5__features0p1,mean_std_max,0
3d74c62a-40cb-4f3f-8851-d3aae9e44b48,0,dry,weak_expert,0,0.08205052978901002,1,0,rf__trees300__depth10__leaf5__features0p1,mean_std_max,0
3e051a0d-5f5e-4ec6-b0e9-6a97c809cc92,0,dry,weak_expert,0,0.1531461732274411,1,0,rf__trees300__depth10__leaf5__features0p1,mean_std_max,0
3e1be8df-6634-44ef-b0a1-a4ab499f2959,0,dry,weak_expert,0,0.45721287690247986,1,1,rf__trees300__depth10__leaf5__features0p1,mean_std_max,0
3e80334d-1d97-4dc5-a17a-affd1f06011e,0,dry,weak_expert,0,0.10597408609164731,1,0,rf__trees300__depth10__leaf5__features0p1,mean_std_max,0
41ef8038-b679-44e0-85f2-da3e81e21091,0,dry,weak_expert,0,0.07189693978623547,1,0,rf__trees300__depth10__leaf5__features0p1,mean_std_max,0
424784ac-85a8-4b14-8447-fce82be45f62,0,dry,weak_expert,0,0.2623492721943807,1,0,rf__trees300__depth10__leaf5__features0p1,mean_std_max,0
439daf49-ca13-413b-80e8-a8b6928db817,0,dry,weak_expert,0,0.3226173957012211,1,0,rf__trees300__depth10__leaf5__features0p1,mean_std_max,0
444d9701-cc2f-4dc7-87ff-4f6ada471c3e,0,dry,weak_expert,0,0.43931269780360943,1,1,rf__trees300__depth10__leaf5__features0p1,mean_std_max,0
456005c3-f550-4770-a091-befce2a7d630,0,dry,weak_expert,0,0.4177202398571001,1,1,rf__trees300__depth10__leaf5__features0p1,mean_std_max,0
4619f7e8-fae5-4477-971c-0568ede350a2,0,dry,weak_expert,0,0.13581560632855458,1,0,rf__trees300__depth10__leaf5__features0p1,mean_std_max,0
47b47be2-59eb-4ae8-b0ca-e4180f04896c,0,dry,weak_expert,0,0.328038309499775,1,0,rf__trees300__depth10__leaf5__features0p1,mean_std_max,0
48ff5e27-832e-4450-9ea5-288a0e6967db,0,dry,weak_expert,0,0.09880009961109208,1,0,rf__trees300__depth10__leaf5__features0p1,mean_std_max,0
491018d6-fe1e-4b24-9c42-70971ec93615,0,dry,weak_expert,0,0.678792857475656,1,1,rf__trees300__depth10__leaf5__features0p1,mean_std_max,1
49114698-8b5c-40e3-9645-b6a5223658d8,0,dry,weak_expert,0,0.2030461311165873,1,0,rf__trees300__depth10__leaf5__features0p1,mean_std_max,0
4b9df238-0be3-43bd-aac2-719cf69c853c,0,dry,weak_expert,0,0.10110292301055827,1,0,rf__trees300__depth10__leaf5__features0p1,mean_std_max,0
4bc5287f-92ae-400e-93b2-037163281e89,0,dry,weak_expert,0,0.34525758981724275,1,0,rf__trees300__depth10__leaf5__features0p1,mean_std_max,0
4d6cdc78-b5f1-4568-bea9-ae1a49c34ee7,0,dry,weak_expert,0,0.3839187319455842,1,1,rf__trees300__depth10__leaf5__features0p1,mean_std_max,0
4dba41ae-c9c3-4bf3-a5fb-8d8d2b8809c9,0,dry,gold_expert,0,0.21253708338348323,1,0,rf__trees300__depth10__leaf5__features0p1,mean_std_max,0
545c655f-89ef-41c5-919a-11b2a09b0e49,0,dry,weak_expert,0,0.15692318033834188,1,0,rf__trees300__depth10__leaf5__features0p1,mean_std_max,0
56db4bed-54ee-4560-b962-cbab7d552621,0,dry,weak_expert,0,0.5286737185546748,1,1,rf__trees300__depth10__leaf5__features0p1,mean_std_max,1
5969183f-bfad-4b72-b11e-5c459b752adc,0,dry,weak_expert,0,0.19353850431170816,1,0,rf__trees300__depth10__leaf5__features0p1,mean_std_max,0
59ce4d68-d3d6-48c8-9df7-fcd6621899d6,0,dry,weak_expert,0,0.6987857234322115,1,1,rf__trees300__depth10__leaf5__features0p1,mean_std_max,1
5b2342d2-01f8-4ad7-bf13-217601cd3c13,0,dry,weak_expert,0,0.12755356265939216,1,0,rf__trees300__depth10__leaf5__features0p1,mean_std_max,0
5b306faa-b133-4029-a3b7-26a121ae6a0c,0,dry,weak_expert,0,0.29654416852689935,1,0,rf__trees300__depth10__leaf5__features0p1,mean_std_max,0
5c4b21f1-e8d1-4133-9f78-76b3ef3c5f18,0,dry,weak_expert,0,0.19980548614137159,1,0,rf__trees300__depth10__leaf5__features0p1,mean_std_max,0
5c4d833f-64ac-4ec0-82d9-3327020c870f,0,dry,weak_expert,0,0.3453658685802847,1,0,rf__trees300__depth10__leaf5__features0p1,mean_std_max,0
5c8604ef-6403-454a-b8ec-0151a37d6ef6,0,dry,weak_expert,0,0.305566333906365,1,0,rf__trees300__depth10__leaf5__features0p1,mean_std_max,0
5cc60202-8998-426d-8e01-e05fc091f7ed,0,dry,weak_expert,0,0.23907958611285832,1,0,rf__trees300__depth10__leaf5__features0p1,mean_std_max,0
5e0b6e89-d9b6-4cca-984d-cdcae3fdd4c0,0,dry,weak_expert,0,0.3201389748653695,1,0,rf__trees300__depth10__leaf5__features0p1,mean_std_max,0
5f081467-1e54-4162-8cb2-1c2d11a26edf,0,dry,weak_expert,0,0.1955490492288653,1,0,rf__trees300__depth10__leaf5__features0p1,mean_std_max,0
5f0a1915-2cd5-41fb-9887-e17ab27b515e,0,dry,weak_expert,0,0.5592994806596661,1,1,rf__trees300__depth10__leaf5__features0p1,mean_std_max,1
5fe2cece-1061-4f53-b4ac-64a07efc6ba1,0,dry,weak_expert,0,0.2569865716813826,1,0,rf__trees300__depth10__leaf5__features0p1,mean_std_max,0
60ab1646-c540-4179-ae54-ca83767edff1,0,dry,weak_expert,0,0.6140385785644091,1,1,rf__trees300__depth10__leaf5__features0p1,mean_std_max,1
611e6287-ba3d-4300-837c-76f185566428,0,dry,weak_expert,0,0.23360422301367653,1,0,rf__trees300__depth10__leaf5__features0p1,mean_std_max,0
61716d56-8676-4234-8cbc-c2ea724c1405,0,dry,weak_expert,0,0.2512279625236755,1,0,rf__trees300__depth10__leaf5__features0p1,mean_std_max,0
61f98ca8-54c9-4a7f-90f3-82c1c34ca600,0,dry,weak_expert,0,0.1484671927188776,1,0,rf__trees300__depth10__leaf5__features0p1,mean_std_max,0
6273e21b-563c-46dd-8cd0-ad353463cbbb,0,dry,weak_expert,0,0.5542520181154786,1,1,rf__trees300__depth10__leaf5__features0p1,mean_std_max,1
62a60e4e-eab7-4574-9f04-c6a3cbfdc6f4,0,dry,weak_expert,0,0.26636678389963026,1,0,rf__trees300__depth10__leaf5__features0p1,mean_std_max,0
62b3a308-0d2b-428c-954c-60fb4a3315a1,0,dry,weak_expert,0,0.493447736689747,1,1,rf__trees300__depth10__leaf5__features0p1,mean_std_max,0
639c0947-16a5-421a-af60-96ddfa896024,0,dry,weak_expert,0,0.6205430442703667,1,1,rf__trees300__depth10__leaf5__features0p1,mean_std_max,1
647da923-9dfe-4527-9ec6-473b8fb791ca,0,dry,weak_expert,0,0.24894955665556992,1,0,rf__trees300__depth10__leaf5__features0p1,mean_std_max,0
654a2bab-b45a-4042-bc07-554a59105bbd,0,dry,weak_expert,0,0.21059737836256764,1,0,rf__trees300__depth10__leaf5__features0p1,mean_std_max,0
658daf16-7fc3-4640-911e-81dac60a2df9,0,dry,weak_expert,0,0.04675293640033796,1,0,rf__trees300__depth10__leaf5__features0p1,mean_std_max,0
6793221c-3716-4cbb-9eb0-58afe524e8b8,0,dry,weak_expert,0,0.12337806512103493,1,0,rf__trees300__depth10__leaf5__features0p1,mean_std_max,0
69317fad-cc19-43fe-8537-782fc415ee7c,0,dry,gold_expert,0,0.23284836463563452,1,0,rf__trees300__depth10__leaf5__features0p1,mean_std_max,0
69e7b5c5-0469-42dd-b68f-9a7f7637425b,0,dry,weak_expert,0,0.5439252679893455,1,1,rf__trees300__depth10__leaf5__features0p1,mean_std_max,1
6a2ffeef-99c5-4765-8dac-92aec8459d79,0,dry,weak_expert,0,0.33923936702978436,1,0,rf__trees300__depth10__leaf5__features0p1,mean_std_max,0
6afffb59-71d0-4a4c-b575-cde463c0a24a,0,dry,weak_expert,0,0.11552846074338814,1,0,rf__trees300__depth10__leaf5__features0p1,mean_std_max,0
6dd2d1e3-e140-489f-905f-007a7f54321c,0,dry,weak_expert,0,0.37799159056217824,1,1,rf__trees300__depth10__leaf5__features0p1,mean_std_max,0
6dfae390-f7b5-467c-9600-3f13c33f0988,0,dry,weak_expert,0,0.16938151862753387,1,0,rf__trees300__depth10__leaf5__features0p1,mean_std_max,0
70199b46-18c6-42f7-8a56-ceaa854a6acf,0,dry,weak_expert,0,0.13641819555797036,1,0,rf__trees300__depth10__leaf5__features0p1,mean_std_max,0
707d9dbf-1621-4eac-a157-1393de750d7b,0,dry,weak_expert,0,0.3940906498981685,1,1,rf__trees300__depth10__leaf5__features0p1,mean_std_max,0
70b6cbf4-70cd-4f35-874e-9125a59aa0f3,0,dry,weak_expert,0,0.2716709677581442,1,0,rf__trees300__depth10__leaf5__features0p1,mean_std_max,0
7234b112-4ea3-43ab-89ad-c1fd9aa33a3b,0,dry,weak_expert,0,0.28553242707578536,1,0,rf__trees300__depth10__leaf5__features0p1,mean_std_max,0
72b95c95-1a95-437c-9d52-86b53461b304,0,dry,weak_expert,0,0.2007630455038554,1,0,rf__trees300__depth10__leaf5__features0p1,mean_std_max,0
73fc1cdd-e291-46f7-9353-4a7b93cd08de,0,dry,weak_expert,0,0.4414055328761765,1,1,rf__trees300__depth10__leaf5__features0p1,mean_std_max,0
760cb050-4175-4498-817d-a9976e359c52,0,dry,weak_expert,0,0.22426762509291956,1,0,rf__trees300__depth10__leaf5__features0p1,mean_std_max,0
764d2729-f572-490a-8f22-1397e2e19906,0,dry,weak_expert,0,0.22980455477687609,1,0,rf__trees300__depth10__leaf5__features0p1,mean_std_max,0
76a03d41-09de-4d00-b1e6-0cedf0b3dbda,0,dry,weak_expert,0,0.045507251877174665,1,0,rf__trees300__depth10__leaf5__features0p1,mean_std_max,0
77f44d08-0f8a-47e1-97ca-7f791704a951,0,dry,weak_expert,0,0.16745659702122,1,0,rf__trees300__depth10__leaf5__features0p1,mean_std_max,0
78c1fbe5-0d8a-4747-b238-bdb66e3fceb2,0,dry,weak_expert,0,0.33792451139050816,1,0,rf__trees300__depth10__leaf5__features0p1,mean_std_max,0
796748e0-b012-44f0-9725-dea2bf495f2f,0,dry,weak_expert,0,0.36198528703197075,1,0,rf__trees300__depth10__leaf5__features0p1,mean_std_max,0
7a963229-e38d-49b0-b5af-15d1721667ca,0,dry,weak_expert,0,0.6299685462097898,1,1,rf__trees300__depth10__leaf5__features0p1,mean_std_max,1
7b423206-e57c-463b-a43b-c82cdb055f26,0,dry,weak_expert,0,0.20755375715185204,1,0,rf__trees300__depth10__leaf5__features0p1,mean_std_max,0
7bcb0830-15ab-4bbb-9dc4-2f49bd4f2160,0,dry,weak_expert,0,0.21655287381964172,1,0,rf__trees300__depth10__leaf5__features0p1,mean_std_max,0
7c48edd6-5800-4899-8f0a-c458c1b39e68,0,dry,weak_expert,0,0.1638960866980056,1,0,rf__trees300__depth10__leaf5__features0p1,mean_std_max,0
7cb4843e-bdf2-4dbc-9956-bf2464cb6c7d,0,dry,weak_expert,0,0.43842892204450173,1,1,rf__trees300__depth10__leaf5__features0p1,mean_std_max,0
7dc52a58-ffa9-450c-b557-99386ae99915,0,dry,weak_expert,0,0.3253339810969777,1,0,rf__trees300__depth10__leaf5__features0p1,mean_std_max,0
82879368-f357-4032-b87a-5268db64e247,0,dry,weak_expert,0,0.12455311942630956,1,0,rf__trees300__depth10__leaf5__features0p1,mean_std_max,0
83d26908-f355-426a-b5dc-92dee890482d,0,dry,weak_expert,0,0.3566021114232724,1,0,rf__trees300__depth10__leaf5__features0p1,mean_std_max,0
83e76c73-4e06-4e49-ae0d-354e2974745f,0,dry,weak_expert,0,0.04835233590883983,1,0,rf__trees300__depth10__leaf5__features0p1,mean_std_max,0
86b4b29b-2c0f-40e3-9d37-644b492ea570,0,dry,weak_expert,0,0.25897544278999357,1,0,rf__trees300__depth10__leaf5__features0p1,mean_std_max,0
888f0bc9-1781-494d-9076-a977bc8ae3e1,0,dry,weak_expert,0,0.09903296135252693,1,0,rf__trees300__depth10__leaf5__features0p1,mean_std_max,0
89385120-2b52-4c61-9e36-05e5b032a8ce,0,dry,weak_expert,0,0.25470878446646844,1,0,rf__trees300__depth10__leaf5__features0p1,mean_std_max,0
8d553d2b-0679-4122-9502-ac2f14c83513,0,dry,weak_expert,0,0.2253882033033419,1,0,rf__trees300__depth10__leaf5__features0p1,mean_std_max,0
8f71d0b4-c179-44a9-afb5-cc85047aca9d,0,dry,weak_expert,0,0.11741961801035317,1,0,rf__trees300__depth10__leaf5__features0p1,mean_std_max,0
90120a9b-ee30-4bef-b649-c725c986312e,0,dry,weak_expert,0,0.3410828505235097,1,0,rf__trees300__depth10__leaf5__features0p1,mean_std_max,0
91e91fae-a111-4143-92c1-46b841db99f8,0,dry,weak_expert,0,0.4725244383315725,1,1,rf__trees300__depth10__leaf5__features0p1,mean_std_max,0
93e121aa-1c8b-4b9a-b446-cbe4ddbcdaf4,0,dry,weak_expert,0,0.09580483107418027,1,0,rf__trees300__depth10__leaf5__features0p1,mean_std_max,0
942152b1-4a8f-4d9b-a4e6-43f61504e589,0,dry,weak_expert,0,0.3598034708896483,1,0,rf__trees300__depth10__leaf5__features0p1,mean_std_max,0
94ad74ad-5a8c-406c-9c1a-18e281d53b9d,0,dry,weak_expert,0,0.4016799998229916,1,1,rf__trees300__depth10__leaf5__features0p1,mean_std_max,0
94c5e62b-3dd7-4586-9705-3eaaaaa68ec9,0,dry,weak_expert,0,0.043217950671093824,1,0,rf__trees300__depth10__leaf5__features0p1,mean_std_max,0
952475ba-04d5-4885-8e0b-52fe17a059da,0,dry,weak_expert,0,0.502172817261547,1,1,rf__trees300__depth10__leaf5__features0p1,mean_std_max,1
95e40d65-5398-4dd8-bda8-5da98d06ed80,0,dry,weak_expert,0,0.2820251795349117,1,0,rf__trees300__depth10__leaf5__features0p1,mean_std_max,0
96f63bc1-4c6d-4dc9-84c3-43d5b69d4a87,0,dry,weak_expert,0,0.127567147883215,1,0,rf__trees300__depth10__leaf5__features0p1,mean_std_max,0
96fd8500-a077-4d0a-bcd4-d6d5f747c2da,0,dry,weak_expert,0,0.3069378810363808,1,0,rf__trees300__depth10__leaf5__features0p1,mean_std_max,0
97c784f1-0322-45e1-9bb3-9a751ce1897b,0,dry,weak_expert,0,0.13671491713202968,1,0,rf__trees300__depth10__leaf5__features0p1,mean_std_max,0
97d266b1-7856-47f3-9273-224e1f27be4c,0,dry,weak_expert,0,0.16517579188309842,1,0,rf__trees300__depth10__leaf5__features0p1,mean_std_max,0
98f74976-5070-4f9b-bcb9-b706b04da3cb,0,dry,weak_expert,0,0.59067824760472,1,1,rf__trees300__depth10__leaf5__features0p1,mean_std_max,1
99b2dc16-7b5f-4d45-99b2-c3768262be3a,0,dry,weak_expert,0,0.3847453768510341,1,1,rf__trees300__depth10__leaf5__features0p1,mean_std_max,0
9a5b90f0-06d5-4748-a260-e888ace7e53d,0,dry,weak_expert,0,0.4557506819205191,1,1,rf__trees300__depth10__leaf5__features0p1,mean_std_max,0
9b4f0155-35d2-4868-90e7-a61d2fa473a6,0,dry,weak_expert,0,0.4987697724987057,1,1,rf__trees300__depth10__leaf5__features0p1,mean_std_max,0
9c1ac649-8b03-4868-9146-e665daa17d7d,0,dry,weak_expert,0,0.24595521052319788,1,0,rf__trees300__depth10__leaf5__features0p1,mean_std_max,0
9cb306f5-47a1-441c-888a-34ad29f5983c,0,dry,gold_expert,0,0.2939467717100997,1,0,rf__trees300__depth10__leaf5__features0p1,mean_std_max,0
9e949ada-abdf-41f2-8d03-bbd3d1ea4754,0,dry,weak_expert,0,0.23273899019759892,1,0,rf__trees300__depth10__leaf5__features0p1,mean_std_max,0
9ecb18ca-483d-400f-a049-1a078a483c50,0,dry,weak_expert,0,0.3411802529340479,1,0,rf__trees300__depth10__leaf5__features0p1,mean_std_max,0
9f7c176a-ae7d-407a-88a2-b0ee714858d7,0,dry,weak_expert,0,0.14794426816261075,1,0,rf__trees300__depth10__leaf5__features0p1,mean_std_max,0
a1182546-5e99-4ba4-b941-351c79866173,0,dry,weak_expert,0,0.4085398394377778,1,1,rf__trees300__depth10__leaf5__features0p1,mean_std_max,0
a147e909-0e90-442b-adc4-b8487de75504,0,dry,weak_expert,0,0.28630119425124584,1,0,rf__trees300__depth10__leaf5__features0p1,mean_std_max,0
a14ac807-5cf3-44d8-acd6-830dd0d086ea,0,dry,weak_expert,0,0.16883970894437095,1,0,rf__trees300__depth10__leaf5__features0p1,mean_std_max,0
a2ae6c67-9ab7-4d42-b4c5-e04d890493b2,0,dry,weak_expert,0,0.32362770370663135,1,0,rf__trees300__depth10__leaf5__features0p1,mean_std_max,0
a2bd77dd-61f9-494d-b6b5-306ada124f30,0,dry,weak_expert,0,0.539377669048385,1,1,rf__trees300__depth10__leaf5__features0p1,mean_std_max,1
a30b1432-29fe-4a4d-953a-fb1edec1b468,0,dry,weak_expert,0,0.08060889380618574,1,0,rf__trees300__depth10__leaf5__features0p1,mean_std_max,0
a55596ff-f478-4f96-8a86-5ba5a50d9c8e,0,dry,weak_expert,0,0.09081047972615303,1,0,rf__trees300__depth10__leaf5__features0p1,mean_std_max,0
a583d3cc-ab0f-449a-9692-977714b3050e,0,dry,weak_expert,0,0.21370991835427844,1,0,rf__trees300__depth10__leaf5__features0p1,mean_std_max,0
a75adc66-7f70-4f0f-91f7-7a2a2eac61e9,0,dry,gold_expert,0,0.2853824920401976,1,0,rf__trees300__depth10__leaf5__features0p1,mean_std_max,0
aa27859e-d3a3-4a40-a241-8ebdc849017a,0,dry,weak_expert,0,0.7053239158211901,1,1,rf__trees300__depth10__leaf5__features0p1,mean_std_max,1
aa3632d1-d3e9-4ce4-9d29-d1f056fa3dfe,0,dry,weak_expert,0,0.04587439177078989,1,0,rf__trees300__depth10__leaf5__features0p1,mean_std_max,0
aa697a0c-34a2-4257-b1d8-1ebf5dee5be8,0,dry,weak_expert,0,0.24485617422634368,1,0,rf__trees300__depth10__leaf5__features0p1,mean_std_max,0
ab77c2d6-edf7-4368-8cb1-5d8f1b928cef,0,dry,weak_expert,0,0.19644597301186104,1,0,rf__trees300__depth10__leaf5__features0p1,mean_std_max,0
abb11855-0da7-468d-844b-91a228cd3eed,0,dry,weak_expert,0,0.03822044247242709,1,0,rf__trees300__depth10__leaf5__features0p1,mean_std_max,0
abf2af4d-9369-40e9-873b-73dca08ae7a1,0,dry,weak_expert,0,0.5083074250837415,1,1,rf__trees300__depth10__leaf5__features0p1,mean_std_max,1
acae37ea-edb8-45fe-9a10-5b7af79c17ec,0,dry,weak_expert,0,0.15989726597179443,1,0,rf__trees300__depth10__leaf5__features0p1,mean_std_max,0
ad627ce9-0279-4e8f-b029-95f5a79f5a0a,0,dry,weak_expert,0,0.56162803855083,1,1,rf__trees300__depth10__leaf5__features0p1,mean_std_max,1
adddfa9b-c016-4e58-8275-308501fc13d9,0,dry,weak_expert,0,0.1592864927660638,1,0,rf__trees300__depth10__leaf5__features0p1,mean_std_max,0
adf406f5-b1bc-432a-ae5a-78c52fc95292,0,dry,weak_expert,0,0.20973943279073654,1,0,rf__trees300__depth10__leaf5__features0p1,mean_std_max,0
ae4b17b8-7b3f-434a-a894-d4257c7394f5,0,dry,weak_expert,0,0.13271998936100457,1,0,rf__trees300__depth10__leaf5__features0p1,mean_std_max,0
aeb567c4-529c-43c7-9075-21537e836d4d,0,dry,weak_expert,0,0.13847763959621368,1,0,rf__trees300__depth10__leaf5__features0p1,mean_std_max,0
aef400f0-6e03-43be-9928-a91660eb3988,0,dry,weak_expert,0,0.4141998832667275,1,1,rf__trees300__depth10__leaf5__features0p1,mean_std_max,0
b26b3150-4026-442d-b1ac-6b3ab2a991b3,0,dry,weak_expert,0,0.11442505594350948,1,0,rf__trees300__depth10__leaf5__features0p1,mean_std_max,0
b2b52448-2ff5-4aa3-a43d-a4e3711d85bb,0,dry,weak_expert,0,0.5472662912674228,1,1,rf__trees300__depth10__leaf5__features0p1,mean_std_max,1
b2cb86f2-d182-4a2f-9321-5b19ddadf4f4,0,dry,weak_expert,0,0.1676375246769861,1,0,rf__trees300__depth10__leaf5__features0p1,mean_std_max,0
b349c0bf-5c56-4ee5-9d0d-d050d8dd9ab6,0,dry,weak_expert,0,0.22079925056662883,1,0,rf__trees300__depth10__leaf5__features0p1,mean_std_max,0
b374149f-cdc9-4865-9151-e229bb0ab98b,0,dry,weak_expert,0,0.48166961326777435,1,1,rf__trees300__depth10__leaf5__features0p1,mean_std_max,0
b3bc167c-616b-47e4-a4ff-95e1d40dfdfd,0,dry,weak_expert,0,0.600179298404521,1,1,rf__trees300__depth10__leaf5__features0p1,mean_std_max,1
b492f127-ee29-4a55-b479-80e5e3a8a66a,0,dry,weak_expert,0,0.16466061727302658,1,0,rf__trees300__depth10__leaf5__features0p1,mean_std_max,0
b4b17de3-ac90-415a-8e2c-393d6cc02618,0,dry,weak_expert,0,0.3844171992076168,1,1,rf__trees300__depth10__leaf5__features0p1,mean_std_max,0
b50f238c-3493-4782-b1e3-9c76f751d9e5,0,dry,weak_expert,0,0.2761668215842709,1,0,rf__trees300__depth10__leaf5__features0p1,mean_std_max,0
b618923d-796d-4adb-ae9e-266ab08f1249,0,dry,gold_expert,0,0.3064068569808865,1,0,rf__trees300__depth10__leaf5__features0p1,mean_std_max,0
b8738fc2-42d8-460e-97aa-ee731e15b21d,0,dry,weak_expert,0,0.210011442398673,1,0,rf__trees300__depth10__leaf5__features0p1,mean_std_max,0
b97f011c-062b-4fdd-a65d-4f1d8ab1bd09,0,dry,weak_expert,0,0.28963279949543086,1,0,rf__trees300__depth10__leaf5__features0p1,mean_std_max,0
ba6f354e-2189-4b93-b037-c07ee2e72f40,0,dry,weak_expert,0,0.2707877919522388,1,0,rf__trees300__depth10__leaf5__features0p1,mean_std_max,0
bab59cef-c297-42f0-9c47-1371e791ea7b,0,dry,weak_expert,0,0.3556190908782415,1,0,rf__trees300__depth10__leaf5__features0p1,mean_std_max,0
bae0c88f-852c-4f3f-8141-d037c777459e,0,dry,gold_expert,0,0.24171730939399352,1,0,rf__trees300__depth10__leaf5__features0p1,mean_std_max,0
bb9766af-74b9-4533-ac93-e0d75f7bd7ba,0,dry,gold_expert,0,0.25188897565340157,1,0,rf__trees300__depth10__leaf5__features0p1,mean_std_max,0
bb9cd351-d75d-4bd6-9140-7f88a8209871,0,dry,weak_expert,0,0.4589266762804202,1,1,rf__trees300__depth10__leaf5__features0p1,mean_std_max,0
bde99a5c-a804-4daf-a4d5-897fb72d5060,0,dry,weak_expert,0,0.12048990879467453,1,0,rf__trees300__depth10__leaf5__features0p1,mean_std_max,0
be482d71-4ab2-453d-abd8-e1a7fdeedb06,0,dry,weak_expert,0,0.3389371617469757,1,0,rf__trees300__depth10__leaf5__features0p1,mean_std_max,0
be808b39-ff71-4d98-99c0-97436d1e198a,0,dry,weak_expert,0,0.6100870014751307,1,1,rf__trees300__depth10__leaf5__features0p1,mean_std_max,1
bf990e0e-bbf6-4233-8578-e77aea74a3b1,0,dry,weak_expert,0,0.5850229270529227,1,1,rf__trees300__depth10__leaf5__features0p1,mean_std_max,1
bfa6b379-56e3-4144-ac7c-17d7269e9865,0,dry,weak_expert,0,0.1922670585848074,1,0,rf__trees300__depth10__leaf5__features0p1,mean_std_max,0
c1243982-1f22-433f-b178-a27ebdef63ae,0,dry,weak_expert,0,0.19825222030339282,1,0,rf__trees300__depth10__leaf5__features0p1,mean_std_max,0
c3382b37-9f19-4379-b488-68f636a6c684,0,dry,gold_expert,0,0.31649701307908285,1,0,rf__trees300__depth10__leaf5__features0p1,mean_std_max,0
c4a0fa78-e10b-43bc-896a-329bc997ffe8,0,dry,weak_expert,0,0.2850451342266393,1,0,rf__trees300__depth10__leaf5__features0p1,mean_std_max,0
c4fbbd15-173c-4440-988c-b091e35aa978,0,dry,weak_expert,0,0.22556861108839782,1,0,rf__trees300__depth10__leaf5__features0p1,mean_std_max,0
c591e11e-6fdb-4685-8ae1-44576d877831,0,dry,weak_expert,0,0.3038325102157071,1,0,rf__trees300__depth10__leaf5__features0p1,mean_std_max,0
c6d2eece-2c2b-4192-939e-0096ad9e3332,0,dry,weak_expert,0,0.14923593341172048,1,0,rf__trees300__depth10__leaf5__features0p1,mean_std_max,0
c7f04242-4649-488a-bf21-72fa488e1c5b,0,dry,weak_expert,0,0.3673241700145739,1,0,rf__trees300__depth10__leaf5__features0p1,mean_std_max,0
c91f755a-e37e-4106-a90a-bb0672fdfd24,0,dry,weak_expert,0,0.2842760660566212,1,0,rf__trees300__depth10__leaf5__features0p1,mean_std_max,0
c9c17bea-4fb9-40de-8d10-a45f61420be0,0,dry,weak_expert,0,0.4121283764647828,1,1,rf__trees300__depth10__leaf5__features0p1,mean_std_max,0
c9c4445b-fbd3-4f4d-9ca2-282a669d79c4,0,dry,weak_expert,0,0.12856411157059724,1,0,rf__trees300__depth10__leaf5__features0p1,mean_std_max,0
ca8d6795-2841-48a0-9d9b-9e00f9e866c3,0,dry,weak_expert,0,0.24573990542637322,1,0,rf__trees300__depth10__leaf5__features0p1,mean_std_max,0
cbfd3865-b0fe-4f54-86ba-d93c47feeb2f,0,dry,weak_expert,0,0.16088614129135168,1,0,rf__trees300__depth10__leaf5__features0p1,mean_std_max,0
ccd3279c-e351-4e6b-a142-fd3f48c3b052,0,dry,weak_expert,0,0.34355314396390335,1,0,rf__trees300__depth10__leaf5__features0p1,mean_std_max,0
ccdfd92d-e6f1-42ce-8781-ff6d04f7f628,0,dry,weak_expert,0,0.6426784563904852,1,1,rf__trees300__depth10__leaf5__features0p1,mean_std_max,1
cfbda12e-fdc6-4749-a7ec-3a81c3106317,0,dry,weak_expert,0,0.13738076472379068,1,0,rf__trees300__depth10__leaf5__features0p1,mean_std_max,0
d293ce7d-1898-4c66-bfd2-c3c329e82408,0,dry,weak_expert,0,0.13887633897282323,1,0,rf__trees300__depth10__leaf5__features0p1,mean_std_max,0
d57e15cf-e837-4e9e-a777-c3ee24fcb72b,0,dry,weak_expert,0,0.07851211446962654,1,0,rf__trees300__depth10__leaf5__features0p1,mean_std_max,0
d6ee9da5-ff1d-4677-9ab2-da397e3267c4,0,dry,weak_expert,0,0.3310580694702258,1,0,rf__trees300__depth10__leaf5__features0p1,mean_std_max,0
d70748e6-0e82-4760-a2fc-d63b01d3c65c,0,dry,weak_expert,0,0.4808270636374485,1,1,rf__trees300__depth10__leaf5__features0p1,mean_std_max,0
d70f7518-e3e8-46f3-a4fe-fa43363f16ca,0,dry,weak_expert,0,0.3429455735740278,1,0,rf__trees300__depth10__leaf5__features0p1,mean_std_max,0
d81a9166-5e95-4654-b0d3-66f14ddbe8ae,0,dry,weak_expert,0,0.38165754840826305,1,1,rf__trees300__depth10__leaf5__features0p1,mean_std_max,0
d82590cb-e28c-4a04-8406-416a86e15c86,0,dry,weak_expert,0,0.22486051906884127,1,0,rf__trees300__depth10__leaf5__features0p1,mean_std_max,0
d89c7657-6010-4137-9ec1-c152c46790c9,0,dry,weak_expert,0,0.10189663745147158,1,0,rf__trees300__depth10__leaf5__features0p1,mean_std_max,0
dacc51e7-099f-48b3-9462-d9ef5c8c9d3d,0,dry,weak_expert,0,0.26780571387700847,1,0,rf__trees300__depth10__leaf5__features0p1,mean_std_max,0
db72efa4-78a9-40e7-a450-0affcd4c96b6,0,dry,weak_expert,0,0.6274258894546576,1,1,rf__trees300__depth10__leaf5__features0p1,mean_std_max,1
dddb1a55-d976-40bc-ad41-cdc713623e03,0,dry,gold_expert,0,0.1715758609082418,1,0,rf__trees300__depth10__leaf5__features0p1,mean_std_max,0
de7b422a-c5cb-4b9a-9bbd-1c4545ead02c,0,dry,weak_expert,0,0.5210728924287225,1,1,rf__trees300__depth10__leaf5__features0p1,mean_std_max,1
df35b241-5aff-4f49-80f6-4ef5fabc115c,0,dry,weak_expert,0,0.4503637425977998,1,1,rf__trees300__depth10__leaf5__features0p1,mean_std_max,0
e0bd94ad-3476-4149-a368-f13f68f56fbc,0,dry,weak_expert,0,0.06769075034082075,1,0,rf__trees300__depth10__leaf5__features0p1,mean_std_max,0
e0f90aa2-e38a-446a-aade-19b461eb2bf8,0,dry,weak_expert,0,0.10268811688359386,1,0,rf__trees300__depth10__leaf5__features0p1,mean_std_max,0
e3bc1069-6c55-448f-8d73-8d6b8aaa715a,0,dry,weak_expert,0,0.2689119807208712,1,0,rf__trees300__depth10__leaf5__features0p1,mean_std_max,0
e5afc038-4511-49d8-9540-07e27a990096,0,dry,weak_expert,0,0.24081052135626696,1,0,rf__trees300__depth10__leaf5__features0p1,mean_std_max,0
e5e9bc03-88b3-432f-b8d1-ca8891b72912,0,dry,weak_expert,0,0.2082353137880744,1,0,rf__trees300__depth10__leaf5__features0p1,mean_std_max,0
e84454f0-c5a0-4447-a20e-661620e7623d,0,dry,weak_expert,0,0.2836834930190432,1,0,rf__trees300__depth10__leaf5__features0p1,mean_std_max,0
e8527a0e-96c9-4026-96c2-3b3a3508f3ee,0,dry,weak_expert,0,0.27151101038019815,1,0,rf__trees300__depth10__leaf5__features0p1,mean_std_max,0
ea550a6f-3b55-4beb-9aa3-1325feed86ab,0,dry,weak_expert,0,0.44614948982974634,1,1,rf__trees300__depth10__leaf5__features0p1,mean_std_max,0
ea783521-7fe9-4e65-9dd1-ba4d30126bae,0,dry,weak_expert,0,0.0750210417462704,1,0,rf__trees300__depth10__leaf5__features0p1,mean_std_max,0
ec53685a-d497-492f-a753-2e0418ee6e1d,0,dry,weak_expert,0,0.10461221259174659,1,0,rf__trees300__depth10__leaf5__features0p1,mean_std_max,0
ee81db75-dd90-45fc-a2a4-3dfb689f2fbd,0,dry,weak_expert,0,0.5513910739324431,1,1,rf__trees300__depth10__leaf5__features0p1,mean_std_max,1
f0be2916-492b-4de5-9061-015407dfe010,0,dry,weak_expert,0,0.4611516942780444,1,1,rf__trees300__depth10__leaf5__features0p1,mean_std_max,0
f25876a9-e307-41a9-bd78-7ab345f9925e,0,dry,weak_expert,0,0.27621338687912167,1,0,rf__trees300__depth10__leaf5__features0p1,mean_std_max,0
f2d57d35-d8f6-480d-bb64-58a5676ed09c,0,dry,weak_expert,0,0.2630069921374859,1,0,rf__trees300__depth10__leaf5__features0p1,mean_std_max,0
f4748a2e-b4b7-4b87-be75-8352db1c9b25,0,dry,weak_expert,0,0.16671654985008552,1,0,rf__trees300__depth10__leaf5__features0p1,mean_std_max,0
f4eaf2ba-b2e3-4755-893e-6ddb786189c9,0,dry,gold_expert,0,0.22510798662703635,1,0,rf__trees300__depth10__leaf5__features0p1,mean_std_max,0
f5a661dc-8161-4842-b1c3-cd7265896101,0,dry,weak_expert,0,0.18140459895928454,1,0,rf__trees300__depth10__leaf5__features0p1,mean_std_max,0
f6205ed8-a1cc-4685-aadc-c5bf8cc87490,0,dry,weak_expert,0,0.15387964555108288,1,0,rf__trees300__depth10__leaf5__features0p1,mean_std_max,0
f98206a8-8669-4527-b3c8-7064c9aa929e,0,dry,weak_expert,0,0.2385219203831614,1,0,rf__trees300__depth10__leaf5__features0p1,mean_std_max,0
f9b7c88c-63c0-489e-80c7-75ac6b11c182,0,dry,weak_expert,0,0.3596000977338185,1,0,rf__trees300__depth10__leaf5__features0p1,mean_std_max,0
fcc3203a-cc1f-4eb8-a652-39a43311f598,0,dry,weak_expert,0,0.22602403432447352,1,0,rf__trees300__depth10__leaf5__features0p1,mean_std_max,0
febc1922-0a6f-4667-8f5a-d28efdcd993d,0,dry,weak_expert,0,0.4580066648260285,1,1,rf__trees300__depth10__leaf5__features0p1,mean_std_max,0
ff8363d2-016d-4738-9499-4c62480886fb,0,dry,weak_expert,0,0.3690943657106527,1,0,rf__trees300__depth10__leaf5__features0p1,mean_std_max,0
ffedc843-bfc2-4ad6-a749-2bc86bdac84a,0,dry,weak_expert,0,0.41259510445265496,1,1,rf__trees300__depth10__leaf5__features0p1,mean_std_max,0
034aa6d3-6673-47a1-a319-325aa9be44a2,1,wet,weak_expert,0,0.5297169112916257,1,1,rf__trees300__depth10__leaf5__features0p1,mean_std_max,1
0a03da19-eb19-4f51-9860-78ad95fa8cb5,1,wet,weak_expert,0,0.10350233329949378,1,0,rf__trees300__depth10__leaf5__features0p1,mean_std_max,0
0b0d7e10-8353-4124-a16b-bf96e405f63c,1,wet,weak_expert,0,0.35783166134533284,1,0,rf__trees300__depth10__leaf5__features0p1,mean_std_max,0
0b467189-37bc-488a-bf88-43611762fea8,1,wet,weak_expert,0,0.1148517913302658,1,0,rf__trees300__depth10__leaf5__features0p1,mean_std_max,0
0bbac203-c99f-4895-ad6a-85202f1d93a2,1,wet,weak_expert,0,0.5116525830888161,1,1,rf__trees300__depth10__leaf5__features0p1,mean_std_max,1
0ed0f24e-8e57-4183-9b9f-837a701f87df,1,wet,weak_expert,0,0.4307752790742175,1,1,rf__trees300__depth10__leaf5__features0p1,mean_std_max,0
13bbc1cd-358b-4e90-9a35-31428809eb2a,1,wet,weak_expert,0,0.35214557483574954,1,0,rf__trees300__depth10__leaf5__features0p1,mean_std_max,0
18722fbe-d240-457a-a0fc-2d9d09bfbcc8,1,wet,weak_expert,0,0.33815692560261856,1,0,rf__trees300__depth10__leaf5__features0p1,mean_std_max,0
191dca0e-7951-4aa3-9764-2761bd511955,1,wet,weak_expert,0,0.3623642100377513,1,0,rf__trees300__depth10__leaf5__features0p1,mean_std_max,0
1c21cb68-6ea8-4aa1-af22-2e64007554d7,1,wet,weak_expert,0,0.21599979575705003,1,0,rf__trees300__depth10__leaf5__features0p1,mean_std_max,0
2295a6f8-08d5-467f-8534-8329c9083f28,1,wet,weak_expert,0,0.39188363826821954,1,1,rf__trees300__depth10__leaf5__features0p1,mean_std_max,0
2499bd0e-4221-449a-8184-ee15e1c80b35,1,wet,weak_expert,0,0.26748647097785805,1,0,rf__trees300__depth10__leaf5__features0p1,mean_std_max,0
255387fa-5934-4b9b-8c6d-9de47c3841b0,1,wet,weak_expert,0,0.2547047980229948,1,0,rf__trees300__depth10__leaf5__features0p1,mean_std_max,0
2af862d9-7cac-4270-97de-ae4b4c293d07,1,wet,weak_expert,0,0.487031873194145,1,1,rf__trees300__depth10__leaf5__features0p1,mean_std_max,0
2de3fb8f-20a6-4fa5-8428-11cad3338d37,1,wet,weak_expert,0,0.44418392756981473,1,1,rf__trees300__depth10__leaf5__features0p1,mean_std_max,0
332d696d-74bf-49ef-998a-764316780ee5,1,wet,weak_expert,0,0.36073268076392406,1,0,rf__trees300__depth10__leaf5__features0p1,mean_std_max,0
338f9eb0-d1eb-4448-b183-15d75afece8c,1,wet,weak_expert,0,0.38856233571213256,1,1,rf__trees300__depth10__leaf5__features0p1,mean_std_max,0
3481b694-34fe-4b03-a529-88ef085815fd,1,wet,weak_expert,0,0.46050691960634776,1,1,rf__trees300__depth10__leaf5__features0p1,mean_std_max,0
34e4c711-fd77-4f76-babf-76437885227e,1,wet,weak_expert,0,0.29751701950313314,1,0,rf__trees300__depth10__leaf5__features0p1,mean_std_max,0
35647ec0-1566-4df0-ae5d-27b0357ece7c,1,wet,weak_expert,0,0.28642675984367216,1,0,rf__trees300__depth10__leaf5__features0p1,mean_std_max,0
38c23848-68c1-41a6-b8c8-5d0685dc0246,1,wet,weak_expert,0,0.38086976412743195,1,1,rf__trees300__depth10__leaf5__features0p1,mean_std_max,0
3c0efb34-6a14-4b8f-b759-b6e8f2a3c479,1,wet,weak_expert,0,0.31641532072973344,1,0,rf__trees300__depth10__leaf5__features0p1,mean_std_max,0
3d1a50bb-5d38-459e-91a0-e57c3ac04e45,1,wet,weak_expert,0,0.21026496709811313,1,0,rf__trees300__depth10__leaf5__features0p1,mean_std_max,0
3ecfa0a9-d972-4958-9e46-44dcf980601f,1,wet,weak_expert,0,0.22469707025143293,1,0,rf__trees300__depth10__leaf5__features0p1,mean_std_max,0
42dcff9d-b2e1-4b9e-bd93-81a0a100d232,1,wet,weak_expert,0,0.3336283538588741,1,0,rf__trees300__depth10__leaf5__features0p1,mean_std_max,0
43d84d62-8837-479b-bcb6-30effd9ecbc3,1,wet,weak_expert,0,0.5049143354014727,1,1,rf__trees300__depth10__leaf5__features0p1,mean_std_max,1
44e9099f-aac3-4669-a80c-2ee40d65faef,1,wet,weak_expert,0,0.3544399906170891,1,0,rf__trees300__depth10__leaf5__features0p1,mean_std_max,0
494f9956-42e9-4cbf-803a-796e3bff2844,1,wet,weak_expert,0,0.04384036691536531,1,0,rf__trees300__depth10__leaf5__features0p1,mean_std_max,0
4b03a48f-c4d7-41c6-9567-678141df90e1,1,wet,weak_expert,0,0.6297775375707576,1,1,rf__trees300__depth10__leaf5__features0p1,mean_std_max,1
4c56d691-9cda-499c-8613-59a9c5659003,1,wet,weak_expert,0,0.46156788377421215,1,1,rf__trees300__depth10__leaf5__features0p1,mean_std_max,0
4ca22143-61f2-4f7a-a73e-6304d31a3871,1,wet,weak_expert,0,0.364824992126464,1,0,rf__trees300__depth10__leaf5__features0p1,mean_std_max,0
4fcf0262-b38d-438e-8253-c4f45d20071d,1,wet,weak_expert,0,0.6400257670279738,1,1,rf__trees300__depth10__leaf5__features0p1,mean_std_max,1
4ff8d59c-1714-4de5-bdd0-15e6f5bafb6b,1,wet,weak_expert,0,0.24928005912517515,1,0,rf__trees300__depth10__leaf5__features0p1,mean_std_max,0
56da1f04-fe81-4928-a1de-0f3b9d333c12,1,wet,weak_expert,0,0.3465415481342415,1,0,rf__trees300__depth10__leaf5__features0p1,mean_std_max,0
5ab08ae7-0124-4a60-a2dc-d4a0845cc55b,1,wet,weak_expert,0,0.3255107477354998,1,0,rf__trees300__depth10__leaf5__features0p1,mean_std_max,0
5b3b1fd8-70c2-4b40-b759-e2cad6fe9a97,1,wet,weak_expert,0,0.17285301749278312,1,0,rf__trees300__depth10__leaf5__features0p1,mean_std_max,0
6462d540-48bc-410b-b08e-cdf0b45ee118,1,wet,gold_expert,0,0.2982742879784579,1,0,rf__trees300__depth10__leaf5__features0p1,mean_std_max,0
6ad6d999-71c0-409b-970e-03aee3078306,1,wet,weak_expert,0,0.5113241121178987,1,1,rf__trees300__depth10__leaf5__features0p1,mean_std_max,1
6ea6af0c-0f77-46d6-a65b-8df3a925d231,1,wet,weak_expert,0,0.3771430790303048,1,1,rf__trees300__depth10__leaf5__features0p1,mean_std_max,0
706b1acc-0e61-499e-abb1-43de015eef46,1,wet,weak_expert,0,0.29601473857244137,1,0,rf__trees300__depth10__leaf5__features0p1,mean_std_max,0
73786652-bf01-4a78-8e04-7c44a77d5108,1,wet,weak_expert,0,0.48551483987178556,1,1,rf__trees300__depth10__leaf5__features0p1,mean_std_max,0
752cd126-1698-4d9d-9649-a1177196d769,1,wet,weak_expert,0,0.1488311039574135,1,0,rf__trees300__depth10__leaf5__features0p1,mean_std_max,0
7667763a-3a74-4a29-b5f3-67b626922e05,1,wet,weak_expert,0,0.10913275372595502,1,0,rf__trees300__depth10__leaf5__features0p1,mean_std_max,0
7b5698cb-b713-4f6d-bb5f-6142b6f509a3,1,wet,weak_expert,0,0.17227080594626523,1,0,rf__trees300__depth10__leaf5__features0p1,mean_std_max,0
80cb70ea-369c-44aa-b304-b72b5fe3d07b,1,wet,weak_expert,0,0.4930283990797765,1,1,rf__trees300__depth10__leaf5__features0p1,mean_std_max,0
88e12b5e-5946-4d70-b2e2-20fc2d8d7d0f,1,wet,weak_expert,0,0.6745091466343575,1,1,rf__trees300__depth10__leaf5__features0p1,mean_std_max,1
8960f83e-bc0f-48f9-b913-a905b11378d8,1,wet,weak_expert,0,0.4280701733482044,1,1,rf__trees300__depth10__leaf5__features0p1,mean_std_max,0
8a7a47d9-7bcc-4eb2-9b93-bf2bf0eccba8,1,wet,weak_expert,0,0.12409421658208068,1,0,rf__trees300__depth10__leaf5__features0p1,mean_std_max,0
8e40d48d-8f5d-4892-8103-451b2679283f,1,wet,weak_expert,0,0.326297567784825,1,0,rf__trees300__depth10__leaf5__features0p1,mean_std_max,0
906c93d3-6615-478b-a7a1-803a5a15d360,1,wet,weak_expert,0,0.3813656031973601,1,1,rf__trees300__depth10__leaf5__features0p1,mean_std_max,0
93711a18-72ba-4e31-a846-73e3baf84128,1,wet,weak_expert,0,0.5571393460777087,1,1,rf__trees300__depth10__leaf5__features0p1,mean_std_max,1
980be57b-b54c-4e5e-871f-41ef7785dae5,1,wet,weak_expert,0,0.2116718786883136,1,0,rf__trees300__depth10__leaf5__features0p1,mean_std_max,0
9aad0bb1-3d4e-430b-964f-2a8b27a20143,1,wet,weak_expert,0,0.4140567192609146,1,1,rf__trees300__depth10__leaf5__features0p1,mean_std_max,0
9f671ce6-784b-4e64-bcd9-086a4f2db274,1,wet,weak_expert,0,0.4830492730509149,1,1,rf__trees300__depth10__leaf5__features0p1,mean_std_max,0
a03baece-440f-4026-9705-4fcb2bc9e065,1,wet,weak_expert,0,0.5364612144655625,1,1,rf__trees300__depth10__leaf5__features0p1,mean_std_max,1
a6645b1d-dadc-4258-b03b-c5b3f05d519d,1,wet,weak_expert,0,0.5910610361414588,1,1,rf__trees300__depth10__leaf5__features0p1,mean_std_max,1
a8b75ca3-e846-415b-809b-5a7c2c9024eb,1,wet,weak_expert,0,0.5739659633780844,1,1,rf__trees300__depth10__leaf5__features0p1,mean_std_max,1
a9910dca-8898-4eed-90ed-1371a22c64e6,1,wet,weak_expert,0,0.09398297215747702,1,0,rf__trees300__depth10__leaf5__features0p1,mean_std_max,0
b5314535-17c1-407c-9028-f6c63f83e362,1,wet,weak_expert,0,0.602076269262456,1,1,rf__trees300__depth10__leaf5__features0p1,mean_std_max,1
bb84b88b-acd0-4975-8d43-0d0ebbf071f3,1,wet,weak_expert,0,0.3343062467405288,1,0,rf__trees300__depth10__leaf5__features0p1,mean_std_max,0
bc74e39c-ab99-475d-932c-289473b9de54,1,wet,weak_expert,0,0.21678113582813216,1,0,rf__trees300__depth10__leaf5__features0p1,mean_std_max,0
bfb9c86e-eead-44ac-8969-ea42e869a3a3,1,wet,weak_expert,0,0.42150948411168104,1,1,rf__trees300__depth10__leaf5__features0p1,mean_std_max,0
c73c0e08-c880-4f04-a432-150d9c955b0c,1,wet,weak_expert,0,0.6125926677253826,1,1,rf__trees300__depth10__leaf5__features0p1,mean_std_max,1
cafcbee4-cfe7-4bac-8bbe-ba98da2b9179,1,wet,weak_expert,0,0.3720279609175882,1,1,rf__trees300__depth10__leaf5__features0p1,mean_std_max,0
cbdd4f1b-a67e-46e3-8f1a-a52da5689294,1,wet,weak_expert,0,0.4435409304958913,1,1,rf__trees300__depth10__leaf5__features0p1,mean_std_max,0
d50fb043-08aa-4960-94f7-e9bbc690e70d,1,wet,weak_expert,0,0.07895221026515734,1,0,rf__trees300__depth10__leaf5__features0p1,mean_std_max,0
d9b4a30f-682d-4889-b65f-b359f4ebc74d,1,wet,gold_expert,0,0.35404912970918817,1,0,rf__trees300__depth10__leaf5__features0p1,mean_std_max,0
dccd10ed-751e-462c-9513-340d89510ea6,1,wet,weak_expert,0,0.17946196559309616,1,0,rf__trees300__depth10__leaf5__features0p1,mean_std_max,0
dd26e157-4b48-45b4-9d57-90ed5ed1d06b,1,wet,weak_expert,0,0.3882030447195065,1,1,rf__trees300__depth10__leaf5__features0p1,mean_std_max,0
e16268c9-dc19-43d9-b55b-b01258603ae5,1,wet,weak_expert,0,0.37224494935712904,1,1,rf__trees300__depth10__leaf5__features0p1,mean_std_max,0
e35305cb-6b8a-4c37-a216-3857fab648e7,1,wet,weak_expert,0,0.46621649267736415,1,1,rf__trees300__depth10__leaf5__features0p1,mean_std_max,0
ec1c43c9-5043-4735-9f66-905e47e22b48,1,wet,weak_expert,0,0.3992609053194326,1,1,rf__trees300__depth10__leaf5__features0p1,mean_std_max,0
f347e2ac-a8f0-4eb1-8d14-088345ca7a7b,1,wet,weak_expert,0,0.3379079395588465,1,0,rf__trees300__depth10__leaf5__features0p1,mean_std_max,0
f5608979-5563-4e30-804a-901f50270c60,1,wet,weak_expert,0,0.6371675045586346,1,1,rf__trees300__depth10__leaf5__features0p1,mean_std_max,1
fbd52f87-029f-4bd9-86ed-4743018722e8,1,wet,weak_expert,0,0.19667974593506804,1,0,rf__trees300__depth10__leaf5__features0p1,mean_std_max,0
fd59bf10-ea8f-4401-a6d9-a9cce4e8303f,1,wet,weak_expert,0,0.22193973641638506,1,0,rf__trees300__depth10__leaf5__features0p1,mean_std_max,0
00ce5b06-c302-4387-bbd7-86355a4a8c12,0,dry,weak_expert,1,0.6173705440342022,1,1,rf__trees300__depth10__leaf5__features0p1,mean_std_max,1
0177b817-0ba3-498a-bc05-48bc66cc91b8,0,dry,weak_expert,1,0.24054401405817402,1,0,rf__trees300__depth10__leaf5__features0p1,mean_std_max,0
036d875c-d39b-45f1-a17f-7f7badf0aa42,0,dry,weak_expert,1,0.4570319752428926,1,1,rf__trees300__depth10__leaf5__features0p1,mean_std_max,0
0379c586-c500-483c-83a6-95b63afe6931,0,dry,weak_expert,1,0.4690346450404082,1,1,rf__trees300__depth10__leaf5__features0p1,mean_std_max,0
03fca101-9ce7-4eb9-aeae-a6f8d4ee5599,0,dry,weak_expert,1,0.17179992879720327,1,0,rf__trees300__depth10__leaf5__features0p1,mean_std_max,0
07e33d6b-560d-4c16-8d7e-ecd5ddb3b195,0,dry,weak_expert,1,0.3818292245935555,1,1,rf__trees300__depth10__leaf5__features0p1,mean_std_max,0
07f95718-2edc-4baa-9e18-3c6e04eb6e39,0,dry,weak_expert,1,0.24724381641805504,1,0,rf__trees300__depth10__leaf5__features0p1,mean_std_max,0
0c35e382-31cd-42cb-bc87-8a84b9c52a41,0,dry,weak_expert,1,0.5960486617651563,1,1,rf__trees300__depth10__leaf5__features0p1,mean_std_max,1
0eba0c0a-5609-4777-903d-b15292798250,0,dry,weak_expert,1,0.36205284120943626,1,0,rf__trees300__depth10__leaf5__features0p1,mean_std_max,0
0f38cc71-e212-481e-ad6f-7ab087eb3cdb,0,dry,weak_expert,1,0.321018847377704,1,0,rf__trees300__depth10__leaf5__features0p1,mean_std_max,0
0f87635c-4a6c-4c84-aaae-34afc236c22b,0,dry,weak_expert,1,0.5879155414005498,1,1,rf__trees300__depth10__leaf5__features0p1,mean_std_max,1
100fa960-30ee-4dfd-9364-38cf878709a0,0,dry,weak_expert,1,0.4604708791755513,1,1,rf__trees300__depth10__leaf5__features0p1,mean_std_max,0
11e0ed82-8f65-4a71-81cf-20fed63f9e51,0,dry,weak_expert,1,0.38542731221031135,1,1,rf__trees300__depth10__leaf5__features0p1,mean_std_max,0
13606b20-6081-484b-93e2-dd80648bfe06,0,dry,weak_expert,1,0.5846813498342396,1,1,rf__trees300__depth10__leaf5__features0p1,mean_std_max,1
13db4f04-6a75-4ae6-a8ed-45efb08cd0a3,0,dry,weak_expert,1,0.13664142442833335,1,0,rf__trees300__depth10__leaf5__features0p1,mean_std_max,0
154161ff-1243-49c0-a377-72992b6954e3,0,dry,weak_expert,1,0.29306772342951587,1,0,rf__trees300__depth10__leaf5__features0p1,mean_std_max,0
15a88a65-a01f-4d31-9cb3-a8b46bb8b780,0,dry,weak_expert,1,0.37155201253388975,1,0,rf__trees300__depth10__leaf5__features0p1,mean_std_max,0
161d1ac7-7dc1-440e-96e1-fa091f76d828,0,dry,weak_expert,1,0.24487994469591398,1,0,rf__trees300__depth10__leaf5__features0p1,mean_std_max,0
16527cdc-bf15-4805-8f8d-28b11175ff5d,0,dry,weak_expert,1,0.47269047327059466,1,1,rf__trees300__depth10__leaf5__features0p1,mean_std_max,0
16f9b161-86c6-4af1-99cb-0ab327f10fed,0,dry,weak_expert,1,0.11630488729951964,1,0,rf__trees300__depth10__leaf5__features0p1,mean_std_max,0
18736769-dad3-4fa6-88d5-6e8dfc951008,0,dry,weak_expert,1,0.6705309873483936,1,1,rf__trees300__depth10__leaf5__features0p1,mean_std_max,1
1ba36c5a-542c-4164-aa43-b1f01f23f94d,0,dry,weak_expert,1,0.5297538356600785,1,1,rf__trees300__depth10__leaf5__features0p1,mean_std_max,1
1cc88f3a-3529-4cb8-a167-fc0cb5b0bfb6,0,dry,weak_expert,1,0.6111853207281562,1,1,rf__trees300__depth10__leaf5__features0p1,mean_std_max,1
1d19775f-175d-4fdd-8dfe-c080a0c8de45,0,dry,weak_expert,1,0.3475797291414018,1,0,rf__trees300__depth10__leaf5__features0p1,mean_std_max,0
2018bfea-0071-4aca-8d45-18dac4d65199,0,dry,weak_expert,1,0.1659447858779714,1,0,rf__trees300__depth10__leaf5__features0p1,mean_std_max,0
20602da6-a92f-40ad-81d2-1688f5f1fcde,0,dry,weak_expert,1,0.3639311188366489,1,0,rf__trees300__depth10__leaf5__features0p1,mean_std_max,0
2089c2bd-d408-429e-9f15-138343a5cc9c,0,dry,weak_expert,1,0.4738834362629084,1,1,rf__trees300__depth10__leaf5__features0p1,mean_std_max,0
20c748f1-3eba-47dd-84fa-b9160e4a1ac6,0,dry,weak_expert,1,0.35368173055684254,1,0,rf__trees300__depth10__leaf5__features0p1,mean_std_max,0
2137ce12-072a-499e-bf8d-5ef099aa4b6b,0,dry,weak_expert,1,0.48133575665840606,1,1,rf__trees300__depth10__leaf5__features0p1,mean_std_max,0
2519f0bc-6606-4537-acc2-b8fdec0ee15c,0,dry,weak_expert,1,0.42951404111035535,1,1,rf__trees300__depth10__leaf5__features0p1,mean_std_max,0
25b750e5-8a76-4c13-9fd8-851e45d1b5ed,0,dry,weak_expert,1,0.21553298877265736,1,0,rf__trees300__depth10__leaf5__features0p1,mean_std_max,0
27c2cc15-dd1e-455a-8bca-59794d2fe98f,0,dry,weak_expert,1,0.10408298696692715,1,0,rf__trees300__depth10__leaf5__features0p1,mean_std_max,0
296446a3-d81c-4aaa-897f-d80c849b95b0,0,dry,weak_expert,1,0.24944693282697913,1,0,rf__trees300__depth10__leaf5__features0p1,mean_std_max,0
29c56cde-7a9f-44dd-a1d6-f6e4878e33de,0,dry,weak_expert,1,0.15598885156133233,1,0,rf__trees300__depth10__leaf5__features0p1,mean_std_max,0
2aa1d5be-0191-4540-9159-77ec1faa4094,0,dry,weak_expert,1,0.2554579198784918,1,0,rf__trees300__depth10__leaf5__features0p1,mean_std_max,0
2cc2fd2e-6314-424a-977b-7237f935fb65,0,dry,gold_expert,1,0.13890767907985607,1,0,rf__trees300__depth10__leaf5__features0p1,mean_std_max,0
2cfd466b-baa2-43f2-be7a-be2fb0e6dd66,0,dry,weak_expert,1,0.27139809640089235,1,0,rf__trees300__depth10__leaf5__features0p1,mean_std_max,0
2d090ab6-346d-4168-a8aa-57296bcaf6e0,0,dry,weak_expert,1,0.1586238810655118,1,0,rf__trees300__depth10__leaf5__features0p1,mean_std_max,0
2df9d90f-7616-482f-ae5a-e0c8d3ee4289,0,dry,weak_expert,1,0.1964670887073333,1,0,rf__trees300__depth10__leaf5__features0p1,mean_std_max,0
2f9750bf-c157-4326-b12f-b0fd5b6ec229,0,dry,weak_expert,1,0.09667209913637853,1,0,rf__trees300__depth10__leaf5__features0p1,mean_std_max,0
3245eebf-f4d3-4a72-ba74-26a5af5da2d1,0,dry,weak_expert,1,0.30954533756006825,1,0,rf__trees300__depth10__leaf5__features0p1,mean_std_max,0
39791f26-0507-4862-ada4-369e28225207,0,dry,weak_expert,1,0.27237638245523804,1,0,rf__trees300__depth10__leaf5__features0p1,mean_std_max,0
3ad08dbf-1d9e-4055-83fa-9a0e0bb45d34,0,dry,weak_expert,1,0.2854665789064352,1,0,rf__trees300__depth10__leaf5__features0p1,mean_std_max,0
3b1db132-ba86-43e2-a35b-9638b5fce854,0,dry,weak_expert,1,0.3705252623927385,1,0,rf__trees300__depth10__leaf5__features0p1,mean_std_max,0
3b8e6988-cee6-4836-8c59-7ea1258b99b5,0,dry,weak_expert,1,0.6131269760237582,1,1,rf__trees300__depth10__leaf5__features0p1,mean_std_max,1
3bc2b14b-0b81-40bc-b6db-6f8864ede96a,0,dry,weak_expert,1,0.5607824370586882,1,1,rf__trees300__depth10__leaf5__features0p1,mean_std_max,1
3e6c4fe1-b681-48d7-a576-5c4ddee41c70,0,dry,weak_expert,1,0.2272246544767809,1,0,rf__trees300__depth10__leaf5__features0p1,mean_std_max,0
3eadfa75-5906-4695-91fb-5726a24e02cd,0,dry,weak_expert,1,0.18854400906546367,1,0,rf__trees300__depth10__leaf5__features0p1,mean_std_max,0
3f2c6f57-c361-4fe7-ada8-5f47b6e8ee60,0,dry,weak_expert,1,0.19416148155621257,1,0,rf__trees300__depth10__leaf5__features0p1,mean_std_max,0
3f423152-d7aa-4c49-8c24-1fedcd4eb636,0,dry,weak_expert,1,0.07980839091086836,1,0,rf__trees300__depth10__leaf5__features0p1,mean_std_max,0
3fbe6119-b6d0-4aeb-beb8-19d1751ce190,0,dry,weak_expert,1,0.2735203796333375,1,0,rf__trees300__depth10__leaf5__features0p1,mean_std_max,0
408817b5-bd76-496d-9997-19cd7d36c45e,0,dry,weak_expert,1,0.14098714972881643,1,0,rf__trees300__depth10__leaf5__features0p1,mean_std_max,0
41793be3-8eb0-467d-b9a2-f09f6678fc4e,0,dry,weak_expert,1,0.16622492680772202,1,0,rf__trees300__depth10__leaf5__features0p1,mean_std_max,0
41bb08e9-6d43-41bc-bca2-a465f7dcf2f3,0,dry,weak_expert,1,0.25534951605431033,1,0,rf__trees300__depth10__leaf5__features0p1,mean_std_max,0
422a71b9-7343-4d2f-9170-8976d2dc532b,0,dry,weak_expert,1,0.39599840740082926,1,1,rf__trees300__depth10__leaf5__features0p1,mean_std_max,0
43517c5a-e8ee-49a1-9b28-c2d224300996,0,dry,weak_expert,1,0.6246501068337847,1,1,rf__trees300__depth10__leaf5__features0p1,mean_std_max,1
447f49c5-43e7-48a9-9a82-1afefd22725b,0,dry,weak_expert,1,0.2702920161849753,1,0,rf__trees300__depth10__leaf5__features0p1,mean_std_max,0
44d6d275-b422-4338-bda2-2d0cc203f72b,0,dry,weak_expert,1,0.10590592420106489,1,0,rf__trees300__depth10__leaf5__features0p1,mean_std_max,0
4564ccce-b037-4509-ac0b-a7c59a2a262a,0,dry,weak_expert,1,0.21094210705566957,1,0,rf__trees300__depth10__leaf5__features0p1,mean_std_max,0
4624e4da-10f1-44b0-855e-a7ac857fbc82,0,dry,weak_expert,1,0.14165290446746237,1,0,rf__trees300__depth10__leaf5__features0p1,mean_std_max,0
47298691-1737-4d18-b301-b3526e935c1e,0,dry,weak_expert,1,0.31638114874949824,1,0,rf__trees300__depth10__leaf5__features0p1,mean_std_max,0
49064a01-6e0f-45bd-8b1d-853438414e93,0,dry,weak_expert,1,0.16285921391969538,1,0,rf__trees300__depth10__leaf5__features0p1,mean_std_max,0
4c9ce6f7-8ca8-41b9-8e18-8cd3de335c48,0,dry,weak_expert,1,0.177413441434725,1,0,rf__trees300__depth10__leaf5__features0p1,mean_std_max,0
4d230bec-1056-49ca-b274-c0825b924824,0,dry,weak_expert,1,0.6775340351967165,1,1,rf__trees300__depth10__leaf5__features0p1,mean_std_max,1
4e47612c-6c09-4580-a9b6-2eb6bf2ab40c,0,dry,weak_expert,1,0.15303576853933257,1,0,rf__trees300__depth10__leaf5__features0p1,mean_std_max,0
4e9f4130-2954-4d29-adf5-d26768d3ead3,0,dry,weak_expert,1,0.282162555119083,1,0,rf__trees300__depth10__leaf5__features0p1,mean_std_max,0
4f468032-6c4f-438b-9f19-219859552c5d,0,dry,weak_expert,1,0.5267943120793305,1,1,rf__trees300__depth10__leaf5__features0p1,mean_std_max,1
4f5a4b71-46a6-42d8-aecd-7e0cc23d7d70,0,dry,weak_expert,1,0.3063033832088253,1,0,rf__trees300__depth10__leaf5__features0p1,mean_std_max,0
52f6838a-4033-4a71-84bb-81cbb4e64ab7,0,dry,gold_expert,1,0.2240346590578153,1,0,rf__trees300__depth10__leaf5__features0p1,mean_std_max,0
53325adb-0ff2-480a-8af0-fd9da2a10322,0,dry,weak_expert,1,0.45177528960353025,1,1,rf__trees300__depth10__leaf5__features0p1,mean_std_max,0
552dda14-3fea-4473-b39a-f409eb6a08f7,0,dry,weak_expert,1,0.14382362638692434,1,0,rf__trees300__depth10__leaf5__features0p1,mean_std_max,0
5607860e-70fd-4fab-8e93-158ecedabdaa,0,dry,weak_expert,1,0.4478537339832287,1,1,rf__trees300__depth10__leaf5__features0p1,mean_std_max,0
56e28407-7719-45a2-93a3-9dc34f6e2560,0,dry,weak_expert,1,0.22029082695026006,1,0,rf__trees300__depth10__leaf5__features0p1,mean_std_max,0
5729ad12-0130-4b4f-8865-159fbf93018a,0,dry,weak_expert,1,0.5360386168574177,1,1,rf__trees300__depth10__leaf5__features0p1,mean_std_max,1
5806ea47-6382-4268-bc3b-2be28a600e15,0,dry,weak_expert,1,0.507773763361025,1,1,rf__trees300__depth10__leaf5__features0p1,mean_std_max,1
5874af96-541d-443c-878d-996bd7bfa1cf,0,dry,weak_expert,1,0.17391098900179625,1,0,rf__trees300__depth10__leaf5__features0p1,mean_std_max,0
5ab4d303-64be-4ea4-a65e-8681659e8e5f,0,dry,weak_expert,1,0.6092434167265304,1,1,rf__trees300__depth10__leaf5__features0p1,mean_std_max,1
5bcb66a6-ed26-45fc-a0a1-c7286a01de66,0,dry,weak_expert,1,0.07467359978453944,1,0,rf__trees300__depth10__leaf5__features0p1,mean_std_max,0
5d29532f-943b-4726-aca8-21191eeba327,0,dry,weak_expert,1,0.18350562822703104,1,0,rf__trees300__depth10__leaf5__features0p1,mean_std_max,0
5e2dd52b-f9f1-4647-ac69-858dcb6f7611,0,dry,weak_expert,1,0.20915152172320836,1,0,rf__trees300__depth10__leaf5__features0p1,mean_std_max,0
64522664-f2f7-4141-9b74-ba0b9d181c31,0,dry,weak_expert,1,0.6472749637735246,1,1,rf__trees300__depth10__leaf5__features0p1,mean_std_max,1
64d7d0e6-715c-4fd2-a0e8-334122b61ff2,0,dry,weak_expert,1,0.1199852154385187,1,0,rf__trees300__depth10__leaf5__features0p1,mean_std_max,0
64e6a399-4aff-4758-a7a1-68f5460bd320,0,dry,weak_expert,1,0.44858744926523647,1,1,rf__trees300__depth10__leaf5__features0p1,mean_std_max,0
65be7822-e7c7-4fdc-9549-bf3fac30f919,0,dry,weak_expert,1,0.29332422176973094,1,0,rf__trees300__depth10__leaf5__features0p1,mean_std_max,0
6604cf63-454a-4b13-9fc9-95eb74566e8e,0,dry,weak_expert,1,0.3310238713425507,1,0,rf__trees300__depth10__leaf5__features0p1,mean_std_max,0
662fb840-9285-4fed-a114-633a324dc49f,0,dry,weak_expert,1,0.23775160506251244,1,0,rf__trees300__depth10__leaf5__features0p1,mean_std_max,0
67b0eab5-c09a-406b-9d1f-17562da9a7dd,0,dry,weak_expert,1,0.1607372767418477,1,0,rf__trees300__depth10__leaf5__features0p1,mean_std_max,0
68d5215b-afdb-4b7a-81d3-fbd5677de7b4,0,dry,weak_expert,1,0.13251842028694735,1,0,rf__trees300__depth10__leaf5__features0p1,mean_std_max,0
69101dc9-dfd5-43b5-b063-54a2e634e021,0,dry,weak_expert,1,0.32273821870836,1,0,rf__trees300__depth10__leaf5__features0p1,mean_std_max,0
6a15ea48-771c-4a7f-bab6-d348dcc6aabd,0,dry,weak_expert,1,0.574952410078187,1,1,rf__trees300__depth10__leaf5__features0p1,mean_std_max,1
6aa04a12-6e9a-4b9c-80da-a9fa01fc1757,0,dry,weak_expert,1,0.25493003865847813,1,0,rf__trees300__depth10__leaf5__features0p1,mean_std_max,0
6d194cdc-ba5a-40ba-8232-5bf150026c67,0,dry,weak_expert,1,0.39313884605612154,1,1,rf__trees300__depth10__leaf5__features0p1,mean_std_max,0
6d528de2-cf20-4caa-a22e-ffc588c0bacb,0,dry,weak_expert,1,0.5777688468117429,1,1,rf__trees300__depth10__leaf5__features0p1,mean_std_max,1
6e348474-0779-49fa-afdf-49420f8ad6b2,0,dry,weak_expert,1,0.1507076847219252,1,0,rf__trees300__depth10__leaf5__features0p1,mean_std_max,0
7023acad-4e24-444b-b0a6-a3aa54bd321b,0,dry,weak_expert,1,0.5872841920203649,1,1,rf__trees300__depth10__leaf5__features0p1,mean_std_max,1
7117304a-e59b-42c9-bea9-3c6f17b0d30e,0,dry,weak_expert,1,0.1555580041203762,1,0,rf__trees300__depth10__leaf5__features0p1,mean_std_max,0
72418df9-2a0a-4da5-922d-7a1d5d12ab80,0,dry,weak_expert,1,0.15529553920624314,1,0,rf__trees300__depth10__leaf5__features0p1,mean_std_max,0
74048b34-b37a-46c1-bd4c-ccd169c37784,0,dry,weak_expert,1,0.2044039463541008,1,0,rf__trees300__depth10__leaf5__features0p1,mean_std_max,0
75135933-89b0-4d43-9d75-688453353f56,0,dry,weak_expert,1,0.3029776168297617,1,0,rf__trees300__depth10__leaf5__features0p1,mean_std_max,0
7630638c-1d22-4852-be07-5a27af3c1e49,0,dry,weak_expert,1,0.1570440715319212,1,0,rf__trees300__depth10__leaf5__features0p1,mean_std_max,0
76f9d2cf-0ee1-4c38-9f49-02e59b8d6fb3,0,dry,weak_expert,1,0.10625324600116663,1,0,rf__trees300__depth10__leaf5__features0p1,mean_std_max,0
7717442d-d687-4821-a55f-a89b524ff17b,0,dry,weak_expert,1,0.3886403669236714,1,1,rf__trees300__depth10__leaf5__features0p1,mean_std_max,0
79a12ab8-7497-4a70-871f-5486c6699f45,0,dry,weak_expert,1,0.43829210806401836,1,1,rf__trees300__depth10__leaf5__features0p1,mean_std_max,0
7a20fe3e-5701-451c-b5c9-b8daf5b328e3,0,dry,weak_expert,1,0.4106517113177569,1,1,rf__trees300__depth10__leaf5__features0p1,mean_std_max,0
7ae1ffe1-2259-411f-8ead-6c107e01e824,0,dry,gold_expert,1,0.339233678758506,1,0,rf__trees300__depth10__leaf5__features0p1,mean_std_max,0
7bc3c521-b422-45dd-bafc-0282abe03030,0,dry,weak_expert,1,0.6706129800643627,1,1,rf__trees300__depth10__leaf5__features0p1,mean_std_max,1
7d0f7c10-c2fb-4a0b-8917-00c1bbfa9ba9,0,dry,weak_expert,1,0.14459448806214498,1,0,rf__trees300__depth10__leaf5__features0p1,mean_std_max,0
7f58cd54-3414-4b3d-a418-8438d549df31,0,dry,weak_expert,1,0.39701240761527457,1,1,rf__trees300__depth10__leaf5__features0p1,mean_std_max,0
7fc329ed-814a-44da-823c-ec2dc47a8228,0,dry,weak_expert,1,0.527400350015104,1,1,rf__trees300__depth10__leaf5__features0p1,mean_std_max,1
81a75de7-dc30-4c6b-9722-c238feebf447,0,dry,weak_expert,1,0.4788879217382948,1,1,rf__trees300__depth10__leaf5__features0p1,mean_std_max,0
81ddff28-05de-4669-bb99-8408895de7ab,0,dry,weak_expert,1,0.4627022268987896,1,1,rf__trees300__depth10__leaf5__features0p1,mean_std_max,0
824a8cf9-1199-48bf-aad5-65539d6d2011,0,dry,gold_expert,1,0.1700231584964329,1,0,rf__trees300__depth10__leaf5__features0p1,mean_std_max,0
836a340f-3e5c-4ea7-8817-1586d27a7f7a,0,dry,weak_expert,1,0.3640842097967425,1,0,rf__trees300__depth10__leaf5__features0p1,mean_std_max,0
839ad7ed-cc68-4689-b29e-7c8af17d3067,0,dry,weak_expert,1,0.20200772891718663,1,0,rf__trees300__depth10__leaf5__features0p1,mean_std_max,0
851d3141-589e-4a63-a81f-837b85585ee7,0,dry,weak_expert,1,0.1591100647446109,1,0,rf__trees300__depth10__leaf5__features0p1,mean_std_max,0
861d08d1-8b10-40e3-afa0-710451936f11,0,dry,weak_expert,1,0.20474594222381068,1,0,rf__trees300__depth10__leaf5__features0p1,mean_std_max,0
88df2ab1-8056-48de-a7a8-f2649d9cab4a,0,dry,weak_expert,1,0.07070605528926467,1,0,rf__trees300__depth10__leaf5__features0p1,mean_std_max,0
8a37026e-32a9-4505-85f9-3c9dabccc284,0,dry,weak_expert,1,0.2105053828383558,1,0,rf__trees300__depth10__leaf5__features0p1,mean_std_max,0
8b04c1fa-4fbe-45f3-9b4a-5cc6a450c43c,0,dry,weak_expert,1,0.4349077346773355,1,1,rf__trees300__depth10__leaf5__features0p1,mean_std_max,0
8b197bc0-2f11-4971-b643-1524cf030a2b,0,dry,weak_expert,1,0.47743720526268885,1,1,rf__trees300__depth10__leaf5__features0p1,mean_std_max,0
8b427718-43ee-418f-b8f1-6807b3d6ed0e,0,dry,weak_expert,1,0.2240265910965517,1,0,rf__trees300__depth10__leaf5__features0p1,mean_std_max,0
8c631f0e-6973-4d8e-a42d-b1d0bf1ffe1d,0,dry,weak_expert,1,0.3456531136894058,1,0,rf__trees300__depth10__leaf5__features0p1,mean_std_max,0
8e72293b-1ab4-44d4-b5be-0b51038d2304,0,dry,weak_expert,1,0.3697127992034864,1,0,rf__trees300__depth10__leaf5__features0p1,mean_std_max,0
8fafcc7b-1d75-4172-a93b-dfc06ac33b10,0,dry,weak_expert,1,0.22139277916252753,1,0,rf__trees300__depth10__leaf5__features0p1,mean_std_max,0
914cd0fc-3623-4424-bc67-759743a0c593,0,dry,weak_expert,1,0.2953273004942675,1,0,rf__trees300__depth10__leaf5__features0p1,mean_std_max,0
91d9c321-7371-4a0c-af3d-398542cb9c4c,0,dry,weak_expert,1,0.2526603152177041,1,0,rf__trees300__depth10__leaf5__features0p1,mean_std_max,0
922fd4da-e8ce-4ef5-b9a8-56921dfa9328,0,dry,gold_expert,1,0.33991491783039357,1,0,rf__trees300__depth10__leaf5__features0p1,mean_std_max,0
928ce384-ca55-4419-acab-516b2647a77d,0,dry,weak_expert,1,0.20680115426715223,1,0,rf__trees300__depth10__leaf5__features0p1,mean_std_max,0
93d51cf7-6dee-49e5-b434-fa81a7595132,0,dry,weak_expert,1,0.42362801177747517,1,1,rf__trees300__depth10__leaf5__features0p1,mean_std_max,0
94a33ac9-c166-4795-9665-f7dd4f0caace,0,dry,weak_expert,1,0.19123679946137834,1,0,rf__trees300__depth10__leaf5__features0p1,mean_std_max,0
952eafc4-38d9-468b-b46d-c9a5f6b3d620,0,dry,weak_expert,1,0.144942787038434,1,0,rf__trees300__depth10__leaf5__features0p1,mean_std_max,0
96678e97-6a39-4932-9c5d-13981167bbd8,0,dry,weak_expert,1,0.16059749381804256,1,0,rf__trees300__depth10__leaf5__features0p1,mean_std_max,0
9810b72b-79ca-474b-9b66-41079f892c79,0,dry,weak_expert,1,0.2317133076411433,1,0,rf__trees300__depth10__leaf5__features0p1,mean_std_max,0
981441a4-89d8-43c5-8e43-3768968fa614,0,dry,weak_expert,1,0.16941741673202812,1,0,rf__trees300__depth10__leaf5__features0p1,mean_std_max,0
98fb6294-d339-4c83-8ff5-2bbcf82e35e0,0,dry,gold_expert,1,0.19940132251833784,1,0,rf__trees300__depth10__leaf5__features0p1,mean_std_max,0
99ca2bde-0950-4e1d-8e9a-cbd0d70981bd,0,dry,weak_expert,1,0.5258502275800861,1,1,rf__trees300__depth10__leaf5__features0p1,mean_std_max,1
9cefcba6-bea1-4131-a905-3d28e567344b,0,dry,weak_expert,1,0.2750346035944316,1,0,rf__trees300__depth10__leaf5__features0p1,mean_std_max,0
9eb1894a-8201-431d-a923-79dc88945ebb,0,dry,weak_expert,1,0.23590750849509182,1,0,rf__trees300__depth10__leaf5__features0p1,mean_std_max,0
a02e0fa5-1a29-4e3f-817e-15047e79e744,0,dry,weak_expert,1,0.28500502262940913,1,0,rf__trees300__depth10__leaf5__features0p1,mean_std_max,0
a084b953-189d-422d-a40a-b545b4f01618,0,dry,weak_expert,1,0.1968001228958587,1,0,rf__trees300__depth10__leaf5__features0p1,mean_std_max,0
a08b86d5-4573-4a42-9a84-f75f5e50351a,0,dry,weak_expert,1,0.4224852297116423,1,1,rf__trees300__depth10__leaf5__features0p1,mean_std_max,0
a20c7e61-024c-491f-807c-fd01dc856bbd,0,dry,weak_expert,1,0.5966979198655493,1,1,rf__trees300__depth10__leaf5__features0p1,mean_std_max,1
a2c4999f-df6f-42a7-b733-3d10536b6d03,0,dry,weak_expert,1,0.1077673564689434,1,0,rf__trees300__depth10__leaf5__features0p1,mean_std_max,0
a46654b3-b91b-4f95-8a69-3dcd1d428ea0,0,dry,weak_expert,1,0.541875935971145,1,1,rf__trees300__depth10__leaf5__features0p1,mean_std_max,1
a5aeaa95-ed25-452b-b112-62c042c21b33,0,dry,weak_expert,1,0.4143331691893644,1,1,rf__trees300__depth10__leaf5__features0p1,mean_std_max,0
a6417792-0dfe-46da-b820-3c047f15ad9a,0,dry,weak_expert,1,0.464199957132311,1,1,rf__trees300__depth10__leaf5__features0p1,mean_std_max,0
a6b7aeb5-6b58-4bea-9e2d-6ee573cd1aab,0,dry,weak_expert,1,0.20503353036361516,1,0,rf__trees300__depth10__leaf5__features0p1,mean_std_max,0
a9108704-75af-4d2c-afb2-5c8ca33cb9e0,0,dry,weak_expert,1,0.0995254592856389,1,0,rf__trees300__depth10__leaf5__features0p1,mean_std_max,0
adc24bde-023b-457e-9be7-9fadbad0b155,0,dry,weak_expert,1,0.3135379660551226,1,0,rf__trees300__depth10__leaf5__features0p1,mean_std_max,0
ae7f3e27-5c50-48bd-ba50-4b52ddfc6b8f,0,dry,weak_expert,1,0.41842472732729535,1,1,rf__trees300__depth10__leaf5__features0p1,mean_std_max,0
aeb63eba-7261-4d5a-9cf5-4f31357bcd57,0,dry,weak_expert,1,0.17911424314124572,1,0,rf__trees300__depth10__leaf5__features0p1,mean_std_max,0
af89b4c6-a942-4dbd-9efb-cc0ae79a9acf,0,dry,weak_expert,1,0.11025531819082601,1,0,rf__trees300__depth10__leaf5__features0p1,mean_std_max,0
afdcc1b1-befc-4eac-bf4b-328a7a21261e,0,dry,weak_expert,1,0.25453260848751236,1,0,rf__trees300__depth10__leaf5__features0p1,mean_std_max,0
b08bd7a4-a123-4f28-b659-bbb5ea70fb6f,0,dry,weak_expert,1,0.4130944027535673,1,1,rf__trees300__depth10__leaf5__features0p1,mean_std_max,0
b2cb680f-2b1f-4daf-824c-c83952cd639c,0,dry,weak_expert,1,0.3357566927562617,1,0,rf__trees300__depth10__leaf5__features0p1,mean_std_max,0
b35c9f6c-4e1d-4c3f-a733-5905c3ee387d,0,dry,weak_expert,1,0.5122029923291092,1,1,rf__trees300__depth10__leaf5__features0p1,mean_std_max,1
b38e69f2-01f9-47ac-b94f-cf7b5eb764b3,0,dry,weak_expert,1,0.2078080555944985,1,0,rf__trees300__depth10__leaf5__features0p1,mean_std_max,0
b5808d67-b898-4d8b-b74c-6d3ef7085be4,0,dry,weak_expert,1,0.28559757375099337,1,0,rf__trees300__depth10__leaf5__features0p1,mean_std_max,0
b6165d05-e841-44cc-bb13-a59d6ceed6ed,0,dry,weak_expert,1,0.334024665969796,1,0,rf__trees300__depth10__leaf5__features0p1,mean_std_max,0
b61f41d5-8a12-44de-a8c7-f7ab67f35ab7,0,dry,weak_expert,1,0.7094746774915935,1,1,rf__trees300__depth10__leaf5__features0p1,mean_std_max,1
b7825dc8-a17f-4171-863b-2c0b346cfcd0,0,dry,weak_expert,1,0.35911138620874683,1,0,rf__trees300__depth10__leaf5__features0p1,mean_std_max,0
b95b4d94-e665-41d0-bd0e-4fb9d4684e65,0,dry,weak_expert,1,0.13360632428499813,1,0,rf__trees300__depth10__leaf5__features0p1,mean_std_max,0
ba21cefd-7209-47e8-87ff-e12e3d0ed4dc,0,dry,weak_expert,1,0.21032462046745587,1,0,rf__trees300__depth10__leaf5__features0p1,mean_std_max,0
ba5ade2c-45fc-41e5-b111-86c08ea8609b,0,dry,weak_expert,1,0.1167321645364271,1,0,rf__trees300__depth10__leaf5__features0p1,mean_std_max,0
bb5fd4d8-a36d-4918-931f-c6bd2adcc20d,0,dry,weak_expert,1,0.21350893919097147,1,0,rf__trees300__depth10__leaf5__features0p1,mean_std_max,0
bb94e3f4-831c-4c04-b528-617cf04ab8c7,0,dry,weak_expert,1,0.5181797061197086,1,1,rf__trees300__depth10__leaf5__features0p1,mean_std_max,1
bc24d4d9-b66b-4429-8228-6645de25622f,0,dry,weak_expert,1,0.3505504641377694,1,0,rf__trees300__depth10__leaf5__features0p1,mean_std_max,0
bc27b4fb-a820-4296-a776-0f0943ba1455,0,dry,weak_expert,1,0.3345214169675466,1,0,rf__trees300__depth10__leaf5__features0p1,mean_std_max,0
bcb90b43-185a-4420-a4ca-dafe8f914682,0,dry,weak_expert,1,0.5308299925527155,1,1,rf__trees300__depth10__leaf5__features0p1,mean_std_max,1
bd11b513-12a1-44be-82f6-4fbeea1fbda0,0,dry,weak_expert,1,0.19052389480095527,1,0,rf__trees300__depth10__leaf5__features0p1,mean_std_max,0
bd205be0-24a4-4a28-8262-30bc14bf1faa,0,dry,weak_expert,1,0.14049381171687098,1,0,rf__trees300__depth10__leaf5__features0p1,mean_std_max,0
be0fe831-c469-4a13-961f-e3bd6dda0633,0,dry,weak_expert,1,0.2764729427863898,1,0,rf__trees300__depth10__leaf5__features0p1,mean_std_max,0
be2d9024-401a-42a0-91fd-194567b1d4c1,0,dry,weak_expert,1,0.2412853759041993,1,0,rf__trees300__depth10__leaf5__features0p1,mean_std_max,0
be5f63f3-2be9-448b-b57e-fa118eddc2e2,0,dry,weak_expert,1,0.14855120800126853,1,0,rf__trees300__depth10__leaf5__features0p1,mean_std_max,0
be920126-b1e2-4117-84e2-461b2230e46e,0,dry,weak_expert,1,0.25996627427770147,1,0,rf__trees300__depth10__leaf5__features0p1,mean_std_max,0
beb9eff3-e2c7-4f53-981b-0abc09158dec,0,dry,weak_expert,1,0.7904151518450908,1,1,rf__trees300__depth10__leaf5__features0p1,mean_std_max,1
bf4ca169-aab4-466f-8e14-63631e0b3ea0,0,dry,weak_expert,1,0.6102621185521029,1,1,rf__trees300__depth10__leaf5__features0p1,mean_std_max,1
bf5901da-d580-4034-88b0-19bd18778f5a,0,dry,weak_expert,1,0.24130618709519902,1,0,rf__trees300__depth10__leaf5__features0p1,mean_std_max,0
bf7f0dd3-eaef-4912-8edc-c919fd98df62,0,dry,weak_expert,1,0.2086428820010044,1,0,rf__trees300__depth10__leaf5__features0p1,mean_std_max,0
c0643c65-15f1-4f25-9f4e-d42541cca1b8,0,dry,weak_expert,1,0.27246595885921154,1,0,rf__trees300__depth10__leaf5__features0p1,mean_std_max,0
c16f96bf-dc05-445b-aed6-5758aa0ec5c8,0,dry,weak_expert,1,0.26236010981565333,1,0,rf__trees300__depth10__leaf5__features0p1,mean_std_max,0
c2795c09-691f-421d-87eb-60d11ef0a776,0,dry,weak_expert,1,0.3197791545771326,1,0,rf__trees300__depth10__leaf5__features0p1,mean_std_max,0
c2d24716-5e15-4066-855a-2a0c0b7566f6,0,dry,weak_expert,1,0.6283011160858594,1,1,rf__trees300__depth10__leaf5__features0p1,mean_std_max,1
c2e033f0-5e2f-4793-be75-afa9ae7d3f8f,0,dry,weak_expert,1,0.1423033718352163,1,0,rf__trees300__depth10__leaf5__features0p1,mean_std_max,0
c34d6285-a7d7-4357-9036-cb4a5caec6f6,0,dry,weak_expert,1,0.581365576757535,1,1,rf__trees300__depth10__leaf5__features0p1,mean_std_max,1
c3b9dca7-67eb-4438-b6aa-dd6b2aca1432,0,dry,gold_expert,1,0.16759373071937606,1,0,rf__trees300__depth10__leaf5__features0p1,mean_std_max,0
c3d0135b-83ef-4aba-b98c-2c8fe50ffeff,0,dry,weak_expert,1,0.4019474036320668,1,1,rf__trees300__depth10__leaf5__features0p1,mean_std_max,0
c4961eda-91f5-4fbc-bd90-92f56f7f4deb,0,dry,weak_expert,1,0.3679488105836454,1,0,rf__trees300__depth10__leaf5__features0p1,mean_std_max,0
c8983507-264a-4bbb-8926-8a06afb36bff,0,dry,weak_expert,1,0.5441500672780432,1,1,rf__trees300__depth10__leaf5__features0p1,mean_std_max,1
c961a082-77cf-412a-ba8a-66fff0b7bc82,0,dry,weak_expert,1,0.3562390268067968,1,0,rf__trees300__depth10__leaf5__features0p1,mean_std_max,0
c9fa0d4d-76d1-41c4-863c-b83bb8908140,0,dry,gold_expert,1,0.45510976739078063,1,1,rf__trees300__depth10__leaf5__features0p1,mean_std_max,0
cb5c6410-8b55-4c33-932d-fc72e5cac22c,0,dry,weak_expert,1,0.2873669377211125,1,0,rf__trees300__depth10__leaf5__features0p1,mean_std_max,0
cbbbe2c4-51c4-48e3-807d-5ad37ad220e4,0,dry,weak_expert,1,0.17221166964624723,1,0,rf__trees300__depth10__leaf5__features0p1,mean_std_max,0
ce3f9e37-b553-4c23-b341-8da601f7468e,0,dry,weak_expert,1,0.43267572040453794,1,1,rf__trees300__depth10__leaf5__features0p1,mean_std_max,0
cefb99ae-7dda-4397-8b65-77e3fc0c7739,0,dry,weak_expert,1,0.2566807479652237,1,0,rf__trees300__depth10__leaf5__features0p1,mean_std_max,0
d0d4e84a-3692-46e2-a168-463896fb9d31,0,dry,weak_expert,1,0.2064135086165576,1,0,rf__trees300__depth10__leaf5__features0p1,mean_std_max,0
d101742f-52a3-4ed3-a4bb-46f65d02fc2a,0,dry,weak_expert,1,0.20240161850465374,1,0,rf__trees300__depth10__leaf5__features0p1,mean_std_max,0
d1c3a8a6-742e-4677-aa79-92b9b217be75,0,dry,weak_expert,1,0.2149298995388249,1,0,rf__trees300__depth10__leaf5__features0p1,mean_std_max,0
d2a55629-24e2-4460-8a0a-b7065927ee07,0,dry,weak_expert,1,0.45004826467481174,1,1,rf__trees300__depth10__leaf5__features0p1,mean_std_max,0
d3ea88bd-d578-44dd-aadd-391f8559bdc5,0,dry,weak_expert,1,0.17311282418056997,1,0,rf__trees300__depth10__leaf5__features0p1,mean_std_max,0
d505b939-4d86-4713-8bba-987cde761118,0,dry,weak_expert,1,0.34188000337787594,1,0,rf__trees300__depth10__leaf5__features0p1,mean_std_max,0
d551a262-676b-4856-ae36-5b6334c6b586,0,dry,weak_expert,1,0.07796478872596412,1,0,rf__trees300__depth10__leaf5__features0p1,mean_std_max,0
d57d4c31-4f34-41cd-9fdf-84e4df3f2dcc,0,dry,weak_expert,1,0.44755665725517996,1,1,rf__trees300__depth10__leaf5__features0p1,mean_std_max,0
d5e56f55-97a1-417d-a724-04d6ef10830e,0,dry,weak_expert,1,0.24271444509913995,1,0,rf__trees300__depth10__leaf5__features0p1,mean_std_max,0
d6d50155-5eb2-421e-9da1-8ad5faa275a1,0,dry,weak_expert,1,0.06802302258941637,1,0,rf__trees300__depth10__leaf5__features0p1,mean_std_max,0
d789e459-6db1-4481-af44-db7427304108,0,dry,weak_expert,1,0.07429157909364008,1,0,rf__trees300__depth10__leaf5__features0p1,mean_std_max,0
db234c88-9a58-4947-a852-d7f2584128ef,0,dry,weak_expert,1,0.39495951926336265,1,1,rf__trees300__depth10__leaf5__features0p1,mean_std_max,0
dbc6f669-469e-4306-acdc-f46039006148,0,dry,weak_expert,1,0.1639297066681505,1,0,rf__trees300__depth10__leaf5__features0p1,mean_std_max,0
dc17e768-40f6-462e-99ad-80292586ac3a,0,dry,weak_expert,1,0.26534923219623213,1,0,rf__trees300__depth10__leaf5__features0p1,mean_std_max,0
dcd6359c-4fbc-44ea-93b0-f1da55eb3a75,0,dry,weak_expert,1,0.3698965908104713,1,0,rf__trees300__depth10__leaf5__features0p1,mean_std_max,0
dd235b59-b0df-4eb7-9024-3b11e1515888,0,dry,weak_expert,1,0.07251911270185979,1,0,rf__trees300__depth10__leaf5__features0p1,mean_std_max,0
dd489c88-affc-4142-ac56-752c3a433991,0,dry,weak_expert,1,0.6836868184638855,1,1,rf__trees300__depth10__leaf5__features0p1,mean_std_max,1
dd7e32e6-a949-4c92-a5b1-628edbb65144,0,dry,weak_expert,1,0.271018852951802,1,0,rf__trees300__depth10__leaf5__features0p1,mean_std_max,0
dd80d0c6-76ec-43b1-9611-23ea269cec57,0,dry,weak_expert,1,0.4270797032478107,1,1,rf__trees300__depth10__leaf5__features0p1,mean_std_max,0
de67d064-eff4-40c4-ab46-b115d0691e1f,0,dry,weak_expert,1,0.10334215822040403,1,0,rf__trees300__depth10__leaf5__features0p1,mean_std_max,0
dec024bb-bb3f-49ba-8a42-b1420d56a2e0,0,dry,weak_expert,1,0.1682718943377507,1,0,rf__trees300__depth10__leaf5__features0p1,mean_std_max,0
df6cf29a-fcf8-4b96-ab4f-19e018c3b297,0,dry,weak_expert,1,0.19271621703981923,1,0,rf__trees300__depth10__leaf5__features0p1,mean_std_max,0
dfb0a442-3453-4d42-b355-b68eda2a9865,0,dry,weak_expert,1,0.10462269265866928,1,0,rf__trees300__depth10__leaf5__features0p1,mean_std_max,0
dfe7b783-c80f-4357-b72e-63e875bf9ec3,0,dry,weak_expert,1,0.3710297989697075,1,0,rf__trees300__depth10__leaf5__features0p1,mean_std_max,0
e0107451-503c-48b0-9a9e-675a3a0c834e,0,dry,weak_expert,1,0.4123753886724765,1,1,rf__trees300__depth10__leaf5__features0p1,mean_std_max,0
e23b7ef4-c268-4179-b234-c45702001252,0,dry,weak_expert,1,0.1714228017893429,1,0,rf__trees300__depth10__leaf5__features0p1,mean_std_max,0
e4242c29-1213-4960-b792-565fae299403,0,dry,weak_expert,1,0.16720648159324436,1,0,rf__trees300__depth10__leaf5__features0p1,mean_std_max,0
e4bbd7fa-3767-48e3-97cf-c5e14881314f,0,dry,weak_expert,1,0.1823983430752923,1,0,rf__trees300__depth10__leaf5__features0p1,mean_std_max,0
e56ea219-e97c-45c4-8222-5ecf168445b5,0,dry,gold_expert,1,0.15870913590459754,1,0,rf__trees300__depth10__leaf5__features0p1,mean_std_max,0
e5a8a140-d910-47da-b3d6-96941e084028,0,dry,weak_expert,1,0.5225224502829572,1,1,rf__trees300__depth10__leaf5__features0p1,mean_std_max,1
e6448323-4be3-4fac-ba98-33aee0de0817,0,dry,gold_expert,1,0.14633106582168273,1,0,rf__trees300__depth10__leaf5__features0p1,mean_std_max,0
e667faac-9ba9-472e-8a97-ad47887d5108,0,dry,weak_expert,1,0.55493781561183,1,1,rf__trees300__depth10__leaf5__features0p1,mean_std_max,1
e6a6d19c-2ff0-4c1a-aa5f-f432c9a8b55e,0,dry,weak_expert,1,0.13796952434009432,1,0,rf__trees300__depth10__leaf5__features0p1,mean_std_max,0
e6d07d7b-cd63-4f81-8dbd-3ab87104fbf0,0,dry,weak_expert,1,0.10469480493509649,1,0,rf__trees300__depth10__leaf5__features0p1,mean_std_max,0
e9650512-35f6-4872-acca-c8aca7cd228b,0,dry,weak_expert,1,0.20191388745980773,1,0,rf__trees300__depth10__leaf5__features0p1,mean_std_max,0
e9cc9a65-15c2-4acf-8412-4cffc98eb56f,0,dry,weak_expert,1,0.27451697514868445,1,0,rf__trees300__depth10__leaf5__features0p1,mean_std_max,0
eb74838f-26b9-457e-a4f6-3fff63ebc270,0,dry,weak_expert,1,0.38595424434964504,1,1,rf__trees300__depth10__leaf5__features0p1,mean_std_max,0
ec86b666-9979-4799-a06f-9773eba8927f,0,dry,weak_expert,1,0.1714144735824254,1,0,rf__trees300__depth10__leaf5__features0p1,mean_std_max,0
ecc957af-3001-4a29-935a-32db98540746,0,dry,weak_expert,1,0.24424582949312063,1,0,rf__trees300__depth10__leaf5__features0p1,mean_std_max,0
edcadaac-51d0-44d1-99c6-efbbc41dd4bd,0,dry,weak_expert,1,0.5814490098962083,1,1,rf__trees300__depth10__leaf5__features0p1,mean_std_max,1
eeaa9780-b73a-4e0f-b075-4dc5fbb54080,0,dry,weak_expert,1,0.15706096245492052,1,0,rf__trees300__depth10__leaf5__features0p1,mean_std_max,0
ef458365-a016-45ff-842a-7388a89ed774,0,dry,weak_expert,1,0.21887818809051002,1,0,rf__trees300__depth10__leaf5__features0p1,mean_std_max,0
ef6d35f9-347a-4aad-9e4d-e37bd0f417f9,0,dry,weak_expert,1,0.7110816046082244,1,1,rf__trees300__depth10__leaf5__features0p1,mean_std_max,1
f0bcf37a-4766-4cc0-a4d3-13a6e1343103,0,dry,weak_expert,1,0.1956230991043304,1,0,rf__trees300__depth10__leaf5__features0p1,mean_std_max,0
f18097f1-d7d5-4566-a7f1-dce0f2e8da87,0,dry,weak_expert,1,0.05467341124895183,1,0,rf__trees300__depth10__leaf5__features0p1,mean_std_max,0
f3ef7d3e-56e1-496b-8a46-b593e33d25d6,0,dry,weak_expert,1,0.3850399737509312,1,1,rf__trees300__depth10__leaf5__features0p1,mean_std_max,0
f5531d66-e612-41c3-b7c1-658fe7922f34,0,dry,weak_expert,1,0.6264531894945184,1,1,rf__trees300__depth10__leaf5__features0p1,mean_std_max,1
f64f33a5-b6e1-4d5c-ab1b-8d48dd826440,0,dry,weak_expert,1,0.321484782188128,1,0,rf__trees300__depth10__leaf5__features0p1,mean_std_max,0
f66386d5-f2e2-4b9b-8f00-35e51858446b,0,dry,weak_expert,1,0.2646806174531283,1,0,rf__trees300__depth10__leaf5__features0p1,mean_std_max,0
f6fd67d0-eb9d-47b4-9fc7-1e4af068d05b,0,dry,weak_expert,1,0.37073228556211396,1,0,rf__trees300__depth10__leaf5__features0p1,mean_std_max,0
f9f521ef-bcba-461f-8dcc-b4df6f6beb2f,0,dry,weak_expert,1,0.4870600351902045,1,1,rf__trees300__depth10__leaf5__features0p1,mean_std_max,0
fafbe64d-8da4-4901-95a2-e0025771f446,0,dry,weak_expert,1,0.18222999838776677,1,0,rf__trees300__depth10__leaf5__features0p1,mean_std_max,0
fe3ddef6-cf4c-4adf-b12d-bf5c5b79a5f4,0,dry,weak_expert,1,0.4477539197041577,1,1,rf__trees300__depth10__leaf5__features0p1,mean_std_max,0
fed255ec-4829-4f4a-b22d-9bb23f2dd89f,0,dry,gold_expert,1,0.2683205003789994,1,0,rf__trees300__depth10__leaf5__features0p1,mean_std_max,0
ff8435f6-76b5-42c1-8f4c-7479710e71bf,0,dry,weak_expert,1,0.1349484251491289,1,0,rf__trees300__depth10__leaf5__features0p1,mean_std_max,0
01614a4a-947f-43ca-a609-fc2787509f6f,1,wet,weak_expert,1,0.4852765216708737,1,1,rf__trees300__depth10__leaf5__features0p1,mean_std_max,0
0837bd59-09c5-4098-afe3-4bcbfb0fb0e2,1,wet,weak_expert,1,0.4720720060681711,1,1,rf__trees300__depth10__leaf5__features0p1,mean_std_max,0
08f05aa0-7c3d-40be-a8ae-ab6bc6d41be3,1,wet,weak_expert,1,0.5827943201195054,1,1,rf__trees300__depth10__leaf5__features0p1,mean_std_max,1
0b6f8543-c5e3-414c-a4f3-020e56e8ec60,1,wet,weak_expert,1,0.38221285690174417,1,1,rf__trees300__depth10__leaf5__features0p1,mean_std_max,0
0b72bbdf-fe74-4c76-8c9a-9e4a60a7b9f9,1,wet,weak_expert,1,0.3926877617373532,1,1,rf__trees300__depth10__leaf5__features0p1,mean_std_max,0
0f8d80f9-700e-4069-924d-e15f29d7c19a,1,wet,gold_expert,1,0.24327557409531214,1,0,rf__trees300__depth10__leaf5__features0p1,mean_std_max,0
13cc16ff-2b44-4740-b7f4-e80cf7404d30,1,wet,weak_expert,1,0.5604869193013352,1,1,rf__trees300__depth10__leaf5__features0p1,mean_std_max,1
16af8331-f890-4f2e-bf49-2b42985d379e,1,wet,weak_expert,1,0.2489621448117978,1,0,rf__trees300__depth10__leaf5__features0p1,mean_std_max,0
16b16ff5-e875-4f0f-ad76-bd7ba27faca6,1,wet,weak_expert,1,0.3309252582096955,1,0,rf__trees300__depth10__leaf5__features0p1,mean_std_max,0
182246b0-9f77-4c40-976e-3c9342619819,1,wet,weak_expert,1,0.43814040751970074,1,1,rf__trees300__depth10__leaf5__features0p1,mean_std_max,0
1b1f2c9b-7cfa-4eb5-837d-36ae3d647c92,1,wet,weak_expert,1,0.4267978799943492,1,1,rf__trees300__depth10__leaf5__features0p1,mean_std_max,0
1de44182-c6f6-4059-bb54-1e8552999e03,1,wet,weak_expert,1,0.1734315763545991,1,0,rf__trees300__depth10__leaf5__features0p1,mean_std_max,0
1e3025cb-d921-485b-a08c-c2966fc4f730,1,wet,weak_expert,1,0.5390425902287281,1,1,rf__trees300__depth10__leaf5__features0p1,mean_std_max,1
20638b85-0ab9-45cc-b257-9ce9986946de,1,wet,weak_expert,1,0.25271931120912344,1,0,rf__trees300__depth10__leaf5__features0p1,mean_std_max,0
21c16c1c-46fc-4b80-b941-65d7c6e87555,1,wet,weak_expert,1,0.20214101913999397,1,0,rf__trees300__depth10__leaf5__features0p1,mean_std_max,0
25e59482-9d33-4a0c-bfbf-5438b9c0c9ea,1,wet,weak_expert,1,0.14134350752113428,1,0,rf__trees300__depth10__leaf5__features0p1,mean_std_max,0
28b30c43-8b77-436a-a181-9b36ec9f0553,1,wet,weak_expert,1,0.5501379157031039,1,1,rf__trees300__depth10__leaf5__features0p1,mean_std_max,1
2e41a2bd-6462-407d-8078-9f7b86a54f52,1,wet,weak_expert,1,0.4816875706557464,1,1,rf__trees300__depth10__leaf5__features0p1,mean_std_max,0
32eea255-502c-4bb2-9160-12aa16912ea9,1,wet,weak_expert,1,0.49592613039075806,1,1,rf__trees300__depth10__leaf5__features0p1,mean_std_max,0
380bc7f0-d950-450c-9f5e-43c7c3f4c132,1,wet,weak_expert,1,0.6371653952837631,1,1,rf__trees300__depth10__leaf5__features0p1,mean_std_max,1
3c903e81-9634-4d62-90f0-f09b95f382f7,1,wet,weak_expert,1,0.1296372588028982,1,0,rf__trees300__depth10__leaf5__features0p1,mean_std_max,0
4122c8f7-07e5-4c74-8993-c17157bd6c1b,1,wet,weak_expert,1,0.12007970336596212,1,0,rf__trees300__depth10__leaf5__features0p1,mean_std_max,0
4a19eff2-8302-4aa6-9164-ae5a9d2d824f,1,wet,weak_expert,1,0.08125965261058973,1,0,rf__trees300__depth10__leaf5__features0p1,mean_std_max,0
4eab6d7e-32c1-4a7f-be8c-b1cbcffe2420,1,wet,weak_expert,1,0.4731793276658229,1,1,rf__trees300__depth10__leaf5__features0p1,mean_std_max,0
4f95a31d-9302-47bb-a0b6-cdd8b13c0aab,1,wet,weak_expert,1,0.22711947234756272,1,0,rf__trees300__depth10__leaf5__features0p1,mean_std_max,0
5322ecad-3152-4fab-8f66-8552c0ebd4c2,1,wet,weak_expert,1,0.3031454329567655,1,0,rf__trees300__depth10__leaf5__features0p1,mean_std_max,0
55534e14-5e4e-4102-8bb0-2011ca1c371a,1,wet,weak_expert,1,0.25989555368186373,1,0,rf__trees300__depth10__leaf5__features0p1,mean_std_max,0
5790906b-44f0-4b59-8052-1f3d7927decd,1,wet,weak_expert,1,0.643864755925716,1,1,rf__trees300__depth10__leaf5__features0p1,mean_std_max,1
618fc43a-4d9d-4dad-8b68-2714b584ccc4,1,wet,weak_expert,1,0.18228324453380904,1,0,rf__trees300__depth10__leaf5__features0p1,mean_std_max,0
641a25a8-413c-4a45-b74f-a46edc276724,1,wet,weak_expert,1,0.13633247219588374,1,0,rf__trees300__depth10__leaf5__features0p1,mean_std_max,0
6647b629-2246-48c9-83ad-c3ad4795c891,1,wet,weak_expert,1,0.6866030212342212,1,1,rf__trees300__depth10__leaf5__features0p1,mean_std_max,1
66636b7b-3e0e-4613-9f1f-4ec16fb313c3,1,wet,weak_expert,1,0.16925315137998087,1,0,rf__trees300__depth10__leaf5__features0p1,mean_std_max,0
66bd4211-2034-4cde-82ad-59aeff6e7eb8,1,wet,weak_expert,1,0.14308514184069981,1,0,rf__trees300__depth10__leaf5__features0p1,mean_std_max,0
6fbee7bd-2530-404b-80e2-bb2d1317d7c5,1,wet,weak_expert,1,0.4193002116055723,1,1,rf__trees300__depth10__leaf5__features0p1,mean_std_max,0
78637ec8-6570-4b6a-b8fd-a1610022c413,1,wet,weak_expert,1,0.3398414811421761,1,0,rf__trees300__depth10__leaf5__features0p1,mean_std_max,0
7872c598-46e9-4bc5-804b-47c71b4be1ac,1,wet,weak_expert,1,0.11491298376558255,1,0,rf__trees300__depth10__leaf5__features0p1,mean_std_max,0
811d96a7-e63f-4a8e-afc8-d8cef7bec7aa,1,wet,weak_expert,1,0.45237372916801805,1,1,rf__trees300__depth10__leaf5__features0p1,mean_std_max,0
821f8448-26e5-4f74-acbf-e5d5058eaa93,1,wet,weak_expert,1,0.4538837880469174,1,1,rf__trees300__depth10__leaf5__features0p1,mean_std_max,0
8475da17-5c32-415c-ba77-6dfad5ee5f9b,1,wet,weak_expert,1,0.4486496651397912,1,1,rf__trees300__depth10__leaf5__features0p1,mean_std_max,0
868d1ace-2365-4f81-bc7e-0fbe8214f5d7,1,wet,weak_expert,1,0.6730590072521898,1,1,rf__trees300__depth10__leaf5__features0p1,mean_std_max,1
8b96d238-8053-4b15-86b6-a31f448dda73,1,wet,weak_expert,1,0.4889766820617869,1,1,rf__trees300__depth10__leaf5__features0p1,mean_std_max,0
8cdd0367-1661-4524-830d-2bd69aa6dee7,1,wet,weak_expert,1,0.2716560156817272,1,0,rf__trees300__depth10__leaf5__features0p1,mean_std_max,0
91678983-1d96-4390-8f09-55df6a75bb36,1,wet,weak_expert,1,0.5208841448303438,1,1,rf__trees300__depth10__leaf5__features0p1,mean_std_max,1
9420ab0f-61bd-4567-a229-e93ff115785b,1,wet,weak_expert,1,0.20961815030140316,1,0,rf__trees300__depth10__leaf5__features0p1,mean_std_max,0
99de245e-7797-4b68-8b4e-7be2c3600f49,1,wet,weak_expert,1,0.4280293711947014,1,1,rf__trees300__depth10__leaf5__features0p1,mean_std_max,0
9c121206-2d76-40b1-bbd0-4b1f483adada,1,wet,weak_expert,1,0.42105740946448605,1,1,rf__trees300__depth10__leaf5__features0p1,mean_std_max,0
9e41c672-ffbd-4a9b-919b-3fdfd4771f63,1,wet,weak_expert,1,0.5241918782340222,1,1,rf__trees300__depth10__leaf5__features0p1,mean_std_max,1
a1f69db9-81f4-4a07-9808-dd1c99053125,1,wet,weak_expert,1,0.20164476555446606,1,0,rf__trees300__depth10__leaf5__features0p1,mean_std_max,0
a5115a55-1187-4983-b9d6-4e423d92f981,1,wet,weak_expert,1,0.367507897111926,1,0,rf__trees300__depth10__leaf5__features0p1,mean_std_max,0
aa78817e-f5e3-470b-b516-6006c59fb1fa,1,wet,weak_expert,1,0.13040956337181708,1,0,rf__trees300__depth10__leaf5__features0p1,mean_std_max,0
b392ae80-f91a-4a78-bad3-2e8a8c8130d2,1,wet,weak_expert,1,0.3974672438689915,1,1,rf__trees300__depth10__leaf5__features0p1,mean_std_max,0
b689a94c-70d7-4fec-a237-b5ded63ca518,1,wet,weak_expert,1,0.33713868556418203,1,0,rf__trees300__depth10__leaf5__features0p1,mean_std_max,0
b7f60904-a2e1-4068-9854-523ebe8d8c04,1,wet,weak_expert,1,0.6238066630558572,1,1,rf__trees300__depth10__leaf5__features0p1,mean_std_max,1
bcc118e3-39f2-45f9-8dae-46650d962729,1,wet,weak_expert,1,0.6178616784635893,1,1,rf__trees300__depth10__leaf5__features0p1,mean_std_max,1
bd14922a-f88e-4b99-a338-360789a40b69,1,wet,weak_expert,1,0.6719854885057038,1,1,rf__trees300__depth10__leaf5__features0p1,mean_std_max,1
c34dae42-797d-41cd-815d-b10d23d8844d,1,wet,weak_expert,1,0.2708573745398747,1,0,rf__trees300__depth10__leaf5__features0p1,mean_std_max,0
c3c69ce2-8617-4329-8f39-7f7b16daafed,1,wet,weak_expert,1,0.3760299466514602,1,1,rf__trees300__depth10__leaf5__features0p1,mean_std_max,0
c9d68f80-c9ee-4cb3-885b-f4f46fa1c8bd,1,wet,weak_expert,1,0.14481537701232616,1,0,rf__trees300__depth10__leaf5__features0p1,mean_std_max,0
cc5b8aa6-355a-4f4c-bc88-4f1d5bafc5ad,1,wet,weak_expert,1,0.48715063570153216,1,1,rf__trees300__depth10__leaf5__features0p1,mean_std_max,0
dc994f21-ea5e-4236-bc48-2fd980feb2f8,1,wet,weak_expert,1,0.5823301422195454,1,1,rf__trees300__depth10__leaf5__features0p1,mean_std_max,1
dff83863-6ceb-416a-9846-26b13bab1bfa,1,wet,weak_expert,1,0.29376252244692114,1,0,rf__trees300__depth10__leaf5__features0p1,mean_std_max,0
e048aa97-7313-48f8-99f7-0f2795bf4a48,1,wet,weak_expert,1,0.3833018014369204,1,1,rf__trees300__depth10__leaf5__features0p1,mean_std_max,0
e272246a-5c0e-4549-83b0-8330cfce867e,1,wet,weak_expert,1,0.2804465231536831,1,0,rf__trees300__depth10__leaf5__features0p1,mean_std_max,0
e292ff84-85b8-486e-984a-91ecceef4b90,1,wet,weak_expert,1,0.2941211087748698,1,0,rf__trees300__depth10__leaf5__features0p1,mean_std_max,0
e39dac66-46e0-4d6f-b09c-58026674c71f,1,wet,weak_expert,1,0.49674657860828847,1,1,rf__trees300__depth10__leaf5__features0p1,mean_std_max,0
e6788288-778c-46d3-9d83-c4c2eb6f707d,1,wet,weak_expert,1,0.46162830716189956,1,1,rf__trees300__depth10__leaf5__features0p1,mean_std_max,0
e89a2e55-e5ad-4774-950c-ae4e84b444f8,1,wet,weak_expert,1,0.5473733723880833,1,1,rf__trees300__depth10__leaf5__features0p1,mean_std_max,1
ea3553b7-8fc4-4889-bc48-9318dfc1c9f5,1,wet,weak_expert,1,0.2052512327519439,1,0,rf__trees300__depth10__leaf5__features0p1,mean_std_max,0
ed5f5776-506b-42ac-85f6-021619d319b9,1,wet,weak_expert,1,0.441320283756684,1,1,rf__trees300__depth10__leaf5__features0p1,mean_std_max,0
ee82b8a5-39ed-41da-a927-7be42bb86ec7,1,wet,weak_expert,1,0.6283585874692444,1,1,rf__trees300__depth10__leaf5__features0p1,mean_std_max,1
f33560fd-1e3f-4117-b759-b2151dfb7eab,1,wet,weak_expert,1,0.1824839105291417,1,0,rf__trees300__depth10__leaf5__features0p1,mean_std_max,0
f3a3af59-0ebf-4644-a38b-32e36a70b876,1,wet,weak_expert,1,0.14095749023932533,1,0,rf__trees300__depth10__leaf5__features0p1,mean_std_max,0
f8c27e97-5b6b-4437-a8ae-236074a31b98,1,wet,weak_expert,1,0.12855844210421546,1,0,rf__trees300__depth10__leaf5__features0p1,mean_std_max,0
f9144621-a450-411a-b4f6-9a29e617358f,1,wet,weak_expert,1,0.6229321885201848,1,1,rf__trees300__depth10__leaf5__features0p1,mean_std_max,1
fd0859a7-9b11-405f-b151-6f21048f50bd,1,wet,weak_expert,1,0.4147002743060434,1,1,rf__trees300__depth10__leaf5__features0p1,mean_std_max,0
059ae242-fffd-44c7-b821-9d73f93449aa,0,dry,weak_expert,2,0.09679369609067745,1,0,rf__trees300__depth10__leaf5__features0p1,mean_std_max,0
06ad9cc8-27ff-4d9e-bfec-f88a660d9253,0,dry,weak_expert,2,0.18011214602685222,1,0,rf__trees300__depth10__leaf5__features0p1,mean_std_max,0
06b49798-22b7-4570-85b9-1390947ff34d,0,dry,weak_expert,2,0.27968373951784126,1,0,rf__trees300__depth10__leaf5__features0p1,mean_std_max,0
0b35d226-9927-4ddc-b5ea-cca273d43f66,0,dry,weak_expert,2,0.22353286204490763,1,0,rf__trees300__depth10__leaf5__features0p1,mean_std_max,0
0b60a771-1dde-49b8-a46d-d049b1791ca4,0,dry,weak_expert,2,0.5492359641116994,1,1,rf__trees300__depth10__leaf5__features0p1,mean_std_max,1
0ebcd337-e754-4955-a935-f7b3f04ec5ff,0,dry,weak_expert,2,0.136955739394262,1,0,rf__trees300__depth10__leaf5__features0p1,mean_std_max,0
12a1f8a8-d986-477c-a186-501247d38869,0,dry,weak_expert,2,0.39313139216536847,1,1,rf__trees300__depth10__leaf5__features0p1,mean_std_max,0
139d0f69-4c1c-416c-933e-ab45ea42ff93,0,dry,weak_expert,2,0.21204897202840747,1,0,rf__trees300__depth10__leaf5__features0p1,mean_std_max,0
13ec7c23-9c3d-42a7-90e7-ca621e8e2c33,0,dry,weak_expert,2,0.30063338701497055,1,0,rf__trees300__depth10__leaf5__features0p1,mean_std_max,0
15a0a034-354e-4637-b74c-9653763e0862,0,dry,weak_expert,2,0.17411130523981064,1,0,rf__trees300__depth10__leaf5__features0p1,mean_std_max,0
1645e119-c9ee-4cf8-9a87-31bcc8b025bb,0,dry,weak_expert,2,0.21075471783829444,1,0,rf__trees300__depth10__leaf5__features0p1,mean_std_max,0
167b1c65-40e6-4330-8dc7-d51d735ccdab,0,dry,weak_expert,2,0.28196506238193497,1,0,rf__trees300__depth10__leaf5__features0p1,mean_std_max,0
1853c64d-a058-471d-8409-84fd2afb5edd,0,dry,weak_expert,2,0.2235509923937288,1,0,rf__trees300__depth10__leaf5__features0p1,mean_std_max,0
1add9b29-ef49-4a03-b38f-c9391161e7bf,0,dry,weak_expert,2,0.29576243133726327,1,0,rf__trees300__depth10__leaf5__features0p1,mean_std_max,0
1c13288a-9ef9-4027-9ca6-06472a106fb1,0,dry,weak_expert,2,0.31577979896638353,1,0,rf__trees300__depth10__leaf5__features0p1,mean_std_max,0
1c4c4928-4a83-4fae-be54-48a557fb7739,0,dry,weak_expert,2,0.25048705271319943,1,0,rf__trees300__depth10__leaf5__features0p1,mean_std_max,0
1cef13ee-037d-49cb-bbd3-bbb44328cd91,0,dry,weak_expert,2,0.33250522068481675,1,0,rf__trees300__depth10__leaf5__features0p1,mean_std_max,0
1e2fb96c-cc9c-450d-9474-b363b22adfe8,0,dry,weak_expert,2,0.2918257012048119,1,0,rf__trees300__depth10__leaf5__features0p1,mean_std_max,0
1e35ccdb-4d0c-4a40-884d-500fa21dae26,0,dry,weak_expert,2,0.11485101158937004,1,0,rf__trees300__depth10__leaf5__features0p1,mean_std_max,0
1f02c230-3a22-4ee1-81e4-7e7237b36c03,0,dry,weak_expert,2,0.20729306738636302,1,0,rf__trees300__depth10__leaf5__features0p1,mean_std_max,0
21601275-9606-4574-869d-1cec6120d3e1,0,dry,weak_expert,2,0.30034347543681883,1,0,rf__trees300__depth10__leaf5__features0p1,mean_std_max,0
218f522f-d3b0-4370-a93f-e8a70d958950,0,dry,gold_expert,2,0.24598613650533177,1,0,rf__trees300__depth10__leaf5__features0p1,mean_std_max,0
21d95211-da92-44a9-83c7-30f8d4c6d670,0,dry,weak_expert,2,0.15911648730922862,1,0,rf__trees300__depth10__leaf5__features0p1,mean_std_max,0
22cb791b-2eba-480f-9eb3-69018bd25a04,0,dry,weak_expert,2,0.22617257533310894,1,0,rf__trees300__depth10__leaf5__features0p1,mean_std_max,0
23757c39-1cc1-4c17-bdda-b8b44c42a68e,0,dry,weak_expert,2,0.1743868364321588,1,0,rf__trees300__depth10__leaf5__features0p1,mean_std_max,0
23b27f73-bbcc-4856-a5bd-8a9719e471db,0,dry,weak_expert,2,0.35505993177443085,1,0,rf__trees300__depth10__leaf5__features0p1,mean_std_max,0
24526b28-3377-4f1e-942f-8e3f6d38e44b,0,dry,weak_expert,2,0.10113505607130598,1,0,rf__trees300__depth10__leaf5__features0p1,mean_std_max,0
26194021-bc50-4a4f-b49e-e36a01041b49,0,dry,weak_expert,2,0.11511893907138135,1,0,rf__trees300__depth10__leaf5__features0p1,mean_std_max,0
26b079a2-0954-4ca4-a494-1ef64e7d93f9,0,dry,weak_expert,2,0.1590869624525722,1,0,rf__trees300__depth10__leaf5__features0p1,mean_std_max,0
27bfbb49-3141-4d9e-9746-0e830e859907,0,dry,weak_expert,2,0.1709707825723121,1,0,rf__trees300__depth10__leaf5__features0p1,mean_std_max,0
28ccfa17-8a60-43b1-b0b0-2db7042c088e,0,dry,weak_expert,2,0.43665999327059174,1,1,rf__trees300__depth10__leaf5__features0p1,mean_std_max,0
2c38b55e-7a52-4b23-a4a5-f0da83cd2cba,0,dry,weak_expert,2,0.4889107419401585,1,1,rf__trees300__depth10__leaf5__features0p1,mean_std_max,0
2e4456dd-bb47-45f7-b2ef-7b2d2f2859c6,0,dry,gold_expert,2,0.3052276918039196,1,0,rf__trees300__depth10__leaf5__features0p1,mean_std_max,0
30f89651-4d57-4de3-8575-ab68725eccef,0,dry,weak_expert,2,0.23969070852585236,1,0,rf__trees300__depth10__leaf5__features0p1,mean_std_max,0
32233260-588c-4431-a326-4a0ea6c669c5,0,dry,weak_expert,2,0.23937265176035483,1,0,rf__trees300__depth10__leaf5__features0p1,mean_std_max,0
32ba514c-b6e5-45a5-a62d-a4555084e3ed,0,dry,weak_expert,2,0.2626470236992616,1,0,rf__trees300__depth10__leaf5__features0p1,mean_std_max,0
335a56cc-66bf-4dd0-a60b-f7a596e43c08,0,dry,weak_expert,2,0.25646226803269473,1,0,rf__trees300__depth10__leaf5__features0p1,mean_std_max,0
33ed7ec5-c28f-4397-90ac-f64af5d0393e,0,dry,weak_expert,2,0.45965540072896727,1,1,rf__trees300__depth10__leaf5__features0p1,mean_std_max,0
341ff20f-b75f-4d5a-8ee9-38ba198ed6ec,0,dry,weak_expert,2,0.16979409049000413,1,0,rf__trees300__depth10__leaf5__features0p1,mean_std_max,0
34fa8ed4-a911-4def-9272-d26e56dd05d2,0,dry,weak_expert,2,0.12249934406745176,1,0,rf__trees300__depth10__leaf5__features0p1,mean_std_max,0
353bb06f-a51c-4646-b890-d7fd3529e0e2,0,dry,weak_expert,2,0.5464847422538393,1,1,rf__trees300__depth10__leaf5__features0p1,mean_std_max,1
35ee826c-b4e1-40ae-9873-7df156071b7b,0,dry,weak_expert,2,0.3026751723870222,1,0,rf__trees300__depth10__leaf5__features0p1,mean_std_max,0
362c55e4-0bb0-4295-9dc3-be1e1e7e95a4,0,dry,weak_expert,2,0.18037137050435342,1,0,rf__trees300__depth10__leaf5__features0p1,mean_std_max,0
37347587-048a-4a1c-a100-7cf820711428,0,dry,weak_expert,2,0.37424459397433796,1,1,rf__trees300__depth10__leaf5__features0p1,mean_std_max,0
38578eb5-eef4-4c69-9e08-cbda1065b9d0,0,dry,weak_expert,2,0.17938802517286853,1,0,rf__trees300__depth10__leaf5__features0p1,mean_std_max,0
3a3e7613-0749-40ca-bec3-fbe8070a9719,0,dry,weak_expert,2,0.0557975281247043,1,0,rf__trees300__depth10__leaf5__features0p1,mean_std_max,0
3a6d3a21-4c29-47a9-9146-913edb738bca,0,dry,weak_expert,2,0.5932225234862837,1,1,rf__trees300__depth10__leaf5__features0p1,mean_std_max,1
3b6a0157-04a2-46cd-b5a7-299595293a2d,0,dry,weak_expert,2,0.34762783456813684,1,0,rf__trees300__depth10__leaf5__features0p1,mean_std_max,0
3b917045-a264-4e3c-9a70-491e49448c36,0,dry,weak_expert,2,0.34503218261065466,1,0,rf__trees300__depth10__leaf5__features0p1,mean_std_max,0
3cb4dbb6-d191-4331-bcdb-eec0f100484a,0,dry,weak_expert,2,0.4424007407014802,1,1,rf__trees300__depth10__leaf5__features0p1,mean_std_max,0
3d8a71a7-e94f-425c-8b92-09aceddcd063,0,dry,weak_expert,2,0.24335769308166705,1,0,rf__trees300__depth10__leaf5__features0p1,mean_std_max,0
3e231461-a679-4e96-8fcc-07480b6309c1,0,dry,weak_expert,2,0.18577328773162988,1,0,rf__trees300__depth10__leaf5__features0p1,mean_std_max,0
3ef8a638-8f4c-4018-8e25-dfd817979599,0,dry,weak_expert,2,0.17649249107107692,1,0,rf__trees300__depth10__leaf5__features0p1,mean_std_max,0
41c95439-7a27-4f01-8aba-4a0640b4683e,0,dry,weak_expert,2,0.39792297133286825,1,1,rf__trees300__depth10__leaf5__features0p1,mean_std_max,0
4260e6fd-0a12-48de-9bfd-1b8644c2186b,0,dry,gold_expert,2,0.38869897758945166,1,1,rf__trees300__depth10__leaf5__features0p1,mean_std_max,0
4376cf7a-db13-4730-b2bd-890bd5e5cb8b,0,dry,weak_expert,2,0.2643892400310793,1,0,rf__trees300__depth10__leaf5__features0p1,mean_std_max,0
43e83454-4324-4f0d-8ff5-02c53b4781c8,0,dry,weak_expert,2,0.6163597293160998,1,1,rf__trees300__depth10__leaf5__features0p1,mean_std_max,1
449b3a31-6ec1-4e6a-bb90-4cf63b07c8be,0,dry,weak_expert,2,0.33956452159622347,1,0,rf__trees300__depth10__leaf5__features0p1,mean_std_max,0
44c16fe2-1d25-4964-b32d-61ce832599c1,0,dry,weak_expert,2,0.16697088657372128,1,0,rf__trees300__depth10__leaf5__features0p1,mean_std_max,0
47041a03-16e8-4a03-b343-8d5e69afcd5c,0,dry,weak_expert,2,0.3608944521828307,1,0,rf__trees300__depth10__leaf5__features0p1,mean_std_max,0
4763797e-e24f-4af4-a449-d60bbc9079cb,0,dry,weak_expert,2,0.13346452005864937,1,0,rf__trees300__depth10__leaf5__features0p1,mean_std_max,0
47edb277-7f3c-426d-8e14-a0385f3c1b77,0,dry,weak_expert,2,0.1730517660050916,1,0,rf__trees300__depth10__leaf5__features0p1,mean_std_max,0
486dd43d-63a6-4ad6-8a00-2787b31c245e,0,dry,weak_expert,2,0.1061555421875558,1,0,rf__trees300__depth10__leaf5__features0p1,mean_std_max,0
48d28621-e417-47ae-ab2b-54e659e9df04,0,dry,weak_expert,2,0.22081303999305107,1,0,rf__trees300__depth10__leaf5__features0p1,mean_std_max,0
48f84033-8615-4805-b2a5-d84050d3951b,0,dry,weak_expert,2,0.2006848403928258,1,0,rf__trees300__depth10__leaf5__features0p1,mean_std_max,0
49f7f1de-5199-4291-b906-f058a8dc74d9,0,dry,weak_expert,2,0.20602764695625725,1,0,rf__trees300__depth10__leaf5__features0p1,mean_std_max,0
4a39216d-fdac-4a28-b2cc-367e39d098aa,0,dry,weak_expert,2,0.4199238082234225,1,1,rf__trees300__depth10__leaf5__features0p1,mean_std_max,0
4afa3822-6de3-4877-b5ee-2e4e7ffb9081,0,dry,weak_expert,2,0.40268981416116323,1,1,rf__trees300__depth10__leaf5__features0p1,mean_std_max,0
4e052563-ff5b-47b1-92c2-dc4ba0ac8fbc,0,dry,weak_expert,2,0.2515156276345476,1,0,rf__trees300__depth10__leaf5__features0p1,mean_std_max,0
4f51059b-0e34-4ae8-8ea8-66630d9b147b,0,dry,weak_expert,2,0.567021351782797,1,1,rf__trees300__depth10__leaf5__features0p1,mean_std_max,1
4fa3ac8d-f252-40d6-bccd-24aa5e35556c,0,dry,weak_expert,2,0.12844047782978044,1,0,rf__trees300__depth10__leaf5__features0p1,mean_std_max,0
506b5606-cecb-4fba-8723-c4a2bfb8b038,0,dry,weak_expert,2,0.23146039661235845,1,0,rf__trees300__depth10__leaf5__features0p1,mean_std_max,0
510640bb-d6db-483f-a754-c5fa1eaaa388,0,dry,gold_expert,2,0.19192602284376836,1,0,rf__trees300__depth10__leaf5__features0p1,mean_std_max,0
5132cf1f-33ea-489a-83c4-9e428f1646a7,0,dry,weak_expert,2,0.30258976459856474,1,0,rf__trees300__depth10__leaf5__features0p1,mean_std_max,0
51e2e40b-f1cd-45ba-ad05-8219c595235c,0,dry,weak_expert,2,0.273939920913554,1,0,rf__trees300__depth10__leaf5__features0p1,mean_std_max,0
52047339-5625-493f-903a-e0c1950353b3,0,dry,weak_expert,2,0.08462048206032245,1,0,rf__trees300__depth10__leaf5__features0p1,mean_std_max,0
522a43ec-3d80-43e4-97c9-c21ceb8b7a63,0,dry,weak_expert,2,0.17774600657722825,1,0,rf__trees300__depth10__leaf5__features0p1,mean_std_max,0
539a8ff2-b70e-4d5d-9799-53bf23cf3acf,0,dry,weak_expert,2,0.09341344263618274,1,0,rf__trees300__depth10__leaf5__features0p1,mean_std_max,0
5402221a-1b2a-4472-ba3e-f5cfc04f18f0,0,dry,weak_expert,2,0.43502886852430817,1,1,rf__trees300__depth10__leaf5__features0p1,mean_std_max,0
55cb1a15-6513-4602-8f59-ecdb5681248c,0,dry,weak_expert,2,0.3851277513536719,1,1,rf__trees300__depth10__leaf5__features0p1,mean_std_max,0
55d0ed26-a7a2-418d-b326-d0bd29a3f19c,0,dry,weak_expert,2,0.24138291276974158,1,0,rf__trees300__depth10__leaf5__features0p1,mean_std_max,0
5683cd42-347e-4fbf-8cd5-aa60c3e5b6cc,0,dry,weak_expert,2,0.20807341736929616,1,0,rf__trees300__depth10__leaf5__features0p1,mean_std_max,0
57c25c39-f510-44e3-9ca0-0f694c81a440,0,dry,weak_expert,2,0.3990307013609672,1,1,rf__trees300__depth10__leaf5__features0p1,mean_std_max,0
57e1df06-5e7a-451e-8ffa-6aeaeb732192,0,dry,weak_expert,2,0.2621605890509067,1,0,rf__trees300__depth10__leaf5__features0p1,mean_std_max,0
583bcee8-db16-4027-b767-cd74e9433cba,0,dry,weak_expert,2,0.18135970877979324,1,0,rf__trees300__depth10__leaf5__features0p1,mean_std_max,0
58970bd3-2993-4762-8b21-0c5a2937c16b,0,dry,weak_expert,2,0.28776619692238625,1,0,rf__trees300__depth10__leaf5__features0p1,mean_std_max,0
5ac1a9c3-b135-4589-95dc-cf2a222265f8,0,dry,weak_expert,2,0.09529585364423562,1,0,rf__trees300__depth10__leaf5__features0p1,mean_std_max,0
5be10c89-4c9a-495e-8671-f445f51a3fe0,0,dry,gold_expert,2,0.43880005275295286,1,1,rf__trees300__depth10__leaf5__features0p1,mean_std_max,0
5e232ea7-d639-4ec9-99b2-1829528cdf1c,0,dry,weak_expert,2,0.30473081408019725,1,0,rf__trees300__depth10__leaf5__features0p1,mean_std_max,0
5e6d9fe2-f660-49d8-8258-96fc6518187d,0,dry,weak_expert,2,0.35670298880259044,1,0,rf__trees300__depth10__leaf5__features0p1,mean_std_max,0
5ef9fa57-cf7d-4964-a001-05fd72063add,0,dry,weak_expert,2,0.27128186594631054,1,0,rf__trees300__depth10__leaf5__features0p1,mean_std_max,0
60c3afcc-fe9b-4d91-b713-0ab357d5c825,0,dry,weak_expert,2,0.2863697575924723,1,0,rf__trees300__depth10__leaf5__features0p1,mean_std_max,0
6208f70a-1cd0-4428-a68e-b3db1bc8abf7,0,dry,weak_expert,2,0.5477769868796633,1,1,rf__trees300__depth10__leaf5__features0p1,mean_std_max,1
6308a83f-58f0-4cd8-be25-5c75b8883126,0,dry,weak_expert,2,0.12516901257380963,1,0,rf__trees300__depth10__leaf5__features0p1,mean_std_max,0
639c6225-edd2-4f9c-8c7f-5fedd57ef73f,0,dry,weak_expert,2,0.14686687810262491,1,0,rf__trees300__depth10__leaf5__features0p1,mean_std_max,0
668c6e03-edc6-45aa-98d1-429fe5bd92fa,0,dry,weak_expert,2,0.3895588197546375,1,1,rf__trees300__depth10__leaf5__features0p1,mean_std_max,0
67b68c39-caf5-46b1-b8da-7f2fd9068a5a,0,dry,weak_expert,2,0.17234517465136376,1,0,rf__trees300__depth10__leaf5__features0p1,mean_std_max,0
6868da77-a36a-4fb4-afa5-aba26bd2bbd5,0,dry,weak_expert,2,0.5988614234818922,1,1,rf__trees300__depth10__leaf5__features0p1,mean_std_max,1
70bd76c5-bfc6-4a4d-9942-47588699c714,0,dry,weak_expert,2,0.2618428248538113,1,0,rf__trees300__depth10__leaf5__features0p1,mean_std_max,0
724ff070-52ab-48e8-8e85-f6431a9d2869,0,dry,weak_expert,2,0.1780673287016718,1,0,rf__trees300__depth10__leaf5__features0p1,mean_std_max,0
729d23d1-9abd-44df-8b05-22217b1ffbdf,0,dry,weak_expert,2,0.2714653350212293,1,0,rf__trees300__depth10__leaf5__features0p1,mean_std_max,0
7336b77f-6873-4e2c-837d-2ef925a3d33e,0,dry,weak_expert,2,0.39825404308691453,1,1,rf__trees300__depth10__leaf5__features0p1,mean_std_max,0
74c47154-dc42-4f14-8285-b5a507ef9463,0,dry,weak_expert,2,0.1743261544715949,1,0,rf__trees300__depth10__leaf5__features0p1,mean_std_max,0
751c4649-2d74-46f1-a873-b0d40946e145,0,dry,weak_expert,2,0.5306038853311091,1,1,rf__trees300__depth10__leaf5__features0p1,mean_std_max,1
756d7aa4-e12a-4eb3-b119-2b8a7db0abb6,0,dry,weak_expert,2,0.21127402471159995,1,0,rf__trees300__depth10__leaf5__features0p1,mean_std_max,0
76521f70-dec6-4d64-8378-a0dbb1f5c724,0,dry,weak_expert,2,0.12583898385813316,1,0,rf__trees300__depth10__leaf5__features0p1,mean_std_max,0
7668e116-b279-4ee0-90f6-dff5be2df938,0,dry,weak_expert,2,0.18311851790710748,1,0,rf__trees300__depth10__leaf5__features0p1,mean_std_max,0
7672fa5b-277c-40e4-98e7-bca978acfe9e,0,dry,weak_expert,2,0.15699130045407605,1,0,rf__trees300__depth10__leaf5__features0p1,mean_std_max,0
76779311-1f9c-40b5-845d-bde19b0d9c0e,0,dry,weak_expert,2,0.275056918441668,1,0,rf__trees300__depth10__leaf5__features0p1,mean_std_max,0
78bba857-d1c8-4a56-86d5-650911bad154,0,dry,weak_expert,2,0.37199397894391323,1,0,rf__trees300__depth10__leaf5__features0p1,mean_std_max,0
7a92755e-90c8-4491-a7ec-36b3d9a74ceb,0,dry,weak_expert,2,0.1767384375824148,1,0,rf__trees300__depth10__leaf5__features0p1,mean_std_max,0
7a94b3ae-2fd8-48f3-b15d-34c157c21e8f,0,dry,weak_expert,2,0.5976051398801463,1,1,rf__trees300__depth10__leaf5__features0p1,mean_std_max,1
7e4cf3ef-9c9a-43ff-8e0e-527eddeff067,0,dry,weak_expert,2,0.435894971075314,1,1,rf__trees300__depth10__leaf5__features0p1,mean_std_max,0
7ec311f3-c48a-4b46-81dd-de4ffca3610c,0,dry,weak_expert,2,0.1821550966540298,1,0,rf__trees300__depth10__leaf5__features0p1,mean_std_max,0
7f64a4ba-035c-41e1-a7d0-34f60d160648,0,dry,weak_expert,2,0.4386470295910648,1,1,rf__trees300__depth10__leaf5__features0p1,mean_std_max,0
80ef7fb3-fa42-4539-8109-bac59586b80d,0,dry,weak_expert,2,0.2875424356784953,1,0,rf__trees300__depth10__leaf5__features0p1,mean_std_max,0
818197ee-acaf-48e1-8776-1c70942a4ced,0,dry,gold_expert,2,0.270023972891179,1,0,rf__trees300__depth10__leaf5__features0p1,mean_std_max,0
82a7bdf0-56fb-426c-9dc6-7811ee82ece2,0,dry,weak_expert,2,0.22367772824465845,1,0,rf__trees300__depth10__leaf5__features0p1,mean_std_max,0
8395f784-e828-4c74-a856-e49cdb1074ef,0,dry,weak_expert,2,0.29493199895260996,1,0,rf__trees300__depth10__leaf5__features0p1,mean_std_max,0
84f7f9eb-ce07-4ace-8c02-d83360a25db4,0,dry,weak_expert,2,0.216823683828657,1,0,rf__trees300__depth10__leaf5__features0p1,mean_std_max,0
86154e17-8089-4f5a-9dfb-427f4e5a9583,0,dry,weak_expert,2,0.402060416963479,1,1,rf__trees300__depth10__leaf5__features0p1,mean_std_max,0
880d7516-b583-45c9-9012-949148905250,0,dry,weak_expert,2,0.3127320350908078,1,0,rf__trees300__depth10__leaf5__features0p1,mean_std_max,0
885278b4-30ed-4dd7-a813-f0e2706a12ba,0,dry,weak_expert,2,0.2672983530254534,1,0,rf__trees300__depth10__leaf5__features0p1,mean_std_max,0
88571a5b-7d25-4373-86f8-f784dbceabec,0,dry,gold_expert,2,0.1917741163486652,1,0,rf__trees300__depth10__leaf5__features0p1,mean_std_max,0
89a9d33a-38ac-4927-914b-79d448519c72,0,dry,weak_expert,2,0.3986666197313978,1,1,rf__trees300__depth10__leaf5__features0p1,mean_std_max,0
8a4486c3-9d2f-47cf-82ec-998b7f59e8f2,0,dry,weak_expert,2,0.4211306935210413,1,1,rf__trees300__depth10__leaf5__features0p1,mean_std_max,0
8b50115d-5e51-4fa0-9521-f6ecc0b6527d,0,dry,weak_expert,2,0.42224283014789016,1,1,rf__trees300__depth10__leaf5__features0p1,mean_std_max,0
8c509a42-be60-4f6c-b5a8-5f304d5caff7,0,dry,weak_expert,2,0.2593665619569065,1,0,rf__trees300__depth10__leaf5__features0p1,mean_std_max,0
8e381f25-6bc9-4b5e-b221-f92e340e71b9,0,dry,weak_expert,2,0.24787468271406746,1,0,rf__trees300__depth10__leaf5__features0p1,mean_std_max,0
8e9e20cd-78c6-414d-91fb-c99092255bd6,0,dry,weak_expert,2,0.26056559834018495,1,0,rf__trees300__depth10__leaf5__features0p1,mean_std_max,0
8ef63129-6889-4095-8e2f-562ddee8069e,0,dry,weak_expert,2,0.15324752558165222,1,0,rf__trees300__depth10__leaf5__features0p1,mean_std_max,0
8f71aa36-4f94-4726-9def-b98b63f03a27,0,dry,weak_expert,2,0.24067960427606006,1,0,rf__trees300__depth10__leaf5__features0p1,mean_std_max,0
900e0342-6ad8-48f0-8cbc-e8f1950541df,0,dry,weak_expert,2,0.19566548603164405,1,0,rf__trees300__depth10__leaf5__features0p1,mean_std_max,0
90df4728-8750-4646-a0a4-027f2c9cd544,0,dry,weak_expert,2,0.3963537130211242,1,1,rf__trees300__depth10__leaf5__features0p1,mean_std_max,0
9255b8a3-43a2-4c4d-a858-9ddc45bb506b,0,dry,weak_expert,2,0.08918416089332058,1,0,rf__trees300__depth10__leaf5__features0p1,mean_std_max,0
92d33463-e1bd-490e-8a8d-adb7bfb0b24e,0,dry,weak_expert,2,0.09680476608256267,1,0,rf__trees300__depth10__leaf5__features0p1,mean_std_max,0
9333c624-ef59-44f6-9643-fa9b2485c173,0,dry,gold_expert,2,0.2539862004355215,1,0,rf__trees300__depth10__leaf5__features0p1,mean_std_max,0
93d85777-43fb-4fbf-a63b-95434133437b,0,dry,weak_expert,2,0.08864529808002172,1,0,rf__trees300__depth10__leaf5__features0p1,mean_std_max,0
977592cb-c1f2-4b5e-bad1-6132b5cd2ad0,0,dry,weak_expert,2,0.32364027881222235,1,0,rf__trees300__depth10__leaf5__features0p1,mean_std_max,0
9b1454f3-7e95-4b04-9369-ba923145c84c,0,dry,weak_expert,2,0.339796383362536,1,0,rf__trees300__depth10__leaf5__features0p1,mean_std_max,0
9cc8c2de-8733-4e5b-a18d-5bf9a5166c85,0,dry,weak_expert,2,0.3932371747289479,1,1,rf__trees300__depth10__leaf5__features0p1,mean_std_max,0
9d03d2b0-dde8-4a31-b4a8-7bb87e98750f,0,dry,weak_expert,2,0.08508156482518145,1,0,rf__trees300__depth10__leaf5__features0p1,mean_std_max,0
9dc66677-d2a0-4c56-8a4d-74177f49ba1e,0,dry,weak_expert,2,0.2895754740603404,1,0,rf__trees300__depth10__leaf5__features0p1,mean_std_max,0
9e4f4e7b-541e-4e88-80c8-458f62c12825,0,dry,weak_expert,2,0.14621865079245833,1,0,rf__trees300__depth10__leaf5__features0p1,mean_std_max,0
9f2e5d96-7ac5-4b6b-8d67-afebd051d2e1,0,dry,weak_expert,2,0.4588342784018691,1,1,rf__trees300__depth10__leaf5__features0p1,mean_std_max,0
9f4dfad5-c175-4a75-b3ac-cdc08e72b98c,0,dry,weak_expert,2,0.2418954208574877,1,0,rf__trees300__depth10__leaf5__features0p1,mean_std_max,0
a08ada1f-32e6-40cf-9513-57cf411cf97d,0,dry,weak_expert,2,0.45786434068914605,1,1,rf__trees300__depth10__leaf5__features0p1,mean_std_max,0
a0bd7465-ae76-40cd-903b-3591ed9595db,0,dry,weak_expert,2,0.2696925146663145,1,0,rf__trees300__depth10__leaf5__features0p1,mean_std_max,0
a1ffec02-864d-4739-8725-1f7487fee29c,0,dry,weak_expert,2,0.46984725297656044,1,1,rf__trees300__depth10__leaf5__features0p1,mean_std_max,0
a286fb10-67fa-432e-80b1-e3f3992f4f95,0,dry,weak_expert,2,0.23586882985407107,1,0,rf__trees300__depth10__leaf5__features0p1,mean_std_max,0
a28776b5-b876-47ac-8973-9ca280156608,0,dry,weak_expert,2,0.11386369698242595,1,0,rf__trees300__depth10__leaf5__features0p1,mean_std_max,0
a2f3af55-0c64-4b6a-af94-35566bbdcf74,0,dry,weak_expert,2,0.25541984493441383,1,0,rf__trees300__depth10__leaf5__features0p1,mean_std_max,0
a3a67ea5-43d5-4b74-8176-0230d2281efb,0,dry,weak_expert,2,0.19810593216366376,1,0,rf__trees300__depth10__leaf5__features0p1,mean_std_max,0
a3f71947-b7ec-4fd4-a091-987a2859d5e1,0,dry,weak_expert,2,0.44097921320109074,1,1,rf__trees300__depth10__leaf5__features0p1,mean_std_max,0
a426cca7-528f-41d3-aba4-b717699e45d5,0,dry,weak_expert,2,0.07770805781050316,1,0,rf__trees300__depth10__leaf5__features0p1,mean_std_max,0
a523b86d-a88a-450b-a778-bb131e1e0865,0,dry,weak_expert,2,0.17595361523425862,1,0,rf__trees300__depth10__leaf5__features0p1,mean_std_max,0
a5e352b6-3f84-4374-9551-15e14383c27b,0,dry,weak_expert,2,0.22679382033201245,1,0,rf__trees300__depth10__leaf5__features0p1,mean_std_max,0
a684a1c0-e2de-4ae2-b1a1-cca613005bd5,0,dry,weak_expert,2,0.21632052177037722,1,0,rf__trees300__depth10__leaf5__features0p1,mean_std_max,0
a6c4aa4b-eaa9-457f-a077-98eba5b8ad0e,0,dry,weak_expert,2,0.27884810937364846,1,0,rf__trees300__depth10__leaf5__features0p1,mean_std_max,0
a8eeb6e9-2034-4c15-8fea-525fdfb3ef3c,0,dry,weak_expert,2,0.2821215332625653,1,0,rf__trees300__depth10__leaf5__features0p1,mean_std_max,0
aa0d68d2-690e-4341-9a83-c041c6abfcea,0,dry,weak_expert,2,0.194901658678912,1,0,rf__trees300__depth10__leaf5__features0p1,mean_std_max,0
aa4877b2-4820-422b-affe-c3d31c1fc70a,0,dry,weak_expert,2,0.3174604059728624,1,0,rf__trees300__depth10__leaf5__features0p1,mean_std_max,0
abb1586c-6a06-4667-8407-5574b4cc78e3,0,dry,weak_expert,2,0.07043053033837256,1,0,rf__trees300__depth10__leaf5__features0p1,mean_std_max,0
acaf0afa-64f0-4c09-b764-24f8b3f5dff0,0,dry,weak_expert,2,0.591640579224223,1,1,rf__trees300__depth10__leaf5__features0p1,mean_std_max,1
acd3adc4-4f5c-4144-8dd6-3ea2063845db,0,dry,weak_expert,2,0.27155355488359795,1,0,rf__trees300__depth10__leaf5__features0p1,mean_std_max,0
ae24d283-6e7d-4677-a6c0-c8de2fc87422,0,dry,weak_expert,2,0.26472354647222346,1,0,rf__trees300__depth10__leaf5__features0p1,mean_std_max,0
ae5dcf74-bf11-47a3-b0d6-c668a0794d8a,0,dry,weak_expert,2,0.0525363873327522,1,0,rf__trees300__depth10__leaf5__features0p1,mean_std_max,0
b010f28f-e601-49de-9293-fb65fdad2dd4,0,dry,gold_expert,2,0.10834701134136718,1,0,rf__trees300__depth10__leaf5__features0p1,mean_std_max,0
b05935c3-68d7-4a28-aea9-f92fbe295c6c,0,dry,gold_expert,2,0.10182583560766584,1,0,rf__trees300__depth10__leaf5__features0p1,mean_std_max,0
b0f208f9-2bb8-4de3-b144-ecc04a5e10d3,0,dry,weak_expert,2,0.46213045472148384,1,1,rf__trees300__depth10__leaf5__features0p1,mean_std_max,0
b2880c03-b9df-4fab-b2cf-a82eb3ab97f8,0,dry,weak_expert,2,0.5776528946193407,1,1,rf__trees300__depth10__leaf5__features0p1,mean_std_max,1
b3889822-bf4c-4655-8d72-69593a4abda4,0,dry,weak_expert,2,0.32411354339860327,1,0,rf__trees300__depth10__leaf5__features0p1,mean_std_max,0
b4538358-d704-49f4-81a6-2888dfc4b309,0,dry,weak_expert,2,0.16400533003051185,1,0,rf__trees300__depth10__leaf5__features0p1,mean_std_max,0
b4d64d96-8bf9-413d-a165-e6deed6c4dba,0,dry,weak_expert,2,0.22164158456354768,1,0,rf__trees300__depth10__leaf5__features0p1,mean_std_max,0
b5880de4-b63e-4b27-9a51-35a5a6667af3,0,dry,weak_expert,2,0.09322393802867711,1,0,rf__trees300__depth10__leaf5__features0p1,mean_std_max,0
b5ec57dd-28bb-428d-a420-6617f7749a9a,0,dry,weak_expert,2,0.17189545256528768,1,0,rf__trees300__depth10__leaf5__features0p1,mean_std_max,0
b694763f-70c6-4f29-bb00-0e8d7d7c9a0f,0,dry,weak_expert,2,0.23449181777847233,1,0,rf__trees300__depth10__leaf5__features0p1,mean_std_max,0
b6ad6b8e-d647-4a31-a414-3c79a1006e80,0,dry,weak_expert,2,0.0876101117205653,1,0,rf__trees300__depth10__leaf5__features0p1,mean_std_max,0
b74176fe-cc78-4daa-8541-10ba8968439d,0,dry,weak_expert,2,0.320664116505278,1,0,rf__trees300__depth10__leaf5__features0p1,mean_std_max,0
b8d76cc3-378a-4ac6-9aef-0640c8473e7e,0,dry,weak_expert,2,0.49115594783560257,1,1,rf__trees300__depth10__leaf5__features0p1,mean_std_max,0
b986fda8-71e3-4de9-8702-5cc2c82b5faa,0,dry,weak_expert,2,0.2807650701255192,1,0,rf__trees300__depth10__leaf5__features0p1,mean_std_max,0
bb6ce694-ca5a-4b1a-9460-8c4cbae05826,0,dry,weak_expert,2,0.36778312320782885,1,0,rf__trees300__depth10__leaf5__features0p1,mean_std_max,0
bbb221cc-8c5c-407d-9ae1-ae8ebd842504,0,dry,weak_expert,2,0.46498390487361635,1,1,rf__trees300__depth10__leaf5__features0p1,mean_std_max,0
bbd87814-fc8c-493a-907c-aeb18acf8e44,0,dry,weak_expert,2,0.49809883322814386,1,1,rf__trees300__depth10__leaf5__features0p1,mean_std_max,0
be9d7901-a0ae-4ef1-83f6-d58c5263cd96,0,dry,weak_expert,2,0.254083920494436,1,0,rf__trees300__depth10__leaf5__features0p1,mean_std_max,0
bed17bfe-d49d-44a1-a3d1-40ae3249ec52,0,dry,weak_expert,2,0.3127166495184873,1,0,rf__trees300__depth10__leaf5__features0p1,mean_std_max,0
c07875ca-5e1a-4263-9a47-4c06f2b0fbe3,0,dry,weak_expert,2,0.2601667440674169,1,0,rf__trees300__depth10__leaf5__features0p1,mean_std_max,0
c1281451-b74b-4659-beb7-11669297e022,0,dry,weak_expert,2,0.5447202922095427,1,1,rf__trees300__depth10__leaf5__features0p1,mean_std_max,1
c29f01d2-870f-4aac-94ec-3699fc0ee32a,0,dry,weak_expert,2,0.4997931714220091,1,1,rf__trees300__depth10__leaf5__features0p1,mean_std_max,0
c5470e5f-81fd-4586-bfdb-7e94e7cce348,0,dry,weak_expert,2,0.487983201312436,1,1,rf__trees300__depth10__leaf5__features0p1,mean_std_max,0
c5868d6c-a411-4f12-b563-0a418224c376,0,dry,weak_expert,2,0.6675555046814627,1,1,rf__trees300__depth10__leaf5__features0p1,mean_std_max,1
c587c70a-7489-4c3b-9696-ce1b715168ec,0,dry,weak_expert,2,0.10355367939643023,1,0,rf__trees300__depth10__leaf5__features0p1,mean_std_max,0
c5f4b9fe-04cd-441b-801f-ae24db6b2fc7,0,dry,weak_expert,2,0.15176982588738144,1,0,rf__trees300__depth10__leaf5__features0p1,mean_std_max,0
c66b8483-8310-437c-9e6d-ab3fc0aa5e98,0,dry,weak_expert,2,0.22104051281406992,1,0,rf__trees300__depth10__leaf5__features0p1,mean_std_max,0
c903ddd6-d205-411d-923a-60550e6aab1e,0,dry,weak_expert,2,0.404676738632967,1,1,rf__trees300__depth10__leaf5__features0p1,mean_std_max,0
c91f0ba5-6d0e-415a-a27f-b9753d758533,0,dry,weak_expert,2,0.22355671430339139,1,0,rf__trees300__depth10__leaf5__features0p1,mean_std_max,0
ca4c3587-d044-4242-81e1-7a51e68db6a7,0,dry,weak_expert,2,0.23781941462896844,1,0,rf__trees300__depth10__leaf5__features0p1,mean_std_max,0
cbbef439-96c8-4dca-b3ff-f8491b7c8653,0,dry,weak_expert,2,0.18832782088491135,1,0,rf__trees300__depth10__leaf5__features0p1,mean_std_max,0
cd05d1d9-ed06-4fa7-b0d7-3e43c89eb45b,0,dry,weak_expert,2,0.06947822635189471,1,0,rf__trees300__depth10__leaf5__features0p1,mean_std_max,0
ce2634a4-1ad5-4e79-bb90-905c03e52afb,0,dry,weak_expert,2,0.3180475393422906,1,0,rf__trees300__depth10__leaf5__features0p1,mean_std_max,0
ce29aef9-0a86-42e6-ab49-258b8a6b1a5e,0,dry,weak_expert,2,0.14819498190102662,1,0,rf__trees300__depth10__leaf5__features0p1,mean_std_max,0
ce468c06-5a71-4498-8b0d-4d75551094b3,0,dry,weak_expert,2,0.42667074078837014,1,1,rf__trees300__depth10__leaf5__features0p1,mean_std_max,0
ce8ccb5f-c7a3-48e1-839a-a9c4cd71ab3a,0,dry,weak_expert,2,0.21816558792972482,1,0,rf__trees300__depth10__leaf5__features0p1,mean_std_max,0
d037aca5-7fce-402a-871e-d25601a69a8c,0,dry,weak_expert,2,0.43145142085095767,1,1,rf__trees300__depth10__leaf5__features0p1,mean_std_max,0
d2c91dbb-f9d3-4d93-ac4d-1b0245631c82,0,dry,weak_expert,2,0.17608349896062306,1,0,rf__trees300__depth10__leaf5__features0p1,mean_std_max,0
d7e71034-14a0-4ebb-870c-11bffb7d80d4,0,dry,gold_expert,2,0.3757914522681155,1,1,rf__trees300__depth10__leaf5__features0p1,mean_std_max,0
d801aaa2-a086-4213-a552-7dd6fbf53943,0,dry,weak_expert,2,0.1539612621566757,1,0,rf__trees300__depth10__leaf5__features0p1,mean_std_max,0
d86c823a-3599-4b67-8ec5-85546f1abb16,0,dry,weak_expert,2,0.4876064507171255,1,1,rf__trees300__depth10__leaf5__features0p1,mean_std_max,0
d92e70af-5bec-4d14-a60e-5a3806e24e75,0,dry,weak_expert,2,0.23691160205424083,1,0,rf__trees300__depth10__leaf5__features0p1,mean_std_max,0
d9bbd789-3516-4bd1-982f-040ffd01eddf,0,dry,weak_expert,2,0.2707583074628906,1,0,rf__trees300__depth10__leaf5__features0p1,mean_std_max,0
da46c7ee-5342-4f0f-8326-fae957cdfcdf,0,dry,weak_expert,2,0.1272814585191718,1,0,rf__trees300__depth10__leaf5__features0p1,mean_std_max,0
dc245a1e-cce1-47f4-914f-e4fa8dbd9917,0,dry,weak_expert,2,0.29952240348918685,1,0,rf__trees300__depth10__leaf5__features0p1,mean_std_max,0
dc2d0ff1-8f06-4deb-a95f-bdac66488319,0,dry,weak_expert,2,0.16997742074344652,1,0,rf__trees300__depth10__leaf5__features0p1,mean_std_max,0
dc82a3d2-e9bb-40d2-8451-16ad60e188f2,0,dry,weak_expert,2,0.4320339889123612,1,1,rf__trees300__depth10__leaf5__features0p1,mean_std_max,0
deca9f96-463f-4198-baf0-19c42446ec19,0,dry,weak_expert,2,0.3433944725125337,1,0,rf__trees300__depth10__leaf5__features0p1,mean_std_max,0
dee8c009-e2f7-4258-9c17-98f8ef49345d,0,dry,weak_expert,2,0.3060497110778471,1,0,rf__trees300__depth10__leaf5__features0p1,mean_std_max,0
e0c631a6-5e7e-4f5a-8a07-d27f0ecbfb65,0,dry,weak_expert,2,0.18696106996106973,1,0,rf__trees300__depth10__leaf5__features0p1,mean_std_max,0
e1259ecf-0b60-4106-9852-61c945065ab1,0,dry,weak_expert,2,0.3417289311281365,1,0,rf__trees300__depth10__leaf5__features0p1,mean_std_max,0
e2719794-cda2-484d-9147-7d526bd86148,0,dry,weak_expert,2,0.343516679653945,1,0,rf__trees300__depth10__leaf5__features0p1,mean_std_max,0
e4740bf9-f9ea-47f9-9fbd-1a285654a9de,0,dry,weak_expert,2,0.09385111832426084,1,0,rf__trees300__depth10__leaf5__features0p1,mean_std_max,0
e5309e82-43fc-4aac-9bd7-200c3b4e926d,0,dry,weak_expert,2,0.3623690959415581,1,0,rf__trees300__depth10__leaf5__features0p1,mean_std_max,0
e586aff4-968f-4299-b092-3e9a59472689,0,dry,weak_expert,2,0.2612045424044957,1,0,rf__trees300__depth10__leaf5__features0p1,mean_std_max,0
e614bfdf-0264-4094-8585-a1cd4068f503,0,dry,weak_expert,2,0.41617708057782443,1,1,rf__trees300__depth10__leaf5__features0p1,mean_std_max,0
e695a385-83cf-48d7-9595-ab9cf8923359,0,dry,weak_expert,2,0.26380902119952154,1,0,rf__trees300__depth10__leaf5__features0p1,mean_std_max,0
e6aa50ad-6ca4-4187-aca1-6e5915e1d691,0,dry,weak_expert,2,0.1948676221729689,1,0,rf__trees300__depth10__leaf5__features0p1,mean_std_max,0
e83d9943-0a3b-4492-a260-25dffff666b2,0,dry,weak_expert,2,0.3136964501909951,1,0,rf__trees300__depth10__leaf5__features0p1,mean_std_max,0
e8fe6b8b-a7be-404d-95a5-5da7f4efe0e8,0,dry,weak_expert,2,0.2839234131482968,1,0,rf__trees300__depth10__leaf5__features0p1,mean_std_max,0
e9d0b8ba-4bb5-46c6-a1a6-3d3f68fc0c19,0,dry,weak_expert,2,0.33755567264845987,1,0,rf__trees300__depth10__leaf5__features0p1,mean_std_max,0
eb8828a2-ec95-4e4d-883d-7795322a0079,0,dry,weak_expert,2,0.22002650519071978,1,0,rf__trees300__depth10__leaf5__features0p1,mean_std_max,0
ed19d797-397f-4218-8412-14d7f5c25780,0,dry,weak_expert,2,0.46220918047916226,1,1,rf__trees300__depth10__leaf5__features0p1,mean_std_max,0
ed988dfa-0bc8-409d-adea-4b44350ad946,0,dry,weak_expert,2,0.23714934970316065,1,0,rf__trees300__depth10__leaf5__features0p1,mean_std_max,0
edd0f863-340f-4e5b-b4ce-a0ef86db8d9a,0,dry,weak_expert,2,0.14398585741684256,1,0,rf__trees300__depth10__leaf5__features0p1,mean_std_max,0
ee675fea-3d85-4c06-acec-3c69d26986e7,0,dry,weak_expert,2,0.4832792534464938,1,1,rf__trees300__depth10__leaf5__features0p1,mean_std_max,0
efe41fcb-0a86-4fd3-ad6c-e85f4cde8550,0,dry,weak_expert,2,0.045467541636040436,1,0,rf__trees300__depth10__leaf5__features0p1,mean_std_max,0
f028405b-2f4f-4379-ba3e-acc7a69f90be,0,dry,weak_expert,2,0.468510472534718,1,1,rf__trees300__depth10__leaf5__features0p1,mean_std_max,0
f06dc4f4-26ec-4743-940c-505fb4dea0cb,0,dry,weak_expert,2,0.22982459726720766,1,0,rf__trees300__depth10__leaf5__features0p1,mean_std_max,0
f3032d2e-cfa8-4725-88dd-1e3ca0b563f8,0,dry,weak_expert,2,0.2625665029041015,1,0,rf__trees300__depth10__leaf5__features0p1,mean_std_max,0
f3f25a4e-536f-4fe4-b038-7428fc916411,0,dry,weak_expert,2,0.41757816337711906,1,1,rf__trees300__depth10__leaf5__features0p1,mean_std_max,0
f4e86ede-7444-4325-bcf8-bfd540e8ce43,0,dry,weak_expert,2,0.2335156520171701,1,0,rf__trees300__depth10__leaf5__features0p1,mean_std_max,0
f4ea2005-309b-4c9a-84b2-6ed938532d05,0,dry,weak_expert,2,0.30021468822029507,1,0,rf__trees300__depth10__leaf5__features0p1,mean_std_max,0
f6dc47c2-d5f1-4153-b9a9-7ee1419cbae5,0,dry,weak_expert,2,0.26994808270198445,1,0,rf__trees300__depth10__leaf5__features0p1,mean_std_max,0
f7d1f28a-e3a8-4dd9-b7ec-93e04ee023a0,0,dry,weak_expert,2,0.28872355248562614,1,0,rf__trees300__depth10__leaf5__features0p1,mean_std_max,0
f9dd0931-616e-426c-85cb-c431ddf06e7d,0,dry,weak_expert,2,0.3667771022121685,1,0,rf__trees300__depth10__leaf5__features0p1,mean_std_max,0
fa3cbbd0-dcbb-4ce7-a658-d87644a69946,0,dry,weak_expert,2,0.10740221828172075,1,0,rf__trees300__depth10__leaf5__features0p1,mean_std_max,0
fb0971e2-8ebf-459c-972d-b09d28ae0ca6,0,dry,weak_expert,2,0.4001505635879851,1,1,rf__trees300__depth10__leaf5__features0p1,mean_std_max,0
fb8f5c0b-93e0-4403-baea-26673d650b42,0,dry,weak_expert,2,0.27473772448069583,1,0,rf__trees300__depth10__leaf5__features0p1,mean_std_max,0
fd849b72-f4bf-4852-9bc2-fd9becc9571e,0,dry,weak_expert,2,0.11949812029219356,1,0,rf__trees300__depth10__leaf5__features0p1,mean_std_max,0
fd9c0574-c559-4301-bab9-bbf45e64ed40,0,dry,weak_expert,2,0.48434303842889087,1,1,rf__trees300__depth10__leaf5__features0p1,mean_std_max,0
ffd18a56-096d-40fc-9862-e5c5a8ca1fcd,0,dry,weak_expert,2,0.5533761923358779,1,1,rf__trees300__depth10__leaf5__features0p1,mean_std_max,1
008ba489-31ad-44d8-856b-fcf72369dc46,1,wet,weak_expert,2,0.2907271985792591,1,0,rf__trees300__depth10__leaf5__features0p1,mean_std_max,0
00bf9f83-2e8f-47cf-a4f2-97f2beceebc1,1,wet,weak_expert,2,0.2835093843835694,1,0,rf__trees300__depth10__leaf5__features0p1,mean_std_max,0
14a3c119-bee8-435a-9193-d2ce7cb84a03,1,wet,weak_expert,2,0.5094671582101358,1,1,rf__trees300__depth10__leaf5__features0p1,mean_std_max,1
1510dd92-a632-48ad-b5e7-1853a9e8e61d,1,wet,weak_expert,2,0.47495216746644864,1,1,rf__trees300__depth10__leaf5__features0p1,mean_std_max,0
1d120109-bee0-4597-8fc6-c8eaf97cab5c,1,wet,weak_expert,2,0.4417011643764621,1,1,rf__trees300__depth10__leaf5__features0p1,mean_std_max,0
21aee478-6d13-45ea-be4d-4f29fd244798,1,wet,weak_expert,2,0.257654892755123,1,0,rf__trees300__depth10__leaf5__features0p1,mean_std_max,0
224ee66d-7c74-474d-8123-360b75ed739c,1,wet,weak_expert,2,0.42449470543474593,1,1,rf__trees300__depth10__leaf5__features0p1,mean_std_max,0
22975528-762e-4bd7-9f73-a3da0b485cb4,1,wet,weak_expert,2,0.28039057690356506,1,0,rf__trees300__depth10__leaf5__features0p1,mean_std_max,0
28d4e487-0d9d-4911-951d-5de7fcb5c986,1,wet,weak_expert,2,0.445793411287033,1,1,rf__trees300__depth10__leaf5__features0p1,mean_std_max,0
30a6ca1c-0b72-4ad2-9226-e9bb06add48d,1,wet,weak_expert,2,0.5272844101340208,1,1,rf__trees300__depth10__leaf5__features0p1,mean_std_max,1
3278e364-afdd-4c39-9126-b8b4a4caf1c5,1,wet,gold_expert,2,0.5319157045960022,1,1,rf__trees300__depth10__leaf5__features0p1,mean_std_max,1
36d918eb-8f0c-4ab2-a7de-7aa27f58800c,1,wet,weak_expert,2,0.4457334859695117,1,1,rf__trees300__depth10__leaf5__features0p1,mean_std_max,0
3bd63a44-a443-4a3f-a1ec-ffc2540f7ed0,1,wet,weak_expert,2,0.3063035782208479,1,0,rf__trees300__depth10__leaf5__features0p1,mean_std_max,0
3f9a82e6-93b5-4d80-b8ae-09d36929d437,1,wet,weak_expert,2,0.44687751631876776,1,1,rf__trees300__depth10__leaf5__features0p1,mean_std_max,0
44276123-82cf-4aa0-abb6-a483c83b9852,1,wet,weak_expert,2,0.24713237712364383,1,0,rf__trees300__depth10__leaf5__features0p1,mean_std_max,0
459c949d-1074-4687-a911-e1b61753643c,1,wet,weak_expert,2,0.33089847748499357,1,0,rf__trees300__depth10__leaf5__features0p1,mean_std_max,0
4811b9fb-5369-478e-91ac-a6eb9a72005e,1,wet,weak_expert,2,0.3466229825883262,1,0,rf__trees300__depth10__leaf5__features0p1,mean_std_max,0
48834369-72f5-4bbb-847c-5636af5a6882,1,wet,weak_expert,2,0.21044499097232514,1,0,rf__trees300__depth10__leaf5__features0p1,mean_std_max,0
48bcd9fe-f974-46cc-910a-1b0307eaa336,1,wet,weak_expert,2,0.4887295450380848,1,1,rf__trees300__depth10__leaf5__features0p1,mean_std_max,0
48d078a6-6e5c-4e34-a562-3bd57d7688d6,1,wet,weak_expert,2,0.4346706296427065,1,1,rf__trees300__depth10__leaf5__features0p1,mean_std_max,0
4e8a8b2b-3437-4358-a1fc-407c04c51a0d,1,wet,weak_expert,2,0.5714434364314491,1,1,rf__trees300__depth10__leaf5__features0p1,mean_std_max,1
52339446-0c26-4d66-a776-9894b8bd196f,1,wet,weak_expert,2,0.23844253913124022,1,0,rf__trees300__depth10__leaf5__features0p1,mean_std_max,0
5ac60a58-ed8d-4b77-8338-fbefe993ad6e,1,wet,weak_expert,2,0.5242202112061694,1,1,rf__trees300__depth10__leaf5__features0p1,mean_std_max,1
5c434e8c-d6cc-4011-b4e8-013fc8183324,1,wet,weak_expert,2,0.24717418121337795,1,0,rf__trees300__depth10__leaf5__features0p1,mean_std_max,0
5e5bbcfe-9901-4fd8-9be7-d51ea7251cbe,1,wet,weak_expert,2,0.5828977985268001,1,1,rf__trees300__depth10__leaf5__features0p1,mean_std_max,1
5fdfbf5f-b4db-42ad-8971-275b616bcc72,1,wet,weak_expert,2,0.47682396868048016,1,1,rf__trees300__depth10__leaf5__features0p1,mean_std_max,0
616464a2-ee80-48e0-a96b-cd4464445162,1,wet,weak_expert,2,0.062480253784505745,1,0,rf__trees300__depth10__leaf5__features0p1,mean_std_max,0
64da4ad6-4280-49a1-bd37-e35efd7837c6,1,wet,weak_expert,2,0.3293518805090928,1,0,rf__trees300__depth10__leaf5__features0p1,mean_std_max,0
6a4726f8-f69e-423c-86be-f8d0c4975d4f,1,wet,weak_expert,2,0.11530427229918969,1,0,rf__trees300__depth10__leaf5__features0p1,mean_std_max,0
6d485342-6c82-4d58-8a54-d8777ceeca9b,1,wet,weak_expert,2,0.21400265344947514,1,0,rf__trees300__depth10__leaf5__features0p1,mean_std_max,0
71e56426-e99f-4c1a-b39a-55d7c687704c,1,wet,weak_expert,2,0.4491190612238673,1,1,rf__trees300__depth10__leaf5__features0p1,mean_std_max,0
72af1dd5-618e-47f2-a11f-f3a61d9b396f,1,wet,weak_expert,2,0.45385873604863036,1,1,rf__trees300__depth10__leaf5__features0p1,mean_std_max,0
77f4b676-9d1f-49d4-b694-49f2edb225bd,1,wet,weak_expert,2,0.1829762468975362,1,0,rf__trees300__depth10__leaf5__features0p1,mean_std_max,0
7b4e2b37-d42a-4184-a06a-d824c89fe264,1,wet,weak_expert,2,0.24212646995804904,1,0,rf__trees300__depth10__leaf5__features0p1,mean_std_max,0
7e5e71f2-c060-4f4c-9d80-1524981eadc5,1,wet,weak_expert,2,0.3202266766689417,1,0,rf__trees300__depth10__leaf5__features0p1,mean_std_max,0
805d5c82-a503-44a6-b69d-41532ebb859c,1,wet,weak_expert,2,0.2050648642477548,1,0,rf__trees300__depth10__leaf5__features0p1,mean_std_max,0
826697aa-c314-45d2-9a09-b726571ca407,1,wet,weak_expert,2,0.44784935037312124,1,1,rf__trees300__depth10__leaf5__features0p1,mean_std_max,0
864b3b33-c30b-4215-a6ad-66be69c07197,1,wet,weak_expert,2,0.221182132396365,1,0,rf__trees300__depth10__leaf5__features0p1,mean_std_max,0
86bd5780-9af3-4e33-86ba-c0105ecd408e,1,wet,weak_expert,2,0.4401171192924695,1,1,rf__trees300__depth10__leaf5__features0p1,mean_std_max,0
88a9b00f-205e-4fbc-9cda-1793f2c7600b,1,wet,weak_expert,2,0.48510458942685203,1,1,rf__trees300__depth10__leaf5__features0p1,mean_std_max,0
8905d5ea-2412-4222-93f8-95cd4455f8e4,1,wet,weak_expert,2,0.4805122173402714,1,1,rf__trees300__depth10__leaf5__features0p1,mean_std_max,0
8ac2ef46-05fb-4f68-bb2d-ca5b1e51ed7f,1,wet,weak_expert,2,0.5952583496401643,1,1,rf__trees300__depth10__leaf5__features0p1,mean_std_max,1
8bb8315c-9afe-4205-911f-222c912f980e,1,wet,weak_expert,2,0.39977050934316316,1,1,rf__trees300__depth10__leaf5__features0p1,mean_std_max,0
8c48edec-8c1f-4e36-b8a4-10576bf6f301,1,wet,weak_expert,2,0.6019383985542089,1,1,rf__trees300__depth10__leaf5__features0p1,mean_std_max,1
912af762-44df-4648-b48d-beba3435a401,1,wet,weak_expert,2,0.4739703353857474,1,1,rf__trees300__depth10__leaf5__features0p1,mean_std_max,0
9535fedb-ad1d-4d0d-969f-63b6400ebcb3,1,wet,weak_expert,2,0.6601746648006213,1,1,rf__trees300__depth10__leaf5__features0p1,mean_std_max,1
9caf2c7a-bc24-48c1-abbf-6a371dfc8d18,1,wet,weak_expert,2,0.4571017312178739,1,1,rf__trees300__depth10__leaf5__features0p1,mean_std_max,0
9ea4d87d-e60f-4a02-94be-20d345222a84,1,wet,weak_expert,2,0.14141767829931132,1,0,rf__trees300__depth10__leaf5__features0p1,mean_std_max,0
9fa0f414-5e2c-4ae7-bbbc-0330decc929e,1,wet,weak_expert,2,0.49708966319043035,1,1,rf__trees300__depth10__leaf5__features0p1,mean_std_max,0
9fc30462-4e90-4b05-a9d4-f25b775d1794,1,wet,weak_expert,2,0.46120307058927856,1,1,rf__trees300__depth10__leaf5__features0p1,mean_std_max,0
ae0381a3-914d-42a2-8d3c-58a45db1be36,1,wet,weak_expert,2,0.43895214957486645,1,1,rf__trees300__depth10__leaf5__features0p1,mean_std_max,0
b9579f63-24fd-4e2f-8444-c087556984ea,1,wet,weak_expert,2,0.3979901895243837,1,1,rf__trees300__depth10__leaf5__features0p1,mean_std_max,0
bd132860-47c0-4ada-ab34-fa8b6b551685,1,wet,weak_expert,2,0.19019620804692225,1,0,rf__trees300__depth10__leaf5__features0p1,mean_std_max,0
bd64a8e8-ad6e-4062-8e99-99ef5caab05b,1,wet,weak_expert,2,0.5343893493856845,1,1,rf__trees300__depth10__leaf5__features0p1,mean_std_max,1
c3bcea97-1dfc-4978-88a2-654bd8303244,1,wet,weak_expert,2,0.1798866648883578,1,0,rf__trees300__depth10__leaf5__features0p1,mean_std_max,0
cf59244a-576d-471e-b853-9871be627fa8,1,wet,weak_expert,2,0.6349294681243378,1,1,rf__trees300__depth10__leaf5__features0p1,mean_std_max,1
d014a758-b70b-4474-9de5-63f7061f95a6,1,wet,weak_expert,2,0.5561666822057775,1,1,rf__trees300__depth10__leaf5__features0p1,mean_std_max,1
d11e501c-6f48-4028-8198-9075c67ce238,1,wet,weak_expert,2,0.4547990379119333,1,1,rf__trees300__depth10__leaf5__features0p1,mean_std_max,0
d4e4b900-939e-48e9-ad9f-bf9eee425303,1,wet,weak_expert,2,0.40318837585458245,1,1,rf__trees300__depth10__leaf5__features0p1,mean_std_max,0
d5b05c83-3dab-4fc9-8db7-9f46bcb06cac,1,wet,weak_expert,2,0.23661628740011598,1,0,rf__trees300__depth10__leaf5__features0p1,mean_std_max,0
df17949b-3eb0-45a5-801b-7a7f3985031e,1,wet,weak_expert,2,0.42234688654436836,1,1,rf__trees300__depth10__leaf5__features0p1,mean_std_max,0
dfa97006-e494-4c73-ba46-2fe805aec1cd,1,wet,weak_expert,2,0.4594609590460826,1,1,rf__trees300__depth10__leaf5__features0p1,mean_std_max,0
e23dd9bb-9e34-4cc8-b3ba-cfa5222d9fd8,1,wet,weak_expert,2,0.15173387178053713,1,0,rf__trees300__depth10__leaf5__features0p1,mean_std_max,0
e247085a-cf34-45be-b3c1-3c609c7d2bf1,1,wet,weak_expert,2,0.22166392093073814,1,0,rf__trees300__depth10__leaf5__features0p1,mean_std_max,0
e2a72896-8aac-4254-81f4-97812b05d4d4,1,wet,weak_expert,2,0.6711127892726574,1,1,rf__trees300__depth10__leaf5__features0p1,mean_std_max,1
e31a34d6-2e8f-42b1-b633-7569897a8dc8,1,wet,weak_expert,2,0.1912588016662969,1,0,rf__trees300__depth10__leaf5__features0p1,mean_std_max,0
e3a0e232-dc03-478b-9f8c-b6d928cd01ab,1,wet,weak_expert,2,0.6420990520095501,1,1,rf__trees300__depth10__leaf5__features0p1,mean_std_max,1
e95fa8ec-64e5-4fb1-afdc-b70bac309dec,1,wet,weak_expert,2,0.24821661032453515,1,0,rf__trees300__depth10__leaf5__features0p1,mean_std_max,0
f19c0f7f-037c-4fbf-8f3a-5426894b232d,1,wet,weak_expert,2,0.48793117678822967,1,1,rf__trees300__depth10__leaf5__features0p1,mean_std_max,0
f23ee4be-d96c-43ff-a06c-99e1050b7ffe,1,wet,weak_expert,2,0.40287028548833487,1,1,rf__trees300__depth10__leaf5__features0p1,mean_std_max,0
f46c5215-8097-4891-bbd4-d4ac017c224c,1,wet,weak_expert,2,0.501353225289031,1,1,rf__trees300__depth10__leaf5__features0p1,mean_std_max,1
f6171954-10f5-4991-9278-c54776d937ef,1,wet,weak_expert,2,0.4899070760748391,1,1,rf__trees300__depth10__leaf5__features0p1,mean_std_max,0
fe40afee-154b-4092-8626-baf91e2860ff,1,wet,weak_expert,2,0.431306013258775,1,1,rf__trees300__depth10__leaf5__features0p1,mean_std_max,0
fed03a5c-6329-488c-a031-213ccdceabcf,1,wet,weak_expert,2,0.30185878212919726,1,0,rf__trees300__depth10__leaf5__features0p1,mean_std_max,0
ff49f6b7-fa54-4780-a4be-b0594e628aae,1,wet,weak_expert,2,0.3032151145871191,1,0,rf__trees300__depth10__leaf5__features0p1,mean_std_max,0
01820f7c-b953-4faf-aa13-978cfda6b08e,0,dry,weak_expert,3,0.26975871775021043,1,0,rf__trees300__depth10__leaf5__features0p1,mean_std_max,0
02805b36-5361-41f5-b41e-583ec496eff6,0,dry,weak_expert,3,0.09966248400358518,1,0,rf__trees300__depth10__leaf5__features0p1,mean_std_max,0
03430d6b-4554-4ffe-8c82-507832dc1d52,0,dry,weak_expert,3,0.271445563681261,1,0,rf__trees300__depth10__leaf5__features0p1,mean_std_max,0
03cfc75c-88a0-4ca9-8ca4-4aa61e2dec37,0,dry,weak_expert,3,0.4270785736243081,1,1,rf__trees300__depth10__leaf5__features0p1,mean_std_max,0
06e9197b-9b40-4bde-bde8-9e78242a60ac,0,dry,weak_expert,3,0.49895195664001835,1,1,rf__trees300__depth10__leaf5__features0p1,mean_std_max,0
07c16495-d19c-47ad-ba39-d2e24f31d6e4,0,dry,weak_expert,3,0.41080558186021754,1,1,rf__trees300__depth10__leaf5__features0p1,mean_std_max,0
0aec66e3-47a5-4f3f-bec6-ad38d090b219,0,dry,weak_expert,3,0.22270303734198724,1,0,rf__trees300__depth10__leaf5__features0p1,mean_std_max,0
0b14b4fa-edf0-4595-89af-d4a69208205b,0,dry,weak_expert,3,0.17934128821965736,1,0,rf__trees300__depth10__leaf5__features0p1,mean_std_max,0
0b618a49-9562-4fa5-afb7-fce583b5a444,0,dry,weak_expert,3,0.25455997898796817,1,0,rf__trees300__depth10__leaf5__features0p1,mean_std_max,0
0c01c4ac-cfbf-45b9-80db-492f334aaf30,0,dry,weak_expert,3,0.5280814491701797,1,1,rf__trees300__depth10__leaf5__features0p1,mean_std_max,1
0f04746a-08e0-40a2-9431-2f57f9166720,0,dry,weak_expert,3,0.4290603204082463,1,1,rf__trees300__depth10__leaf5__features0p1,mean_std_max,0
0f1d05f5-1d1f-452c-be28-fb0c7b8085c4,0,dry,weak_expert,3,0.07704449327478345,1,0,rf__trees300__depth10__leaf5__features0p1,mean_std_max,0
0f79324e-9dc6-4f6c-8c13-2a3041f044d1,0,dry,weak_expert,3,0.15607800640789782,1,0,rf__trees300__depth10__leaf5__features0p1,mean_std_max,0
1080b72c-f243-4e5d-96e5-a9c12c0eaed0,0,dry,weak_expert,3,0.30124610565298615,1,0,rf__trees300__depth10__leaf5__features0p1,mean_std_max,0
125243ce-cda2-4412-a38c-474dd3875d1f,0,dry,weak_expert,3,0.5094336042098467,1,1,rf__trees300__depth10__leaf5__features0p1,mean_std_max,1
13b55d58-ad6d-4cb4-933e-80622a4ff240,0,dry,weak_expert,3,0.5325499198873905,1,1,rf__trees300__depth10__leaf5__features0p1,mean_std_max,1
13ddcdda-6ec1-458f-938c-9f0515a9b642,0,dry,weak_expert,3,0.2924892750982576,1,0,rf__trees300__depth10__leaf5__features0p1,mean_std_max,0
178f39e2-a261-4ec6-a8fb-3f89c3c795bb,0,dry,weak_expert,3,0.3303800678344134,1,0,rf__trees300__depth10__leaf5__features0p1,mean_std_max,0
195f9381-cf35-45da-b0ae-cc4ed04e9283,0,dry,weak_expert,3,0.4794886292381698,1,1,rf__trees300__depth10__leaf5__features0p1,mean_std_max,0
1adbbc78-5322-4410-aa61-4048e5578325,0,dry,weak_expert,3,0.49241236215043716,1,1,rf__trees300__depth10__leaf5__features0p1,mean_std_max,0
1c34e7b6-708b-412c-b934-4af1e2990f67,0,dry,weak_expert,3,0.2892575283686513,1,0,rf__trees300__depth10__leaf5__features0p1,mean_std_max,0
1c5bbc80-5166-427b-8204-298b5ef8a0f9,0,dry,weak_expert,3,0.3493191975460735,1,0,rf__trees300__depth10__leaf5__features0p1,mean_std_max,0
1ca49e1b-7b7a-4442-8603-a41083fc49e3,0,dry,weak_expert,3,0.23146639498600544,1,0,rf__trees300__depth10__leaf5__features0p1,mean_std_max,0
1cd13fe6-9d35-4a86-82ff-a9af6b90d70b,0,dry,weak_expert,3,0.32842927550156475,1,0,rf__trees300__depth10__leaf5__features0p1,mean_std_max,0
1d1b2daf-5b26-4176-b826-c521d25ee5c5,0,dry,weak_expert,3,0.09990076843583866,1,0,rf__trees300__depth10__leaf5__features0p1,mean_std_max,0
1dd3b212-e969-4ede-a9d9-f24b711e2028,0,dry,gold_expert,3,0.3389234278102596,1,0,rf__trees300__depth10__leaf5__features0p1,mean_std_max,0
1e13bf2c-1de7-4855-99a3-ec339694b7f2,0,dry,weak_expert,3,0.1697878876958199,1,0,rf__trees300__depth10__leaf5__features0p1,mean_std_max,0
1ed2eced-cfd7-4f12-917d-a59b7b024d01,0,dry,weak_expert,3,0.21938199992839638,1,0,rf__trees300__depth10__leaf5__features0p1,mean_std_max,0
21519b33-26a1-48ab-95e9-290188d9d7ed,0,dry,weak_expert,3,0.39144465427570996,1,1,rf__trees300__depth10__leaf5__features0p1,mean_std_max,0
21582038-eca3-4517-a16f-c34db540341b,0,dry,weak_expert,3,0.3703356168209845,1,0,rf__trees300__depth10__leaf5__features0p1,mean_std_max,0
217f4053-74b3-4e1b-92f3-24004064066b,0,dry,weak_expert,3,0.1668718612447249,1,0,rf__trees300__depth10__leaf5__features0p1,mean_std_max,0
22ac9dc4-858e-4db5-886e-792d7553e67f,0,dry,weak_expert,3,0.2925265268953198,1,0,rf__trees300__depth10__leaf5__features0p1,mean_std_max,0
23180623-c32f-4fa7-85db-2aaf72438824,0,dry,weak_expert,3,0.2812150304451863,1,0,rf__trees300__depth10__leaf5__features0p1,mean_std_max,0
239862c9-653a-46c7-ba74-2511aab54340,0,dry,weak_expert,3,0.14976312037284398,1,0,rf__trees300__depth10__leaf5__features0p1,mean_std_max,0
2532b7ae-20da-4dde-ab4e-46ffe1fdbe77,0,dry,weak_expert,3,0.3698536955225182,1,0,rf__trees300__depth10__leaf5__features0p1,mean_std_max,0
2561c0c9-c4d4-4d63-8c8a-610d6eafe593,0,dry,weak_expert,3,0.4724590214332379,1,1,rf__trees300__depth10__leaf5__features0p1,mean_std_max,0
25d5e8bc-0203-4909-aebb-00df700417b9,0,dry,weak_expert,3,0.2360139985392926,1,0,rf__trees300__depth10__leaf5__features0p1,mean_std_max,0
2989f5c7-1b1c-42aa-9f44-05e8d6fea729,0,dry,weak_expert,3,0.24454534344561513,1,0,rf__trees300__depth10__leaf5__features0p1,mean_std_max,0
29b6542b-6a40-474c-9eb1-787ebfbab90d,0,dry,weak_expert,3,0.07600389851026512,1,0,rf__trees300__depth10__leaf5__features0p1,mean_std_max,0
2a7328f9-4c7b-461e-8975-0809d0c49de9,0,dry,weak_expert,3,0.2116009729618563,1,0,rf__trees300__depth10__leaf5__features0p1,mean_std_max,0
2b22a1b8-5dc4-4674-9ebc-99d6a06e999c,0,dry,weak_expert,3,0.10565154477038047,1,0,rf__trees300__depth10__leaf5__features0p1,mean_std_max,0
2bb66cf8-ae01-4f8d-93d2-3bc4b08c08f8,0,dry,weak_expert,3,0.11850686186977558,1,0,rf__trees300__depth10__leaf5__features0p1,mean_std_max,0
2c333872-8c6f-4818-a011-7a5efb063509,0,dry,weak_expert,3,0.24718146525243326,1,0,rf__trees300__depth10__leaf5__features0p1,mean_std_max,0
2c802186-571e-41ff-8d7e-a273a68329da,0,dry,weak_expert,3,0.12518229838412978,1,0,rf__trees300__depth10__leaf5__features0p1,mean_std_max,0
2ca9e925-859f-417e-838b-681d77639839,0,dry,weak_expert,3,0.28489145008797523,1,0,rf__trees300__depth10__leaf5__features0p1,mean_std_max,0
2d945d23-990e-4f00-91a6-b4de59fcb2a6,0,dry,weak_expert,3,0.32543852820140384,1,0,rf__trees300__depth10__leaf5__features0p1,mean_std_max,0
2dd7dcf1-1065-4779-98ae-7e152ca3b1d5,0,dry,weak_expert,3,0.2367926255311843,1,0,rf__trees300__depth10__leaf5__features0p1,mean_std_max,0
2e0e732f-3cf5-4fb6-9762-aae4ab603d4d,0,dry,weak_expert,3,0.3235532154396316,1,0,rf__trees300__depth10__leaf5__features0p1,mean_std_max,0
2e687a52-6e9b-4343-9688-b96132f52f87,0,dry,weak_expert,3,0.19643595261316296,1,0,rf__trees300__depth10__leaf5__features0p1,mean_std_max,0
2e704c72-6b85-4241-b680-f74c2ab70ca7,0,dry,weak_expert,3,0.3001138401415353,1,0,rf__trees300__depth10__leaf5__features0p1,mean_std_max,0
2ee095c2-4dee-4696-9f85-5452bf9fc28f,0,dry,weak_expert,3,0.1828492967359572,1,0,rf__trees300__depth10__leaf5__features0p1,mean_std_max,0
2ef79bd0-5d88-4583-a45d-a6570dfbd4c7,0,dry,weak_expert,3,0.17596609426708934,1,0,rf__trees300__depth10__leaf5__features0p1,mean_std_max,0
2f7f0c1b-782b-4b90-9f0b-ed60edfeab89,0,dry,weak_expert,3,0.14038681322426685,1,0,rf__trees300__depth10__leaf5__features0p1,mean_std_max,0
30d927be-7a71-4e50-b8cf-ed9ff6f8dca4,0,dry,weak_expert,3,0.233665163004346,1,0,rf__trees300__depth10__leaf5__features0p1,mean_std_max,0
30f275f4-7248-4909-9753-f9d7b294d3bd,0,dry,weak_expert,3,0.14831917767016894,1,0,rf__trees300__depth10__leaf5__features0p1,mean_std_max,0
30fa4631-eba2-44d7-ba44-4ef930092d45,0,dry,weak_expert,3,0.33031912302883454,1,0,rf__trees300__depth10__leaf5__features0p1,mean_std_max,0
3169ae75-df07-48b3-a04c-b33cd3b10b30,0,dry,weak_expert,3,0.14531529283353584,1,0,rf__trees300__depth10__leaf5__features0p1,mean_std_max,0
333ca4a1-557a-4be5-b2e3-9e572b3132ff,0,dry,weak_expert,3,0.19453186739938885,1,0,rf__trees300__depth10__leaf5__features0p1,mean_std_max,0
33dd938d-7654-4238-a207-cbc3fad63349,0,dry,weak_expert,3,0.25752833022411425,1,0,rf__trees300__depth10__leaf5__features0p1,mean_std_max,0
344f10c7-9219-421e-8d2a-906111988422,0,dry,weak_expert,3,0.16722704425565396,1,0,rf__trees300__depth10__leaf5__features0p1,mean_std_max,0
34b77763-a4a4-4beb-aeaa-02ef8298ef31,0,dry,weak_expert,3,0.2816598395107675,1,0,rf__trees300__depth10__leaf5__features0p1,mean_std_max,0
34fd00ad-788a-433c-a0b8-b603b33a589c,0,dry,weak_expert,3,0.30789133338471886,1,0,rf__trees300__depth10__leaf5__features0p1,mean_std_max,0
35811251-f9e5-49e9-8ee9-d4ca1afa08f8,0,dry,weak_expert,3,0.18032619635434752,1,0,rf__trees300__depth10__leaf5__features0p1,mean_std_max,0
3714de53-8471-4b14-be82-58c918b7fb1b,0,dry,weak_expert,3,0.23047451021809362,1,0,rf__trees300__depth10__leaf5__features0p1,mean_std_max,0
39460774-2d87-4c17-9015-5ca9d6328744,0,dry,weak_expert,3,0.3129368903718902,1,0,rf__trees300__depth10__leaf5__features0p1,mean_std_max,0
3bc13005-f63f-4ca4-9ee7-92b40b511eb8,0,dry,weak_expert,3,0.22307170518310557,1,0,rf__trees300__depth10__leaf5__features0p1,mean_std_max,0
3f582004-aa52-4a2b-bba8-cb76352ddf44,0,dry,weak_expert,3,0.2700729246334723,1,0,rf__trees300__depth10__leaf5__features0p1,mean_std_max,0
41fc7925-0b48-4555-b55e-49ce9290addf,0,dry,weak_expert,3,0.4198184641040672,1,1,rf__trees300__depth10__leaf5__features0p1,mean_std_max,0
43795e89-f72e-4d3e-877d-a157fb169949,0,dry,weak_expert,3,0.4636204385093915,1,1,rf__trees300__depth10__leaf5__features0p1,mean_std_max,0
43cfe07c-cf76-4d97-914a-b1a1ec2c9759,0,dry,weak_expert,3,0.19272964400760784,1,0,rf__trees300__depth10__leaf5__features0p1,mean_std_max,0
462c8d00-d349-40b3-ad60-440fc5746b6d,0,dry,weak_expert,3,0.16274207989649433,1,0,rf__trees300__depth10__leaf5__features0p1,mean_std_max,0
47566b56-c2aa-48d5-a0be-92506fc53eab,0,dry,weak_expert,3,0.45350318532135786,1,1,rf__trees300__depth10__leaf5__features0p1,mean_std_max,0
477d5eb0-f5a4-4c97-9f00-03ace4fbf876,0,dry,weak_expert,3,0.2142990674694827,1,0,rf__trees300__depth10__leaf5__features0p1,mean_std_max,0
478090b5-f194-46a2-96be-4a0ba30ad3b0,0,dry,weak_expert,3,0.1474627907195656,1,0,rf__trees300__depth10__leaf5__features0p1,mean_std_max,0
4a54513d-cdcf-4ea6-8139-b0f1d33d41d8,0,dry,weak_expert,3,0.23360090623610655,1,0,rf__trees300__depth10__leaf5__features0p1,mean_std_max,0
4c40ace0-7967-4090-9d2c-51248d38bdda,0,dry,weak_expert,3,0.15260998294643963,1,0,rf__trees300__depth10__leaf5__features0p1,mean_std_max,0
4c86e76d-0476-4016-b26d-00e3b8a0dc01,0,dry,weak_expert,3,0.24765569727884137,1,0,rf__trees300__depth10__leaf5__features0p1,mean_std_max,0
4d35b416-d0b0-4fca-bd40-420da86ab4e2,0,dry,weak_expert,3,0.18970815163818172,1,0,rf__trees300__depth10__leaf5__features0p1,mean_std_max,0
4d72142f-9932-47f4-8d86-29757ea3f78d,0,dry,weak_expert,3,0.08818284163203718,1,0,rf__trees300__depth10__leaf5__features0p1,mean_std_max,0
4e39ad3e-5257-4356-b854-7fb48c6cd1f0,0,dry,weak_expert,3,0.3363209184039926,1,0,rf__trees300__depth10__leaf5__features0p1,mean_std_max,0
4fb2ef80-dd57-4be0-afa6-866a8a5297bf,0,dry,weak_expert,3,0.2898059222875384,1,0,rf__trees300__depth10__leaf5__features0p1,mean_std_max,0
5131b118-88df-4d26-90bb-85b726fe0b5a,0,dry,weak_expert,3,0.6299882465567088,1,1,rf__trees300__depth10__leaf5__features0p1,mean_std_max,1
522b0923-a528-47d9-8905-ececf13c65e0,0,dry,weak_expert,3,0.12993560652273892,1,0,rf__trees300__depth10__leaf5__features0p1,mean_std_max,0
5287e036-c41e-4527-93de-c6cdbf1a8461,0,dry,weak_expert,3,0.1858942268566553,1,0,rf__trees300__depth10__leaf5__features0p1,mean_std_max,0
56279ffd-3f56-4fd2-9ebd-94ec5b6825e5,0,dry,weak_expert,3,0.11692641026623053,1,0,rf__trees300__depth10__leaf5__features0p1,mean_std_max,0
589c25e2-58b8-4cd2-a2aa-47819f71181e,0,dry,weak_expert,3,0.19254465502690726,1,0,rf__trees300__depth10__leaf5__features0p1,mean_std_max,0
58a3d924-98cd-426f-9b58-cb6240b7d044,0,dry,weak_expert,3,0.3160279108972377,1,0,rf__trees300__depth10__leaf5__features0p1,mean_std_max,0
59868a93-765b-4ff4-a58e-f7aa9c811206,0,dry,weak_expert,3,0.5281467375924568,1,1,rf__trees300__depth10__leaf5__features0p1,mean_std_max,1
5b32c2c2-fb33-47e7-93da-86968876ce02,0,dry,weak_expert,3,0.2278698435994059,1,0,rf__trees300__depth10__leaf5__features0p1,mean_std_max,0
5c53c446-4d42-4dcf-9a2a-3c8c4a7682e1,0,dry,gold_expert,3,0.32673085906384214,1,0,rf__trees300__depth10__leaf5__features0p1,mean_std_max,0
5db9f54b-8f92-4a15-bc2e-862dcd6d375b,0,dry,weak_expert,3,0.24453922207434617,1,0,rf__trees300__depth10__leaf5__features0p1,mean_std_max,0
5f5f4027-45d4-4867-a9e2-ecc500eaf21d,0,dry,gold_expert,3,0.20525151693872382,1,0,rf__trees300__depth10__leaf5__features0p1,mean_std_max,0
61ca0d5f-b27e-43fa-85d9-1fb58d2d1746,0,dry,weak_expert,3,0.15370019594292106,1,0,rf__trees300__depth10__leaf5__features0p1,mean_std_max,0
637d6498-1d52-4860-9976-5a7a94f2a0c3,0,dry,gold_expert,3,0.3136978932305414,1,0,rf__trees300__depth10__leaf5__features0p1,mean_std_max,0
65ba1f8c-b528-425e-b55f-2e132638fa39,0,dry,weak_expert,3,0.13334250761433145,1,0,rf__trees300__depth10__leaf5__features0p1,mean_std_max,0
6648cb81-abf5-476b-81e2-0abe5be299e4,0,dry,weak_expert,3,0.15862558665106435,1,0,rf__trees300__depth10__leaf5__features0p1,mean_std_max,0
66fcdc41-6150-4037-9842-0417375a4d14,0,dry,weak_expert,3,0.1974180366881291,1,0,rf__trees300__depth10__leaf5__features0p1,mean_std_max,0
67090bb0-377e-492c-9c49-8a608f50345d,0,dry,weak_expert,3,0.14238886385360136,1,0,rf__trees300__depth10__leaf5__features0p1,mean_std_max,0
6811fc15-6ffc-4623-85aa-bf477c4d0082,0,dry,weak_expert,3,0.18741221461554236,1,0,rf__trees300__depth10__leaf5__features0p1,mean_std_max,0
6816fa8c-2bd4-4be4-bbb0-d18a397f99e5,0,dry,weak_expert,3,0.16192652971761676,1,0,rf__trees300__depth10__leaf5__features0p1,mean_std_max,0
68be5313-193c-42ca-acdc-f6f93c9c1126,0,dry,weak_expert,3,0.13788642610957538,1,0,rf__trees300__depth10__leaf5__features0p1,mean_std_max,0
697d000f-b7ab-4bb8-bee7-2c9983976300,0,dry,weak_expert,3,0.6189006905463889,1,1,rf__trees300__depth10__leaf5__features0p1,mean_std_max,1
6a577002-17a0-44a5-87bf-14ba2a225616,0,dry,weak_expert,3,0.3609683241883473,1,0,rf__trees300__depth10__leaf5__features0p1,mean_std_max,0
6c7893ac-4ca9-47af-8a91-fd0926dd7f39,0,dry,weak_expert,3,0.10572252030870465,1,0,rf__trees300__depth10__leaf5__features0p1,mean_std_max,0
6d25354c-712b-4d24-831a-e99a95dd597b,0,dry,weak_expert,3,0.48463608611031,1,1,rf__trees300__depth10__leaf5__features0p1,mean_std_max,0
6d45e866-26cd-4c90-b538-8e3d74639f93,0,dry,weak_expert,3,0.29851627067118175,1,0,rf__trees300__depth10__leaf5__features0p1,mean_std_max,0
6d73708f-f815-410f-b6a1-76cec2a7754c,0,dry,weak_expert,3,0.41189649986336424,1,1,rf__trees300__depth10__leaf5__features0p1,mean_std_max,0
6d8729b7-cc9b-4ae3-a3ee-99a5a909e32f,0,dry,weak_expert,3,0.16410950504552085,1,0,rf__trees300__depth10__leaf5__features0p1,mean_std_max,0
6d941efe-43f9-4a64-8172-58cbb20400ab,0,dry,weak_expert,3,0.10427554301561436,1,0,rf__trees300__depth10__leaf5__features0p1,mean_std_max,0
6e777752-cb40-47dd-ae97-50bc73da4550,0,dry,weak_expert,3,0.24165902607683407,1,0,rf__trees300__depth10__leaf5__features0p1,mean_std_max,0
6f0a2344-8d8b-4db5-b4c3-cf569ca4f7b9,0,dry,weak_expert,3,0.23264557534278385,1,0,rf__trees300__depth10__leaf5__features0p1,mean_std_max,0
6fc243bf-14f0-42ab-97e3-f1fe3fdfe3ce,0,dry,weak_expert,3,0.22189662917727598,1,0,rf__trees300__depth10__leaf5__features0p1,mean_std_max,0
705e111b-1e41-4831-97e2-7990771c9fe4,0,dry,weak_expert,3,0.10802240489648031,1,0,rf__trees300__depth10__leaf5__features0p1,mean_std_max,0
7376afac-2a76-408c-9bee-7b7ed2555692,0,dry,weak_expert,3,0.20647599774179112,1,0,rf__trees300__depth10__leaf5__features0p1,mean_std_max,0
7465377a-8963-4a0e-bd1b-92a8924b1ccb,0,dry,weak_expert,3,0.3525564633356325,1,0,rf__trees300__depth10__leaf5__features0p1,mean_std_max,0
748142b3-0e0b-4975-b795-78267dbe4547,0,dry,weak_expert,3,0.32786453170618735,1,0,rf__trees300__depth10__leaf5__features0p1,mean_std_max,0
76183e29-22c1-4d51-aafa-6b96e93b3aa2,0,dry,weak_expert,3,0.14333348870417967,1,0,rf__trees300__depth10__leaf5__features0p1,mean_std_max,0
76682a59-1c14-44e8-93b9-f9f5f774e897,0,dry,weak_expert,3,0.39580744114992034,1,1,rf__trees300__depth10__leaf5__features0p1,mean_std_max,0
7ad89fd2-56cb-43cd-84ea-4d3eb7b30e00,0,dry,weak_expert,3,0.35417799388464877,1,0,rf__trees300__depth10__leaf5__features0p1,mean_std_max,0
7b7e11b1-0f2b-4531-b071-54b7889c4771,0,dry,weak_expert,3,0.2873674692916519,1,0,rf__trees300__depth10__leaf5__features0p1,mean_std_max,0
7bd5996c-f98d-46bc-be93-ca6e1139d838,0,dry,weak_expert,3,0.0677108917156091,1,0,rf__trees300__depth10__leaf5__features0p1,mean_std_max,0
7de30485-428f-402e-8402-54747fd97420,0,dry,weak_expert,3,0.13770848308288428,1,0,rf__trees300__depth10__leaf5__features0p1,mean_std_max,0
7e2f4bb0-a4a1-4e62-a26f-f4174ab4954b,0,dry,weak_expert,3,0.28529249009479035,1,0,rf__trees300__depth10__leaf5__features0p1,mean_std_max,0
7f8e60f4-5cbd-4ec6-bc73-e8ab2b6c3abd,0,dry,weak_expert,3,0.5863765920332076,1,1,rf__trees300__depth10__leaf5__features0p1,mean_std_max,1
83443b73-5740-4b3e-85ba-77e372fea63d,0,dry,weak_expert,3,0.09644180647851845,1,0,rf__trees300__depth10__leaf5__features0p1,mean_std_max,0
85eef4ec-c8e8-4635-a6c3-2d194057f7f2,0,dry,weak_expert,3,0.13206113578471798,1,0,rf__trees300__depth10__leaf5__features0p1,mean_std_max,0
87c60871-f7f6-48cb-94b0-c22b2158d49f,0,dry,weak_expert,3,0.5241384548777016,1,1,rf__trees300__depth10__leaf5__features0p1,mean_std_max,1
87f52d87-03d1-469b-b8fb-247da4504f90,0,dry,weak_expert,3,0.2990178966597953,1,0,rf__trees300__depth10__leaf5__features0p1,mean_std_max,0
88024607-e701-4a54-adeb-c4c1ecc282f4,0,dry,weak_expert,3,0.2909433888460734,1,0,rf__trees300__depth10__leaf5__features0p1,mean_std_max,0
88f6aa4d-d9e3-4d51-b803-5736e92762e4,0,dry,weak_expert,3,0.689839377334961,1,1,rf__trees300__depth10__leaf5__features0p1,mean_std_max,1
89bad459-b4f0-48ab-9907-28fe8f895800,0,dry,weak_expert,3,0.21129071161002966,1,0,rf__trees300__depth10__leaf5__features0p1,mean_std_max,0
8a5feabb-3b0a-49b5-900c-6d3d31e96794,0,dry,weak_expert,3,0.24470570066627323,1,0,rf__trees300__depth10__leaf5__features0p1,mean_std_max,0
8ada36ff-a9fb-4623-a97c-cab077d4bf99,0,dry,weak_expert,3,0.27324614512375023,1,0,rf__trees300__depth10__leaf5__features0p1,mean_std_max,0
8b0c699b-dca8-4ed0-bf4b-319774d31c54,0,dry,weak_expert,3,0.12922808163699526,1,0,rf__trees300__depth10__leaf5__features0p1,mean_std_max,0
8b65a198-2b0f-452c-ac15-47d892676fc3,0,dry,weak_expert,3,0.256627288811902,1,0,rf__trees300__depth10__leaf5__features0p1,mean_std_max,0
8b733837-961a-4f17-a18c-13b89b54ef69,0,dry,gold_expert,3,0.2136313263542733,1,0,rf__trees300__depth10__leaf5__features0p1,mean_std_max,0
8be589c2-c09a-442d-a0a0-50094a73f0d5,0,dry,weak_expert,3,0.1335407504045957,1,0,rf__trees300__depth10__leaf5__features0p1,mean_std_max,0
8ca4463e-23a3-4a16-9d46-7b28b968e6af,0,dry,weak_expert,3,0.111175136848153,1,0,rf__trees300__depth10__leaf5__features0p1,mean_std_max,0
8cd6b5c0-96b9-4572-9b3d-2caf91996483,0,dry,weak_expert,3,0.6318406872433361,1,1,rf__trees300__depth10__leaf5__features0p1,mean_std_max,1
8d33620a-f041-4c6c-b55d-78c1ac9eb8e5,0,dry,weak_expert,3,0.30743046042954886,1,0,rf__trees300__depth10__leaf5__features0p1,mean_std_max,0
8eac4375-f279-468e-853d-c83c73a62077,0,dry,weak_expert,3,0.06115312860233322,1,0,rf__trees300__depth10__leaf5__features0p1,mean_std_max,0
8f0052b4-731b-4822-8e4b-1393a473d35e,0,dry,weak_expert,3,0.34158598264927625,1,0,rf__trees300__depth10__leaf5__features0p1,mean_std_max,0
8f20ec81-e8f6-4a72-ba04-42e5b1f3d522,0,dry,weak_expert,3,0.5024009250105856,1,1,rf__trees300__depth10__leaf5__features0p1,mean_std_max,1
90912b99-0e92-4dad-b223-3c96a6967316,0,dry,weak_expert,3,0.26824858399646134,1,0,rf__trees300__depth10__leaf5__features0p1,mean_std_max,0
91c59a04-aeda-4233-adce-ac2f3d2212df,0,dry,weak_expert,3,0.2867356660538626,1,0,rf__trees300__depth10__leaf5__features0p1,mean_std_max,0
9235c603-3817-4c3e-b0a5-4624f1293282,0,dry,weak_expert,3,0.19278020758202755,1,0,rf__trees300__depth10__leaf5__features0p1,mean_std_max,0
9254bd84-4c4e-40cf-94d0-47a0bdf550ce,0,dry,weak_expert,3,0.27857673014272116,1,0,rf__trees300__depth10__leaf5__features0p1,mean_std_max,0
927ae69c-d4b6-484e-b651-7b76c9c1d9d5,0,dry,weak_expert,3,0.18449670353330042,1,0,rf__trees300__depth10__leaf5__features0p1,mean_std_max,0
92b22064-50ef-4244-b5fd-aa348ceb7371,0,dry,gold_expert,3,0.18237789321493875,1,0,rf__trees300__depth10__leaf5__features0p1,mean_std_max,0
92bfada9-7b1c-4fcf-82d1-64ad74ad92a6,0,dry,weak_expert,3,0.47265968284353554,1,1,rf__trees300__depth10__leaf5__features0p1,mean_std_max,0
936268f0-41a3-421d-bd18-8e69e597e84c,0,dry,weak_expert,3,0.2799945795802422,1,0,rf__trees300__depth10__leaf5__features0p1,mean_std_max,0
93dfe86e-d139-4b0e-b959-3b210701bab1,0,dry,weak_expert,3,0.2057295395943295,1,0,rf__trees300__depth10__leaf5__features0p1,mean_std_max,0
94bfcb37-906f-4862-9c4e-69b5550e320e,0,dry,weak_expert,3,0.23796110223220632,1,0,rf__trees300__depth10__leaf5__features0p1,mean_std_max,0
95dee56b-2ebb-48ec-acd7-2bb4ad631679,0,dry,weak_expert,3,0.16752780680581494,1,0,rf__trees300__depth10__leaf5__features0p1,mean_std_max,0
9736398b-2034-43a8-88e1-affa632772c9,0,dry,weak_expert,3,0.21700164548321113,1,0,rf__trees300__depth10__leaf5__features0p1,mean_std_max,0
97b6a1d6-2c18-458e-bc05-3fe48136902d,0,dry,weak_expert,3,0.10679208558781239,1,0,rf__trees300__depth10__leaf5__features0p1,mean_std_max,0
98cf4fc3-ac20-4007-a227-3b89dc43a52c,0,dry,weak_expert,3,0.10375775457787582,1,0,rf__trees300__depth10__leaf5__features0p1,mean_std_max,0
99eb251e-8aa9-4307-b77c-3864dc15a789,0,dry,weak_expert,3,0.3187844665183247,1,0,rf__trees300__depth10__leaf5__features0p1,mean_std_max,0
9ab84f0f-1c83-4042-9497-474af8816350,0,dry,weak_expert,3,0.6001855868716456,1,1,rf__trees300__depth10__leaf5__features0p1,mean_std_max,1
9b8791f6-9c76-41a6-b8bf-3090c8b4609f,0,dry,weak_expert,3,0.40820685279944974,1,1,rf__trees300__depth10__leaf5__features0p1,mean_std_max,0
9bbc6186-f18d-4a96-b92b-37d25b390bdf,0,dry,weak_expert,3,0.26924896822941,1,0,rf__trees300__depth10__leaf5__features0p1,mean_std_max,0
9eb5f87f-3f16-423d-bd11-bb15a6b11a9d,0,dry,weak_expert,3,0.26253203965187644,1,0,rf__trees300__depth10__leaf5__features0p1,mean_std_max,0
9eb6506a-17f8-40b7-968d-ee511818d50b,0,dry,weak_expert,3,0.32817354441976127,1,0,rf__trees300__depth10__leaf5__features0p1,mean_std_max,0
a0e0ce03-2778-46f2-8b5f-aa46c503f392,0,dry,weak_expert,3,0.20229825757616068,1,0,rf__trees300__depth10__leaf5__features0p1,mean_std_max,0
a1092580-10f6-4176-8862-3a8cc0784f4a,0,dry,weak_expert,3,0.2102273620300433,1,0,rf__trees300__depth10__leaf5__features0p1,mean_std_max,0
a27768df-a3bc-4ac9-9d45-76cc25508478,0,dry,weak_expert,3,0.16320630668953134,1,0,rf__trees300__depth10__leaf5__features0p1,mean_std_max,0
a3529398-f357-4c11-bec3-c2e30088df2e,0,dry,weak_expert,3,0.3286816314663504,1,0,rf__trees300__depth10__leaf5__features0p1,mean_std_max,0
a60e1682-1dda-4bc7-ab05-8e881a8b867a,0,dry,weak_expert,3,0.5164651826406378,1,1,rf__trees300__depth10__leaf5__features0p1,mean_std_max,1
a97f2838-d416-4267-b41a-26f9cae46c62,0,dry,weak_expert,3,0.17166813812052908,1,0,rf__trees300__depth10__leaf5__features0p1,mean_std_max,0
aa059172-1850-4afe-8809-2fe79603286a,0,dry,gold_expert,3,0.3220658661512996,1,0,rf__trees300__depth10__leaf5__features0p1,mean_std_max,0
ab5f623d-dda2-4a26-ae6e-33e517e145a5,0,dry,weak_expert,3,0.1981574555299842,1,0,rf__trees300__depth10__leaf5__features0p1,mean_std_max,0
ac4ea2db-4fff-4a7f-a5fe-3a9ade2f1020,0,dry,weak_expert,3,0.3192679519760211,1,0,rf__trees300__depth10__leaf5__features0p1,mean_std_max,0
ad19a44f-e512-46ec-980a-2eead07d68c1,0,dry,weak_expert,3,0.2244775919894677,1,0,rf__trees300__depth10__leaf5__features0p1,mean_std_max,0
ae0ff134-0218-4d7e-804d-c48f57946de9,0,dry,weak_expert,3,0.3691930402958005,1,0,rf__trees300__depth10__leaf5__features0p1,mean_std_max,0
aeded0cd-89ff-43d3-86f2-4ae7bc4fbb56,0,dry,weak_expert,3,0.299722674067861,1,0,rf__trees300__depth10__leaf5__features0p1,mean_std_max,0
b2caeb04-59dd-4f72-9bd1-b3f7e4b93c39,0,dry,weak_expert,3,0.17787534731571683,1,0,rf__trees300__depth10__leaf5__features0p1,mean_std_max,0
b2e9cb14-17c6-42ca-8503-5a0a3ff80b3c,0,dry,weak_expert,3,0.36855817857530554,1,0,rf__trees300__depth10__leaf5__features0p1,mean_std_max,0
b37a051e-c2b0-4f38-9b12-51652c511d03,0,dry,weak_expert,3,0.2320052883148028,1,0,rf__trees300__depth10__leaf5__features0p1,mean_std_max,0
b38dbe54-b3c1-448e-bf03-92cdf214932d,0,dry,weak_expert,3,0.5551358583294663,1,1,rf__trees300__depth10__leaf5__features0p1,mean_std_max,1
bc474477-4762-4308-835e-733da92d712e,0,dry,weak_expert,3,0.3674519846451171,1,0,rf__trees300__depth10__leaf5__features0p1,mean_std_max,0
bcb69f37-df84-485a-af43-4ff8b9de570c,0,dry,weak_expert,3,0.36799182935923386,1,0,rf__trees300__depth10__leaf5__features0p1,mean_std_max,0
be53aed3-5771-4cb6-af3b-1c95dfed2ae5,0,dry,weak_expert,3,0.1701773085628353,1,0,rf__trees300__depth10__leaf5__features0p1,mean_std_max,0
c01b9572-1fbf-463a-9d03-e3857ab5d55a,0,dry,weak_expert,3,0.5712202247238196,1,1,rf__trees300__depth10__leaf5__features0p1,mean_std_max,1
c18be4ba-eaa8-487a-9343-2c45af6c60aa,0,dry,weak_expert,3,0.2725773015079939,1,0,rf__trees300__depth10__leaf5__features0p1,mean_std_max,0
c2356246-454a-42ac-ae33-967e5feabcb7,0,dry,weak_expert,3,0.11830106313997887,1,0,rf__trees300__depth10__leaf5__features0p1,mean_std_max,0
c494d05a-a6fa-462e-9d3e-28e91b82147d,0,dry,weak_expert,3,0.3524315503949652,1,0,rf__trees300__depth10__leaf5__features0p1,mean_std_max,0
c926f81f-17c8-4446-9c0c-1ea92c76834d,0,dry,weak_expert,3,0.15841552751879553,1,0,rf__trees300__depth10__leaf5__features0p1,mean_std_max,0
cc0bc8c7-eb1b-4290-8f64-58c4fe25c58e,0,dry,weak_expert,3,0.14732627187556646,1,0,rf__trees300__depth10__leaf5__features0p1,mean_std_max,0
cd9de27d-87fa-43e6-a452-8cdaba3eae4c,0,dry,weak_expert,3,0.31946173311764553,1,0,rf__trees300__depth10__leaf5__features0p1,mean_std_max,0
ce047b79-fd52-4ac5-a451-f27d8a368985,0,dry,weak_expert,3,0.35879443184097537,1,0,rf__trees300__depth10__leaf5__features0p1,mean_std_max,0
ce40512b-6a1f-4a2f-9b74-4bcf246d0edb,0,dry,weak_expert,3,0.15127224527875333,1,0,rf__trees300__depth10__leaf5__features0p1,mean_std_max,0
d0eec145-0080-4dab-b0bb-a22656bb81ed,0,dry,weak_expert,3,0.31081496119642743,1,0,rf__trees300__depth10__leaf5__features0p1,mean_std_max,0
d1a21158-7a3b-4313-8fc3-0472b257b4c7,0,dry,weak_expert,3,0.17508552734814686,1,0,rf__trees300__depth10__leaf5__features0p1,mean_std_max,0
d5e9a1af-2571-40f7-99c7-77cfe71657c5,0,dry,weak_expert,3,0.5925909860731485,1,1,rf__trees300__depth10__leaf5__features0p1,mean_std_max,1
d66c93d7-6aac-4876-9252-66d9bf26323f,0,dry,weak_expert,3,0.10030596861065677,1,0,rf__trees300__depth10__leaf5__features0p1,mean_std_max,0
d6de71ae-5b92-4a91-a656-bd0d33fa6189,0,dry,weak_expert,3,0.3622346122874594,1,0,rf__trees300__depth10__leaf5__features0p1,mean_std_max,0
d6f624cb-757b-441c-bf5f-e22dc914277b,0,dry,weak_expert,3,0.6530298507358714,1,1,rf__trees300__depth10__leaf5__features0p1,mean_std_max,1
d769f90f-8183-4c42-8ea6-cf992ee40a64,0,dry,gold_expert,3,0.193674450966504,1,0,rf__trees300__depth10__leaf5__features0p1,mean_std_max,0
d7abd3ca-33d1-498b-9928-41e316047998,0,dry,weak_expert,3,0.193413580973465,1,0,rf__trees300__depth10__leaf5__features0p1,mean_std_max,0
d844a814-c17d-4398-b536-9963f6ded940,0,dry,weak_expert,3,0.19275250158417478,1,0,rf__trees300__depth10__leaf5__features0p1,mean_std_max,0
d85118e0-5f00-4ca3-b56b-94a7b7cd01ee,0,dry,weak_expert,3,0.4217370735724491,1,1,rf__trees300__depth10__leaf5__features0p1,mean_std_max,0
d8dd429e-db29-4389-96a3-e68e6d8a6b77,0,dry,weak_expert,3,0.2808657284358306,1,0,rf__trees300__depth10__leaf5__features0p1,mean_std_max,0
d93b74aa-faed-4737-9d5e-540e0fbdb961,0,dry,weak_expert,3,0.14131591593307563,1,0,rf__trees300__depth10__leaf5__features0p1,mean_std_max,0
dc12b624-aeea-47d3-988e-d875a14bdc34,0,dry,weak_expert,3,0.09276070049916349,1,0,rf__trees300__depth10__leaf5__features0p1,mean_std_max,0
dc52c21c-6602-44ef-b982-9771f4fb76c1,0,dry,weak_expert,3,0.30428288680369625,1,0,rf__trees300__depth10__leaf5__features0p1,mean_std_max,0
dcb7cded-c3bf-4835-9f1f-efac118a40c1,0,dry,weak_expert,3,0.41287707378799116,1,1,rf__trees300__depth10__leaf5__features0p1,mean_std_max,0
dcd085b9-d8d4-4c6f-8082-0214e523cdba,0,dry,weak_expert,3,0.3632748042875203,1,0,rf__trees300__depth10__leaf5__features0p1,mean_std_max,0
dd774ccf-3980-4eda-90d9-aa2fa57bde32,0,dry,weak_expert,3,0.30147425260815464,1,0,rf__trees300__depth10__leaf5__features0p1,mean_std_max,0
deaddfa6-ac89-461c-ab08-c531e2a296cd,0,dry,weak_expert,3,0.21614860233795155,1,0,rf__trees300__depth10__leaf5__features0p1,mean_std_max,0
e024dc48-fbdd-4845-ac13-cbe67c60446a,0,dry,weak_expert,3,0.19512628682463684,1,0,rf__trees300__depth10__leaf5__features0p1,mean_std_max,0
e36c0dda-a5cb-4398-ae8f-235320a729e4,0,dry,weak_expert,3,0.11990356669098584,1,0,rf__trees300__depth10__leaf5__features0p1,mean_std_max,0
e4714f0e-c191-42dc-9928-78da49129e16,0,dry,weak_expert,3,0.4494935891784695,1,1,rf__trees300__depth10__leaf5__features0p1,mean_std_max,0
e4996edb-842c-4bda-b5f4-ffb6ec8cc8fe,0,dry,weak_expert,3,0.08301112918181011,1,0,rf__trees300__depth10__leaf5__features0p1,mean_std_max,0
e4ec845a-b80b-409b-afa0-81abc3ae3dc7,0,dry,weak_expert,3,0.20860702680525486,1,0,rf__trees300__depth10__leaf5__features0p1,mean_std_max,0
e539d599-6d07-4174-9f29-a562ced58b68,0,dry,weak_expert,3,0.1785984493999376,1,0,rf__trees300__depth10__leaf5__features0p1,mean_std_max,0
e659824f-fb7b-4b6b-86da-5c629e1ce0fd,0,dry,weak_expert,3,0.13641781283693574,1,0,rf__trees300__depth10__leaf5__features0p1,mean_std_max,0
e7b94eb1-f37d-4bfe-bc67-e8e13a8870f6,0,dry,weak_expert,3,0.19737052192182497,1,0,rf__trees300__depth10__leaf5__features0p1,mean_std_max,0
e88932d8-8869-4fa2-b4a5-1d4a3ddce94d,0,dry,weak_expert,3,0.13152330554688568,1,0,rf__trees300__depth10__leaf5__features0p1,mean_std_max,0
e8a4c9ee-66e8-473c-9f1b-40918a92a928,0,dry,weak_expert,3,0.1189186568272487,1,0,rf__trees300__depth10__leaf5__features0p1,mean_std_max,0
e9708094-2ece-478f-9dc4-ab951c42034b,0,dry,weak_expert,3,0.42703658411063317,1,1,rf__trees300__depth10__leaf5__features0p1,mean_std_max,0
ea15c9f5-e77d-4b3f-803d-443a69d63eed,0,dry,weak_expert,3,0.19766799111536437,1,0,rf__trees300__depth10__leaf5__features0p1,mean_std_max,0
ea3848e3-886a-428a-a918-4d01f32e38d8,0,dry,weak_expert,3,0.3720612269631137,1,1,rf__trees300__depth10__leaf5__features0p1,mean_std_max,0
ea8b1411-bcc8-47f3-8ba7-9b3585b83319,0,dry,weak_expert,3,0.18689899069110455,1,0,rf__trees300__depth10__leaf5__features0p1,mean_std_max,0
ea975f7b-e57a-4e47-9133-ec421fb193c5,0,dry,weak_expert,3,0.48555635866532915,1,1,rf__trees300__depth10__leaf5__features0p1,mean_std_max,0
ecb53985-efae-451c-9bf5-3e10f6b61e41,0,dry,weak_expert,3,0.261648775890388,1,0,rf__trees300__depth10__leaf5__features0p1,mean_std_max,0
eceaa3a9-f850-4ba9-82ee-1bcd2575b99c,0,dry,gold_expert,3,0.2579400625292612,1,0,rf__trees300__depth10__leaf5__features0p1,mean_std_max,0
ed7daba8-a8bc-473f-b159-55d16ea59eb1,0,dry,weak_expert,3,0.33436400638388625,1,0,rf__trees300__depth10__leaf5__features0p1,mean_std_max,0
ee899936-5701-4a8f-a3ab-f3292554a148,0,dry,weak_expert,3,0.21388766204350312,1,0,rf__trees300__depth10__leaf5__features0p1,mean_std_max,0
efdc1fe6-2c52-438e-8943-aaf97a387cae,0,dry,weak_expert,3,0.21048899885184943,1,0,rf__trees300__depth10__leaf5__features0p1,mean_std_max,0
f09f7e2a-f173-4423-92a6-dea210147179,0,dry,weak_expert,3,0.18458018750326555,1,0,rf__trees300__depth10__leaf5__features0p1,mean_std_max,0
f0bc6079-5c16-4c95-91be-ddffc7bb37b0,0,dry,weak_expert,3,0.22361975357638883,1,0,rf__trees300__depth10__leaf5__features0p1,mean_std_max,0
f1b271ee-6902-4cff-b260-cfdf9bc3fa1f,0,dry,weak_expert,3,0.27676404856811465,1,0,rf__trees300__depth10__leaf5__features0p1,mean_std_max,0
f1e02616-7b84-4e35-8d7f-1961b27c1c7a,0,dry,weak_expert,3,0.22191784484112106,1,0,rf__trees300__depth10__leaf5__features0p1,mean_std_max,0
f23fac18-75a0-45fb-8099-a789d9597776,0,dry,weak_expert,3,0.3821990553070531,1,1,rf__trees300__depth10__leaf5__features0p1,mean_std_max,0
f2574f9d-beae-4a85-ad18-289a400e1b6a,0,dry,weak_expert,3,0.3116563907534601,1,0,rf__trees300__depth10__leaf5__features0p1,mean_std_max,0
f2b8d4c0-b7ba-49a6-8e91-9f20be33520a,0,dry,weak_expert,3,0.5299874753938548,1,1,rf__trees300__depth10__leaf5__features0p1,mean_std_max,1
f45082d4-f205-483f-8d0b-427470db2ffc,0,dry,weak_expert,3,0.3056580168019739,1,0,rf__trees300__depth10__leaf5__features0p1,mean_std_max,0
f4d06640-6eaf-40e8-a96e-3ffd924cd7ef,0,dry,weak_expert,3,0.13233869630921274,1,0,rf__trees300__depth10__leaf5__features0p1,mean_std_max,0
f5a36e3a-28f9-461d-970e-c95ff38f4740,0,dry,weak_expert,3,0.08508962673528214,1,0,rf__trees300__depth10__leaf5__features0p1,mean_std_max,0
f5e3c403-1588-49ad-8984-47f123f941f8,0,dry,weak_expert,3,0.16079090228587015,1,0,rf__trees300__depth10__leaf5__features0p1,mean_std_max,0
f5e8d8ec-e234-4117-a4ab-2f7dba0066ef,0,dry,gold_expert,3,0.3083238089608906,1,0,rf__trees300__depth10__leaf5__features0p1,mean_std_max,0
f7a10fb3-b805-4ed0-8a93-9b0851efe78e,0,dry,weak_expert,3,0.4426880270936153,1,1,rf__trees300__depth10__leaf5__features0p1,mean_std_max,0
f7be812e-ffcb-421f-8cef-bb39702ea909,0,dry,weak_expert,3,0.6888422402439967,1,1,rf__trees300__depth10__leaf5__features0p1,mean_std_max,1
f8ca1e1d-4660-4739-ae76-cf0b10de2540,0,dry,weak_expert,3,0.18289852076602112,1,0,rf__trees300__depth10__leaf5__features0p1,mean_std_max,0
f8d8b216-d17d-40ce-8de6-6a889adcf016,0,dry,weak_expert,3,0.25346519059828715,1,0,rf__trees300__depth10__leaf5__features0p1,mean_std_max,0
fd7d172d-4106-427a-870b-0384c88f147f,0,dry,gold_expert,3,0.1827886906069406,1,0,rf__trees300__depth10__leaf5__features0p1,mean_std_max,0
feecacb2-52ce-4454-9dcf-267ea138fa63,0,dry,weak_expert,3,0.3106948085144021,1,0,rf__trees300__depth10__leaf5__features0p1,mean_std_max,0
ff1234d7-7837-4ba7-842f-99fdc916baa9,0,dry,gold_expert,3,0.3259724302656844,1,0,rf__trees300__depth10__leaf5__features0p1,mean_std_max,0
ff5f97db-9b64-4e35-afe8-af463d5c2c60,0,dry,weak_expert,3,0.235218591747529,1,0,rf__trees300__depth10__leaf5__features0p1,mean_std_max,0
ff8bfcc9-3df2-4752-8280-63f023fba31c,0,dry,weak_expert,3,0.25613653911023626,1,0,rf__trees300__depth10__leaf5__features0p1,mean_std_max,0
01bf156f-a8ff-48f6-9335-8a1f5bb4c1b7,1,wet,weak_expert,3,0.5589238538064978,1,1,rf__trees300__depth10__leaf5__features0p1,mean_std_max,1
031fd54a-87b5-4223-9af6-60985127fb7a,1,wet,weak_expert,3,0.4545408579710397,1,1,rf__trees300__depth10__leaf5__features0p1,mean_std_max,0
03d30b8b-03f8-4089-bda8-0e14deec7d82,1,wet,weak_expert,3,0.21968640071994514,1,0,rf__trees300__depth10__leaf5__features0p1,mean_std_max,0
0569d979-384b-4a30-b0ca-2b19e8c8650b,1,wet,weak_expert,3,0.3902876632215574,1,1,rf__trees300__depth10__leaf5__features0p1,mean_std_max,0
092d10af-b848-473c-8dfd-19376b7c587a,1,wet,weak_expert,3,0.5059225635247108,1,1,rf__trees300__depth10__leaf5__features0p1,mean_std_max,1
0abc55f4-83bb-4284-87d2-65044bf06200,1,wet,weak_expert,3,0.40405153397807014,1,1,rf__trees300__depth10__leaf5__features0p1,mean_std_max,0
0b03673a-28db-4e1c-aeb0-4fec88d977a1,1,wet,weak_expert,3,0.5214991129645995,1,1,rf__trees300__depth10__leaf5__features0p1,mean_std_max,1
0cb72725-4166-475d-99a2-5e4e269c1eea,1,wet,weak_expert,3,0.40748904519561036,1,1,rf__trees300__depth10__leaf5__features0p1,mean_std_max,0
0e2f8fe3-12aa-464f-a4cc-312efa425b98,1,wet,weak_expert,3,0.5095837911197496,1,1,rf__trees300__depth10__leaf5__features0p1,mean_std_max,1
198c88cb-8f41-4a79-9c4b-be606361e80b,1,wet,weak_expert,3,0.29816897094360295,1,0,rf__trees300__depth10__leaf5__features0p1,mean_std_max,0
2143ebda-26f8-4cf7-9d99-471f11c3c584,1,wet,weak_expert,3,0.49949940829421685,1,1,rf__trees300__depth10__leaf5__features0p1,mean_std_max,0
22fd67e4-0911-45f9-8625-1fe8ba4323cf,1,wet,weak_expert,3,0.44371471516029887,1,1,rf__trees300__depth10__leaf5__features0p1,mean_std_max,0
2aa8f538-07ca-41f3-b20a-8d9e5ef24cfe,1,wet,weak_expert,3,0.36579152990830993,1,0,rf__trees300__depth10__leaf5__features0p1,mean_std_max,0
2cc30bb4-6e0f-4cb5-a7a5-f7fa03c203ba,1,wet,weak_expert,3,0.3829060320445946,1,1,rf__trees300__depth10__leaf5__features0p1,mean_std_max,0
2e9f905a-697c-48db-883e-7e905873172f,1,wet,weak_expert,3,0.20736730983643029,1,0,rf__trees300__depth10__leaf5__features0p1,mean_std_max,0
34bcd0cb-bbfb-4947-84c9-79a07c28a7c1,1,wet,weak_expert,3,0.09811640770584941,1,0,rf__trees300__depth10__leaf5__features0p1,mean_std_max,0
372846d2-d0b1-435b-bd1c-2580506dc502,1,wet,weak_expert,3,0.2743581222138769,1,0,rf__trees300__depth10__leaf5__features0p1,mean_std_max,0
376bc849-fcad-41ed-b28e-b4aa128eb1d9,1,wet,weak_expert,3,0.3428378873023311,1,0,rf__trees300__depth10__leaf5__features0p1,mean_std_max,0
3951f2b6-88a3-4419-a191-774fb50b918f,1,wet,weak_expert,3,0.2554872078112271,1,0,rf__trees300__depth10__leaf5__features0p1,mean_std_max,0
3ad61f08-80f1-4576-ae32-f383e46dbe53,1,wet,weak_expert,3,0.403697180199841,1,1,rf__trees300__depth10__leaf5__features0p1,mean_std_max,0
431c4a7e-06d9-4fed-9aca-2de718d66f29,1,wet,weak_expert,3,0.20622456517765697,1,0,rf__trees300__depth10__leaf5__features0p1,mean_std_max,0
45468c10-083b-4fea-9883-29a552edd30d,1,wet,weak_expert,3,0.37730752596454564,1,1,rf__trees300__depth10__leaf5__features0p1,mean_std_max,0
46a06a18-2b08-49b1-8c22-40b5a23089ff,1,wet,weak_expert,3,0.47507836927023706,1,1,rf__trees300__depth10__leaf5__features0p1,mean_std_max,0
4735aed3-46f9-44c5-91f0-ca772c541fff,1,wet,weak_expert,3,0.4567134131018623,1,1,rf__trees300__depth10__leaf5__features0p1,mean_std_max,0
49f6f0db-97dc-4da4-848e-69bd536b5283,1,wet,weak_expert,3,0.3730687363077419,1,1,rf__trees300__depth10__leaf5__features0p1,mean_std_max,0
4e63830d-679b-480c-a420-0540b0689c16,1,wet,weak_expert,3,0.5274581006589009,1,1,rf__trees300__depth10__leaf5__features0p1,mean_std_max,1
5280c666-4f3e-4d7c-a283-19041fc4cb2b,1,wet,weak_expert,3,0.2119543932667439,1,0,rf__trees300__depth10__leaf5__features0p1,mean_std_max,0
6990ad8f-0acd-44f1-86e5-adbb0bbfcab0,1,wet,weak_expert,3,0.2426561214318897,1,0,rf__trees300__depth10__leaf5__features0p1,mean_std_max,0
6ce9c771-2d64-4e26-9fe1-e0950221b59d,1,wet,weak_expert,3,0.08489318891150908,1,0,rf__trees300__depth10__leaf5__features0p1,mean_std_max,0
70ea204c-0ac3-494c-a998-ac38df39b2ac,1,wet,weak_expert,3,0.39223820024386,1,1,rf__trees300__depth10__leaf5__features0p1,mean_std_max,0
70ea9638-f7e3-4f16-bb97-7d066a0e6cdf,1,wet,weak_expert,3,0.21700823551782403,1,0,rf__trees300__depth10__leaf5__features0p1,mean_std_max,0
71d4e0e2-99b1-49bc-990f-1f7b4b5de826,1,wet,weak_expert,3,0.15373486323452754,1,0,rf__trees300__depth10__leaf5__features0p1,mean_std_max,0
72eb0edc-42e6-40b5-b788-39d8dae7f353,1,wet,weak_expert,3,0.4517617969329915,1,1,rf__trees300__depth10__leaf5__features0p1,mean_std_max,0
75be8a70-37fd-42ea-8daf-9ee78d1018a1,1,wet,weak_expert,3,0.5059141273230326,1,1,rf__trees300__depth10__leaf5__features0p1,mean_std_max,1
77cd79c9-1154-4da6-b9d4-6befbbc2754e,1,wet,weak_expert,3,0.3906953640723388,1,1,rf__trees300__depth10__leaf5__features0p1,mean_std_max,0
7876c549-066a-4ea1-a82e-45772114f964,1,wet,gold_expert,3,0.5802746053718573,1,1,rf__trees300__depth10__leaf5__features0p1,mean_std_max,1
799627e0-3cc6-4e23-b0ab-45a0fc2fb606,1,wet,weak_expert,3,0.2739152105334488,1,0,rf__trees300__depth10__leaf5__features0p1,mean_std_max,0
7d1428e9-7241-482b-8dbd-95f43a57c694,1,wet,weak_expert,3,0.4685010653638771,1,1,rf__trees300__depth10__leaf5__features0p1,mean_std_max,0
80a05566-ac42-4c5c-82a5-4e21cb3ed772,1,wet,weak_expert,3,0.48155823853822927,1,1,rf__trees300__depth10__leaf5__features0p1,mean_std_max,0
80b89e0e-8ae8-4c2a-9f7d-29f85e539ca3,1,wet,weak_expert,3,0.38200576873245995,1,1,rf__trees300__depth10__leaf5__features0p1,mean_std_max,0
8469a131-4174-4d7b-b588-00c9c0f91a28,1,wet,weak_expert,3,0.38484315817211123,1,1,rf__trees300__depth10__leaf5__features0p1,mean_std_max,0
85950027-a5fd-4cd4-ad38-46202aa61172,1,wet,weak_expert,3,0.39218925893828344,1,1,rf__trees300__depth10__leaf5__features0p1,mean_std_max,0
85f7130c-2c56-4dff-8ff8-a99527170fec,1,wet,weak_expert,3,0.4720263096702545,1,1,rf__trees300__depth10__leaf5__features0p1,mean_std_max,0
87d4e292-7e94-49b4-9e11-c944e3ae63f8,1,wet,weak_expert,3,0.29872583265329,1,0,rf__trees300__depth10__leaf5__features0p1,mean_std_max,0
88498dd4-82ce-4430-9f7d-ca005a7c989e,1,wet,weak_expert,3,0.4775853250167995,1,1,rf__trees300__depth10__leaf5__features0p1,mean_std_max,0
909f7f8b-d304-4238-83b0-de0e4114d3e2,1,wet,weak_expert,3,0.18325728956266918,1,0,rf__trees300__depth10__leaf5__features0p1,mean_std_max,0
93833a6e-c67c-4c5f-9570-6f36ac22b9e6,1,wet,weak_expert,3,0.15806870014431856,1,0,rf__trees300__depth10__leaf5__features0p1,mean_std_max,0
956a3b1f-1961-40cf-ad48-fb36090f7331,1,wet,weak_expert,3,0.26436256960758764,1,0,rf__trees300__depth10__leaf5__features0p1,mean_std_max,0
967a1fee-a7df-4644-9693-498626b618cc,1,wet,weak_expert,3,0.467947204550476,1,1,rf__trees300__depth10__leaf5__features0p1,mean_std_max,0
9a80a95e-6d74-4d45-bfd0-62c3eb40471a,1,wet,weak_expert,3,0.36837803850276984,1,0,rf__trees300__depth10__leaf5__features0p1,mean_std_max,0
9c9d5f33-e8e4-4483-a9ba-992fe633e486,1,wet,weak_expert,3,0.5266831789423567,1,1,rf__trees300__depth10__leaf5__features0p1,mean_std_max,1
9ebf6f35-91a8-4c33-84cb-fbeec8f2f557,1,wet,weak_expert,3,0.49306052694225844,1,1,rf__trees300__depth10__leaf5__features0p1,mean_std_max,0
a22706e7-e1bb-40a9-a95a-2dd1f9fcbadb,1,wet,weak_expert,3,0.6253136655356385,1,1,rf__trees300__depth10__leaf5__features0p1,mean_std_max,1
a3e8863e-e604-4d56-8dc5-9d26a198b699,1,wet,weak_expert,3,0.5308638974114144,1,1,rf__trees300__depth10__leaf5__features0p1,mean_std_max,1
a5025365-abca-4ff4-a335-a692389b7553,1,wet,weak_expert,3,0.23535100093464806,1,0,rf__trees300__depth10__leaf5__features0p1,mean_std_max,0
a521beb8-4e79-4d26-8a6a-7570afc0d8cb,1,wet,weak_expert,3,0.3099319473463186,1,0,rf__trees300__depth10__leaf5__features0p1,mean_std_max,0
a649bd89-6584-41e5-a251-033caa07d08a,1,wet,weak_expert,3,0.1977724755181121,1,0,rf__trees300__depth10__leaf5__features0p1,mean_std_max,0
ae05888f-fab3-4754-a98c-c3e76c82504d,1,wet,weak_expert,3,0.34732380960870574,1,0,rf__trees300__depth10__leaf5__features0p1,mean_std_max,0
ae7d06f1-2f0e-4fee-a080-76084ab5bb86,1,wet,weak_expert,3,0.41748049832118106,1,1,rf__trees300__depth10__leaf5__features0p1,mean_std_max,0
b54df7b6-c651-40e7-a80d-c0955f1abaa9,1,wet,weak_expert,3,0.12971547245124732,1,0,rf__trees300__depth10__leaf5__features0p1,mean_std_max,0
bb825a76-02ce-4a02-a001-7ae1a05d5bb8,1,wet,weak_expert,3,0.5185925828677674,1,1,rf__trees300__depth10__leaf5__features0p1,mean_std_max,1
bc048378-1d7f-44ed-a8a8-e2ce7d0a56ae,1,wet,weak_expert,3,0.26891172819939896,1,0,rf__trees300__depth10__leaf5__features0p1,mean_std_max,0
bce328d8-acfe-4cc9-bc60-e7934f3e6e5f,1,wet,weak_expert,3,0.30676057708616067,1,0,rf__trees300__depth10__leaf5__features0p1,mean_std_max,0
bf8e9236-0d63-46ed-9855-38a1074c2121,1,wet,weak_expert,3,0.38678169179933647,1,1,rf__trees300__depth10__leaf5__features0p1,mean_std_max,0
c3174535-aaef-4c26-b0b5-a38996e54763,1,wet,weak_expert,3,0.4084776359829389,1,1,rf__trees300__depth10__leaf5__features0p1,mean_std_max,0
cc7421cf-a094-4a17-a4cb-cecdd43b8095,1,wet,weak_expert,3,0.236195423213353,1,0,rf__trees300__depth10__leaf5__features0p1,mean_std_max,0
cf756ffb-9f1f-4579-8f67-d00bf4a2330b,1,wet,weak_expert,3,0.34140590723963005,1,0,rf__trees300__depth10__leaf5__features0p1,mean_std_max,0
d0a4cbf7-263d-49f1-978d-8cf767546e3c,1,wet,weak_expert,3,0.21781616857329772,1,0,rf__trees300__depth10__leaf5__features0p1,mean_std_max,0
dabd8101-b56b-40cd-84c6-169b7f8c6fbc,1,wet,weak_expert,3,0.18818793220535565,1,0,rf__trees300__depth10__leaf5__features0p1,mean_std_max,0
deec748e-a51e-4a37-a7fb-47df7b035292,1,wet,weak_expert,3,0.1688656724862907,1,0,rf__trees300__depth10__leaf5__features0p1,mean_std_max,0
e34e8cb1-f615-4542-849a-d6e6f7e7f6e2,1,wet,weak_expert,3,0.5478947237632287,1,1,rf__trees300__depth10__leaf5__features0p1,mean_std_max,1
e971aab1-03f6-47c1-b826-ce9004ac7698,1,wet,weak_expert,3,0.5036246130681664,1,1,rf__trees300__depth10__leaf5__features0p1,mean_std_max,1
eb43c33d-b6a1-476a-a135-40b872e8221b,1,wet,weak_expert,3,0.1719627287016173,1,0,rf__trees300__depth10__leaf5__features0p1,mean_std_max,0
fcd7caa2-6034-457c-a8ab-6b838bf60d2b,1,wet,weak_expert,3,0.7202856831785599,1,1,rf__trees300__depth10__leaf5__features0p1,mean_std_max,1
ff201807-134a-4a38-92e3-4eaab9219681,1,wet,weak_expert,3,0.22334607662973863,1,0,rf__trees300__depth10__leaf5__features0p1,mean_std_max,0
005b8518-03ba-4bf5-86d2-005541442357,0,dry,weak_expert,4,0.4806310896460765,1,1,rf__trees300__depth10__leaf5__features0p1,mean_std_max,0
01208e5c-5338-4f1b-b8c6-41c049e40d90,0,dry,weak_expert,4,0.3424651573055307,1,0,rf__trees300__depth10__leaf5__features0p1,mean_std_max,0
01ff40e8-63e6-4570-a463-9778ea30cad7,0,dry,gold_expert,4,0.27586466324785136,1,0,rf__trees300__depth10__leaf5__features0p1,mean_std_max,0
033da4e3-7365-4adc-9252-7347816e4e77,0,dry,weak_expert,4,0.13441238536625064,1,0,rf__trees300__depth10__leaf5__features0p1,mean_std_max,0
0512e4fa-684b-4d81-8dda-a38ffd0b67a9,0,dry,weak_expert,4,0.19883798734845107,1,0,rf__trees300__depth10__leaf5__features0p1,mean_std_max,0
06b58ff7-42e9-49d8-8b56-dd82e7b18ace,0,dry,weak_expert,4,0.12919938341543372,1,0,rf__trees300__depth10__leaf5__features0p1,mean_std_max,0
080b6119-f1ab-4337-93dd-aaccf73b4ee1,0,dry,weak_expert,4,0.10170129072093959,1,0,rf__trees300__depth10__leaf5__features0p1,mean_std_max,0
0f8fb3e0-1a30-4bd3-982a-24342a0bdc70,0,dry,gold_expert,4,0.3459618261004213,1,0,rf__trees300__depth10__leaf5__features0p1,mean_std_max,0
1005ef8a-7d26-441e-bf06-8849165038d0,0,dry,weak_expert,4,0.07824937268015879,1,0,rf__trees300__depth10__leaf5__features0p1,mean_std_max,0
11f2a916-e3d5-4c8a-a339-d1d3e1c5f4d3,0,dry,weak_expert,4,0.1891230503089718,1,0,rf__trees300__depth10__leaf5__features0p1,mean_std_max,0
134e5ac2-706b-4098-969e-18c24f0f0002,0,dry,weak_expert,4,0.3224541088228904,1,0,rf__trees300__depth10__leaf5__features0p1,mean_std_max,0
1351a8e1-f5e5-4a05-a6a9-4bac18393022,0,dry,weak_expert,4,0.48859220115685276,1,1,rf__trees300__depth10__leaf5__features0p1,mean_std_max,0
14b9f356-c3dd-456f-9875-5125040d0c83,0,dry,weak_expert,4,0.1258228335053759,1,0,rf__trees300__depth10__leaf5__features0p1,mean_std_max,0
150de1d1-3e1c-4319-8575-cc8b89f775f3,0,dry,weak_expert,4,0.1933017137194392,1,0,rf__trees300__depth10__leaf5__features0p1,mean_std_max,0
17e623e8-7179-4805-889b-83ba37063d21,0,dry,weak_expert,4,0.08521873929697155,1,0,rf__trees300__depth10__leaf5__features0p1,mean_std_max,0
198f3500-da31-4e16-aa93-05e56a62eea2,0,dry,weak_expert,4,0.04725807689807109,1,0,rf__trees300__depth10__leaf5__features0p1,mean_std_max,0
1b7a8173-80be-4905-bdaa-b471b228b1ed,0,dry,weak_expert,4,0.09569376733441885,1,0,rf__trees300__depth10__leaf5__features0p1,mean_std_max,0
1d8101a3-75b0-4ba8-840d-965eb76ab547,0,dry,weak_expert,4,0.4855758869059896,1,1,rf__trees300__depth10__leaf5__features0p1,mean_std_max,0
1dca9938-00dd-469a-a476-da7d21e90027,0,dry,weak_expert,4,0.32303587696739755,1,0,rf__trees300__depth10__leaf5__features0p1,mean_std_max,0
1e4a8472-c9f7-4677-a92a-0e1ff412ab5b,0,dry,weak_expert,4,0.48531069050809367,1,1,rf__trees300__depth10__leaf5__features0p1,mean_std_max,0
1fcd577a-af2b-4352-a735-a1d1a7e7d0b1,0,dry,weak_expert,4,0.2972321653619611,1,0,rf__trees300__depth10__leaf5__features0p1,mean_std_max,0
22dcfcdd-52a8-4b42-9c50-c0a3696382a9,0,dry,weak_expert,4,0.19486252184492384,1,0,rf__trees300__depth10__leaf5__features0p1,mean_std_max,0
240021ec-048e-431d-9548-11d7c234389e,0,dry,weak_expert,4,0.27957203146897,1,0,rf__trees300__depth10__leaf5__features0p1,mean_std_max,0
2457c496-0a45-4c4c-942f-5598c39c9b89,0,dry,weak_expert,4,0.46514794813340216,1,1,rf__trees300__depth10__leaf5__features0p1,mean_std_max,0
24f20435-bf37-4ba8-b5e3-47c492e8f52b,0,dry,weak_expert,4,0.5086677348323282,1,1,rf__trees300__depth10__leaf5__features0p1,mean_std_max,1
259ecdd2-5641-4b33-966d-7cf0b3af87a5,0,dry,weak_expert,4,0.6004686950902618,1,1,rf__trees300__depth10__leaf5__features0p1,mean_std_max,1
2716f7c1-a47d-4634-9f97-e2d8c59b3bbf,0,dry,weak_expert,4,0.15975876248498705,1,0,rf__trees300__depth10__leaf5__features0p1,mean_std_max,0
2a49d183-60b0-4ccf-8147-876cc291670f,0,dry,weak_expert,4,0.1922253365068164,1,0,rf__trees300__depth10__leaf5__features0p1,mean_std_max,0
2c16ec6e-321d-4d18-82f4-9e5f59e32449,0,dry,weak_expert,4,0.46744867062433476,1,1,rf__trees300__depth10__leaf5__features0p1,mean_std_max,0
2c2e3dea-3a4d-47f3-9c14-3058cc44db47,0,dry,weak_expert,4,0.4008746908913595,1,1,rf__trees300__depth10__leaf5__features0p1,mean_std_max,0
2cba06c6-a2af-4307-b53b-cdde40ee9492,0,dry,weak_expert,4,0.21914726429688994,1,0,rf__trees300__depth10__leaf5__features0p1,mean_std_max,0
2d9cb119-d985-4dc8-8b8e-8f0ac488f2ad,0,dry,weak_expert,4,0.22233015607790443,1,0,rf__trees300__depth10__leaf5__features0p1,mean_std_max,0
2daf940f-6253-4edb-b801-f3db88255d22,0,dry,weak_expert,4,0.22045268608817872,1,0,rf__trees300__depth10__leaf5__features0p1,mean_std_max,0
3050a1e2-d70b-4f86-9e57-f33220b8f990,0,dry,weak_expert,4,0.2123126310031171,1,0,rf__trees300__depth10__leaf5__features0p1,mean_std_max,0
30b9a320-705b-452a-9ff9-daa6f5639085,0,dry,weak_expert,4,0.07644049274319324,1,0,rf__trees300__depth10__leaf5__features0p1,mean_std_max,0
318642a7-90a0-484e-b40c-30286ae88037,0,dry,weak_expert,4,0.4301935950127518,1,1,rf__trees300__depth10__leaf5__features0p1,mean_std_max,0
31874a9d-4405-40c4-b088-b0b16fa94690,0,dry,weak_expert,4,0.3866040609792497,1,1,rf__trees300__depth10__leaf5__features0p1,mean_std_max,0
33b688eb-cae8-40cb-9d71-694f5d2f417f,0,dry,weak_expert,4,0.09086340095492412,1,0,rf__trees300__depth10__leaf5__features0p1,mean_std_max,0
35a40835-dc69-4e0d-b833-6b58df25c8cc,0,dry,weak_expert,4,0.08572296111096611,1,0,rf__trees300__depth10__leaf5__features0p1,mean_std_max,0
36d1c7ee-0e4f-4d25-8e0c-e38bd76143eb,0,dry,weak_expert,4,0.5068946038898904,1,1,rf__trees300__depth10__leaf5__features0p1,mean_std_max,1
37b27ce5-a134-431d-ae71-8c3c6fe273af,0,dry,weak_expert,4,0.2292223754079005,1,0,rf__trees300__depth10__leaf5__features0p1,mean_std_max,0
380e3cbd-961d-42ff-9553-e902926e6740,0,dry,weak_expert,4,0.3734718848924831,1,1,rf__trees300__depth10__leaf5__features0p1,mean_std_max,0
38cd2f39-edad-4c95-a338-c127c6ae3517,0,dry,weak_expert,4,0.47255390494554095,1,1,rf__trees300__depth10__leaf5__features0p1,mean_std_max,0
3987cfec-1d63-4362-9d51-0f98b1fa67fd,0,dry,weak_expert,4,0.4118174639141131,1,1,rf__trees300__depth10__leaf5__features0p1,mean_std_max,0
3ac4c15d-fadd-430f-8866-399b9bd19adc,0,dry,weak_expert,4,0.20011767988417786,1,0,rf__trees300__depth10__leaf5__features0p1,mean_std_max,0
3b1cd361-b8b0-47ae-a02a-d2b0f2d40807,0,dry,weak_expert,4,0.16537340660482733,1,0,rf__trees300__depth10__leaf5__features0p1,mean_std_max,0
3cbb5093-53f6-45a7-8bbc-ea87c51dc88c,0,dry,weak_expert,4,0.17209326348890458,1,0,rf__trees300__depth10__leaf5__features0p1,mean_std_max,0
3daa3dd0-e920-46a8-bca5-2a7f728998d7,0,dry,weak_expert,4,0.06389825824142538,1,0,rf__trees300__depth10__leaf5__features0p1,mean_std_max,0
3deed1f8-085b-4531-92f1-c03ec500802a,0,dry,weak_expert,4,0.12152296246674013,1,0,rf__trees300__depth10__leaf5__features0p1,mean_std_max,0
3f80b816-c688-478a-a5da-85ed19581b1e,0,dry,weak_expert,4,0.21652253746427963,1,0,rf__trees300__depth10__leaf5__features0p1,mean_std_max,0
40c8a6bc-b676-4678-8987-1db07f5923c4,0,dry,weak_expert,4,0.11756093905103557,1,0,rf__trees300__depth10__leaf5__features0p1,mean_std_max,0
41b99768-ae1b-4038-b831-d7c7d225f369,0,dry,weak_expert,4,0.1481240386150155,1,0,rf__trees300__depth10__leaf5__features0p1,mean_std_max,0
421d9f99-9d55-40e6-8d30-0d9891605994,0,dry,weak_expert,4,0.07367644014991649,1,0,rf__trees300__depth10__leaf5__features0p1,mean_std_max,0
424f1c61-5421-4da9-b3de-70e2d706867e,0,dry,weak_expert,4,0.23781065907426913,1,0,rf__trees300__depth10__leaf5__features0p1,mean_std_max,0
4283550e-8fe9-4495-9b3e-11ab3020d254,0,dry,weak_expert,4,0.3266748403207902,1,0,rf__trees300__depth10__leaf5__features0p1,mean_std_max,0
433a37a6-02c8-4ff3-b71b-67d4c9968919,0,dry,weak_expert,4,0.5454192656322135,1,1,rf__trees300__depth10__leaf5__features0p1,mean_std_max,1
43d6034a-6751-4023-9ee7-6510dd3e157d,0,dry,weak_expert,4,0.16345240539228503,1,0,rf__trees300__depth10__leaf5__features0p1,mean_std_max,0
43df4f16-fb75-43bb-a866-5231a9243e21,0,dry,weak_expert,4,0.28950296018966815,1,0,rf__trees300__depth10__leaf5__features0p1,mean_std_max,0
4493e997-621f-4fa5-8c0d-84d6b245b75a,0,dry,weak_expert,4,0.3983798300400835,1,1,rf__trees300__depth10__leaf5__features0p1,mean_std_max,0
44c295f9-5176-41ce-a1e2-f94633b9b57b,0,dry,weak_expert,4,0.3922857848986605,1,1,rf__trees300__depth10__leaf5__features0p1,mean_std_max,0
450dbdc0-e479-43a2-b3d2-8e51b8253649,0,dry,weak_expert,4,0.36431587028995255,1,0,rf__trees300__depth10__leaf5__features0p1,mean_std_max,0
460a8717-0a50-4e1f-b399-86e27cc31579,0,dry,weak_expert,4,0.31382759007968614,1,0,rf__trees300__depth10__leaf5__features0p1,mean_std_max,0
46a647cb-8f90-4020-affb-775bf931e775,0,dry,weak_expert,4,0.24394818866746082,1,0,rf__trees300__depth10__leaf5__features0p1,mean_std_max,0
48b287c0-5c2b-44ef-b469-3808b3b287ea,0,dry,gold_expert,4,0.21802254035335664,1,0,rf__trees300__depth10__leaf5__features0p1,mean_std_max,0
49bc7b95-fbe5-4933-886e-8752b8acf842,0,dry,weak_expert,4,0.2629279167381117,1,0,rf__trees300__depth10__leaf5__features0p1,mean_std_max,0
4c2840ed-fd4b-4a86-b976-5cc040d6ea4e,0,dry,gold_expert,4,0.17035725050223663,1,0,rf__trees300__depth10__leaf5__features0p1,mean_std_max,0
4ced00fc-ff57-4a83-bc12-fc5876503c6f,0,dry,weak_expert,4,0.32541127307335777,1,0,rf__trees300__depth10__leaf5__features0p1,mean_std_max,0
4eec3002-43f3-477b-bd24-bc2ba1fd920e,0,dry,weak_expert,4,0.17362690501529304,1,0,rf__trees300__depth10__leaf5__features0p1,mean_std_max,0
4fa482c1-e2c7-402f-b383-343c18be4ccd,0,dry,weak_expert,4,0.21050078574313213,1,0,rf__trees300__depth10__leaf5__features0p1,mean_std_max,0
50e4574d-0fa7-4fa0-977d-394644797b1b,0,dry,weak_expert,4,0.414925121653546,1,1,rf__trees300__depth10__leaf5__features0p1,mean_std_max,0
51d4bc80-1f02-4ffa-8e2e-1dc3527a0979,0,dry,gold_expert,4,0.5067306635892912,1,1,rf__trees300__depth10__leaf5__features0p1,mean_std_max,1
56ff4794-4d52-4b89-8e9c-68ab3d8d1a48,0,dry,weak_expert,4,0.0799780594423065,1,0,rf__trees300__depth10__leaf5__features0p1,mean_std_max,0
583240d0-4e6f-4456-8894-be5a74010add,0,dry,weak_expert,4,0.14531578063589642,1,0,rf__trees300__depth10__leaf5__features0p1,mean_std_max,0
59285a69-a0c0-40fb-92ee-c4a771b292b4,0,dry,weak_expert,4,0.2039489650176235,1,0,rf__trees300__depth10__leaf5__features0p1,mean_std_max,0
5998a733-5790-4918-adff-cef8e7b12a73,0,dry,weak_expert,4,0.3881462547299778,1,1,rf__trees300__depth10__leaf5__features0p1,mean_std_max,0
5a0fe430-5054-4fe4-b2da-29824128b3a4,0,dry,weak_expert,4,0.4712991605660646,1,1,rf__trees300__depth10__leaf5__features0p1,mean_std_max,0
5a229a4b-e0ae-478c-97d5-1963cb0ac690,0,dry,weak_expert,4,0.22172418354078965,1,0,rf__trees300__depth10__leaf5__features0p1,mean_std_max,0
5a783d35-fd85-43d7-9ae7-22db4f523269,0,dry,weak_expert,4,0.3229425510582518,1,0,rf__trees300__depth10__leaf5__features0p1,mean_std_max,0
5b0be374-28d0-4a16-b010-0c18a460a7d4,0,dry,weak_expert,4,0.2616033629605939,1,0,rf__trees300__depth10__leaf5__features0p1,mean_std_max,0
5bbd361a-f7ab-4397-9eec-e76a4758489d,0,dry,weak_expert,4,0.16893720766481735,1,0,rf__trees300__depth10__leaf5__features0p1,mean_std_max,0
5c3d8573-8193-4501-8a27-d5e2f881c7b4,0,dry,weak_expert,4,0.30963874524378887,1,0,rf__trees300__depth10__leaf5__features0p1,mean_std_max,0
5d4cb7a7-b4e4-4eed-828d-e5c46829da09,0,dry,weak_expert,4,0.17934780465318284,1,0,rf__trees300__depth10__leaf5__features0p1,mean_std_max,0
5d5c5271-5a75-49ed-99fb-dc62d85071ff,0,dry,weak_expert,4,0.1708718211965397,1,0,rf__trees300__depth10__leaf5__features0p1,mean_std_max,0
5d7f356e-f0bf-4cee-896d-9341e81ddaaf,0,dry,weak_expert,4,0.21125409211158114,1,0,rf__trees300__depth10__leaf5__features0p1,mean_std_max,0
5fb358c3-76bc-4adc-93ac-02f367e38739,0,dry,weak_expert,4,0.10727344839746661,1,0,rf__trees300__depth10__leaf5__features0p1,mean_std_max,0
617658ed-22f1-4286-9da8-ae3410da15ed,0,dry,weak_expert,4,0.18653303151784273,1,0,rf__trees300__depth10__leaf5__features0p1,mean_std_max,0
61924ecf-e529-41de-b3a8-626bc58e044d,0,dry,weak_expert,4,0.5736390301853753,1,1,rf__trees300__depth10__leaf5__features0p1,mean_std_max,1
64565fdb-05f4-4ee8-abe3-13b2a6bde887,0,dry,weak_expert,4,0.1514732295217046,1,0,rf__trees300__depth10__leaf5__features0p1,mean_std_max,0
64c52b39-ae24-4423-bb47-81772a444bfe,0,dry,weak_expert,4,0.21441879234971234,1,0,rf__trees300__depth10__leaf5__features0p1,mean_std_max,0
64ff0a57-3000-465e-b47c-82f326b28368,0,dry,weak_expert,4,0.5800770377602721,1,1,rf__trees300__depth10__leaf5__features0p1,mean_std_max,1
65f8a73e-9cf4-480f-8f4f-c31e67753ea7,0,dry,weak_expert,4,0.3682791242909134,1,0,rf__trees300__depth10__leaf5__features0p1,mean_std_max,0
664efc01-b7d3-4dfd-a1c8-dbbcba0780ce,0,dry,weak_expert,4,0.2585296789065347,1,0,rf__trees300__depth10__leaf5__features0p1,mean_std_max,0
671d5452-c6a5-456b-aac5-48ef5278f773,0,dry,weak_expert,4,0.07708596141259016,1,0,rf__trees300__depth10__leaf5__features0p1,mean_std_max,0
6864ecfc-c540-4e0d-a9cb-933dd9b77e05,0,dry,weak_expert,4,0.31386577048960923,1,0,rf__trees300__depth10__leaf5__features0p1,mean_std_max,0
69443da8-7868-4020-8eb6-af768b893a21,0,dry,weak_expert,4,0.33209639607226765,1,0,rf__trees300__depth10__leaf5__features0p1,mean_std_max,0
6ae99e6f-623c-45e5-aa98-cf00914f1974,0,dry,weak_expert,4,0.39962020792416464,1,1,rf__trees300__depth10__leaf5__features0p1,mean_std_max,0
6cbc0d07-c436-48c5-a13f-e1c0e9334550,0,dry,weak_expert,4,0.3404059757085703,1,0,rf__trees300__depth10__leaf5__features0p1,mean_std_max,0
6cd0a8d6-8e94-4ff2-8ad6-ed18ae2b207c,0,dry,weak_expert,4,0.4815784304249101,1,1,rf__trees300__depth10__leaf5__features0p1,mean_std_max,0
6ecde34e-2767-47b0-aef3-2828d4b181c7,0,dry,weak_expert,4,0.5416845184094081,1,1,rf__trees300__depth10__leaf5__features0p1,mean_std_max,1
6f2e1f59-6d57-499a-8c26-978d80255271,0,dry,weak_expert,4,0.42340088369781914,1,1,rf__trees300__depth10__leaf5__features0p1,mean_std_max,0
6f2e82d2-a307-43d7-b3a9-b50cb1a04d9e,0,dry,weak_expert,4,0.43757202377780385,1,1,rf__trees300__depth10__leaf5__features0p1,mean_std_max,0
70049bd1-5f1b-42fe-8d8e-2ebf384cfca3,0,dry,weak_expert,4,0.4046693995848899,1,1,rf__trees300__depth10__leaf5__features0p1,mean_std_max,0
71b26116-62cd-46ca-89a4-0642e0f2bc52,0,dry,weak_expert,4,0.29335298215884575,1,0,rf__trees300__depth10__leaf5__features0p1,mean_std_max,0
727349f2-4730-45f6-99fe-8cf1ae1f2004,0,dry,weak_expert,4,0.1394779664229085,1,0,rf__trees300__depth10__leaf5__features0p1,mean_std_max,0
72bf1cb5-9f60-40db-9666-470d6d02f02c,0,dry,weak_expert,4,0.590922510158937,1,1,rf__trees300__depth10__leaf5__features0p1,mean_std_max,1
74d33247-658a-45ea-a641-5b736ee5498f,0,dry,weak_expert,4,0.1575194566958875,1,0,rf__trees300__depth10__leaf5__features0p1,mean_std_max,0
760194db-a651-4a06-b7b8-bffd126364cf,0,dry,weak_expert,4,0.33909778589232203,1,0,rf__trees300__depth10__leaf5__features0p1,mean_std_max,0
76f0dea9-2043-4984-b515-7a0d03d31035,0,dry,weak_expert,4,0.1753280902474741,1,0,rf__trees300__depth10__leaf5__features0p1,mean_std_max,0
778c38b9-431e-467c-85b0-468e79deacd8,0,dry,weak_expert,4,0.2935478366270861,1,0,rf__trees300__depth10__leaf5__features0p1,mean_std_max,0
7869b66e-5c53-42b8-8741-8e7398f78137,0,dry,weak_expert,4,0.457550770533846,1,1,rf__trees300__depth10__leaf5__features0p1,mean_std_max,0
79221f97-e57f-476c-a8b1-57c65ff4e01c,0,dry,weak_expert,4,0.2058890938875282,1,0,rf__trees300__depth10__leaf5__features0p1,mean_std_max,0
7981abda-eba4-4508-925d-596aa1da5497,0,dry,weak_expert,4,0.20137262445757428,1,0,rf__trees300__depth10__leaf5__features0p1,mean_std_max,0
79e8672c-fcd7-49ad-bbd7-1ad4a50d07e6,0,dry,weak_expert,4,0.15144681980074257,1,0,rf__trees300__depth10__leaf5__features0p1,mean_std_max,0
7a985f89-ed5d-41e2-9f5d-8d8982508665,0,dry,weak_expert,4,0.18223192539784902,1,0,rf__trees300__depth10__leaf5__features0p1,mean_std_max,0
7ad010ba-c400-43bc-b5c6-6d5df815d1f7,0,dry,weak_expert,4,0.3775325416814957,1,1,rf__trees300__depth10__leaf5__features0p1,mean_std_max,0
7b3f90c2-9236-4bdc-abf9-375698074f5e,0,dry,weak_expert,4,0.5014688301105151,1,1,rf__trees300__depth10__leaf5__features0p1,mean_std_max,1
7b7f6998-7f52-475f-8bbd-e76d80eafd91,0,dry,weak_expert,4,0.3212412281809877,1,0,rf__trees300__depth10__leaf5__features0p1,mean_std_max,0
7b962d6a-50fa-48ef-80f0-9d8b23747e90,0,dry,weak_expert,4,0.27682277193862204,1,0,rf__trees300__depth10__leaf5__features0p1,mean_std_max,0
7cd1efb7-e973-492d-8a2c-e00a42ef0d78,0,dry,weak_expert,4,0.5088736416353448,1,1,rf__trees300__depth10__leaf5__features0p1,mean_std_max,1
7d2e208f-4b40-43c8-8f85-e05f9671db2c,0,dry,weak_expert,4,0.28586335705867927,1,0,rf__trees300__depth10__leaf5__features0p1,mean_std_max,0
7dc5b3de-2746-46b1-80c4-a73288f37773,0,dry,weak_expert,4,0.3676174363233511,1,0,rf__trees300__depth10__leaf5__features0p1,mean_std_max,0
7e782166-6aa4-451c-9b01-afc57c43c3a1,0,dry,weak_expert,4,0.47928592404443277,1,1,rf__trees300__depth10__leaf5__features0p1,mean_std_max,0
7e7dc35c-f4a3-4988-a5af-4b9cf730aa4f,0,dry,weak_expert,4,0.3188094875400733,1,0,rf__trees300__depth10__leaf5__features0p1,mean_std_max,0
7f1f564a-55eb-4357-b411-e0bf9818e56c,0,dry,weak_expert,4,0.4112151497537505,1,1,rf__trees300__depth10__leaf5__features0p1,mean_std_max,0
7fe58bc1-6f08-4eee-801c-0c8bf9287fd5,0,dry,weak_expert,4,0.20643283641473695,1,0,rf__trees300__depth10__leaf5__features0p1,mean_std_max,0
814a5c9e-6174-4efa-a378-a990ac566ae2,0,dry,weak_expert,4,0.15010985174603025,1,0,rf__trees300__depth10__leaf5__features0p1,mean_std_max,0
83f5d563-5e0c-4f09-b967-d66ade3ad885,0,dry,weak_expert,4,0.16817280499622397,1,0,rf__trees300__depth10__leaf5__features0p1,mean_std_max,0
84d8364a-bce5-4e2d-89ca-af05d62b4709,0,dry,weak_expert,4,0.4828725599048994,1,1,rf__trees300__depth10__leaf5__features0p1,mean_std_max,0
8815d555-76ba-4803-b536-22df34e872dc,0,dry,weak_expert,4,0.18338751162226283,1,0,rf__trees300__depth10__leaf5__features0p1,mean_std_max,0
88bec0f2-8dbd-44d5-a6c2-de1cf0646737,0,dry,weak_expert,4,0.49184936813721153,1,1,rf__trees300__depth10__leaf5__features0p1,mean_std_max,0
89bb7d99-45fd-4199-90d1-ac000fa68a65,0,dry,weak_expert,4,0.14944597005646298,1,0,rf__trees300__depth10__leaf5__features0p1,mean_std_max,0
8a3058b7-c1ec-43d8-ae17-f1c72da07a21,0,dry,weak_expert,4,0.44411346663119494,1,1,rf__trees300__depth10__leaf5__features0p1,mean_std_max,0
8aa95c58-4f0f-4df6-89a2-4b3b5d7841bb,0,dry,weak_expert,4,0.2665611634332717,1,0,rf__trees300__depth10__leaf5__features0p1,mean_std_max,0
8d870fda-3cb4-4d17-8650-c52596963ff3,0,dry,weak_expert,4,0.5128939984484921,1,1,rf__trees300__depth10__leaf5__features0p1,mean_std_max,1
8e4d3ab1-5e08-424f-9146-054314535ad5,0,dry,weak_expert,4,0.44505670163439237,1,1,rf__trees300__depth10__leaf5__features0p1,mean_std_max,0
8ec67d70-2a82-45ea-a646-ab8a5bc4bf4f,0,dry,weak_expert,4,0.4944171743483144,1,1,rf__trees300__depth10__leaf5__features0p1,mean_std_max,0
8f5531fb-5c2a-450b-b14c-4321085887d8,0,dry,gold_expert,4,0.49018998064509345,1,1,rf__trees300__depth10__leaf5__features0p1,mean_std_max,0
92307087-a106-4fd5-919a-a92b57ffd316,0,dry,weak_expert,4,0.34334477682960546,1,0,rf__trees300__depth10__leaf5__features0p1,mean_std_max,0
92580ab5-bc25-48ee-b844-16e2084cf14b,0,dry,weak_expert,4,0.43332297463277153,1,1,rf__trees300__depth10__leaf5__features0p1,mean_std_max,0
92a40891-fb6b-41ad-b005-bd84c48d12ef,0,dry,weak_expert,4,0.23764618013903696,1,0,rf__trees300__depth10__leaf5__features0p1,mean_std_max,0
93d36f3e-2008-44cc-af6f-adb012cef434,0,dry,weak_expert,4,0.17268548627918268,1,0,rf__trees300__depth10__leaf5__features0p1,mean_std_max,0
95677325-1a53-4792-bc6d-f2f707cfcb24,0,dry,weak_expert,4,0.18715391874814463,1,0,rf__trees300__depth10__leaf5__features0p1,mean_std_max,0
95c2af6d-4ed8-4626-88d0-27515a452ffe,0,dry,weak_expert,4,0.43448530838524924,1,1,rf__trees300__depth10__leaf5__features0p1,mean_std_max,0
96684bb9-596c-4886-80e3-ccb2238e41d2,0,dry,weak_expert,4,0.23769391463091566,1,0,rf__trees300__depth10__leaf5__features0p1,mean_std_max,0
9668aedd-1d7b-48e7-86d1-7c00c67211ae,0,dry,weak_expert,4,0.17325976439461907,1,0,rf__trees300__depth10__leaf5__features0p1,mean_std_max,0
96898934-8f8e-4af6-b351-24039794ea57,0,dry,weak_expert,4,0.6356807761821263,1,1,rf__trees300__depth10__leaf5__features0p1,mean_std_max,1
9a4d243e-4ac6-4c34-9b73-7ef188a02ed0,0,dry,weak_expert,4,0.47966513175441927,1,1,rf__trees300__depth10__leaf5__features0p1,mean_std_max,0
9a70cfcf-2df1-4bbc-aed8-aa9afa094a9f,0,dry,weak_expert,4,0.39465562765383777,1,1,rf__trees300__depth10__leaf5__features0p1,mean_std_max,0
9a8ced91-6c7b-4eee-beb2-252ab3d9554d,0,dry,weak_expert,4,0.1867382216742614,1,0,rf__trees300__depth10__leaf5__features0p1,mean_std_max,0
9ad9631c-6910-4f4e-ada7-319db3a165c4,0,dry,weak_expert,4,0.5700535663424728,1,1,rf__trees300__depth10__leaf5__features0p1,mean_std_max,1
9aea1b03-9fc0-48c9-9e62-a6ac15633c03,0,dry,weak_expert,4,0.30531764240206627,1,0,rf__trees300__depth10__leaf5__features0p1,mean_std_max,0
9bdef567-3097-4553-8dab-beed4036d779,0,dry,weak_expert,4,0.3840359893484057,1,1,rf__trees300__depth10__leaf5__features0p1,mean_std_max,0
9d389c55-da76-4670-b950-f5c03742d905,0,dry,weak_expert,4,0.6796537544325882,1,1,rf__trees300__depth10__leaf5__features0p1,mean_std_max,1
9d4a6e36-fb08-4ef4-a309-7905212f67b0,0,dry,weak_expert,4,0.3057857098246549,1,0,rf__trees300__depth10__leaf5__features0p1,mean_std_max,0
9d72542d-65e3-430c-910b-fd34a2527812,0,dry,weak_expert,4,0.14372022277392948,1,0,rf__trees300__depth10__leaf5__features0p1,mean_std_max,0
9e1a07c9-37a4-441a-a5a3-834b2283ae01,0,dry,weak_expert,4,0.5155193657898607,1,1,rf__trees300__depth10__leaf5__features0p1,mean_std_max,1
9e5738c6-7649-42d5-be58-1e289796f189,0,dry,weak_expert,4,0.12139686752679431,1,0,rf__trees300__depth10__leaf5__features0p1,mean_std_max,0
9e6d88da-2a85-4c86-a606-e66d83bf7550,0,dry,weak_expert,4,0.3196790902880004,1,0,rf__trees300__depth10__leaf5__features0p1,mean_std_max,0
9fe0d71a-e946-467e-aac2-767ae85ed884,0,dry,weak_expert,4,0.086465097875907,1,0,rf__trees300__depth10__leaf5__features0p1,mean_std_max,0
a0b2c39c-8a24-4984-aa0f-009f13a700c5,0,dry,weak_expert,4,0.21527440004621018,1,0,rf__trees300__depth10__leaf5__features0p1,mean_std_max,0
a13b9da9-a901-4622-9898-71f76097b98c,0,dry,weak_expert,4,0.3286467320322888,1,0,rf__trees300__depth10__leaf5__features0p1,mean_std_max,0
a3652154-abdd-4d52-98cf-cddfc1c75447,0,dry,weak_expert,4,0.14188470245153081,1,0,rf__trees300__depth10__leaf5__features0p1,mean_std_max,0
a41a84b6-f192-4b79-bb08-e47285cf8a4e,0,dry,weak_expert,4,0.31915714758748037,1,0,rf__trees300__depth10__leaf5__features0p1,mean_std_max,0
a4cc4680-8bb6-4646-b9cf-d77a4e8ada21,0,dry,weak_expert,4,0.17970649535805286,1,0,rf__trees300__depth10__leaf5__features0p1,mean_std_max,0
a4e4dc63-969f-4b6d-889a-b8f9d20028f7,0,dry,weak_expert,4,0.12085319546867694,1,0,rf__trees300__depth10__leaf5__features0p1,mean_std_max,0
a664172f-6df4-44db-bfd4-c735f1edc3e6,0,dry,weak_expert,4,0.37817652100070787,1,1,rf__trees300__depth10__leaf5__features0p1,mean_std_max,0
a69d7fc8-6cac-417e-9008-89bef72f1fa7,0,dry,weak_expert,4,0.2804553959416243,1,0,rf__trees300__depth10__leaf5__features0p1,mean_std_max,0
a7a5c702-df32-41e5-a129-a43ec576a480,0,dry,weak_expert,4,0.1853307105115501,1,0,rf__trees300__depth10__leaf5__features0p1,mean_std_max,0
aa577908-e7cd-485b-adfa-51c6d7828201,0,dry,weak_expert,4,0.21023434372254807,1,0,rf__trees300__depth10__leaf5__features0p1,mean_std_max,0
aa5a073e-9319-477b-b2ad-7465765d6340,0,dry,weak_expert,4,0.2969368744042323,1,0,rf__trees300__depth10__leaf5__features0p1,mean_std_max,0
ada1def9-7e36-4d4e-8e3e-e678afee4185,0,dry,gold_expert,4,0.2447401959703526,1,0,rf__trees300__depth10__leaf5__features0p1,mean_std_max,0
ae18328e-da30-4137-a717-a718ffe2412e,0,dry,gold_expert,4,0.4185463723903441,1,1,rf__trees300__depth10__leaf5__features0p1,mean_std_max,0
ae9ae0a2-f646-4f2d-a8d2-050d71fc3a29,0,dry,weak_expert,4,0.13248990117378648,1,0,rf__trees300__depth10__leaf5__features0p1,mean_std_max,0
b07782ac-d2f7-4c46-bd5a-045e715d20a3,0,dry,weak_expert,4,0.06748526328249853,1,0,rf__trees300__depth10__leaf5__features0p1,mean_std_max,0
b0aa16a7-ed93-4a11-88bf-031ea505282c,0,dry,weak_expert,4,0.1549250109828885,1,0,rf__trees300__depth10__leaf5__features0p1,mean_std_max,0
b0f187db-9026-4791-90dd-f845cdb3f90e,0,dry,weak_expert,4,0.47303615005904626,1,1,rf__trees300__depth10__leaf5__features0p1,mean_std_max,0
b1bdaeee-ffa3-4a1e-a213-7a74e3a863c3,0,dry,weak_expert,4,0.3680880809395652,1,0,rf__trees300__depth10__leaf5__features0p1,mean_std_max,0
b1e56350-eef1-4dd1-8d7a-446c15eff785,0,dry,weak_expert,4,0.3166634369077481,1,0,rf__trees300__depth10__leaf5__features0p1,mean_std_max,0
b273b74b-a227-43c9-be4b-3e8cf959fa44,0,dry,weak_expert,4,0.5672671265499745,1,1,rf__trees300__depth10__leaf5__features0p1,mean_std_max,1
b300ba99-adb0-4005-8292-e3ee5134a5a6,0,dry,weak_expert,4,0.35889301225640635,1,0,rf__trees300__depth10__leaf5__features0p1,mean_std_max,0
b46dc541-8b50-4f9b-b22a-761e144f88d9,0,dry,weak_expert,4,0.266969976920522,1,0,rf__trees300__depth10__leaf5__features0p1,mean_std_max,0
b551c936-7f27-40a4-bf3b-2d8c4edfbae8,0,dry,weak_expert,4,0.16248641515370935,1,0,rf__trees300__depth10__leaf5__features0p1,mean_std_max,0
b66ea1a8-a46f-4890-8b1f-91c5841bfc99,0,dry,weak_expert,4,0.21591562213501342,1,0,rf__trees300__depth10__leaf5__features0p1,mean_std_max,0
bac8326b-2652-443d-8b58-af96cdf5284d,0,dry,weak_expert,4,0.41324968966342773,1,1,rf__trees300__depth10__leaf5__features0p1,mean_std_max,0
bb17ca61-9aa8-45d2-9b3e-52c53965641f,0,dry,weak_expert,4,0.11975076342331832,1,0,rf__trees300__depth10__leaf5__features0p1,mean_std_max,0
be265d6b-9bc3-4499-a099-940ad4479dde,0,dry,weak_expert,4,0.37156409061364504,1,0,rf__trees300__depth10__leaf5__features0p1,mean_std_max,0
beb10920-1bf0-42af-ada7-b73e73919bfa,0,dry,weak_expert,4,0.2305682129090292,1,0,rf__trees300__depth10__leaf5__features0p1,mean_std_max,0
bfeb3880-a9bc-438e-b171-f467ba93087d,0,dry,weak_expert,4,0.16921677234170582,1,0,rf__trees300__depth10__leaf5__features0p1,mean_std_max,0
c0687f80-4d3b-473e-9cd5-7ade1b43f528,0,dry,weak_expert,4,0.14465067389163458,1,0,rf__trees300__depth10__leaf5__features0p1,mean_std_max,0
c07264af-0bcb-41b6-9322-cdd1fb2d654f,0,dry,weak_expert,4,0.22134046852301292,1,0,rf__trees300__depth10__leaf5__features0p1,mean_std_max,0
c233a7a1-c6d8-4f5f-8f87-bfd180c6d32e,0,dry,weak_expert,4,0.32481783664751385,1,0,rf__trees300__depth10__leaf5__features0p1,mean_std_max,0
c2925320-df66-4a25-8309-3f1cca3dc37e,0,dry,weak_expert,4,0.22251789071277217,1,0,rf__trees300__depth10__leaf5__features0p1,mean_std_max,0
c36e8c36-3dfb-4ffd-98e2-118b6d58febf,0,dry,weak_expert,4,0.12151384191457901,1,0,rf__trees300__depth10__leaf5__features0p1,mean_std_max,0
c3cec81d-ff60-4b2b-a3ba-9ff86f268ea2,0,dry,weak_expert,4,0.37481071183724823,1,1,rf__trees300__depth10__leaf5__features0p1,mean_std_max,0
c5260e7e-c927-464a-8946-bf1559afa0cf,0,dry,weak_expert,4,0.303625116836462,1,0,rf__trees300__depth10__leaf5__features0p1,mean_std_max,0
c52cae2c-3250-45e4-9c3a-4cfb08ef9c98,0,dry,weak_expert,4,0.4311705523397977,1,1,rf__trees300__depth10__leaf5__features0p1,mean_std_max,0
c54e2543-7e25-4a57-83fe-6b227220d00c,0,dry,weak_expert,4,0.388394471066411,1,1,rf__trees300__depth10__leaf5__features0p1,mean_std_max,0
c55e4ac5-03f1-4432-ada6-be2c30e76bcb,0,dry,weak_expert,4,0.20728383727977287,1,0,rf__trees300__depth10__leaf5__features0p1,mean_std_max,0
c6fb2de6-86a6-4704-b267-11c0031431f2,0,dry,weak_expert,4,0.41465461528207465,1,1,rf__trees300__depth10__leaf5__features0p1,mean_std_max,0
c99bf408-50b8-48ba-984f-18fe7da1b484,0,dry,weak_expert,4,0.17533720722837687,1,0,rf__trees300__depth10__leaf5__features0p1,mean_std_max,0
ca4579a8-d65b-42aa-8fdf-1108e3b0323e,0,dry,weak_expert,4,0.5128986899909436,1,1,rf__trees300__depth10__leaf5__features0p1,mean_std_max,1
ca4c72fb-627d-4cd4-9120-ce93f05dcb56,0,dry,weak_expert,4,0.0962158403223224,1,0,rf__trees300__depth10__leaf5__features0p1,mean_std_max,0
ca81325c-1dc0-49ad-94cf-0b7d5b7f3a4a,0,dry,weak_expert,4,0.34195216197313183,1,0,rf__trees300__depth10__leaf5__features0p1,mean_std_max,0
caf07708-037e-44b8-b4f9-abeb76b237f2,0,dry,weak_expert,4,0.5029624125594527,1,1,rf__trees300__depth10__leaf5__features0p1,mean_std_max,1
caf4e7ea-513a-4f81-941a-56e28c49fb6d,0,dry,weak_expert,4,0.31214993463171276,1,0,rf__trees300__depth10__leaf5__features0p1,mean_std_max,0
cbe792ac-397c-4b38-91d3-043fef882f90,0,dry,weak_expert,4,0.5505373298343521,1,1,rf__trees300__depth10__leaf5__features0p1,mean_std_max,1
ce0c319b-da2c-4f90-9050-108a8156acb5,0,dry,weak_expert,4,0.22139220090424638,1,0,rf__trees300__depth10__leaf5__features0p1,mean_std_max,0
cf701e11-d828-45d4-ad04-ceceb7920886,0,dry,weak_expert,4,0.2313967802371323,1,0,rf__trees300__depth10__leaf5__features0p1,mean_std_max,0
cfecb0d8-defc-4875-afad-427f964ce2f3,0,dry,weak_expert,4,0.3747628945043729,1,1,rf__trees300__depth10__leaf5__features0p1,mean_std_max,0
d085181f-cd24-464a-9bd2-b8fe313d2321,0,dry,weak_expert,4,0.28124895422689605,1,0,rf__trees300__depth10__leaf5__features0p1,mean_std_max,0
d297b163-1de9-42b1-abf5-ee9ca659377f,0,dry,weak_expert,4,0.17344131350418168,1,0,rf__trees300__depth10__leaf5__features0p1,mean_std_max,0
d446bc98-e79e-41a7-9311-010b43c3f943,0,dry,weak_expert,4,0.27096947798328896,1,0,rf__trees300__depth10__leaf5__features0p1,mean_std_max,0
d474b19c-bc88-4c58-8cfc-5bca2308077c,0,dry,weak_expert,4,0.11806740582841284,1,0,rf__trees300__depth10__leaf5__features0p1,mean_std_max,0
d5a1411d-d312-44b1-a37d-a387ec13df1a,0,dry,gold_expert,4,0.3662597431203263,1,0,rf__trees300__depth10__leaf5__features0p1,mean_std_max,0
d5c506d9-9b17-4886-b5b3-999f8ee8060a,0,dry,weak_expert,4,0.09019301767473976,1,0,rf__trees300__depth10__leaf5__features0p1,mean_std_max,0
d64010f8-4dd5-45ce-8f3e-07335b3c4143,0,dry,weak_expert,4,0.41261741900545557,1,1,rf__trees300__depth10__leaf5__features0p1,mean_std_max,0
d6d428e1-3829-41e9-aa09-5f05e5eb058b,0,dry,weak_expert,4,0.3536947226775326,1,0,rf__trees300__depth10__leaf5__features0p1,mean_std_max,0
d9936aee-41cf-4917-a02e-99b76db504c9,0,dry,gold_expert,4,0.4987498336911106,1,1,rf__trees300__depth10__leaf5__features0p1,mean_std_max,0
d9fb1d7c-a659-4194-831e-1a0110f57215,0,dry,weak_expert,4,0.36800068881374237,1,0,rf__trees300__depth10__leaf5__features0p1,mean_std_max,0
da1fad02-0141-4cbb-96bd-408bad5641b0,0,dry,weak_expert,4,0.37889780873445145,1,1,rf__trees300__depth10__leaf5__features0p1,mean_std_max,0
de39c600-5209-4974-954b-0a07f2ed4b6e,0,dry,weak_expert,4,0.3830362359092949,1,1,rf__trees300__depth10__leaf5__features0p1,mean_std_max,0
dea47426-a6cb-4ab4-a3aa-8dad29db8183,0,dry,weak_expert,4,0.41650265120337493,1,1,rf__trees300__depth10__leaf5__features0p1,mean_std_max,0
deb2972a-cee8-42f2-8cde-0639c71dda23,0,dry,weak_expert,4,0.3133014846224122,1,0,rf__trees300__depth10__leaf5__features0p1,mean_std_max,0
df09794b-095c-4ae9-8968-945ccc7b5668,0,dry,weak_expert,4,0.287879649860363,1,0,rf__trees300__depth10__leaf5__features0p1,mean_std_max,0
df9cd86e-9e40-4da9-8291-3bc7f86b33f2,0,dry,weak_expert,4,0.302404427085426,1,0,rf__trees300__depth10__leaf5__features0p1,mean_std_max,0
e206e88e-4a9e-4eab-b9c3-f1d5ed807c96,0,dry,weak_expert,4,0.3504730475093446,1,0,rf__trees300__depth10__leaf5__features0p1,mean_std_max,0
e339c45d-998d-4f9b-a8f4-300a63985aa2,0,dry,weak_expert,4,0.11541299164399223,1,0,rf__trees300__depth10__leaf5__features0p1,mean_std_max,0
e4739ce1-f3e5-4af2-adb5-98f022c50bf7,0,dry,weak_expert,4,0.31825017652144805,1,0,rf__trees300__depth10__leaf5__features0p1,mean_std_max,0
e64c0647-d3b9-47c0-8da6-09c1895ef9f1,0,dry,weak_expert,4,0.2279896544071624,1,0,rf__trees300__depth10__leaf5__features0p1,mean_std_max,0
e7bd9488-4878-404b-bc30-da40ac705462,0,dry,weak_expert,4,0.35159141186996656,1,0,rf__trees300__depth10__leaf5__features0p1,mean_std_max,0
e80023d9-392a-407a-9580-9c66eb45d7bd,0,dry,weak_expert,4,0.3127161541341638,1,0,rf__trees300__depth10__leaf5__features0p1,mean_std_max,0
e8759970-c5b4-4d2a-a71c-d08ee83f482a,0,dry,weak_expert,4,0.32875224490764654,1,0,rf__trees300__depth10__leaf5__features0p1,mean_std_max,0
e8f9178e-30b1-45b8-bde1-b4f00c4b4883,0,dry,weak_expert,4,0.2437217725054081,1,0,rf__trees300__depth10__leaf5__features0p1,mean_std_max,0
e92ed6f0-70a8-425f-8dee-1b0443381224,0,dry,weak_expert,4,0.5748443479564326,1,1,rf__trees300__depth10__leaf5__features0p1,mean_std_max,1
e9ac8c20-f223-4225-8e17-bd524ecb0a68,0,dry,weak_expert,4,0.4430969065604563,1,1,rf__trees300__depth10__leaf5__features0p1,mean_std_max,0
e9b6c992-e63c-446d-8c92-e7e62209b6a1,0,dry,weak_expert,4,0.1468493945889943,1,0,rf__trees300__depth10__leaf5__features0p1,mean_std_max,0
e9bf0a5a-ff96-480b-a54a-f647143e1d6f,0,dry,gold_expert,4,0.23678718484342365,1,0,rf__trees300__depth10__leaf5__features0p1,mean_std_max,0
eaed556e-e896-4e43-baca-a8bd7b127e92,0,dry,weak_expert,4,0.09848779646905091,1,0,rf__trees300__depth10__leaf5__features0p1,mean_std_max,0
ec041149-b613-4b8b-823e-1bed1d6dc6e0,0,dry,weak_expert,4,0.19130274492295538,1,0,rf__trees300__depth10__leaf5__features0p1,mean_std_max,0
ee28fdd9-6f0a-4c52-bb38-c8c43f24a669,0,dry,weak_expert,4,0.39570957162539905,1,1,rf__trees300__depth10__leaf5__features0p1,mean_std_max,0
f18bb6f5-90c1-492e-8030-d95acd72b146,0,dry,weak_expert,4,0.267417570529424,1,0,rf__trees300__depth10__leaf5__features0p1,mean_std_max,0
f3bdd3ab-aac5-42ca-9c3e-36475ee47349,0,dry,weak_expert,4,0.19652618582338988,1,0,rf__trees300__depth10__leaf5__features0p1,mean_std_max,0
f4e4e818-c210-4c9e-bdca-c1cf1af1e144,0,dry,weak_expert,4,0.17226288916589555,1,0,rf__trees300__depth10__leaf5__features0p1,mean_std_max,0
f5231767-4f81-4b7a-bace-c6eae80fe56c,0,dry,weak_expert,4,0.19812487852193883,1,0,rf__trees300__depth10__leaf5__features0p1,mean_std_max,0
f5d1d24e-13ed-46f6-9f68-516ae92414b7,0,dry,weak_expert,4,0.14522699231998865,1,0,rf__trees300__depth10__leaf5__features0p1,mean_std_max,0
f7c229bd-ed49-40d5-a1bc-837ea7b66bd0,0,dry,weak_expert,4,0.5052337299779908,1,1,rf__trees300__depth10__leaf5__features0p1,mean_std_max,1
fb6e4eac-fba3-4ab4-95ae-53488da9b68b,0,dry,weak_expert,4,0.15764759920396024,1,0,rf__trees300__depth10__leaf5__features0p1,mean_std_max,0
fbe16432-b3f6-4d2e-b414-ae83660414a8,0,dry,weak_expert,4,0.16410595582047174,1,0,rf__trees300__depth10__leaf5__features0p1,mean_std_max,0
ffa718e8-da65-4602-8da8-cda7cdc568f2,0,dry,weak_expert,4,0.21250758262483435,1,0,rf__trees300__depth10__leaf5__features0p1,mean_std_max,0
018b40a1-c109-459a-9e31-86cbd2cb3918,1,wet,weak_expert,4,0.6846731752061406,1,1,rf__trees300__depth10__leaf5__features0p1,mean_std_max,1
0527be95-d7f1-4156-8e37-1587355661ca,1,wet,weak_expert,4,0.4702136973616077,1,1,rf__trees300__depth10__leaf5__features0p1,mean_std_max,0
0640716b-e287-4181-a653-5b798e8308c8,1,wet,weak_expert,4,0.5022479643806923,1,1,rf__trees300__depth10__leaf5__features0p1,mean_std_max,1
06b568b5-b9f8-4334-816c-c16009bb5de7,1,wet,weak_expert,4,0.4815468918258715,1,1,rf__trees300__depth10__leaf5__features0p1,mean_std_max,0
06e989e7-b76d-4a36-8c5c-c59ef0d9d663,1,wet,weak_expert,4,0.4214408669589623,1,1,rf__trees300__depth10__leaf5__features0p1,mean_std_max,0
0b6ea0b5-e036-43ca-8462-d128f6232bdf,1,wet,weak_expert,4,0.34682708575868804,1,0,rf__trees300__depth10__leaf5__features0p1,mean_std_max,0
0dcae895-e7c6-4e47-a399-29f22b37e075,1,wet,weak_expert,4,0.1477446230019308,1,0,rf__trees300__depth10__leaf5__features0p1,mean_std_max,0
10aed3ae-9ec1-4041-bac6-90b1d4634aee,1,wet,weak_expert,4,0.6177539458464468,1,1,rf__trees300__depth10__leaf5__features0p1,mean_std_max,1
1a324acb-12f7-4eef-8e8c-0c71a47280e2,1,wet,weak_expert,4,0.10405173407135918,1,0,rf__trees300__depth10__leaf5__features0p1,mean_std_max,0
1c7f79d6-70bb-4558-b5a9-0c94c9418610,1,wet,weak_expert,4,0.48456933899714255,1,1,rf__trees300__depth10__leaf5__features0p1,mean_std_max,0
1c8853d4-5a0b-425e-b211-d20b2d16e35d,1,wet,weak_expert,4,0.4825903547077538,1,1,rf__trees300__depth10__leaf5__features0p1,mean_std_max,0
1e4aef1f-a0d0-414b-8f09-b588a455111c,1,wet,weak_expert,4,0.5548525341052877,1,1,rf__trees300__depth10__leaf5__features0p1,mean_std_max,1
1f6a497a-7d48-4db2-be34-c7760e427427,1,wet,weak_expert,4,0.5513012891052964,1,1,rf__trees300__depth10__leaf5__features0p1,mean_std_max,1
213aff15-681f-4f36-a001-07dd623161d3,1,wet,weak_expert,4,0.23889646863526698,1,0,rf__trees300__depth10__leaf5__features0p1,mean_std_max,0
22002ad7-3fb5-47d7-8987-e3cdc0931439,1,wet,weak_expert,4,0.42092353073544425,1,1,rf__trees300__depth10__leaf5__features0p1,mean_std_max,0
244d35b5-565c-4a3b-a1bd-baa8f899f9d2,1,wet,weak_expert,4,0.5775966792296866,1,1,rf__trees300__depth10__leaf5__features0p1,mean_std_max,1
28cb1fbb-ff5a-4ab6-b676-0d3d0e8c9235,1,wet,weak_expert,4,0.5480941373007375,1,1,rf__trees300__depth10__leaf5__features0p1,mean_std_max,1
28de837b-8dbf-43a8-a90f-04e644a04933,1,wet,weak_expert,4,0.46542298451730685,1,1,rf__trees300__depth10__leaf5__features0p1,mean_std_max,0
2e349a58-b119-4b15-8b3f-5a5c6416bca4,1,wet,weak_expert,4,0.3929200274682416,1,1,rf__trees300__depth10__leaf5__features0p1,mean_std_max,0
35244796-18c5-4825-ac49-90235ff885fc,1,wet,weak_expert,4,0.18909653705633142,1,0,rf__trees300__depth10__leaf5__features0p1,mean_std_max,0
3a3b515b-fde5-4208-bb1c-c24de372c9e7,1,wet,weak_expert,4,0.20911466025578396,1,0,rf__trees300__depth10__leaf5__features0p1,mean_std_max,0
42ee475c-2a4b-48f0-b33e-9a5f57000770,1,wet,weak_expert,4,0.17999857413780757,1,0,rf__trees300__depth10__leaf5__features0p1,mean_std_max,0
478adaaa-cc6a-487d-a842-a30af37aa4d0,1,wet,weak_expert,4,0.5551541357044659,1,1,rf__trees300__depth10__leaf5__features0p1,mean_std_max,1
47b5e63d-17ff-4f39-a8d6-f1d711992913,1,wet,weak_expert,4,0.32942657390658536,1,0,rf__trees300__depth10__leaf5__features0p1,mean_std_max,0
47ceafde-45d9-4bb6-881a-5ef866fa908d,1,wet,weak_expert,4,0.5198300879174951,1,1,rf__trees300__depth10__leaf5__features0p1,mean_std_max,1
49c952bf-0654-4baa-a67f-363745f146de,1,wet,weak_expert,4,0.29379305711141696,1,0,rf__trees300__depth10__leaf5__features0p1,mean_std_max,0
4b22dc75-caee-40a8-84da-d3bc8f4eca69,1,wet,weak_expert,4,0.2388765309321452,1,0,rf__trees300__depth10__leaf5__features0p1,mean_std_max,0
4c98548d-6e9e-4832-8b77-b7af79c9e987,1,wet,weak_expert,4,0.5816991360632728,1,1,rf__trees300__depth10__leaf5__features0p1,mean_std_max,1
51a9ade4-721c-4a75-ab33-57e68f425a42,1,wet,weak_expert,4,0.15058776051689388,1,0,rf__trees300__depth10__leaf5__features0p1,mean_std_max,0
53d69964-ae7d-4ccc-a297-91a9b21c772e,1,wet,weak_expert,4,0.20790186603752586,1,0,rf__trees300__depth10__leaf5__features0p1,mean_std_max,0
58a9d260-53d9-4ba6-b7d4-3e7357412426,1,wet,weak_expert,4,0.5563071121897056,1,1,rf__trees300__depth10__leaf5__features0p1,mean_std_max,1
62de2524-c400-459b-98a2-746e0ed84eb2,1,wet,weak_expert,4,0.5076249814832824,1,1,rf__trees300__depth10__leaf5__features0p1,mean_std_max,1
636c468c-d6db-4a7d-8e0e-31c7f68baa49,1,wet,weak_expert,4,0.4880743608903026,1,1,rf__trees300__depth10__leaf5__features0p1,mean_std_max,0
63acc1aa-2087-4c46-b0a8-56d38a3b1b10,1,wet,weak_expert,4,0.13451381077658225,1,0,rf__trees300__depth10__leaf5__features0p1,mean_std_max,0
7240dc44-c2c7-4a09-bb78-e4297d1462ba,1,wet,weak_expert,4,0.2760264217066129,1,0,rf__trees300__depth10__leaf5__features0p1,mean_std_max,0
731cbe07-5754-46cf-bb5c-873a670cd5d7,1,wet,weak_expert,4,0.4490371124816238,1,1,rf__trees300__depth10__leaf5__features0p1,mean_std_max,0
733b0db4-aec3-4afa-a7fc-7e29e0c9403c,1,wet,weak_expert,4,0.6367979263911357,1,1,rf__trees300__depth10__leaf5__features0p1,mean_std_max,1
76095239-daab-4439-84fe-8f869f743eff,1,wet,weak_expert,4,0.300591298987322,1,0,rf__trees300__depth10__leaf5__features0p1,mean_std_max,0
763abc17-c8f2-4e61-899e-4882f2b4e00e,1,wet,weak_expert,4,0.6146557645996512,1,1,rf__trees300__depth10__leaf5__features0p1,mean_std_max,1
76e8a4af-709e-4311-ab93-135b90ffaf49,1,wet,weak_expert,4,0.43666821963929353,1,1,rf__trees300__depth10__leaf5__features0p1,mean_std_max,0
7e307ff5-00ca-4f25-bd20-1c1d2d3b9b47,1,wet,weak_expert,4,0.3535922705118222,1,0,rf__trees300__depth10__leaf5__features0p1,mean_std_max,0
7f796fc4-89d2-4858-8994-3c2cc72097b6,1,wet,weak_expert,4,0.5823039203230013,1,1,rf__trees300__depth10__leaf5__features0p1,mean_std_max,1
80411c72-2727-40a3-a781-0d71f1bb717d,1,wet,weak_expert,4,0.5069456363779031,1,1,rf__trees300__depth10__leaf5__features0p1,mean_std_max,1
8200cbb2-14dd-440a-9943-1d9c6ce94768,1,wet,weak_expert,4,0.30582164666983985,1,0,rf__trees300__depth10__leaf5__features0p1,mean_std_max,0
8588cbcb-a7c2-47fe-bedf-734de9d855c8,1,wet,weak_expert,4,0.17968834869760827,1,0,rf__trees300__depth10__leaf5__features0p1,mean_std_max,0
8c9122bd-5601-48aa-865a-63db152a91df,1,wet,weak_expert,4,0.2774622690762063,1,0,rf__trees300__depth10__leaf5__features0p1,mean_std_max,0
8e472a6f-87ea-4c25-af3f-7bda3db7399d,1,wet,weak_expert,4,0.2753631141767663,1,0,rf__trees300__depth10__leaf5__features0p1,mean_std_max,0
92576934-e7b9-41bd-baee-5c6a9afc962e,1,wet,weak_expert,4,0.380968159752623,1,1,rf__trees300__depth10__leaf5__features0p1,mean_std_max,0
95c41fec-38ea-4144-a071-22baf4981bdb,1,wet,weak_expert,4,0.6924258857867691,1,1,rf__trees300__depth10__leaf5__features0p1,mean_std_max,1
9639193c-1ada-4bc6-a5dc-6ea78064bb72,1,wet,weak_expert,4,0.1410396225645118,1,0,rf__trees300__depth10__leaf5__features0p1,mean_std_max,0
983d7e7d-7e21-43a3-8b5b-801374c6b529,1,wet,weak_expert,4,0.5937100801782692,1,1,rf__trees300__depth10__leaf5__features0p1,mean_std_max,1
994914cd-7e11-4f1e-b2c2-a0111f32307f,1,wet,weak_expert,4,0.2681547698949328,1,0,rf__trees300__depth10__leaf5__features0p1,mean_std_max,0
9d691598-b7e2-4d3b-a90a-afd4ab47abad,1,wet,weak_expert,4,0.5518275219817873,1,1,rf__trees300__depth10__leaf5__features0p1,mean_std_max,1
9e0490ff-2444-488a-8c01-400b958c9875,1,wet,weak_expert,4,0.3800933797756117,1,1,rf__trees300__depth10__leaf5__features0p1,mean_std_max,0
af511c3d-614c-4b89-abcf-8c9f9d2f9f3f,1,wet,weak_expert,4,0.3969881634050866,1,1,rf__trees300__depth10__leaf5__features0p1,mean_std_max,0
b4163e6f-5997-4e8b-8966-e70aeecbde91,1,wet,weak_expert,4,0.19466970219853186,1,0,rf__trees300__depth10__leaf5__features0p1,mean_std_max,0
b4cb0e7d-ee40-4088-8e82-21a910caa86a,1,wet,weak_expert,4,0.3496984959432732,1,0,rf__trees300__depth10__leaf5__features0p1,mean_std_max,0
c2e2039a-7bef-4430-907c-276de3fa44bb,1,wet,weak_expert,4,0.5586929147517504,1,1,rf__trees300__depth10__leaf5__features0p1,mean_std_max,1
c4bb2745-d354-46ec-983d-a14a4ff3bd86,1,wet,weak_expert,4,0.5356643467641482,1,1,rf__trees300__depth10__leaf5__features0p1,mean_std_max,1
c52f9edf-409b-46dc-8d99-b0b6e0e3a336,1,wet,weak_expert,4,0.6220161715534199,1,1,rf__trees300__depth10__leaf5__features0p1,mean_std_max,1
c7aebd2e-f4d8-4af7-82f5-f0d71f93cae2,1,wet,weak_expert,4,0.3361426928328587,1,0,rf__trees300__depth10__leaf5__features0p1,mean_std_max,0
cc3c1f82-0559-4ae6-bcbd-45a61a6178b0,1,wet,weak_expert,4,0.6350250029669495,1,1,rf__trees300__depth10__leaf5__features0p1,mean_std_max,1
ce02bd1b-5ef9-4840-a9b8-152ba4c8be70,1,wet,weak_expert,4,0.5404447597567428,1,1,rf__trees300__depth10__leaf5__features0p1,mean_std_max,1
ceedfac8-9acb-4a08-97de-5fead70cd19e,1,wet,weak_expert,4,0.2349798531883574,1,0,rf__trees300__depth10__leaf5__features0p1,mean_std_max,0
d99023eb-d5f2-4693-95f6-047a6f0142b4,1,wet,weak_expert,4,0.19792326655835477,1,0,rf__trees300__depth10__leaf5__features0p1,mean_std_max,0
e43f8cad-6593-4258-b428-16671808e8d2,1,wet,weak_expert,4,0.45561941593052246,1,1,rf__trees300__depth10__leaf5__features0p1,mean_std_max,0
e4729edf-12e5-4ba9-883e-1114c32b90f0,1,wet,weak_expert,4,0.5801457924752464,1,1,rf__trees300__depth10__leaf5__features0p1,mean_std_max,1
ea454263-90d9-43f6-91d3-a82e80a18781,1,wet,weak_expert,4,0.17824674442614633,1,0,rf__trees300__depth10__leaf5__features0p1,mean_std_max,0
eeae6f7f-bebd-4d8f-9748-d7a59f7628d6,1,wet,weak_expert,4,0.5974873655107118,1,1,rf__trees300__depth10__leaf5__features0p1,mean_std_max,1
ef4098b8-f694-4b16-89df-c81df3ce4192,1,wet,weak_expert,4,0.3687646787119718,1,0,rf__trees300__depth10__leaf5__features0p1,mean_std_max,0
f0da0dd1-a4d1-47ac-bc31-e9c6ceb05e28,1,wet,gold_expert,4,0.5546576574642933,1,1,rf__trees300__depth10__leaf5__features0p1,mean_std_max,1
f4562a08-6124-4bca-8a0d-0bce0d0877a5,1,wet,weak_expert,4,0.11449775199795872,1,0,rf__trees300__depth10__leaf5__features0p1,mean_std_max,0
f63fdfe6-071c-480e-bbdb-85cc44accd49,1,wet,weak_expert,4,0.10645606325551171,1,0,rf__trees300__depth10__leaf5__features0p1,mean_std_max,0
f7f2f111-2861-4eda-a25e-ec6c90b87c2a,1,wet,weak_expert,4,0.3801008241603425,1,1,rf__trees300__depth10__leaf5__features0p1,mean_std_max,0
f99a8315-236c-483b-8222-449dea88604a,1,wet,weak_expert,4,0.5488864563440425,1,1,rf__trees300__depth10__leaf5__features0p1,mean_std_max,1
