uuid_segmento,original_uuid,split,fold,cough_type,stage2_target,cough_type_consensus,segment_duration,peak_amplitude,detected_event_count,output_event_count,fallback_used,segmentation_config,segmentation_method,enforce_non_overlap
0029d048-898a-4c70-89c7-0815cdcf7391_seg_0,0029d048-898a-4c70-89c7-0815cdcf7391,train,0,dry,0,weak_expert,9.84,0.9059455394744873,5,5,False,top15_margin6_smooth30_gap500_min80_win1500,energy_hysteresis_bounded_merge_nonoverlap_v3,True
006d8d1c-2bf6-46a6-8ef2-1823898a4733_seg_0,006d8d1c-2bf6-46a6-8ef2-1823898a4733,train,0,dry,0,weak_expert,9.96,0.870229959487915,2,2,False,top15_margin6_smooth30_gap500_min80_win1500,energy_hysteresis_bounded_merge_nonoverlap_v3,True
00ddf050-6939-4f33-9e54-fcb309b895ec_seg_0,00ddf050-6939-4f33-9e54-fcb309b895ec,train,0,dry,0,weak_expert,9.12,1.1738243103027344,4,4,False,top15_margin6_smooth30_gap500_min80_win1500,energy_hysteresis_bounded_merge_nonoverlap_v3,True
03c8796e-547e-4158-ae5f-7c613aaeb02f_seg_0,03c8796e-547e-4158-ae5f-7c613aaeb02f,train,0,dry,0,weak_expert,9.84,0.9232472777366638,4,4,False,top15_margin6_smooth30_gap500_min80_win1500,energy_hysteresis_bounded_merge_nonoverlap_v3,True
05458ac9-b4d3-4558-b6b2-b2bf7036f16c_seg_0,05458ac9-b4d3-4558-b6b2-b2bf7036f16c,train,0,dry,0,weak_expert,9.84,0.9077988862991333,2,2,False,top15_margin6_smooth30_gap500_min80_win1500,energy_hysteresis_bounded_merge_nonoverlap_v3,True
0593e9bf-e162-46c2-b1d5-3bc34ef1fc6f_seg_0,0593e9bf-e162-46c2-b1d5-3bc34ef1fc6f,train,0,dry,0,weak_expert,9.78,0.9140759110450745,6,6,False,top15_margin6_smooth30_gap500_min80_win1500,energy_hysteresis_bounded_merge_nonoverlap_v3,True
062c3a7f-a783-4b43-806e-6db83aa0da15_seg_0,062c3a7f-a783-4b43-806e-6db83aa0da15,train,0,dry,0,weak_expert,8.94,0.8694179058074951,6,6,False,top15_margin6_smooth30_gap500_min80_win1500,energy_hysteresis_bounded_merge_nonoverlap_v3,True
076f59de-0637-4ee1-951c-f2e0784e8a53_seg_0,076f59de-0637-4ee1-951c-f2e0784e8a53,train,0,dry,0,weak_expert,9.84,0.8418287038803101,1,1,False,top15_margin6_smooth30_gap500_min80_win1500,energy_hysteresis_bounded_merge_nonoverlap_v3,True
08024f8a-88fb-4298-9656-04da97112ae6_seg_0,08024f8a-88fb-4298-9656-04da97112ae6,train,0,dry,0,weak_expert,3.06,0.8098016977310181,2,2,False,top15_margin6_smooth30_gap500_min80_win1500,energy_hysteresis_bounded_merge_nonoverlap_v3,True
089f764a-6620-4554-8519-ac64f833a5d5_seg_0,089f764a-6620-4554-8519-ac64f833a5d5,train,0,dry,0,weak_expert,9.78,0.8422179222106934,2,2,False,top15_margin6_smooth30_gap500_min80_win1500,energy_hysteresis_bounded_merge_nonoverlap_v3,True
08d5d346-6219-4e6d-ac06-ef489f2d186c_seg_0,08d5d346-6219-4e6d-ac06-ef489f2d186c,train,0,dry,0,weak_expert,9.72,0.8623559474945068,3,3,False,top15_margin6_smooth30_gap500_min80_win1500,energy_hysteresis_bounded_merge_nonoverlap_v3,True
0b43fe9d-c9d6-4d0d-abf9-52f6b3712325_seg_0,0b43fe9d-c9d6-4d0d-abf9-52f6b3712325,train,0,dry,0,weak_expert,2.76,0.9033603072166443,1,1,False,top15_margin6_smooth30_gap500_min80_win1500,energy_hysteresis_bounded_merge_nonoverlap_v3,True
0e8c849d-9a13-4d43-b6b5-be14a334b77c_seg_0,0e8c849d-9a13-4d43-b6b5-be14a334b77c,train,0,dry,0,weak_expert,9.78,0.850407600402832,3,3,False,top15_margin6_smooth30_gap500_min80_win1500,energy_hysteresis_bounded_merge_nonoverlap_v3,True
0ef3c0bc-56c3-44da-bea0-dc31a158414a_seg_0,0ef3c0bc-56c3-44da-bea0-dc31a158414a,train,0,dry,0,weak_expert,6.18,0.7898346781730652,2,2,False,top15_margin6_smooth30_gap500_min80_win1500,energy_hysteresis_bounded_merge_nonoverlap_v3,True
0f746594-9aa2-4681-addd-bea6230b9027_seg_0,0f746594-9aa2-4681-addd-bea6230b9027,train,0,dry,0,weak_expert,9.9,0.7829041481018066,3,3,False,top15_margin6_smooth30_gap500_min80_win1500,energy_hysteresis_bounded_merge_nonoverlap_v3,True
11237f1a-3eb2-4cf7-80f7-116df4b1699a_seg_0,11237f1a-3eb2-4cf7-80f7-116df4b1699a,train,0,dry,0,weak_expert,9.18,0.7814700603485107,3,3,False,top15_margin6_smooth30_gap500_min80_win1500,energy_hysteresis_bounded_merge_nonoverlap_v3,True
12a7d4c8-1dea-4ba3-a9a9-73fbeca9cc96_seg_0,12a7d4c8-1dea-4ba3-a9a9-73fbeca9cc96,train,0,dry,0,weak_expert,6.78,0.9045645594596863,1,1,False,top15_margin6_smooth30_gap500_min80_win1500,energy_hysteresis_bounded_merge_nonoverlap_v3,True
159c098b-ec97-45cf-aeb7-ff389a98d95c_seg_0,159c098b-ec97-45cf-aeb7-ff389a98d95c,train,0,dry,0,weak_expert,9.78,0.8933850526809692,2,2,False,top15_margin6_smooth30_gap500_min80_win1500,energy_hysteresis_bounded_merge_nonoverlap_v3,True
164ff16d-2af8-4724-9a57-3b3bd7e17839_seg_0,164ff16d-2af8-4724-9a57-3b3bd7e17839,train,0,dry,0,weak_expert,8.28,0.8487074375152588,2,2,False,top15_margin6_smooth30_gap500_min80_win1500,energy_hysteresis_bounded_merge_nonoverlap_v3,True
19654d11-2cef-46ec-8007-4a4c7bea60af_seg_0,19654d11-2cef-46ec-8007-4a4c7bea60af,train,0,dry,0,weak_expert,9.5091875,0.8858172297477722,3,3,False,top15_margin6_smooth30_gap500_min80_win1500,energy_hysteresis_bounded_merge_nonoverlap_v3,True
1adc614f-9f34-451c-ac33-47a411f0a06d_seg_0,1adc614f-9f34-451c-ac33-47a411f0a06d,train,0,dry,0,weak_expert,9.96,0.9307469129562378,4,4,False,top15_margin6_smooth30_gap500_min80_win1500,energy_hysteresis_bounded_merge_nonoverlap_v3,True
1d1dd53c-0b98-4ebd-a34b-e168bff6b7da_seg_0,1d1dd53c-0b98-4ebd-a34b-e168bff6b7da,train,0,dry,0,weak_expert,5.4,0.9323372840881348,2,2,False,top15_margin6_smooth30_gap500_min80_win1500,energy_hysteresis_bounded_merge_nonoverlap_v3,True
1fb47adc-d640-4c2b-a6f2-7e1078caad81_seg_0,1fb47adc-d640-4c2b-a6f2-7e1078caad81,train,0,dry,0,weak_expert,4.86,0.85338294506073,3,3,False,top15_margin6_smooth30_gap500_min80_win1500,energy_hysteresis_bounded_merge_nonoverlap_v3,True
24dc7236-522f-4120-b76d-65538ab32b5b_seg_0,24dc7236-522f-4120-b76d-65538ab32b5b,train,0,dry,0,weak_expert,9.78,0.7784653902053833,4,4,False,top15_margin6_smooth30_gap500_min80_win1500,energy_hysteresis_bounded_merge_nonoverlap_v3,True
25a6fb1b-a42c-4728-a2bf-d0613e17d1d7_seg_0,25a6fb1b-a42c-4728-a2bf-d0613e17d1d7,train,0,dry,0,weak_expert,9.84,0.9340416193008423,1,1,False,top15_margin6_smooth30_gap500_min80_win1500,energy_hysteresis_bounded_merge_nonoverlap_v3,True
26abd7b6-569b-41ed-955e-0481ed0368dd_seg_0,26abd7b6-569b-41ed-955e-0481ed0368dd,train,0,dry,0,weak_expert,9.84,0.8908397555351257,2,2,False,top15_margin6_smooth30_gap500_min80_win1500,energy_hysteresis_bounded_merge_nonoverlap_v3,True
271dc530-49dd-4f49-913d-28475b4a150b_seg_0,271dc530-49dd-4f49-913d-28475b4a150b,train,0,dry,0,weak_expert,7.08,1.0055303573608398,2,2,False,top15_margin6_smooth30_gap500_min80_win1500,energy_hysteresis_bounded_merge_nonoverlap_v3,True
274fee77-6d89-4b0f-962e-28969658b430_seg_0,274fee77-6d89-4b0f-962e-28969658b430,train,0,dry,0,weak_expert,9.9,0.7415761947631836,2,2,False,top15_margin6_smooth30_gap500_min80_win1500,energy_hysteresis_bounded_merge_nonoverlap_v3,True
27a23047-925b-4b76-879b-eaeab82e0857_seg_0,27a23047-925b-4b76-879b-eaeab82e0857,train,0,dry,0,weak_expert,9.36,0.7884305119514465,3,3,False,top15_margin6_smooth30_gap500_min80_win1500,energy_hysteresis_bounded_merge_nonoverlap_v3,True
28757e31-b8f6-408c-982e-a016170ab3ef_seg_0,28757e31-b8f6-408c-982e-a016170ab3ef,train,0,dry,0,weak_expert,6.78,0.8375757932662964,1,1,False,top15_margin6_smooth30_gap500_min80_win1500,energy_hysteresis_bounded_merge_nonoverlap_v3,True
28c76cca-15d8-490a-a785-9bbb5c21fd26_seg_0,28c76cca-15d8-490a-a785-9bbb5c21fd26,train,0,dry,0,weak_expert,4.92,0.791865348815918,3,3,False,top15_margin6_smooth30_gap500_min80_win1500,energy_hysteresis_bounded_merge_nonoverlap_v3,True
28de464d-b466-45cc-849d-a1c138c96767_seg_0,28de464d-b466-45cc-849d-a1c138c96767,train,0,dry,0,weak_expert,9.84,0.9534268379211426,1,1,False,top15_margin6_smooth30_gap500_min80_win1500,energy_hysteresis_bounded_merge_nonoverlap_v3,True
29121026-d6b2-4203-8491-227353a60348_seg_0,29121026-d6b2-4203-8491-227353a60348,train,0,dry,0,weak_expert,9.9,0.8655216693878174,4,4,False,top15_margin6_smooth30_gap500_min80_win1500,energy_hysteresis_bounded_merge_nonoverlap_v3,True
2b243e9c-37f2-4552-ac69-4cdf0e070b9a_seg_0,2b243e9c-37f2-4552-ac69-4cdf0e070b9a,train,0,dry,0,weak_expert,9.96,0.7949004173278809,1,1,False,top15_margin6_smooth30_gap500_min80_win1500,energy_hysteresis_bounded_merge_nonoverlap_v3,True
2baa4845-c6e6-44a6-b4f3-f239be93bfa7_seg_0,2baa4845-c6e6-44a6-b4f3-f239be93bfa7,train,0,dry,0,weak_expert,9.84,0.9210073947906494,4,4,False,top15_margin6_smooth30_gap500_min80_win1500,energy_hysteresis_bounded_merge_nonoverlap_v3,True
2bcd2201-d3ec-466d-a0a1-1305a46aa74a_seg_0,2bcd2201-d3ec-466d-a0a1-1305a46aa74a,train,0,dry,0,weak_expert,4.92,0.7925828695297241,1,1,False,top15_margin6_smooth30_gap500_min80_win1500,energy_hysteresis_bounded_merge_nonoverlap_v3,True
2c148a1a-099b-48dd-97c2-437ecb15d430_seg_0,2c148a1a-099b-48dd-97c2-437ecb15d430,train,0,dry,0,weak_expert,6.66,0.7602744102478027,1,1,False,top15_margin6_smooth30_gap500_min80_win1500,energy_hysteresis_bounded_merge_nonoverlap_v3,True
2d79341b-2ce5-4c6b-82d0-599626f629d6_seg_0,2d79341b-2ce5-4c6b-82d0-599626f629d6,train,0,dry,0,weak_expert,9.78,0.922505259513855,1,1,False,top15_margin6_smooth30_gap500_min80_win1500,energy_hysteresis_bounded_merge_nonoverlap_v3,True
2de41de6-fd3d-4948-adca-78ae50b9bb97_seg_0,2de41de6-fd3d-4948-adca-78ae50b9bb97,train,0,dry,0,weak_expert,9.84,0.854987621307373,4,4,False,top15_margin6_smooth30_gap500_min80_win1500,energy_hysteresis_bounded_merge_nonoverlap_v3,True
2e5be083-a771-4769-99b6-ac9a0473755b_seg_0,2e5be083-a771-4769-99b6-ac9a0473755b,train,0,dry,0,weak_expert,9.9,0.9215227365493774,3,3,False,top15_margin6_smooth30_gap500_min80_win1500,energy_hysteresis_bounded_merge_nonoverlap_v3,True
30c7cf4c-a067-4349-99dc-c6fcfea194e0_seg_0,30c7cf4c-a067-4349-99dc-c6fcfea194e0,train,0,dry,0,weak_expert,2.34,1.024680256843567,1,1,False,top15_margin6_smooth30_gap500_min80_win1500,energy_hysteresis_bounded_merge_nonoverlap_v3,True
31a557c8-eaf3-4ab7-b374-5b8b659222c8_seg_0,31a557c8-eaf3-4ab7-b374-5b8b659222c8,train,0,dry,0,weak_expert,6.6,0.6329481601715088,1,1,False,top15_margin6_smooth30_gap500_min80_win1500,energy_hysteresis_bounded_merge_nonoverlap_v3,True
31f74e48-2e55-4167-980d-d328138a71a9_seg_0,31f74e48-2e55-4167-980d-d328138a71a9,train,0,dry,0,weak_expert,6.6,0.9588699340820312,2,2,False,top15_margin6_smooth30_gap500_min80_win1500,energy_hysteresis_bounded_merge_nonoverlap_v3,True
332ab58f-9728-4cea-9960-c49151120510_seg_0,332ab58f-9728-4cea-9960-c49151120510,train,0,dry,0,weak_expert,5.96,0.926565408706665,2,2,False,top15_margin6_smooth30_gap500_min80_win1500,energy_hysteresis_bounded_merge_nonoverlap_v3,True
338ffa66-a7e2-488a-b5a9-d7b808731922_seg_0,338ffa66-a7e2-488a-b5a9-d7b808731922,train,0,dry,0,weak_expert,9.84,0.9330416917800903,5,5,False,top15_margin6_smooth30_gap500_min80_win1500,energy_hysteresis_bounded_merge_nonoverlap_v3,True
34191fb6-7fb8-4cbf-a5cf-ea458bf4107b_seg_0,34191fb6-7fb8-4cbf-a5cf-ea458bf4107b,train,0,dry,0,weak_expert,10.0,0.8645707368850708,5,5,False,top15_margin6_smooth30_gap500_min80_win1500,energy_hysteresis_bounded_merge_nonoverlap_v3,True
3483aaf8-14e4-44ac-8b20-6f1a05cfa822_seg_0,3483aaf8-14e4-44ac-8b20-6f1a05cfa822,train,0,dry,0,weak_expert,5.04,0.9181610345840454,2,2,False,top15_margin6_smooth30_gap500_min80_win1500,energy_hysteresis_bounded_merge_nonoverlap_v3,True
349e4ca9-fffa-45ea-95e2-c0843f852555_seg_0,349e4ca9-fffa-45ea-95e2-c0843f852555,train,0,dry,0,weak_expert,9.84,0.9332811832427979,4,4,False,top15_margin6_smooth30_gap500_min80_win1500,energy_hysteresis_bounded_merge_nonoverlap_v3,True
3722d824-c4bc-489d-8a8f-6bb171129e19_seg_0,3722d824-c4bc-489d-8a8f-6bb171129e19,train,0,dry,0,weak_expert,9.6,0.8545148372650146,6,6,False,top15_margin6_smooth30_gap500_min80_win1500,energy_hysteresis_bounded_merge_nonoverlap_v3,True
377c3a4c-b901-49c0-9337-e87560b523d4_seg_0,377c3a4c-b901-49c0-9337-e87560b523d4,train,0,dry,0,weak_expert,9.78,0.9862591624259949,1,1,False,top15_margin6_smooth30_gap500_min80_win1500,energy_hysteresis_bounded_merge_nonoverlap_v3,True
37ac823b-4e39-4e85-a6c1-5e1e79979a13_seg_0,37ac823b-4e39-4e85-a6c1-5e1e79979a13,train,0,dry,0,gold_expert,9.84,1.0000728368759155,4,4,False,top15_margin6_smooth30_gap500_min80_win1500,energy_hysteresis_bounded_merge_nonoverlap_v3,True
3938fac1-ae70-4148-90ea-59abb26459c1_seg_0,3938fac1-ae70-4148-90ea-59abb26459c1,train,0,dry,0,weak_expert,2.1,0.7506482601165771,1,1,False,top15_margin6_smooth30_gap500_min80_win1500,energy_hysteresis_bounded_merge_nonoverlap_v3,True
3960bb7b-56e2-4cad-aa5f-8849b99b5bf5_seg_0,3960bb7b-56e2-4cad-aa5f-8849b99b5bf5,train,0,dry,0,weak_expert,9.96,0.7939306497573853,2,2,False,top15_margin6_smooth30_gap500_min80_win1500,energy_hysteresis_bounded_merge_nonoverlap_v3,True
3aac052c-4344-4350-a877-59f8a5270b02_seg_0,3aac052c-4344-4350-a877-59f8a5270b02,train,0,dry,0,weak_expert,9.66,0.8054676651954651,2,2,False,top15_margin6_smooth30_gap500_min80_win1500,energy_hysteresis_bounded_merge_nonoverlap_v3,True
3be5af36-9e52-465a-81a6-da1c60d350f5_seg_0,3be5af36-9e52-465a-81a6-da1c60d350f5,train,0,dry,0,weak_expert,9.9,0.813127338886261,5,5,False,top15_margin6_smooth30_gap500_min80_win1500,energy_hysteresis_bounded_merge_nonoverlap_v3,True
3c3e2950-ff3d-4db5-b079-6db5182f3f92_seg_0,3c3e2950-ff3d-4db5-b079-6db5182f3f92,train,0,dry,0,weak_expert,9.84,0.8096207976341248,4,4,False,top15_margin6_smooth30_gap500_min80_win1500,energy_hysteresis_bounded_merge_nonoverlap_v3,True
3d74c62a-40cb-4f3f-8851-d3aae9e44b48_seg_0,3d74c62a-40cb-4f3f-8851-d3aae9e44b48,train,0,dry,0,weak_expert,5.46,0.9574949741363525,2,2,False,top15_margin6_smooth30_gap500_min80_win1500,energy_hysteresis_bounded_merge_nonoverlap_v3,True
3e051a0d-5f5e-4ec6-b0e9-6a97c809cc92_seg_0,3e051a0d-5f5e-4ec6-b0e9-6a97c809cc92,train,0,dry,0,weak_expert,9.96,0.1353171169757843,1,1,False,top15_margin6_smooth30_gap500_min80_win1500,energy_hysteresis_bounded_merge_nonoverlap_v3,True
3e1be8df-6634-44ef-b0a1-a4ab499f2959_seg_0,3e1be8df-6634-44ef-b0a1-a4ab499f2959,train,0,dry,0,weak_expert,9.84,1.0510905981063843,1,1,False,top15_margin6_smooth30_gap500_min80_win1500,energy_hysteresis_bounded_merge_nonoverlap_v3,True
3e80334d-1d97-4dc5-a17a-affd1f06011e_seg_0,3e80334d-1d97-4dc5-a17a-affd1f06011e,train,0,dry,0,weak_expert,2.46,0.7241086959838867,1,1,False,top15_margin6_smooth30_gap500_min80_win1500,energy_hysteresis_bounded_merge_nonoverlap_v3,True
41ef8038-b679-44e0-85f2-da3e81e21091_seg_0,41ef8038-b679-44e0-85f2-da3e81e21091,train,0,dry,0,weak_expert,6.6,0.8537280559539795,1,1,False,top15_margin6_smooth30_gap500_min80_win1500,energy_hysteresis_bounded_merge_nonoverlap_v3,True
424784ac-85a8-4b14-8447-fce82be45f62_seg_0,424784ac-85a8-4b14-8447-fce82be45f62,train,0,dry,0,weak_expert,9.06,1.0219992399215698,2,2,False,top15_margin6_smooth30_gap500_min80_win1500,energy_hysteresis_bounded_merge_nonoverlap_v3,True
439daf49-ca13-413b-80e8-a8b6928db817_seg_0,439daf49-ca13-413b-80e8-a8b6928db817,train,0,dry,0,weak_expert,9.9,0.8281130790710449,4,4,False,top15_margin6_smooth30_gap500_min80_win1500,energy_hysteresis_bounded_merge_nonoverlap_v3,True
444d9701-cc2f-4dc7-87ff-4f6ada471c3e_seg_0,444d9701-cc2f-4dc7-87ff-4f6ada471c3e,train,0,dry,0,weak_expert,3.66,0.761124312877655,1,1,False,top15_margin6_smooth30_gap500_min80_win1500,energy_hysteresis_bounded_merge_nonoverlap_v3,True
456005c3-f550-4770-a091-befce2a7d630_seg_0,456005c3-f550-4770-a091-befce2a7d630,train,0,dry,0,weak_expert,9.9,0.9997004866600037,2,2,False,top15_margin6_smooth30_gap500_min80_win1500,energy_hysteresis_bounded_merge_nonoverlap_v3,True
4619f7e8-fae5-4477-971c-0568ede350a2_seg_0,4619f7e8-fae5-4477-971c-0568ede350a2,train,0,dry,0,weak_expert,9.3,0.9596937298774719,6,6,False,top15_margin6_smooth30_gap500_min80_win1500,energy_hysteresis_bounded_merge_nonoverlap_v3,True
47b47be2-59eb-4ae8-b0ca-e4180f04896c_seg_0,47b47be2-59eb-4ae8-b0ca-e4180f04896c,train,0,dry,0,weak_expert,5.22,0.8871560096740723,2,2,False,top15_margin6_smooth30_gap500_min80_win1500,energy_hysteresis_bounded_merge_nonoverlap_v3,True
48ff5e27-832e-4450-9ea5-288a0e6967db_seg_0,48ff5e27-832e-4450-9ea5-288a0e6967db,train,0,dry,0,weak_expert,9.9,0.7595921754837036,2,2,False,top15_margin6_smooth30_gap500_min80_win1500,energy_hysteresis_bounded_merge_nonoverlap_v3,True
491018d6-fe1e-4b24-9c42-70971ec93615_seg_0,491018d6-fe1e-4b24-9c42-70971ec93615,train,0,dry,0,weak_expert,9.78,1.000634789466858,5,5,False,top15_margin6_smooth30_gap500_min80_win1500,energy_hysteresis_bounded_merge_nonoverlap_v3,True
49114698-8b5c-40e3-9645-b6a5223658d8_seg_0,49114698-8b5c-40e3-9645-b6a5223658d8,train,0,dry,0,weak_expert,6.48,0.7801429033279419,2,2,False,top15_margin6_smooth30_gap500_min80_win1500,energy_hysteresis_bounded_merge_nonoverlap_v3,True
4b9df238-0be3-43bd-aac2-719cf69c853c_seg_0,4b9df238-0be3-43bd-aac2-719cf69c853c,train,0,dry,0,weak_expert,6.12,0.7761231660842896,3,3,False,top15_margin6_smooth30_gap500_min80_win1500,energy_hysteresis_bounded_merge_nonoverlap_v3,True
4bc5287f-92ae-400e-93b2-037163281e89_seg_0,4bc5287f-92ae-400e-93b2-037163281e89,train,0,dry,0,weak_expert,9.78,0.8385649919509888,4,4,False,top15_margin6_smooth30_gap500_min80_win1500,energy_hysteresis_bounded_merge_nonoverlap_v3,True
4d6cdc78-b5f1-4568-bea9-ae1a49c34ee7_seg_0,4d6cdc78-b5f1-4568-bea9-ae1a49c34ee7,train,0,dry,0,weak_expert,7.5,1.032926082611084,2,2,False,top15_margin6_smooth30_gap500_min80_win1500,energy_hysteresis_bounded_merge_nonoverlap_v3,True
4dba41ae-c9c3-4bf3-a5fb-8d8d2b8809c9_seg_0,4dba41ae-c9c3-4bf3-a5fb-8d8d2b8809c9,train,0,dry,0,gold_expert,9.78,0.9025209546089172,1,1,False,top15_margin6_smooth30_gap500_min80_win1500,energy_hysteresis_bounded_merge_nonoverlap_v3,True
545c655f-89ef-41c5-919a-11b2a09b0e49_seg_0,545c655f-89ef-41c5-919a-11b2a09b0e49,train,0,dry,0,weak_expert,6.3,0.43672364950180054,1,1,False,top15_margin6_smooth30_gap500_min80_win1500,energy_hysteresis_bounded_merge_nonoverlap_v3,True
56db4bed-54ee-4560-b962-cbab7d552621_seg_0,56db4bed-54ee-4560-b962-cbab7d552621,train,0,dry,0,weak_expert,9.66,0.8267258405685425,4,4,False,top15_margin6_smooth30_gap500_min80_win1500,energy_hysteresis_bounded_merge_nonoverlap_v3,True
5969183f-bfad-4b72-b11e-5c459b752adc_seg_0,5969183f-bfad-4b72-b11e-5c459b752adc,train,0,dry,0,weak_expert,9.96,0.9434427618980408,6,6,False,top15_margin6_smooth30_gap500_min80_win1500,energy_hysteresis_bounded_merge_nonoverlap_v3,True
59ce4d68-d3d6-48c8-9df7-fcd6621899d6_seg_0,59ce4d68-d3d6-48c8-9df7-fcd6621899d6,train,0,dry,0,weak_expert,9.96,0.9144641160964966,4,4,False,top15_margin6_smooth30_gap500_min80_win1500,energy_hysteresis_bounded_merge_nonoverlap_v3,True
5b2342d2-01f8-4ad7-bf13-217601cd3c13_seg_0,5b2342d2-01f8-4ad7-bf13-217601cd3c13,train,0,dry,0,weak_expert,8.16,0.8452053666114807,5,5,False,top15_margin6_smooth30_gap500_min80_win1500,energy_hysteresis_bounded_merge_nonoverlap_v3,True
5b306faa-b133-4029-a3b7-26a121ae6a0c_seg_0,5b306faa-b133-4029-a3b7-26a121ae6a0c,train,0,dry,0,weak_expert,9.6,0.959215521812439,3,3,False,top15_margin6_smooth30_gap500_min80_win1500,energy_hysteresis_bounded_merge_nonoverlap_v3,True
5c4b21f1-e8d1-4133-9f78-76b3ef3c5f18_seg_0,5c4b21f1-e8d1-4133-9f78-76b3ef3c5f18,train,0,dry,0,weak_expert,9.96,1.0097228288650513,2,2,False,top15_margin6_smooth30_gap500_min80_win1500,energy_hysteresis_bounded_merge_nonoverlap_v3,True
5c4d833f-64ac-4ec0-82d9-3327020c870f_seg_0,5c4d833f-64ac-4ec0-82d9-3327020c870f,train,0,dry,0,weak_expert,9.84,0.7049659490585327,3,3,False,top15_margin6_smooth30_gap500_min80_win1500,energy_hysteresis_bounded_merge_nonoverlap_v3,True
5c8604ef-6403-454a-b8ec-0151a37d6ef6_seg_0,5c8604ef-6403-454a-b8ec-0151a37d6ef6,train,0,dry,0,weak_expert,9.9,0.9678691625595093,2,2,False,top15_margin6_smooth30_gap500_min80_win1500,energy_hysteresis_bounded_merge_nonoverlap_v3,True
5cc60202-8998-426d-8e01-e05fc091f7ed_seg_0,5cc60202-8998-426d-8e01-e05fc091f7ed,train,0,dry,0,weak_expert,9.3,1.034635066986084,3,3,False,top15_margin6_smooth30_gap500_min80_win1500,energy_hysteresis_bounded_merge_nonoverlap_v3,True
5e0b6e89-d9b6-4cca-984d-cdcae3fdd4c0_seg_0,5e0b6e89-d9b6-4cca-984d-cdcae3fdd4c0,train,0,dry,0,weak_expert,9.9,1.0094318389892578,5,5,False,top15_margin6_smooth30_gap500_min80_win1500,energy_hysteresis_bounded_merge_nonoverlap_v3,True
5f081467-1e54-4162-8cb2-1c2d11a26edf_seg_0,5f081467-1e54-4162-8cb2-1c2d11a26edf,train,0,dry,0,weak_expert,9.9,0.6392719149589539,1,1,False,top15_margin6_smooth30_gap500_min80_win1500,energy_hysteresis_bounded_merge_nonoverlap_v3,True
5f0a1915-2cd5-41fb-9887-e17ab27b515e_seg_0,5f0a1915-2cd5-41fb-9887-e17ab27b515e,train,0,dry,0,weak_expert,9.78,0.8251466155052185,3,3,False,top15_margin6_smooth30_gap500_min80_win1500,energy_hysteresis_bounded_merge_nonoverlap_v3,True
5fe2cece-1061-4f53-b4ac-64a07efc6ba1_seg_0,5fe2cece-1061-4f53-b4ac-64a07efc6ba1,train,0,dry,0,weak_expert,7.26,0.9849270582199097,5,5,False,top15_margin6_smooth30_gap500_min80_win1500,energy_hysteresis_bounded_merge_nonoverlap_v3,True
60ab1646-c540-4179-ae54-ca83767edff1_seg_0,60ab1646-c540-4179-ae54-ca83767edff1,train,0,dry,0,weak_expert,9.72,0.9170442223548889,3,3,False,top15_margin6_smooth30_gap500_min80_win1500,energy_hysteresis_bounded_merge_nonoverlap_v3,True
611e6287-ba3d-4300-837c-76f185566428_seg_0,611e6287-ba3d-4300-837c-76f185566428,train,0,dry,0,weak_expert,3.54,0.7623841762542725,1,1,False,top15_margin6_smooth30_gap500_min80_win1500,energy_hysteresis_bounded_merge_nonoverlap_v3,True
61716d56-8676-4234-8cbc-c2ea724c1405_seg_0,61716d56-8676-4234-8cbc-c2ea724c1405,train,0,dry,0,weak_expert,9.78,0.9134912490844727,3,3,False,top15_margin6_smooth30_gap500_min80_win1500,energy_hysteresis_bounded_merge_nonoverlap_v3,True
61f98ca8-54c9-4a7f-90f3-82c1c34ca600_seg_0,61f98ca8-54c9-4a7f-90f3-82c1c34ca600,train,0,dry,0,weak_expert,9.9,0.5930604338645935,2,2,False,top15_margin6_smooth30_gap500_min80_win1500,energy_hysteresis_bounded_merge_nonoverlap_v3,True
6273e21b-563c-46dd-8cd0-ad353463cbbb_seg_0,6273e21b-563c-46dd-8cd0-ad353463cbbb,train,0,dry,0,weak_expert,9.84,0.8087058067321777,1,1,False,top15_margin6_smooth30_gap500_min80_win1500,energy_hysteresis_bounded_merge_nonoverlap_v3,True
62a60e4e-eab7-4574-9f04-c6a3cbfdc6f4_seg_0,62a60e4e-eab7-4574-9f04-c6a3cbfdc6f4,train,0,dry,0,weak_expert,9.54,0.8911412954330444,3,3,False,top15_margin6_smooth30_gap500_min80_win1500,energy_hysteresis_bounded_merge_nonoverlap_v3,True
62b3a308-0d2b-428c-954c-60fb4a3315a1_seg_0,62b3a308-0d2b-428c-954c-60fb4a3315a1,train,0,dry,0,weak_expert,9.84,0.8955476880073547,3,3,False,top15_margin6_smooth30_gap500_min80_win1500,energy_hysteresis_bounded_merge_nonoverlap_v3,True
639c0947-16a5-421a-af60-96ddfa896024_seg_0,639c0947-16a5-421a-af60-96ddfa896024,train,0,dry,0,weak_expert,9.72,0.9256659746170044,2,2,False,top15_margin6_smooth30_gap500_min80_win1500,energy_hysteresis_bounded_merge_nonoverlap_v3,True
647da923-9dfe-4527-9ec6-473b8fb791ca_seg_0,647da923-9dfe-4527-9ec6-473b8fb791ca,train,0,dry,0,weak_expert,5.28,0.557904839515686,1,1,False,top15_margin6_smooth30_gap500_min80_win1500,energy_hysteresis_bounded_merge_nonoverlap_v3,True
654a2bab-b45a-4042-bc07-554a59105bbd_seg_0,654a2bab-b45a-4042-bc07-554a59105bbd,train,0,dry,0,weak_expert,9.96,0.9990278482437134,4,4,False,top15_margin6_smooth30_gap500_min80_win1500,energy_hysteresis_bounded_merge_nonoverlap_v3,True
658daf16-7fc3-4640-911e-81dac60a2df9_seg_0,658daf16-7fc3-4640-911e-81dac60a2df9,train,0,dry,0,weak_expert,9.84,0.7354409694671631,1,1,False,top15_margin6_smooth30_gap500_min80_win1500,energy_hysteresis_bounded_merge_nonoverlap_v3,True
6793221c-3716-4cbb-9eb0-58afe524e8b8_seg_0,6793221c-3716-4cbb-9eb0-58afe524e8b8,train,0,dry,0,weak_expert,5.52,0.9028891324996948,4,4,False,top15_margin6_smooth30_gap500_min80_win1500,energy_hysteresis_bounded_merge_nonoverlap_v3,True
69317fad-cc19-43fe-8537-782fc415ee7c_seg_0,69317fad-cc19-43fe-8537-782fc415ee7c,train,0,dry,0,gold_expert,4.14,0.9032567739486694,1,1,False,top15_margin6_smooth30_gap500_min80_win1500,energy_hysteresis_bounded_merge_nonoverlap_v3,True
69e7b5c5-0469-42dd-b68f-9a7f7637425b_seg_0,69e7b5c5-0469-42dd-b68f-9a7f7637425b,train,0,dry,0,weak_expert,9.78,1.0059224367141724,5,5,False,top15_margin6_smooth30_gap500_min80_win1500,energy_hysteresis_bounded_merge_nonoverlap_v3,True
6a2ffeef-99c5-4765-8dac-92aec8459d79_seg_0,6a2ffeef-99c5-4765-8dac-92aec8459d79,train,0,dry,0,weak_expert,9.96,0.896970808506012,4,4,False,top15_margin6_smooth30_gap500_min80_win1500,energy_hysteresis_bounded_merge_nonoverlap_v3,True
6afffb59-71d0-4a4c-b575-cde463c0a24a_seg_0,6afffb59-71d0-4a4c-b575-cde463c0a24a,train,0,dry,0,weak_expert,9.9,0.9330897331237793,4,4,False,top15_margin6_smooth30_gap500_min80_win1500,energy_hysteresis_bounded_merge_nonoverlap_v3,True
6dd2d1e3-e140-489f-905f-007a7f54321c_seg_0,6dd2d1e3-e140-489f-905f-007a7f54321c,train,0,dry,0,weak_expert,9.84,0.9354097843170166,4,4,False,top15_margin6_smooth30_gap500_min80_win1500,energy_hysteresis_bounded_merge_nonoverlap_v3,True
6dfae390-f7b5-467c-9600-3f13c33f0988_seg_0,6dfae390-f7b5-467c-9600-3f13c33f0988,train,0,dry,0,weak_expert,9.72,0.7402417063713074,1,1,False,top15_margin6_smooth30_gap500_min80_win1500,energy_hysteresis_bounded_merge_nonoverlap_v3,True
70199b46-18c6-42f7-8a56-ceaa854a6acf_seg_0,70199b46-18c6-42f7-8a56-ceaa854a6acf,train,0,dry,0,weak_expert,8.76,0.7681988477706909,3,3,False,top15_margin6_smooth30_gap500_min80_win1500,energy_hysteresis_bounded_merge_nonoverlap_v3,True
707d9dbf-1621-4eac-a157-1393de750d7b_seg_0,707d9dbf-1621-4eac-a157-1393de750d7b,train,0,dry,0,weak_expert,9.96,0.9842696189880371,4,4,False,top15_margin6_smooth30_gap500_min80_win1500,energy_hysteresis_bounded_merge_nonoverlap_v3,True
70b6cbf4-70cd-4f35-874e-9125a59aa0f3_seg_0,70b6cbf4-70cd-4f35-874e-9125a59aa0f3,train,0,dry,0,weak_expert,5.16,0.7666123509407043,1,1,False,top15_margin6_smooth30_gap500_min80_win1500,energy_hysteresis_bounded_merge_nonoverlap_v3,True
7234b112-4ea3-43ab-89ad-c1fd9aa33a3b_seg_0,7234b112-4ea3-43ab-89ad-c1fd9aa33a3b,train,0,dry,0,weak_expert,5.28,0.8621624112129211,3,3,False,top15_margin6_smooth30_gap500_min80_win1500,energy_hysteresis_bounded_merge_nonoverlap_v3,True
72b95c95-1a95-437c-9d52-86b53461b304_seg_0,72b95c95-1a95-437c-9d52-86b53461b304,train,0,dry,0,weak_expert,9.84,0.757194459438324,3,3,False,top15_margin6_smooth30_gap500_min80_win1500,energy_hysteresis_bounded_merge_nonoverlap_v3,True
73fc1cdd-e291-46f7-9353-4a7b93cd08de_seg_0,73fc1cdd-e291-46f7-9353-4a7b93cd08de,train,0,dry,0,weak_expert,8.52,0.7593972682952881,2,2,False,top15_margin6_smooth30_gap500_min80_win1500,energy_hysteresis_bounded_merge_nonoverlap_v3,True
760cb050-4175-4498-817d-a9976e359c52_seg_0,760cb050-4175-4498-817d-a9976e359c52,train,0,dry,0,weak_expert,10.0,1.0294454097747803,3,3,False,top15_margin6_smooth30_gap500_min80_win1500,energy_hysteresis_bounded_merge_nonoverlap_v3,True
764d2729-f572-490a-8f22-1397e2e19906_seg_0,764d2729-f572-490a-8f22-1397e2e19906,train,0,dry,0,weak_expert,9.72,0.8869383335113525,3,3,False,top15_margin6_smooth30_gap500_min80_win1500,energy_hysteresis_bounded_merge_nonoverlap_v3,True
76a03d41-09de-4d00-b1e6-0cedf0b3dbda_seg_0,76a03d41-09de-4d00-b1e6-0cedf0b3dbda,train,0,dry,0,weak_expert,9.84,0.7269867658615112,1,1,False,top15_margin6_smooth30_gap500_min80_win1500,energy_hysteresis_bounded_merge_nonoverlap_v3,True
77f44d08-0f8a-47e1-97ca-7f791704a951_seg_0,77f44d08-0f8a-47e1-97ca-7f791704a951,train,0,dry,0,weak_expert,4.74,0.7854663133621216,2,2,False,top15_margin6_smooth30_gap500_min80_win1500,energy_hysteresis_bounded_merge_nonoverlap_v3,True
78c1fbe5-0d8a-4747-b238-bdb66e3fceb2_seg_0,78c1fbe5-0d8a-4747-b238-bdb66e3fceb2,train,0,dry,0,weak_expert,9.84,0.9385045170783997,3,3,False,top15_margin6_smooth30_gap500_min80_win1500,energy_hysteresis_bounded_merge_nonoverlap_v3,True
796748e0-b012-44f0-9725-dea2bf495f2f_seg_0,796748e0-b012-44f0-9725-dea2bf495f2f,train,0,dry,0,weak_expert,3.48,0.9048378467559814,2,2,False,top15_margin6_smooth30_gap500_min80_win1500,energy_hysteresis_bounded_merge_nonoverlap_v3,True
7a963229-e38d-49b0-b5af-15d1721667ca_seg_0,7a963229-e38d-49b0-b5af-15d1721667ca,train,0,dry,0,weak_expert,9.72,0.777413547039032,3,3,False,top15_margin6_smooth30_gap500_min80_win1500,energy_hysteresis_bounded_merge_nonoverlap_v3,True
7b423206-e57c-463b-a43b-c82cdb055f26_seg_0,7b423206-e57c-463b-a43b-c82cdb055f26,train,0,dry,0,weak_expert,9.96,0.9874922037124634,1,1,False,top15_margin6_smooth30_gap500_min80_win1500,energy_hysteresis_bounded_merge_nonoverlap_v3,True
7bcb0830-15ab-4bbb-9dc4-2f49bd4f2160_seg_0,7bcb0830-15ab-4bbb-9dc4-2f49bd4f2160,train,0,dry,0,weak_expert,9.9935,0.9642705917358398,3,3,False,top15_margin6_smooth30_gap500_min80_win1500,energy_hysteresis_bounded_merge_nonoverlap_v3,True
7c48edd6-5800-4899-8f0a-c458c1b39e68_seg_0,7c48edd6-5800-4899-8f0a-c458c1b39e68,train,0,dry,0,weak_expert,2.94,0.7349734306335449,1,1,False,top15_margin6_smooth30_gap500_min80_win1500,energy_hysteresis_bounded_merge_nonoverlap_v3,True
7cb4843e-bdf2-4dbc-9956-bf2464cb6c7d_seg_0,7cb4843e-bdf2-4dbc-9956-bf2464cb6c7d,train,0,dry,0,weak_expert,9.84,0.7920331358909607,2,2,False,top15_margin6_smooth30_gap500_min80_win1500,energy_hysteresis_bounded_merge_nonoverlap_v3,True
7dc52a58-ffa9-450c-b557-99386ae99915_seg_0,7dc52a58-ffa9-450c-b557-99386ae99915,train,0,dry,0,weak_expert,9.66,0.9756637215614319,7,7,False,top15_margin6_smooth30_gap500_min80_win1500,energy_hysteresis_bounded_merge_nonoverlap_v3,True
82879368-f357-4032-b87a-5268db64e247_seg_0,82879368-f357-4032-b87a-5268db64e247,train,0,dry,0,weak_expert,9.24,0.5926575064659119,7,7,False,top15_margin6_smooth30_gap500_min80_win1500,energy_hysteresis_bounded_merge_nonoverlap_v3,True
83d26908-f355-426a-b5dc-92dee890482d_seg_0,83d26908-f355-426a-b5dc-92dee890482d,train,0,dry,0,weak_expert,9.78,0.8807821869850159,2,2,False,top15_margin6_smooth30_gap500_min80_win1500,energy_hysteresis_bounded_merge_nonoverlap_v3,True
83e76c73-4e06-4e49-ae0d-354e2974745f_seg_0,83e76c73-4e06-4e49-ae0d-354e2974745f,train,0,dry,0,weak_expert,3.72,0.7307319641113281,1,1,False,top15_margin6_smooth30_gap500_min80_win1500,energy_hysteresis_bounded_merge_nonoverlap_v3,True
86b4b29b-2c0f-40e3-9d37-644b492ea570_seg_0,86b4b29b-2c0f-40e3-9d37-644b492ea570,train,0,dry,0,weak_expert,9.84,0.927575945854187,6,6,False,top15_margin6_smooth30_gap500_min80_win1500,energy_hysteresis_bounded_merge_nonoverlap_v3,True
888f0bc9-1781-494d-9076-a977bc8ae3e1_seg_0,888f0bc9-1781-494d-9076-a977bc8ae3e1,train,0,dry,0,weak_expert,9.9,0.8722280859947205,1,1,False,top15_margin6_smooth30_gap500_min80_win1500,energy_hysteresis_bounded_merge_nonoverlap_v3,True
89385120-2b52-4c61-9e36-05e5b032a8ce_seg_0,89385120-2b52-4c61-9e36-05e5b032a8ce,train,0,dry,0,weak_expert,10.0,0.9639461040496826,2,2,False,top15_margin6_smooth30_gap500_min80_win1500,energy_hysteresis_bounded_merge_nonoverlap_v3,True
8d553d2b-0679-4122-9502-ac2f14c83513_seg_0,8d553d2b-0679-4122-9502-ac2f14c83513,train,0,dry,0,weak_expert,9.72,0.8312028646469116,2,2,False,top15_margin6_smooth30_gap500_min80_win1500,energy_hysteresis_bounded_merge_nonoverlap_v3,True
8f71d0b4-c179-44a9-afb5-cc85047aca9d_seg_0,8f71d0b4-c179-44a9-afb5-cc85047aca9d,train,0,dry,0,weak_expert,5.76,0.26494866609573364,2,2,False,top15_margin6_smooth30_gap500_min80_win1500,energy_hysteresis_bounded_merge_nonoverlap_v3,True
90120a9b-ee30-4bef-b649-c725c986312e_seg_0,90120a9b-ee30-4bef-b649-c725c986312e,train,0,dry,0,weak_expert,2.22,0.7701244354248047,1,1,False,top15_margin6_smooth30_gap500_min80_win1500,energy_hysteresis_bounded_merge_nonoverlap_v3,True
91e91fae-a111-4143-92c1-46b841db99f8_seg_0,91e91fae-a111-4143-92c1-46b841db99f8,train,0,dry,0,weak_expert,9.72,1.0330979824066162,1,1,False,top15_margin6_smooth30_gap500_min80_win1500,energy_hysteresis_bounded_merge_nonoverlap_v3,True
93e121aa-1c8b-4b9a-b446-cbe4ddbcdaf4_seg_0,93e121aa-1c8b-4b9a-b446-cbe4ddbcdaf4,train,0,dry,0,weak_expert,9.78,0.9788708090782166,2,2,False,top15_margin6_smooth30_gap500_min80_win1500,energy_hysteresis_bounded_merge_nonoverlap_v3,True
942152b1-4a8f-4d9b-a4e6-43f61504e589_seg_0,942152b1-4a8f-4d9b-a4e6-43f61504e589,train,0,dry,0,weak_expert,3.96,0.6739698648452759,2,2,False,top15_margin6_smooth30_gap500_min80_win1500,energy_hysteresis_bounded_merge_nonoverlap_v3,True
94ad74ad-5a8c-406c-9c1a-18e281d53b9d_seg_0,94ad74ad-5a8c-406c-9c1a-18e281d53b9d,train,0,dry,0,weak_expert,5.82,0.9167227745056152,3,3,False,top15_margin6_smooth30_gap500_min80_win1500,energy_hysteresis_bounded_merge_nonoverlap_v3,True
94c5e62b-3dd7-4586-9705-3eaaaaa68ec9_seg_0,94c5e62b-3dd7-4586-9705-3eaaaaa68ec9,train,0,dry,0,weak_expert,9.78,0.8053563833236694,1,1,False,top15_margin6_smooth30_gap500_min80_win1500,energy_hysteresis_bounded_merge_nonoverlap_v3,True
952475ba-04d5-4885-8e0b-52fe17a059da_seg_0,952475ba-04d5-4885-8e0b-52fe17a059da,train,0,dry,0,weak_expert,9.72,0.7851647138595581,3,3,False,top15_margin6_smooth30_gap500_min80_win1500,energy_hysteresis_bounded_merge_nonoverlap_v3,True
95e40d65-5398-4dd8-bda8-5da98d06ed80_seg_0,95e40d65-5398-4dd8-bda8-5da98d06ed80,train,0,dry,0,weak_expert,5.16,0.878612220287323,2,2,False,top15_margin6_smooth30_gap500_min80_win1500,energy_hysteresis_bounded_merge_nonoverlap_v3,True
96f63bc1-4c6d-4dc9-84c3-43d5b69d4a87_seg_0,96f63bc1-4c6d-4dc9-84c3-43d5b69d4a87,train,0,dry,0,weak_expert,9.9,0.7616715431213379,2,2,False,top15_margin6_smooth30_gap500_min80_win1500,energy_hysteresis_bounded_merge_nonoverlap_v3,True
96fd8500-a077-4d0a-bcd4-d6d5f747c2da_seg_0,96fd8500-a077-4d0a-bcd4-d6d5f747c2da,train,0,dry,0,weak_expert,9.78,0.9830040335655212,2,2,False,top15_margin6_smooth30_gap500_min80_win1500,energy_hysteresis_bounded_merge_nonoverlap_v3,True
97c784f1-0322-45e1-9bb3-9a751ce1897b_seg_0,97c784f1-0322-45e1-9bb3-9a751ce1897b,train,0,dry,0,weak_expert,5.76,0.7926949262619019,1,1,False,top15_margin6_smooth30_gap500_min80_win1500,energy_hysteresis_bounded_merge_nonoverlap_v3,True
97d266b1-7856-47f3-9273-224e1f27be4c_seg_0,97d266b1-7856-47f3-9273-224e1f27be4c,train,0,dry,0,weak_expert,3.78,0.9686940908432007,1,1,False,top15_margin6_smooth30_gap500_min80_win1500,energy_hysteresis_bounded_merge_nonoverlap_v3,True
98f74976-5070-4f9b-bcb9-b706b04da3cb_seg_0,98f74976-5070-4f9b-bcb9-b706b04da3cb,train,0,dry,0,weak_expert,7.5,1.082216739654541,2,2,False,top15_margin6_smooth30_gap500_min80_win1500,energy_hysteresis_bounded_merge_nonoverlap_v3,True
99b2dc16-7b5f-4d45-99b2-c3768262be3a_seg_0,99b2dc16-7b5f-4d45-99b2-c3768262be3a,train,0,dry,0,weak_expert,9.78,0.9581825137138367,2,2,False,top15_margin6_smooth30_gap500_min80_win1500,energy_hysteresis_bounded_merge_nonoverlap_v3,True
9a5b90f0-06d5-4748-a260-e888ace7e53d_seg_0,9a5b90f0-06d5-4748-a260-e888ace7e53d,train,0,dry,0,weak_expert,9.84,0.9734333753585815,3,3,False,top15_margin6_smooth30_gap500_min80_win1500,energy_hysteresis_bounded_merge_nonoverlap_v3,True
9b4f0155-35d2-4868-90e7-a61d2fa473a6_seg_0,9b4f0155-35d2-4868-90e7-a61d2fa473a6,train,0,dry,0,weak_expert,9.18,0.8618936538696289,2,2,False,top15_margin6_smooth30_gap500_min80_win1500,energy_hysteresis_bounded_merge_nonoverlap_v3,True
9c1ac649-8b03-4868-9146-e665daa17d7d_seg_0,9c1ac649-8b03-4868-9146-e665daa17d7d,train,0,dry,0,weak_expert,9.96,0.8720687031745911,3,3,False,top15_margin6_smooth30_gap500_min80_win1500,energy_hysteresis_bounded_merge_nonoverlap_v3,True
9cb306f5-47a1-441c-888a-34ad29f5983c_seg_0,9cb306f5-47a1-441c-888a-34ad29f5983c,train,0,dry,0,gold_expert,9.9,0.8507424592971802,6,6,False,top15_margin6_smooth30_gap500_min80_win1500,energy_hysteresis_bounded_merge_nonoverlap_v3,True
9e949ada-abdf-41f2-8d03-bbd3d1ea4754_seg_0,9e949ada-abdf-41f2-8d03-bbd3d1ea4754,train,0,dry,0,weak_expert,4.38,0.842115044593811,1,1,False,top15_margin6_smooth30_gap500_min80_win1500,energy_hysteresis_bounded_merge_nonoverlap_v3,True
9ecb18ca-483d-400f-a049-1a078a483c50_seg_0,9ecb18ca-483d-400f-a049-1a078a483c50,train,0,dry,0,weak_expert,9.96,0.9091206789016724,2,2,False,top15_margin6_smooth30_gap500_min80_win1500,energy_hysteresis_bounded_merge_nonoverlap_v3,True
9f7c176a-ae7d-407a-88a2-b0ee714858d7_seg_0,9f7c176a-ae7d-407a-88a2-b0ee714858d7,train,0,dry,0,weak_expert,8.16,0.9022656679153442,2,2,False,top15_margin6_smooth30_gap500_min80_win1500,energy_hysteresis_bounded_merge_nonoverlap_v3,True
a1182546-5e99-4ba4-b941-351c79866173_seg_0,a1182546-5e99-4ba4-b941-351c79866173,train,0,dry,0,weak_expert,9.84,0.8853847980499268,3,3,False,top15_margin6_smooth30_gap500_min80_win1500,energy_hysteresis_bounded_merge_nonoverlap_v3,True
a147e909-0e90-442b-adc4-b8487de75504_seg_0,a147e909-0e90-442b-adc4-b8487de75504,train,0,dry,0,weak_expert,8.341375,0.9325222969055176,4,4,False,top15_margin6_smooth30_gap500_min80_win1500,energy_hysteresis_bounded_merge_nonoverlap_v3,True
a14ac807-5cf3-44d8-acd6-830dd0d086ea_seg_0,a14ac807-5cf3-44d8-acd6-830dd0d086ea,train,0,dry,0,weak_expert,3.84,0.9790287613868713,1,1,False,top15_margin6_smooth30_gap500_min80_win1500,energy_hysteresis_bounded_merge_nonoverlap_v3,True
a2ae6c67-9ab7-4d42-b4c5-e04d890493b2_seg_0,a2ae6c67-9ab7-4d42-b4c5-e04d890493b2,train,0,dry,0,weak_expert,5.64,1.3503974676132202,2,2,False,top15_margin6_smooth30_gap500_min80_win1500,energy_hysteresis_bounded_merge_nonoverlap_v3,True
a2bd77dd-61f9-494d-b6b5-306ada124f30_seg_0,a2bd77dd-61f9-494d-b6b5-306ada124f30,train,0,dry,0,weak_expert,9.84,0.8463364243507385,3,3,False,top15_margin6_smooth30_gap500_min80_win1500,energy_hysteresis_bounded_merge_nonoverlap_v3,True
a30b1432-29fe-4a4d-953a-fb1edec1b468_seg_0,a30b1432-29fe-4a4d-953a-fb1edec1b468,train,0,dry,0,weak_expert,9.9,0.4752051532268524,1,1,False,top15_margin6_smooth30_gap500_min80_win1500,energy_hysteresis_bounded_merge_nonoverlap_v3,True
a55596ff-f478-4f96-8a86-5ba5a50d9c8e_seg_0,a55596ff-f478-4f96-8a86-5ba5a50d9c8e,train,0,dry,0,weak_expert,6.24,0.8286197185516357,2,2,False,top15_margin6_smooth30_gap500_min80_win1500,energy_hysteresis_bounded_merge_nonoverlap_v3,True
a583d3cc-ab0f-449a-9692-977714b3050e_seg_0,a583d3cc-ab0f-449a-9692-977714b3050e,train,0,dry,0,weak_expert,9.3,0.9180871248245239,2,2,False,top15_margin6_smooth30_gap500_min80_win1500,energy_hysteresis_bounded_merge_nonoverlap_v3,True
a75adc66-7f70-4f0f-91f7-7a2a2eac61e9_seg_0,a75adc66-7f70-4f0f-91f7-7a2a2eac61e9,train,0,dry,0,gold_expert,9.6,0.9972696304321289,2,2,False,top15_margin6_smooth30_gap500_min80_win1500,energy_hysteresis_bounded_merge_nonoverlap_v3,True
aa27859e-d3a3-4a40-a241-8ebdc849017a_seg_0,aa27859e-d3a3-4a40-a241-8ebdc849017a,train,0,dry,0,weak_expert,8.76,1.0228168964385986,3,3,False,top15_margin6_smooth30_gap500_min80_win1500,energy_hysteresis_bounded_merge_nonoverlap_v3,True
aa3632d1-d3e9-4ce4-9d29-d1f056fa3dfe_seg_0,aa3632d1-d3e9-4ce4-9d29-d1f056fa3dfe,train,0,dry,0,weak_expert,9.96,0.8163111209869385,1,1,False,top15_margin6_smooth30_gap500_min80_win1500,energy_hysteresis_bounded_merge_nonoverlap_v3,True
aa697a0c-34a2-4257-b1d8-1ebf5dee5be8_seg_0,aa697a0c-34a2-4257-b1d8-1ebf5dee5be8,train,0,dry,0,weak_expert,9.9,0.9487592577934265,4,4,False,top15_margin6_smooth30_gap500_min80_win1500,energy_hysteresis_bounded_merge_nonoverlap_v3,True
ab77c2d6-edf7-4368-8cb1-5d8f1b928cef_seg_0,ab77c2d6-edf7-4368-8cb1-5d8f1b928cef,train,0,dry,0,weak_expert,9.84,0.847618818283081,3,3,False,top15_margin6_smooth30_gap500_min80_win1500,energy_hysteresis_bounded_merge_nonoverlap_v3,True
abb11855-0da7-468d-844b-91a228cd3eed_seg_0,abb11855-0da7-468d-844b-91a228cd3eed,train,0,dry,0,weak_expert,9.96,0.8961169123649597,1,1,False,top15_margin6_smooth30_gap500_min80_win1500,energy_hysteresis_bounded_merge_nonoverlap_v3,True
abf2af4d-9369-40e9-873b-73dca08ae7a1_seg_0,abf2af4d-9369-40e9-873b-73dca08ae7a1,train,0,dry,0,weak_expert,9.72,0.9763073921203613,3,3,False,top15_margin6_smooth30_gap500_min80_win1500,energy_hysteresis_bounded_merge_nonoverlap_v3,True
acae37ea-edb8-45fe-9a10-5b7af79c17ec_seg_0,acae37ea-edb8-45fe-9a10-5b7af79c17ec,train,0,dry,0,weak_expert,7.26,0.7993144392967224,2,2,False,top15_margin6_smooth30_gap500_min80_win1500,energy_hysteresis_bounded_merge_nonoverlap_v3,True
ad627ce9-0279-4e8f-b029-95f5a79f5a0a_seg_0,ad627ce9-0279-4e8f-b029-95f5a79f5a0a,train,0,dry,0,weak_expert,8.76,0.9259344339370728,3,3,False,top15_margin6_smooth30_gap500_min80_win1500,energy_hysteresis_bounded_merge_nonoverlap_v3,True
adddfa9b-c016-4e58-8275-308501fc13d9_seg_0,adddfa9b-c016-4e58-8275-308501fc13d9,train,0,dry,0,weak_expert,9.9,0.7959306836128235,1,1,False,top15_margin6_smooth30_gap500_min80_win1500,energy_hysteresis_bounded_merge_nonoverlap_v3,True
adf406f5-b1bc-432a-ae5a-78c52fc95292_seg_0,adf406f5-b1bc-432a-ae5a-78c52fc95292,train,0,dry,0,weak_expert,9.78,0.8869942426681519,4,4,False,top15_margin6_smooth30_gap500_min80_win1500,energy_hysteresis_bounded_merge_nonoverlap_v3,True
ae4b17b8-7b3f-434a-a894-d4257c7394f5_seg_0,ae4b17b8-7b3f-434a-a894-d4257c7394f5,train,0,dry,0,weak_expert,3.3,0.7629377841949463,1,1,False,top15_margin6_smooth30_gap500_min80_win1500,energy_hysteresis_bounded_merge_nonoverlap_v3,True
aeb567c4-529c-43c7-9075-21537e836d4d_seg_0,aeb567c4-529c-43c7-9075-21537e836d4d,train,0,dry,0,weak_expert,9.72,0.7493914365768433,3,3,False,top15_margin6_smooth30_gap500_min80_win1500,energy_hysteresis_bounded_merge_nonoverlap_v3,True
aef400f0-6e03-43be-9928-a91660eb3988_seg_0,aef400f0-6e03-43be-9928-a91660eb3988,train,0,dry,0,weak_expert,9.9,0.9565284848213196,4,4,False,top15_margin6_smooth30_gap500_min80_win1500,energy_hysteresis_bounded_merge_nonoverlap_v3,True
b26b3150-4026-442d-b1ac-6b3ab2a991b3_seg_0,b26b3150-4026-442d-b1ac-6b3ab2a991b3,train,0,dry,0,weak_expert,9.96,0.6904460787773132,3,3,False,top15_margin6_smooth30_gap500_min80_win1500,energy_hysteresis_bounded_merge_nonoverlap_v3,True
b2b52448-2ff5-4aa3-a43d-a4e3711d85bb_seg_0,b2b52448-2ff5-4aa3-a43d-a4e3711d85bb,train,0,dry,0,weak_expert,9.96,0.9207409620285034,3,3,False,top15_margin6_smooth30_gap500_min80_win1500,energy_hysteresis_bounded_merge_nonoverlap_v3,True
b2cb86f2-d182-4a2f-9321-5b19ddadf4f4_seg_0,b2cb86f2-d182-4a2f-9321-5b19ddadf4f4,train,0,dry,0,weak_expert,9.84,0.7523730993270874,4,4,False,top15_margin6_smooth30_gap500_min80_win1500,energy_hysteresis_bounded_merge_nonoverlap_v3,True
b349c0bf-5c56-4ee5-9d0d-d050d8dd9ab6_seg_0,b349c0bf-5c56-4ee5-9d0d-d050d8dd9ab6,train,0,dry,0,weak_expert,9.84,0.7863010168075562,3,3,False,top15_margin6_smooth30_gap500_min80_win1500,energy_hysteresis_bounded_merge_nonoverlap_v3,True
b374149f-cdc9-4865-9151-e229bb0ab98b_seg_0,b374149f-cdc9-4865-9151-e229bb0ab98b,train,0,dry,0,weak_expert,9.12,0.8222423195838928,4,4,False,top15_margin6_smooth30_gap500_min80_win1500,energy_hysteresis_bounded_merge_nonoverlap_v3,True
b3bc167c-616b-47e4-a4ff-95e1d40dfdfd_seg_0,b3bc167c-616b-47e4-a4ff-95e1d40dfdfd,train,0,dry,0,weak_expert,9.6,1.0762865543365479,4,4,False,top15_margin6_smooth30_gap500_min80_win1500,energy_hysteresis_bounded_merge_nonoverlap_v3,True
b492f127-ee29-4a55-b479-80e5e3a8a66a_seg_0,b492f127-ee29-4a55-b479-80e5e3a8a66a,train,0,dry,0,weak_expert,4.14,0.863593339920044,1,1,False,top15_margin6_smooth30_gap500_min80_win1500,energy_hysteresis_bounded_merge_nonoverlap_v3,True
b4b17de3-ac90-415a-8e2c-393d6cc02618_seg_0,b4b17de3-ac90-415a-8e2c-393d6cc02618,train,0,dry,0,weak_expert,9.96,0.9839060306549072,3,3,False,top15_margin6_smooth30_gap500_min80_win1500,energy_hysteresis_bounded_merge_nonoverlap_v3,True
b50f238c-3493-4782-b1e3-9c76f751d9e5_seg_0,b50f238c-3493-4782-b1e3-9c76f751d9e5,train,0,dry,0,weak_expert,7.38,0.7887958288192749,2,2,False,top15_margin6_smooth30_gap500_min80_win1500,energy_hysteresis_bounded_merge_nonoverlap_v3,True
b618923d-796d-4adb-ae9e-266ab08f1249_seg_0,b618923d-796d-4adb-ae9e-266ab08f1249,train,0,dry,0,gold_expert,5.16,0.834866464138031,2,2,False,top15_margin6_smooth30_gap500_min80_win1500,energy_hysteresis_bounded_merge_nonoverlap_v3,True
b8738fc2-42d8-460e-97aa-ee731e15b21d_seg_0,b8738fc2-42d8-460e-97aa-ee731e15b21d,train,0,dry,0,weak_expert,9.54,0.9839025735855103,2,2,False,top15_margin6_smooth30_gap500_min80_win1500,energy_hysteresis_bounded_merge_nonoverlap_v3,True
b97f011c-062b-4fdd-a65d-4f1d8ab1bd09_seg_0,b97f011c-062b-4fdd-a65d-4f1d8ab1bd09,train,0,dry,0,weak_expert,9.78,0.7707043886184692,2,2,False,top15_margin6_smooth30_gap500_min80_win1500,energy_hysteresis_bounded_merge_nonoverlap_v3,True
ba6f354e-2189-4b93-b037-c07ee2e72f40_seg_0,ba6f354e-2189-4b93-b037-c07ee2e72f40,train,0,dry,0,weak_expert,10.0,0.8054641485214233,2,2,False,top15_margin6_smooth30_gap500_min80_win1500,energy_hysteresis_bounded_merge_nonoverlap_v3,True
bab59cef-c297-42f0-9c47-1371e791ea7b_seg_0,bab59cef-c297-42f0-9c47-1371e791ea7b,train,0,dry,0,weak_expert,5.28,0.9411990642547607,1,1,False,top15_margin6_smooth30_gap500_min80_win1500,energy_hysteresis_bounded_merge_nonoverlap_v3,True
bae0c88f-852c-4f3f-8141-d037c777459e_seg_0,bae0c88f-852c-4f3f-8141-d037c777459e,train,0,dry,0,gold_expert,9.96,1.1282975673675537,2,2,False,top15_margin6_smooth30_gap500_min80_win1500,energy_hysteresis_bounded_merge_nonoverlap_v3,True
bb9766af-74b9-4533-ac93-e0d75f7bd7ba_seg_0,bb9766af-74b9-4533-ac93-e0d75f7bd7ba,train,0,dry,0,gold_expert,9.84,0.9233132600784302,2,2,False,top15_margin6_smooth30_gap500_min80_win1500,energy_hysteresis_bounded_merge_nonoverlap_v3,True
bb9cd351-d75d-4bd6-9140-7f88a8209871_seg_0,bb9cd351-d75d-4bd6-9140-7f88a8209871,train,0,dry,0,weak_expert,9.84,0.8299393653869629,6,6,False,top15_margin6_smooth30_gap500_min80_win1500,energy_hysteresis_bounded_merge_nonoverlap_v3,True
bde99a5c-a804-4daf-a4d5-897fb72d5060_seg_0,bde99a5c-a804-4daf-a4d5-897fb72d5060,train,0,dry,0,weak_expert,3.06,0.8368309736251831,2,2,False,top15_margin6_smooth30_gap500_min80_win1500,energy_hysteresis_bounded_merge_nonoverlap_v3,True
be482d71-4ab2-453d-abd8-e1a7fdeedb06_seg_0,be482d71-4ab2-453d-abd8-e1a7fdeedb06,train,0,dry,0,weak_expert,10.0,0.9409408569335938,3,3,False,top15_margin6_smooth30_gap500_min80_win1500,energy_hysteresis_bounded_merge_nonoverlap_v3,True
be808b39-ff71-4d98-99c0-97436d1e198a_seg_0,be808b39-ff71-4d98-99c0-97436d1e198a,train,0,dry,0,weak_expert,9.536,0.8483563661575317,2,2,False,top15_margin6_smooth30_gap500_min80_win1500,energy_hysteresis_bounded_merge_nonoverlap_v3,True
bf990e0e-bbf6-4233-8578-e77aea74a3b1_seg_0,bf990e0e-bbf6-4233-8578-e77aea74a3b1,train,0,dry,0,weak_expert,10.0,0.8822189569473267,2,2,False,top15_margin6_smooth30_gap500_min80_win1500,energy_hysteresis_bounded_merge_nonoverlap_v3,True
bfa6b379-56e3-4144-ac7c-17d7269e9865_seg_0,bfa6b379-56e3-4144-ac7c-17d7269e9865,train,0,dry,0,weak_expert,9.84,0.7816676497459412,2,2,False,top15_margin6_smooth30_gap500_min80_win1500,energy_hysteresis_bounded_merge_nonoverlap_v3,True
c1243982-1f22-433f-b178-a27ebdef63ae_seg_0,c1243982-1f22-433f-b178-a27ebdef63ae,train,0,dry,0,weak_expert,9.96,0.9231297969818115,4,4,False,top15_margin6_smooth30_gap500_min80_win1500,energy_hysteresis_bounded_merge_nonoverlap_v3,True
c3382b37-9f19-4379-b488-68f636a6c684_seg_0,c3382b37-9f19-4379-b488-68f636a6c684,train,0,dry,0,gold_expert,9.96,0.9635496139526367,2,2,False,top15_margin6_smooth30_gap500_min80_win1500,energy_hysteresis_bounded_merge_nonoverlap_v3,True
c4a0fa78-e10b-43bc-896a-329bc997ffe8_seg_0,c4a0fa78-e10b-43bc-896a-329bc997ffe8,train,0,dry,0,weak_expert,9.96,0.9555025100708008,2,2,False,top15_margin6_smooth30_gap500_min80_win1500,energy_hysteresis_bounded_merge_nonoverlap_v3,True
c4fbbd15-173c-4440-988c-b091e35aa978_seg_0,c4fbbd15-173c-4440-988c-b091e35aa978,train,0,dry,0,weak_expert,9.9,0.5046166777610779,2,2,False,top15_margin6_smooth30_gap500_min80_win1500,energy_hysteresis_bounded_merge_nonoverlap_v3,True
c591e11e-6fdb-4685-8ae1-44576d877831_seg_0,c591e11e-6fdb-4685-8ae1-44576d877831,train,0,dry,0,weak_expert,9.9,0.809019148349762,3,3,False,top15_margin6_smooth30_gap500_min80_win1500,energy_hysteresis_bounded_merge_nonoverlap_v3,True
c6d2eece-2c2b-4192-939e-0096ad9e3332_seg_0,c6d2eece-2c2b-4192-939e-0096ad9e3332,train,0,dry,0,weak_expert,9.96,0.8120074272155762,2,2,False,top15_margin6_smooth30_gap500_min80_win1500,energy_hysteresis_bounded_merge_nonoverlap_v3,True
c7f04242-4649-488a-bf21-72fa488e1c5b_seg_0,c7f04242-4649-488a-bf21-72fa488e1c5b,train,0,dry,0,weak_expert,6.42,0.9915748238563538,3,3,False,top15_margin6_smooth30_gap500_min80_win1500,energy_hysteresis_bounded_merge_nonoverlap_v3,True
c91f755a-e37e-4106-a90a-bb0672fdfd24_seg_0,c91f755a-e37e-4106-a90a-bb0672fdfd24,train,0,dry,0,weak_expert,6.48,0.8120296597480774,2,2,False,top15_margin6_smooth30_gap500_min80_win1500,energy_hysteresis_bounded_merge_nonoverlap_v3,True
c9c17bea-4fb9-40de-8d10-a45f61420be0_seg_0,c9c17bea-4fb9-40de-8d10-a45f61420be0,train,0,dry,0,weak_expert,9.9,0.7356468439102173,2,2,False,top15_margin6_smooth30_gap500_min80_win1500,energy_hysteresis_bounded_merge_nonoverlap_v3,True
c9c4445b-fbd3-4f4d-9ca2-282a669d79c4_seg_0,c9c4445b-fbd3-4f4d-9ca2-282a669d79c4,train,0,dry,0,weak_expert,9.84,0.8067379593849182,6,6,False,top15_margin6_smooth30_gap500_min80_win1500,energy_hysteresis_bounded_merge_nonoverlap_v3,True
ca8d6795-2841-48a0-9d9b-9e00f9e866c3_seg_0,ca8d6795-2841-48a0-9d9b-9e00f9e866c3,train,0,dry,0,weak_expert,9.84,0.8267313838005066,5,5,False,top15_margin6_smooth30_gap500_min80_win1500,energy_hysteresis_bounded_merge_nonoverlap_v3,True
cbfd3865-b0fe-4f54-86ba-d93c47feeb2f_seg_0,cbfd3865-b0fe-4f54-86ba-d93c47feeb2f,train,0,dry,0,weak_expert,8.52,0.7662520408630371,1,1,False,top15_margin6_smooth30_gap500_min80_win1500,energy_hysteresis_bounded_merge_nonoverlap_v3,True
ccd3279c-e351-4e6b-a142-fd3f48c3b052_seg_0,ccd3279c-e351-4e6b-a142-fd3f48c3b052,train,0,dry,0,weak_expert,9.96,1.0328073501586914,4,4,False,top15_margin6_smooth30_gap500_min80_win1500,energy_hysteresis_bounded_merge_nonoverlap_v3,True
ccdfd92d-e6f1-42ce-8781-ff6d04f7f628_seg_0,ccdfd92d-e6f1-42ce-8781-ff6d04f7f628,train,0,dry,0,weak_expert,9.96,0.8931271433830261,4,4,False,top15_margin6_smooth30_gap500_min80_win1500,energy_hysteresis_bounded_merge_nonoverlap_v3,True
cfbda12e-fdc6-4749-a7ec-3a81c3106317_seg_0,cfbda12e-fdc6-4749-a7ec-3a81c3106317,train,0,dry,0,weak_expert,9.9,0.9612319469451904,7,7,False,top15_margin6_smooth30_gap500_min80_win1500,energy_hysteresis_bounded_merge_nonoverlap_v3,True
d293ce7d-1898-4c66-bfd2-c3c329e82408_seg_0,d293ce7d-1898-4c66-bfd2-c3c329e82408,train,0,dry,0,weak_expert,9.96,1.0286712646484375,6,6,False,top15_margin6_smooth30_gap500_min80_win1500,energy_hysteresis_bounded_merge_nonoverlap_v3,True
d57e15cf-e837-4e9e-a777-c3ee24fcb72b_seg_0,d57e15cf-e837-4e9e-a777-c3ee24fcb72b,train,0,dry,0,weak_expert,9.72,0.7678759098052979,6,6,False,top15_margin6_smooth30_gap500_min80_win1500,energy_hysteresis_bounded_merge_nonoverlap_v3,True
d6ee9da5-ff1d-4677-9ab2-da397e3267c4_seg_0,d6ee9da5-ff1d-4677-9ab2-da397e3267c4,train,0,dry,0,weak_expert,5.1,0.8728218078613281,2,2,False,top15_margin6_smooth30_gap500_min80_win1500,energy_hysteresis_bounded_merge_nonoverlap_v3,True
d70748e6-0e82-4760-a2fc-d63b01d3c65c_seg_0,d70748e6-0e82-4760-a2fc-d63b01d3c65c,train,0,dry,0,weak_expert,9.72,0.9137903451919556,2,2,False,top15_margin6_smooth30_gap500_min80_win1500,energy_hysteresis_bounded_merge_nonoverlap_v3,True
d70f7518-e3e8-46f3-a4fe-fa43363f16ca_seg_0,d70f7518-e3e8-46f3-a4fe-fa43363f16ca,train,0,dry,0,weak_expert,2.34,0.8104492425918579,2,2,False,top15_margin6_smooth30_gap500_min80_win1500,energy_hysteresis_bounded_merge_nonoverlap_v3,True
d81a9166-5e95-4654-b0d3-66f14ddbe8ae_seg_0,d81a9166-5e95-4654-b0d3-66f14ddbe8ae,train,0,dry,0,weak_expert,9.84,0.9968641996383667,4,4,False,top15_margin6_smooth30_gap500_min80_win1500,energy_hysteresis_bounded_merge_nonoverlap_v3,True
d82590cb-e28c-4a04-8406-416a86e15c86_seg_0,d82590cb-e28c-4a04-8406-416a86e15c86,train,0,dry,0,weak_expert,9.9,0.8137214183807373,3,3,False,top15_margin6_smooth30_gap500_min80_win1500,energy_hysteresis_bounded_merge_nonoverlap_v3,True
d89c7657-6010-4137-9ec1-c152c46790c9_seg_0,d89c7657-6010-4137-9ec1-c152c46790c9,train,0,dry,0,weak_expert,9.84,0.7457093000411987,4,4,False,top15_margin6_smooth30_gap500_min80_win1500,energy_hysteresis_bounded_merge_nonoverlap_v3,True
dacc51e7-099f-48b3-9462-d9ef5c8c9d3d_seg_0,dacc51e7-099f-48b3-9462-d9ef5c8c9d3d,train,0,dry,0,weak_expert,9.84,0.8403810262680054,3,3,False,top15_margin6_smooth30_gap500_min80_win1500,energy_hysteresis_bounded_merge_nonoverlap_v3,True
db72efa4-78a9-40e7-a450-0affcd4c96b6_seg_0,db72efa4-78a9-40e7-a450-0affcd4c96b6,train,0,dry,0,weak_expert,3.3,0.7526235580444336,2,2,False,top15_margin6_smooth30_gap500_min80_win1500,energy_hysteresis_bounded_merge_nonoverlap_v3,True
dddb1a55-d976-40bc-ad41-cdc713623e03_seg_0,dddb1a55-d976-40bc-ad41-cdc713623e03,train,0,dry,0,gold_expert,9.9,0.8079985976219177,4,4,False,top15_margin6_smooth30_gap500_min80_win1500,energy_hysteresis_bounded_merge_nonoverlap_v3,True
de7b422a-c5cb-4b9a-9bbd-1c4545ead02c_seg_0,de7b422a-c5cb-4b9a-9bbd-1c4545ead02c,train,0,dry,0,weak_expert,9.96,1.004880666732788,4,4,False,top15_margin6_smooth30_gap500_min80_win1500,energy_hysteresis_bounded_merge_nonoverlap_v3,True
df35b241-5aff-4f49-80f6-4ef5fabc115c_seg_0,df35b241-5aff-4f49-80f6-4ef5fabc115c,train,0,dry,0,weak_expert,8.22,0.967532217502594,2,2,False,top15_margin6_smooth30_gap500_min80_win1500,energy_hysteresis_bounded_merge_nonoverlap_v3,True
e0bd94ad-3476-4149-a368-f13f68f56fbc_seg_0,e0bd94ad-3476-4149-a368-f13f68f56fbc,train,0,dry,0,weak_expert,2.46,0.838295578956604,1,1,False,top15_margin6_smooth30_gap500_min80_win1500,energy_hysteresis_bounded_merge_nonoverlap_v3,True
e0f90aa2-e38a-446a-aade-19b461eb2bf8_seg_0,e0f90aa2-e38a-446a-aade-19b461eb2bf8,train,0,dry,0,weak_expert,8.28,0.7484426498413086,2,2,False,top15_margin6_smooth30_gap500_min80_win1500,energy_hysteresis_bounded_merge_nonoverlap_v3,True
e3bc1069-6c55-448f-8d73-8d6b8aaa715a_seg_0,e3bc1069-6c55-448f-8d73-8d6b8aaa715a,train,0,dry,0,weak_expert,7.56,0.9079316854476929,5,5,False,top15_margin6_smooth30_gap500_min80_win1500,energy_hysteresis_bounded_merge_nonoverlap_v3,True
e5afc038-4511-49d8-9540-07e27a990096_seg_0,e5afc038-4511-49d8-9540-07e27a990096,train,0,dry,0,weak_expert,9.9,0.9395700693130493,4,4,False,top15_margin6_smooth30_gap500_min80_win1500,energy_hysteresis_bounded_merge_nonoverlap_v3,True
e5e9bc03-88b3-432f-b8d1-ca8891b72912_seg_0,e5e9bc03-88b3-432f-b8d1-ca8891b72912,train,0,dry,0,weak_expert,9.6,0.7953358888626099,2,2,False,top15_margin6_smooth30_gap500_min80_win1500,energy_hysteresis_bounded_merge_nonoverlap_v3,True
e84454f0-c5a0-4447-a20e-661620e7623d_seg_0,e84454f0-c5a0-4447-a20e-661620e7623d,train,0,dry,0,weak_expert,9.78,0.8231906890869141,3,3,False,top15_margin6_smooth30_gap500_min80_win1500,energy_hysteresis_bounded_merge_nonoverlap_v3,True
e8527a0e-96c9-4026-96c2-3b3a3508f3ee_seg_0,e8527a0e-96c9-4026-96c2-3b3a3508f3ee,train,0,dry,0,weak_expert,9.96,0.9147195816040039,3,3,False,top15_margin6_smooth30_gap500_min80_win1500,energy_hysteresis_bounded_merge_nonoverlap_v3,True
ea550a6f-3b55-4beb-9aa3-1325feed86ab_seg_0,ea550a6f-3b55-4beb-9aa3-1325feed86ab,train,0,dry,0,weak_expert,4.14,0.8338643312454224,2,2,False,top15_margin6_smooth30_gap500_min80_win1500,energy_hysteresis_bounded_merge_nonoverlap_v3,True
ea783521-7fe9-4e65-9dd1-ba4d30126bae_seg_0,ea783521-7fe9-4e65-9dd1-ba4d30126bae,train,0,dry,0,weak_expert,9.78,0.6996016502380371,3,3,False,top15_margin6_smooth30_gap500_min80_win1500,energy_hysteresis_bounded_merge_nonoverlap_v3,True
ec53685a-d497-492f-a753-2e0418ee6e1d_seg_0,ec53685a-d497-492f-a753-2e0418ee6e1d,train,0,dry,0,weak_expert,4.02,0.6798915863037109,1,1,False,top15_margin6_smooth30_gap500_min80_win1500,energy_hysteresis_bounded_merge_nonoverlap_v3,True
ee81db75-dd90-45fc-a2a4-3dfb689f2fbd_seg_0,ee81db75-dd90-45fc-a2a4-3dfb689f2fbd,train,0,dry,0,weak_expert,9.66,0.9353494048118591,4,4,False,top15_margin6_smooth30_gap500_min80_win1500,energy_hysteresis_bounded_merge_nonoverlap_v3,True
f0be2916-492b-4de5-9061-015407dfe010_seg_0,f0be2916-492b-4de5-9061-015407dfe010,train,0,dry,0,weak_expert,9.78,0.9070941209793091,2,2,False,top15_margin6_smooth30_gap500_min80_win1500,energy_hysteresis_bounded_merge_nonoverlap_v3,True
f25876a9-e307-41a9-bd78-7ab345f9925e_seg_0,f25876a9-e307-41a9-bd78-7ab345f9925e,train,0,dry,0,weak_expert,9.84,0.9538937211036682,3,3,False,top15_margin6_smooth30_gap500_min80_win1500,energy_hysteresis_bounded_merge_nonoverlap_v3,True
f2d57d35-d8f6-480d-bb64-58a5676ed09c_seg_0,f2d57d35-d8f6-480d-bb64-58a5676ed09c,train,0,dry,0,weak_expert,9.84,0.6731977462768555,4,4,False,top15_margin6_smooth30_gap500_min80_win1500,energy_hysteresis_bounded_merge_nonoverlap_v3,True
f4748a2e-b4b7-4b87-be75-8352db1c9b25_seg_0,f4748a2e-b4b7-4b87-be75-8352db1c9b25,train,0,dry,0,weak_expert,2.04,0.7910471558570862,1,1,False,top15_margin6_smooth30_gap500_min80_win1500,energy_hysteresis_bounded_merge_nonoverlap_v3,True
f4eaf2ba-b2e3-4755-893e-6ddb786189c9_seg_0,f4eaf2ba-b2e3-4755-893e-6ddb786189c9,train,0,dry,0,gold_expert,9.96,0.7926145792007446,3,3,False,top15_margin6_smooth30_gap500_min80_win1500,energy_hysteresis_bounded_merge_nonoverlap_v3,True
f5a661dc-8161-4842-b1c3-cd7265896101_seg_0,f5a661dc-8161-4842-b1c3-cd7265896101,train,0,dry,0,weak_expert,9.9,0.7629807591438293,3,3,False,top15_margin6_smooth30_gap500_min80_win1500,energy_hysteresis_bounded_merge_nonoverlap_v3,True
f6205ed8-a1cc-4685-aadc-c5bf8cc87490_seg_0,f6205ed8-a1cc-4685-aadc-c5bf8cc87490,train,0,dry,0,weak_expert,10.0,0.2161809206008911,3,3,False,top15_margin6_smooth30_gap500_min80_win1500,energy_hysteresis_bounded_merge_nonoverlap_v3,True
f98206a8-8669-4527-b3c8-7064c9aa929e_seg_0,f98206a8-8669-4527-b3c8-7064c9aa929e,train,0,dry,0,weak_expert,9.78,0.771317183971405,3,3,False,top15_margin6_smooth30_gap500_min80_win1500,energy_hysteresis_bounded_merge_nonoverlap_v3,True
f9b7c88c-63c0-489e-80c7-75ac6b11c182_seg_0,f9b7c88c-63c0-489e-80c7-75ac6b11c182,train,0,dry,0,weak_expert,9.66,1.0064221620559692,6,6,False,top15_margin6_smooth30_gap500_min80_win1500,energy_hysteresis_bounded_merge_nonoverlap_v3,True
fcc3203a-cc1f-4eb8-a652-39a43311f598_seg_0,fcc3203a-cc1f-4eb8-a652-39a43311f598,train,0,dry,0,weak_expert,9.84,0.8171298503875732,5,5,False,top15_margin6_smooth30_gap500_min80_win1500,energy_hysteresis_bounded_merge_nonoverlap_v3,True
febc1922-0a6f-4667-8f5a-d28efdcd993d_seg_0,febc1922-0a6f-4667-8f5a-d28efdcd993d,train,0,dry,0,weak_expert,9.78,0.9223473072052002,4,4,False,top15_margin6_smooth30_gap500_min80_win1500,energy_hysteresis_bounded_merge_nonoverlap_v3,True
ff8363d2-016d-4738-9499-4c62480886fb_seg_0,ff8363d2-016d-4738-9499-4c62480886fb,train,0,dry,0,weak_expert,9.84,0.9955508708953857,3,3,False,top15_margin6_smooth30_gap500_min80_win1500,energy_hysteresis_bounded_merge_nonoverlap_v3,True
ffedc843-bfc2-4ad6-a749-2bc86bdac84a_seg_0,ffedc843-bfc2-4ad6-a749-2bc86bdac84a,train,0,dry,0,weak_expert,9.66,0.8838772177696228,1,1,False,top15_margin6_smooth30_gap500_min80_win1500,energy_hysteresis_bounded_merge_nonoverlap_v3,True
034aa6d3-6673-47a1-a319-325aa9be44a2_seg_0,034aa6d3-6673-47a1-a319-325aa9be44a2,train,0,wet,1,weak_expert,4.38,0.8741815090179443,2,2,False,top15_margin6_smooth30_gap500_min80_win1500,energy_hysteresis_bounded_merge_nonoverlap_v3,True
0a03da19-eb19-4f51-9860-78ad95fa8cb5_seg_0,0a03da19-eb19-4f51-9860-78ad95fa8cb5,train,0,wet,1,weak_expert,9.96,0.7702106237411499,1,1,False,top15_margin6_smooth30_gap500_min80_win1500,energy_hysteresis_bounded_merge_nonoverlap_v3,True
0b0d7e10-8353-4124-a16b-bf96e405f63c_seg_0,0b0d7e10-8353-4124-a16b-bf96e405f63c,train,0,wet,1,weak_expert,4.32,0.8293178081512451,2,2,False,top15_margin6_smooth30_gap500_min80_win1500,energy_hysteresis_bounded_merge_nonoverlap_v3,True
0b467189-37bc-488a-bf88-43611762fea8_seg_0,0b467189-37bc-488a-bf88-43611762fea8,train,0,wet,1,weak_expert,5.1,0.7190170884132385,2,2,False,top15_margin6_smooth30_gap500_min80_win1500,energy_hysteresis_bounded_merge_nonoverlap_v3,True
0bbac203-c99f-4895-ad6a-85202f1d93a2_seg_0,0bbac203-c99f-4895-ad6a-85202f1d93a2,train,0,wet,1,weak_expert,2.94,1.0703858137130737,1,1,False,top15_margin6_smooth30_gap500_min80_win1500,energy_hysteresis_bounded_merge_nonoverlap_v3,True
0ed0f24e-8e57-4183-9b9f-837a701f87df_seg_0,0ed0f24e-8e57-4183-9b9f-837a701f87df,train,0,wet,1,weak_expert,6.96,0.8318389654159546,1,1,False,top15_margin6_smooth30_gap500_min80_win1500,energy_hysteresis_bounded_merge_nonoverlap_v3,True
13bbc1cd-358b-4e90-9a35-31428809eb2a_seg_0,13bbc1cd-358b-4e90-9a35-31428809eb2a,train,0,wet,1,weak_expert,4.38,0.9155591726303101,1,1,False,top15_margin6_smooth30_gap500_min80_win1500,energy_hysteresis_bounded_merge_nonoverlap_v3,True
18722fbe-d240-457a-a0fc-2d9d09bfbcc8_seg_0,18722fbe-d240-457a-a0fc-2d9d09bfbcc8,train,0,wet,1,weak_expert,9.84,0.8975372314453125,4,4,False,top15_margin6_smooth30_gap500_min80_win1500,energy_hysteresis_bounded_merge_nonoverlap_v3,True
191dca0e-7951-4aa3-9764-2761bd511955_seg_0,191dca0e-7951-4aa3-9764-2761bd511955,train,0,wet,1,weak_expert,9.78,0.8186138868331909,3,3,False,top15_margin6_smooth30_gap500_min80_win1500,energy_hysteresis_bounded_merge_nonoverlap_v3,True
1c21cb68-6ea8-4aa1-af22-2e64007554d7_seg_0,1c21cb68-6ea8-4aa1-af22-2e64007554d7,train,0,wet,1,weak_expert,9.78,1.001429796218872,4,4,False,top15_margin6_smooth30_gap500_min80_win1500,energy_hysteresis_bounded_merge_nonoverlap_v3,True
2295a6f8-08d5-467f-8534-8329c9083f28_seg_0,2295a6f8-08d5-467f-8534-8329c9083f28,train,0,wet,1,weak_expert,9.72,0.9828568696975708,5,5,False,top15_margin6_smooth30_gap500_min80_win1500,energy_hysteresis_bounded_merge_nonoverlap_v3,True
2499bd0e-4221-449a-8184-ee15e1c80b35_seg_0,2499bd0e-4221-449a-8184-ee15e1c80b35,train,0,wet,1,weak_expert,3.72,0.8413783311843872,1,1,False,top15_margin6_smooth30_gap500_min80_win1500,energy_hysteresis_bounded_merge_nonoverlap_v3,True
255387fa-5934-4b9b-8c6d-9de47c3841b0_seg_0,255387fa-5934-4b9b-8c6d-9de47c3841b0,train,0,wet,1,weak_expert,9.96,0.9855592250823975,4,4,False,top15_margin6_smooth30_gap500_min80_win1500,energy_hysteresis_bounded_merge_nonoverlap_v3,True
2af862d9-7cac-4270-97de-ae4b4c293d07_seg_0,2af862d9-7cac-4270-97de-ae4b4c293d07,train,0,wet,1,weak_expert,6.78,0.8971412181854248,6,6,False,top15_margin6_smooth30_gap500_min80_win1500,energy_hysteresis_bounded_merge_nonoverlap_v3,True
2de3fb8f-20a6-4fa5-8428-11cad3338d37_seg_0,2de3fb8f-20a6-4fa5-8428-11cad3338d37,train,0,wet,1,weak_expert,9.78,0.9180558919906616,1,1,False,top15_margin6_smooth30_gap500_min80_win1500,energy_hysteresis_bounded_merge_nonoverlap_v3,True
332d696d-74bf-49ef-998a-764316780ee5_seg_0,332d696d-74bf-49ef-998a-764316780ee5,train,0,wet,1,weak_expert,4.92,0.921942949295044,1,1,False,top15_margin6_smooth30_gap500_min80_win1500,energy_hysteresis_bounded_merge_nonoverlap_v3,True
338f9eb0-d1eb-4448-b183-15d75afece8c_seg_0,338f9eb0-d1eb-4448-b183-15d75afece8c,train,0,wet,1,weak_expert,5.16,1.0891577005386353,1,1,False,top15_margin6_smooth30_gap500_min80_win1500,energy_hysteresis_bounded_merge_nonoverlap_v3,True
3481b694-34fe-4b03-a529-88ef085815fd_seg_0,3481b694-34fe-4b03-a529-88ef085815fd,train,0,wet,1,weak_expert,9.96,1.0067808628082275,5,5,False,top15_margin6_smooth30_gap500_min80_win1500,energy_hysteresis_bounded_merge_nonoverlap_v3,True
34e4c711-fd77-4f76-babf-76437885227e_seg_0,34e4c711-fd77-4f76-babf-76437885227e,train,0,wet,1,weak_expert,9.66,0.9388433694839478,3,3,False,top15_margin6_smooth30_gap500_min80_win1500,energy_hysteresis_bounded_merge_nonoverlap_v3,True
35647ec0-1566-4df0-ae5d-27b0357ece7c_seg_0,35647ec0-1566-4df0-ae5d-27b0357ece7c,train,0,wet,1,weak_expert,9.36,0.9187577366828918,3,3,False,top15_margin6_smooth30_gap500_min80_win1500,energy_hysteresis_bounded_merge_nonoverlap_v3,True
38c23848-68c1-41a6-b8c8-5d0685dc0246_seg_0,38c23848-68c1-41a6-b8c8-5d0685dc0246,train,0,wet,1,weak_expert,7.74,0.8416908979415894,3,3,False,top15_margin6_smooth30_gap500_min80_win1500,energy_hysteresis_bounded_merge_nonoverlap_v3,True
3c0efb34-6a14-4b8f-b759-b6e8f2a3c479_seg_0,3c0efb34-6a14-4b8f-b759-b6e8f2a3c479,train,0,wet,1,weak_expert,9.9,0.7507607936859131,2,2,False,top15_margin6_smooth30_gap500_min80_win1500,energy_hysteresis_bounded_merge_nonoverlap_v3,True
3d1a50bb-5d38-459e-91a0-e57c3ac04e45_seg_0,3d1a50bb-5d38-459e-91a0-e57c3ac04e45,train,0,wet,1,weak_expert,9.78,0.8902761340141296,3,3,False,top15_margin6_smooth30_gap500_min80_win1500,energy_hysteresis_bounded_merge_nonoverlap_v3,True
3ecfa0a9-d972-4958-9e46-44dcf980601f_seg_0,3ecfa0a9-d972-4958-9e46-44dcf980601f,train,0,wet,1,weak_expert,7.32,0.8835083246231079,3,3,False,top15_margin6_smooth30_gap500_min80_win1500,energy_hysteresis_bounded_merge_nonoverlap_v3,True
42dcff9d-b2e1-4b9e-bd93-81a0a100d232_seg_0,42dcff9d-b2e1-4b9e-bd93-81a0a100d232,train,0,wet,1,weak_expert,9.9,0.9180063605308533,2,2,False,top15_margin6_smooth30_gap500_min80_win1500,energy_hysteresis_bounded_merge_nonoverlap_v3,True
43d84d62-8837-479b-bcb6-30effd9ecbc3_seg_0,43d84d62-8837-479b-bcb6-30effd9ecbc3,train,0,wet,1,weak_expert,9.96,0.7531428337097168,3,3,False,top15_margin6_smooth30_gap500_min80_win1500,energy_hysteresis_bounded_merge_nonoverlap_v3,True
44e9099f-aac3-4669-a80c-2ee40d65faef_seg_0,44e9099f-aac3-4669-a80c-2ee40d65faef,train,0,wet,1,weak_expert,3.6,0.9603450298309326,2,2,False,top15_margin6_smooth30_gap500_min80_win1500,energy_hysteresis_bounded_merge_nonoverlap_v3,True
494f9956-42e9-4cbf-803a-796e3bff2844_seg_0,494f9956-42e9-4cbf-803a-796e3bff2844,train,0,wet,1,weak_expert,9.78,0.8841328620910645,3,3,False,top15_margin6_smooth30_gap500_min80_win1500,energy_hysteresis_bounded_merge_nonoverlap_v3,True
4b03a48f-c4d7-41c6-9567-678141df90e1_seg_0,4b03a48f-c4d7-41c6-9567-678141df90e1,train,0,wet,1,weak_expert,5.1,1.067907452583313,1,1,False,top15_margin6_smooth30_gap500_min80_win1500,energy_hysteresis_bounded_merge_nonoverlap_v3,True
4c56d691-9cda-499c-8613-59a9c5659003_seg_0,4c56d691-9cda-499c-8613-59a9c5659003,train,0,wet,1,weak_expert,3.42,0.9560741782188416,1,1,False,top15_margin6_smooth30_gap500_min80_win1500,energy_hysteresis_bounded_merge_nonoverlap_v3,True
4ca22143-61f2-4f7a-a73e-6304d31a3871_seg_0,4ca22143-61f2-4f7a-a73e-6304d31a3871,train,0,wet,1,weak_expert,2.88,0.9135565757751465,1,1,False,top15_margin6_smooth30_gap500_min80_win1500,energy_hysteresis_bounded_merge_nonoverlap_v3,True
4fcf0262-b38d-438e-8253-c4f45d20071d_seg_0,4fcf0262-b38d-438e-8253-c4f45d20071d,train,0,wet,1,weak_expert,5.64,0.8844645023345947,3,3,False,top15_margin6_smooth30_gap500_min80_win1500,energy_hysteresis_bounded_merge_nonoverlap_v3,True
4ff8d59c-1714-4de5-bdd0-15e6f5bafb6b_seg_0,4ff8d59c-1714-4de5-bdd0-15e6f5bafb6b,train,0,wet,1,weak_expert,9.84,0.9402709603309631,3,3,False,top15_margin6_smooth30_gap500_min80_win1500,energy_hysteresis_bounded_merge_nonoverlap_v3,True
56da1f04-fe81-4928-a1de-0f3b9d333c12_seg_0,56da1f04-fe81-4928-a1de-0f3b9d333c12,train,0,wet,1,weak_expert,6.78,1.0022854804992676,3,3,False,top15_margin6_smooth30_gap500_min80_win1500,energy_hysteresis_bounded_merge_nonoverlap_v3,True
5ab08ae7-0124-4a60-a2dc-d4a0845cc55b_seg_0,5ab08ae7-0124-4a60-a2dc-d4a0845cc55b,train,0,wet,1,weak_expert,5.58,0.8589900732040405,1,1,False,top15_margin6_smooth30_gap500_min80_win1500,energy_hysteresis_bounded_merge_nonoverlap_v3,True
5b3b1fd8-70c2-4b40-b759-e2cad6fe9a97_seg_0,5b3b1fd8-70c2-4b40-b759-e2cad6fe9a97,train,0,wet,1,weak_expert,5.04,1.0195561647415161,2,2,False,top15_margin6_smooth30_gap500_min80_win1500,energy_hysteresis_bounded_merge_nonoverlap_v3,True
6462d540-48bc-410b-b08e-cdf0b45ee118_seg_0,6462d540-48bc-410b-b08e-cdf0b45ee118,train,0,wet,1,gold_expert,9.78,0.9851304292678833,2,2,False,top15_margin6_smooth30_gap500_min80_win1500,energy_hysteresis_bounded_merge_nonoverlap_v3,True
6ad6d999-71c0-409b-970e-03aee3078306_seg_0,6ad6d999-71c0-409b-970e-03aee3078306,train,0,wet,1,weak_expert,9.96,1.0434048175811768,2,2,False,top15_margin6_smooth30_gap500_min80_win1500,energy_hysteresis_bounded_merge_nonoverlap_v3,True
6ea6af0c-0f77-46d6-a65b-8df3a925d231_seg_0,6ea6af0c-0f77-46d6-a65b-8df3a925d231,train,0,wet,1,weak_expert,7.32,0.8954615592956543,3,3,False,top15_margin6_smooth30_gap500_min80_win1500,energy_hysteresis_bounded_merge_nonoverlap_v3,True
706b1acc-0e61-499e-abb1-43de015eef46_seg_0,706b1acc-0e61-499e-abb1-43de015eef46,train,0,wet,1,weak_expert,7.02,0.9824362993240356,3,3,False,top15_margin6_smooth30_gap500_min80_win1500,energy_hysteresis_bounded_merge_nonoverlap_v3,True
73786652-bf01-4a78-8e04-7c44a77d5108_seg_0,73786652-bf01-4a78-8e04-7c44a77d5108,train,0,wet,1,weak_expert,9.48,0.8146491050720215,2,2,False,top15_margin6_smooth30_gap500_min80_win1500,energy_hysteresis_bounded_merge_nonoverlap_v3,True
752cd126-1698-4d9d-9649-a1177196d769_seg_0,752cd126-1698-4d9d-9649-a1177196d769,train,0,wet,1,weak_expert,9.84,0.9095947742462158,3,3,False,top15_margin6_smooth30_gap500_min80_win1500,energy_hysteresis_bounded_merge_nonoverlap_v3,True
7667763a-3a74-4a29-b5f3-67b626922e05_seg_0,7667763a-3a74-4a29-b5f3-67b626922e05,train,0,wet,1,weak_expert,9.72,0.7276034355163574,4,4,False,top15_margin6_smooth30_gap500_min80_win1500,energy_hysteresis_bounded_merge_nonoverlap_v3,True
7b5698cb-b713-4f6d-bb5f-6142b6f509a3_seg_0,7b5698cb-b713-4f6d-bb5f-6142b6f509a3,train,0,wet,1,weak_expert,3.72,0.9456900358200073,1,1,False,top15_margin6_smooth30_gap500_min80_win1500,energy_hysteresis_bounded_merge_nonoverlap_v3,True
80cb70ea-369c-44aa-b304-b72b5fe3d07b_seg_0,80cb70ea-369c-44aa-b304-b72b5fe3d07b,train,0,wet,1,weak_expert,9.78,0.8664365410804749,4,4,False,top15_margin6_smooth30_gap500_min80_win1500,energy_hysteresis_bounded_merge_nonoverlap_v3,True
88e12b5e-5946-4d70-b2e2-20fc2d8d7d0f_seg_0,88e12b5e-5946-4d70-b2e2-20fc2d8d7d0f,train,0,wet,1,weak_expert,9.9,0.9691466093063354,5,5,False,top15_margin6_smooth30_gap500_min80_win1500,energy_hysteresis_bounded_merge_nonoverlap_v3,True
8960f83e-bc0f-48f9-b913-a905b11378d8_seg_0,8960f83e-bc0f-48f9-b913-a905b11378d8,train,0,wet,1,weak_expert,9.9,0.9100314378738403,4,4,False,top15_margin6_smooth30_gap500_min80_win1500,energy_hysteresis_bounded_merge_nonoverlap_v3,True
8a7a47d9-7bcc-4eb2-9b93-bf2bf0eccba8_seg_0,8a7a47d9-7bcc-4eb2-9b93-bf2bf0eccba8,train,0,wet,1,weak_expert,5.34,0.8290697336196899,1,1,False,top15_margin6_smooth30_gap500_min80_win1500,energy_hysteresis_bounded_merge_nonoverlap_v3,True
8e40d48d-8f5d-4892-8103-451b2679283f_seg_0,8e40d48d-8f5d-4892-8103-451b2679283f,train,0,wet,1,weak_expert,9.84,0.8566974997520447,2,2,False,top15_margin6_smooth30_gap500_min80_win1500,energy_hysteresis_bounded_merge_nonoverlap_v3,True
906c93d3-6615-478b-a7a1-803a5a15d360_seg_0,906c93d3-6615-478b-a7a1-803a5a15d360,train,0,wet,1,weak_expert,9.9,0.8215729594230652,3,3,False,top15_margin6_smooth30_gap500_min80_win1500,energy_hysteresis_bounded_merge_nonoverlap_v3,True
93711a18-72ba-4e31-a846-73e3baf84128_seg_0,93711a18-72ba-4e31-a846-73e3baf84128,train,0,wet,1,weak_expert,6.66,0.9712525010108948,4,4,False,top15_margin6_smooth30_gap500_min80_win1500,energy_hysteresis_bounded_merge_nonoverlap_v3,True
980be57b-b54c-4e5e-871f-41ef7785dae5_seg_0,980be57b-b54c-4e5e-871f-41ef7785dae5,train,0,wet,1,weak_expert,3.24,0.781297504901886,1,1,False,top15_margin6_smooth30_gap500_min80_win1500,energy_hysteresis_bounded_merge_nonoverlap_v3,True
9aad0bb1-3d4e-430b-964f-2a8b27a20143_seg_0,9aad0bb1-3d4e-430b-964f-2a8b27a20143,train,0,wet,1,weak_expert,9.9,0.9688949584960938,4,4,False,top15_margin6_smooth30_gap500_min80_win1500,energy_hysteresis_bounded_merge_nonoverlap_v3,True
9f671ce6-784b-4e64-bcd9-086a4f2db274_seg_0,9f671ce6-784b-4e64-bcd9-086a4f2db274,train,0,wet,1,weak_expert,9.96,0.9396815299987793,4,4,False,top15_margin6_smooth30_gap500_min80_win1500,energy_hysteresis_bounded_merge_nonoverlap_v3,True
a03baece-440f-4026-9705-4fcb2bc9e065_seg_0,a03baece-440f-4026-9705-4fcb2bc9e065,train,0,wet,1,weak_expert,9.84,0.9468197822570801,3,3,False,top15_margin6_smooth30_gap500_min80_win1500,energy_hysteresis_bounded_merge_nonoverlap_v3,True
a6645b1d-dadc-4258-b03b-c5b3f05d519d_seg_0,a6645b1d-dadc-4258-b03b-c5b3f05d519d,train,0,wet,1,weak_expert,9.9,0.9148273468017578,3,3,False,top15_margin6_smooth30_gap500_min80_win1500,energy_hysteresis_bounded_merge_nonoverlap_v3,True
a8b75ca3-e846-415b-809b-5a7c2c9024eb_seg_0,a8b75ca3-e846-415b-809b-5a7c2c9024eb,train,0,wet,1,weak_expert,9.96,1.0269807577133179,5,5,False,top15_margin6_smooth30_gap500_min80_win1500,energy_hysteresis_bounded_merge_nonoverlap_v3,True
a9910dca-8898-4eed-90ed-1371a22c64e6_seg_0,a9910dca-8898-4eed-90ed-1371a22c64e6,train,0,wet,1,weak_expert,5.16,0.7323288917541504,1,1,False,top15_margin6_smooth30_gap500_min80_win1500,energy_hysteresis_bounded_merge_nonoverlap_v3,True
b5314535-17c1-407c-9028-f6c63f83e362_seg_0,b5314535-17c1-407c-9028-f6c63f83e362,train,0,wet,1,weak_expert,9.9,0.9023591876029968,3,3,False,top15_margin6_smooth30_gap500_min80_win1500,energy_hysteresis_bounded_merge_nonoverlap_v3,True
bb84b88b-acd0-4975-8d43-0d0ebbf071f3_seg_0,bb84b88b-acd0-4975-8d43-0d0ebbf071f3,train,0,wet,1,weak_expert,9.72,0.976972222328186,3,3,False,top15_margin6_smooth30_gap500_min80_win1500,energy_hysteresis_bounded_merge_nonoverlap_v3,True
bc74e39c-ab99-475d-932c-289473b9de54_seg_0,bc74e39c-ab99-475d-932c-289473b9de54,train,0,wet,1,weak_expert,8.46,0.6629719138145447,2,2,False,top15_margin6_smooth30_gap500_min80_win1500,energy_hysteresis_bounded_merge_nonoverlap_v3,True
bfb9c86e-eead-44ac-8969-ea42e869a3a3_seg_0,bfb9c86e-eead-44ac-8969-ea42e869a3a3,train,0,wet,1,weak_expert,9.84,0.999596893787384,4,4,False,top15_margin6_smooth30_gap500_min80_win1500,energy_hysteresis_bounded_merge_nonoverlap_v3,True
c73c0e08-c880-4f04-a432-150d9c955b0c_seg_0,c73c0e08-c880-4f04-a432-150d9c955b0c,train,0,wet,1,weak_expert,9.06,0.7925598621368408,3,3,False,top15_margin6_smooth30_gap500_min80_win1500,energy_hysteresis_bounded_merge_nonoverlap_v3,True
cafcbee4-cfe7-4bac-8bbe-ba98da2b9179_seg_0,cafcbee4-cfe7-4bac-8bbe-ba98da2b9179,train,0,wet,1,weak_expert,4.92,0.7958223223686218,2,2,False,top15_margin6_smooth30_gap500_min80_win1500,energy_hysteresis_bounded_merge_nonoverlap_v3,True
cbdd4f1b-a67e-46e3-8f1a-a52da5689294_seg_0,cbdd4f1b-a67e-46e3-8f1a-a52da5689294,train,0,wet,1,weak_expert,9.9,0.9037081003189087,6,6,False,top15_margin6_smooth30_gap500_min80_win1500,energy_hysteresis_bounded_merge_nonoverlap_v3,True
d50fb043-08aa-4960-94f7-e9bbc690e70d_seg_0,d50fb043-08aa-4960-94f7-e9bbc690e70d,train,0,wet,1,weak_expert,9.78,0.7303292751312256,1,1,False,top15_margin6_smooth30_gap500_min80_win1500,energy_hysteresis_bounded_merge_nonoverlap_v3,True
d9b4a30f-682d-4889-b65f-b359f4ebc74d_seg_0,d9b4a30f-682d-4889-b65f-b359f4ebc74d,train,0,wet,1,gold_expert,9.9,0.8475105166435242,4,4,False,top15_margin6_smooth30_gap500_min80_win1500,energy_hysteresis_bounded_merge_nonoverlap_v3,True
dccd10ed-751e-462c-9513-340d89510ea6_seg_0,dccd10ed-751e-462c-9513-340d89510ea6,train,0,wet,1,weak_expert,9.9,0.23546984791755676,4,4,False,top15_margin6_smooth30_gap500_min80_win1500,energy_hysteresis_bounded_merge_nonoverlap_v3,True
dd26e157-4b48-45b4-9d57-90ed5ed1d06b_seg_0,dd26e157-4b48-45b4-9d57-90ed5ed1d06b,train,0,wet,1,weak_expert,9.84,0.9662716388702393,1,1,False,top15_margin6_smooth30_gap500_min80_win1500,energy_hysteresis_bounded_merge_nonoverlap_v3,True
e16268c9-dc19-43d9-b55b-b01258603ae5_seg_0,e16268c9-dc19-43d9-b55b-b01258603ae5,train,0,wet,1,weak_expert,8.7,1.0195705890655518,6,6,False,top15_margin6_smooth30_gap500_min80_win1500,energy_hysteresis_bounded_merge_nonoverlap_v3,True
e35305cb-6b8a-4c37-a216-3857fab648e7_seg_0,e35305cb-6b8a-4c37-a216-3857fab648e7,train,0,wet,1,weak_expert,9.0,0.7089354395866394,2,2,False,top15_margin6_smooth30_gap500_min80_win1500,energy_hysteresis_bounded_merge_nonoverlap_v3,True
ec1c43c9-5043-4735-9f66-905e47e22b48_seg_0,ec1c43c9-5043-4735-9f66-905e47e22b48,train,0,wet,1,weak_expert,9.78,0.9676535725593567,4,4,False,top15_margin6_smooth30_gap500_min80_win1500,energy_hysteresis_bounded_merge_nonoverlap_v3,True
f347e2ac-a8f0-4eb1-8d14-088345ca7a7b_seg_0,f347e2ac-a8f0-4eb1-8d14-088345ca7a7b,train,0,wet,1,weak_expert,9.54,0.8076342940330505,3,3,False,top15_margin6_smooth30_gap500_min80_win1500,energy_hysteresis_bounded_merge_nonoverlap_v3,True
f5608979-5563-4e30-804a-901f50270c60_seg_0,f5608979-5563-4e30-804a-901f50270c60,train,0,wet,1,weak_expert,8.04,1.0039424896240234,3,3,False,top15_margin6_smooth30_gap500_min80_win1500,energy_hysteresis_bounded_merge_nonoverlap_v3,True
fbd52f87-029f-4bd9-86ed-4743018722e8_seg_0,fbd52f87-029f-4bd9-86ed-4743018722e8,train,0,wet,1,weak_expert,9.9,0.8797869682312012,2,2,False,top15_margin6_smooth30_gap500_min80_win1500,energy_hysteresis_bounded_merge_nonoverlap_v3,True
fd59bf10-ea8f-4401-a6d9-a9cce4e8303f_seg_0,fd59bf10-ea8f-4401-a6d9-a9cce4e8303f,train,0,wet,1,weak_expert,9.96,0.9234076738357544,1,1,False,top15_margin6_smooth30_gap500_min80_win1500,energy_hysteresis_bounded_merge_nonoverlap_v3,True
00ce5b06-c302-4387-bbd7-86355a4a8c12_seg_0,00ce5b06-c302-4387-bbd7-86355a4a8c12,train,1,dry,0,weak_expert,9.36,0.9993157386779785,5,5,False,top15_margin6_smooth30_gap500_min80_win1500,energy_hysteresis_bounded_merge_nonoverlap_v3,True
0177b817-0ba3-498a-bc05-48bc66cc91b8_seg_0,0177b817-0ba3-498a-bc05-48bc66cc91b8,train,1,dry,0,weak_expert,9.9,0.8493214845657349,2,2,False,top15_margin6_smooth30_gap500_min80_win1500,energy_hysteresis_bounded_merge_nonoverlap_v3,True
036d875c-d39b-45f1-a17f-7f7badf0aa42_seg_0,036d875c-d39b-45f1-a17f-7f7badf0aa42,train,1,dry,0,weak_expert,9.9,0.9931440353393555,2,2,False,top15_margin6_smooth30_gap500_min80_win1500,energy_hysteresis_bounded_merge_nonoverlap_v3,True
0379c586-c500-483c-83a6-95b63afe6931_seg_0,0379c586-c500-483c-83a6-95b63afe6931,train,1,dry,0,weak_expert,9.54,0.8904409408569336,3,3,False,top15_margin6_smooth30_gap500_min80_win1500,energy_hysteresis_bounded_merge_nonoverlap_v3,True
03fca101-9ce7-4eb9-aeae-a6f8d4ee5599_seg_0,03fca101-9ce7-4eb9-aeae-a6f8d4ee5599,train,1,dry,0,weak_expert,4.5,0.7686622142791748,2,2,False,top15_margin6_smooth30_gap500_min80_win1500,energy_hysteresis_bounded_merge_nonoverlap_v3,True
07e33d6b-560d-4c16-8d7e-ecd5ddb3b195_seg_0,07e33d6b-560d-4c16-8d7e-ecd5ddb3b195,train,1,dry,0,weak_expert,6.48,0.9415377378463745,3,3,False,top15_margin6_smooth30_gap500_min80_win1500,energy_hysteresis_bounded_merge_nonoverlap_v3,True
07f95718-2edc-4baa-9e18-3c6e04eb6e39_seg_0,07f95718-2edc-4baa-9e18-3c6e04eb6e39,train,1,dry,0,weak_expert,4.44,0.9095282554626465,1,1,False,top15_margin6_smooth30_gap500_min80_win1500,energy_hysteresis_bounded_merge_nonoverlap_v3,True
0c35e382-31cd-42cb-bc87-8a84b9c52a41_seg_0,0c35e382-31cd-42cb-bc87-8a84b9c52a41,train,1,dry,0,weak_expert,2.64,0.7947448492050171,1,1,False,top15_margin6_smooth30_gap500_min80_win1500,energy_hysteresis_bounded_merge_nonoverlap_v3,True
0eba0c0a-5609-4777-903d-b15292798250_seg_0,0eba0c0a-5609-4777-903d-b15292798250,train,1,dry,0,weak_expert,9.84,1.0022342205047607,5,5,False,top15_margin6_smooth30_gap500_min80_win1500,energy_hysteresis_bounded_merge_nonoverlap_v3,True
0f38cc71-e212-481e-ad6f-7ab087eb3cdb_seg_0,0f38cc71-e212-481e-ad6f-7ab087eb3cdb,train,1,dry,0,weak_expert,9.9,0.887427568435669,1,1,False,top15_margin6_smooth30_gap500_min80_win1500,energy_hysteresis_bounded_merge_nonoverlap_v3,True
0f87635c-4a6c-4c84-aaae-34afc236c22b_seg_0,0f87635c-4a6c-4c84-aaae-34afc236c22b,train,1,dry,0,weak_expert,9.36,1.0532183647155762,3,3,False,top15_margin6_smooth30_gap500_min80_win1500,energy_hysteresis_bounded_merge_nonoverlap_v3,True
100fa960-30ee-4dfd-9364-38cf878709a0_seg_0,100fa960-30ee-4dfd-9364-38cf878709a0,train,1,dry,0,weak_expert,9.96,1.0656647682189941,3,3,False,top15_margin6_smooth30_gap500_min80_win1500,energy_hysteresis_bounded_merge_nonoverlap_v3,True
11e0ed82-8f65-4a71-81cf-20fed63f9e51_seg_0,11e0ed82-8f65-4a71-81cf-20fed63f9e51,train,1,dry,0,weak_expert,9.78,0.8847150802612305,3,3,False,top15_margin6_smooth30_gap500_min80_win1500,energy_hysteresis_bounded_merge_nonoverlap_v3,True
13606b20-6081-484b-93e2-dd80648bfe06_seg_0,13606b20-6081-484b-93e2-dd80648bfe06,train,1,dry,0,weak_expert,9.9,0.9929996728897095,4,4,False,top15_margin6_smooth30_gap500_min80_win1500,energy_hysteresis_bounded_merge_nonoverlap_v3,True
13db4f04-6a75-4ae6-a8ed-45efb08cd0a3_seg_0,13db4f04-6a75-4ae6-a8ed-45efb08cd0a3,train,1,dry,0,weak_expert,9.84,0.9749632477760315,3,3,False,top15_margin6_smooth30_gap500_min80_win1500,energy_hysteresis_bounded_merge_nonoverlap_v3,True
154161ff-1243-49c0-a377-72992b6954e3_seg_0,154161ff-1243-49c0-a377-72992b6954e3,train,1,dry,0,weak_expert,9.3,0.9311370253562927,1,1,False,top15_margin6_smooth30_gap500_min80_win1500,energy_hysteresis_bounded_merge_nonoverlap_v3,True
15a88a65-a01f-4d31-9cb3-a8b46bb8b780_seg_0,15a88a65-a01f-4d31-9cb3-a8b46bb8b780,train,1,dry,0,weak_expert,9.84,0.8958449363708496,3,3,False,top15_margin6_smooth30_gap500_min80_win1500,energy_hysteresis_bounded_merge_nonoverlap_v3,True
161d1ac7-7dc1-440e-96e1-fa091f76d828_seg_0,161d1ac7-7dc1-440e-96e1-fa091f76d828,train,1,dry,0,weak_expert,4.56,0.7369648814201355,1,1,False,top15_margin6_smooth30_gap500_min80_win1500,energy_hysteresis_bounded_merge_nonoverlap_v3,True
16527cdc-bf15-4805-8f8d-28b11175ff5d_seg_0,16527cdc-bf15-4805-8f8d-28b11175ff5d,train,1,dry,0,weak_expert,6.48,1.0431584119796753,3,3,False,top15_margin6_smooth30_gap500_min80_win1500,energy_hysteresis_bounded_merge_nonoverlap_v3,True
16f9b161-86c6-4af1-99cb-0ab327f10fed_seg_0,16f9b161-86c6-4af1-99cb-0ab327f10fed,train,1,dry,0,weak_expert,9.9,0.9502960443496704,5,5,False,top15_margin6_smooth30_gap500_min80_win1500,energy_hysteresis_bounded_merge_nonoverlap_v3,True
18736769-dad3-4fa6-88d5-6e8dfc951008_seg_0,18736769-dad3-4fa6-88d5-6e8dfc951008,train,1,dry,0,weak_expert,9.72,0.7950425148010254,3,3,False,top15_margin6_smooth30_gap500_min80_win1500,energy_hysteresis_bounded_merge_nonoverlap_v3,True
1ba36c5a-542c-4164-aa43-b1f01f23f94d_seg_0,1ba36c5a-542c-4164-aa43-b1f01f23f94d,train,1,dry,0,weak_expert,9.84,0.8257299661636353,2,2,False,top15_margin6_smooth30_gap500_min80_win1500,energy_hysteresis_bounded_merge_nonoverlap_v3,True
1cc88f3a-3529-4cb8-a167-fc0cb5b0bfb6_seg_0,1cc88f3a-3529-4cb8-a167-fc0cb5b0bfb6,train,1,dry,0,weak_expert,3.54,0.8233740329742432,1,1,False,top15_margin6_smooth30_gap500_min80_win1500,energy_hysteresis_bounded_merge_nonoverlap_v3,True
1d19775f-175d-4fdd-8dfe-c080a0c8de45_seg_0,1d19775f-175d-4fdd-8dfe-c080a0c8de45,train,1,dry,0,weak_expert,8.28,0.8485995531082153,3,3,False,top15_margin6_smooth30_gap500_min80_win1500,energy_hysteresis_bounded_merge_nonoverlap_v3,True
2018bfea-0071-4aca-8d45-18dac4d65199_seg_0,2018bfea-0071-4aca-8d45-18dac4d65199,train,1,dry,0,weak_expert,9.78,0.8019497394561768,2,2,False,top15_margin6_smooth30_gap500_min80_win1500,energy_hysteresis_bounded_merge_nonoverlap_v3,True
20602da6-a92f-40ad-81d2-1688f5f1fcde_seg_0,20602da6-a92f-40ad-81d2-1688f5f1fcde,train,1,dry,0,weak_expert,5.64,0.9903942942619324,1,1,False,top15_margin6_smooth30_gap500_min80_win1500,energy_hysteresis_bounded_merge_nonoverlap_v3,True
2089c2bd-d408-429e-9f15-138343a5cc9c_seg_0,2089c2bd-d408-429e-9f15-138343a5cc9c,train,1,dry,0,weak_expert,9.78,0.9184220433235168,3,3,False,top15_margin6_smooth30_gap500_min80_win1500,energy_hysteresis_bounded_merge_nonoverlap_v3,True
20c748f1-3eba-47dd-84fa-b9160e4a1ac6_seg_0,20c748f1-3eba-47dd-84fa-b9160e4a1ac6,train,1,dry,0,weak_expert,9.84,0.8549423217773438,2,2,False,top15_margin6_smooth30_gap500_min80_win1500,energy_hysteresis_bounded_merge_nonoverlap_v3,True
2137ce12-072a-499e-bf8d-5ef099aa4b6b_seg_0,2137ce12-072a-499e-bf8d-5ef099aa4b6b,train,1,dry,0,weak_expert,9.84,0.9565594792366028,3,3,False,top15_margin6_smooth30_gap500_min80_win1500,energy_hysteresis_bounded_merge_nonoverlap_v3,True
2519f0bc-6606-4537-acc2-b8fdec0ee15c_seg_0,2519f0bc-6606-4537-acc2-b8fdec0ee15c,train,1,dry,0,weak_expert,9.96,0.9867184162139893,3,3,False,top15_margin6_smooth30_gap500_min80_win1500,energy_hysteresis_bounded_merge_nonoverlap_v3,True
25b750e5-8a76-4c13-9fd8-851e45d1b5ed_seg_0,25b750e5-8a76-4c13-9fd8-851e45d1b5ed,train,1,dry,0,weak_expert,9.84,0.9636859893798828,3,3,False,top15_margin6_smooth30_gap500_min80_win1500,energy_hysteresis_bounded_merge_nonoverlap_v3,True
27c2cc15-dd1e-455a-8bca-59794d2fe98f_seg_0,27c2cc15-dd1e-455a-8bca-59794d2fe98f,train,1,dry,0,weak_expert,9.78,0.8017325401306152,2,2,False,top15_margin6_smooth30_gap500_min80_win1500,energy_hysteresis_bounded_merge_nonoverlap_v3,True
296446a3-d81c-4aaa-897f-d80c849b95b0_seg_0,296446a3-d81c-4aaa-897f-d80c849b95b0,train,1,dry,0,weak_expert,9.9,0.8021382093429565,5,5,False,top15_margin6_smooth30_gap500_min80_win1500,energy_hysteresis_bounded_merge_nonoverlap_v3,True
29c56cde-7a9f-44dd-a1d6-f6e4878e33de_seg_0,29c56cde-7a9f-44dd-a1d6-f6e4878e33de,train,1,dry,0,weak_expert,9.84,0.6095212697982788,2,2,False,top15_margin6_smooth30_gap500_min80_win1500,energy_hysteresis_bounded_merge_nonoverlap_v3,True
2aa1d5be-0191-4540-9159-77ec1faa4094_seg_0,2aa1d5be-0191-4540-9159-77ec1faa4094,train,1,dry,0,weak_expert,9.24,0.9753596782684326,3,3,False,top15_margin6_smooth30_gap500_min80_win1500,energy_hysteresis_bounded_merge_nonoverlap_v3,True
2cc2fd2e-6314-424a-977b-7237f935fb65_seg_0,2cc2fd2e-6314-424a-977b-7237f935fb65,train,1,dry,0,gold_expert,9.84,0.8087756633758545,2,2,False,top15_margin6_smooth30_gap500_min80_win1500,energy_hysteresis_bounded_merge_nonoverlap_v3,True
2cfd466b-baa2-43f2-be7a-be2fb0e6dd66_seg_0,2cfd466b-baa2-43f2-be7a-be2fb0e6dd66,train,1,dry,0,weak_expert,3.6,0.9305979013442993,1,1,False,top15_margin6_smooth30_gap500_min80_win1500,energy_hysteresis_bounded_merge_nonoverlap_v3,True
2d090ab6-346d-4168-a8aa-57296bcaf6e0_seg_0,2d090ab6-346d-4168-a8aa-57296bcaf6e0,train,1,dry,0,weak_expert,2.34,0.8373104929924011,1,1,False,top15_margin6_smooth30_gap500_min80_win1500,energy_hysteresis_bounded_merge_nonoverlap_v3,True
2df9d90f-7616-482f-ae5a-e0c8d3ee4289_seg_0,2df9d90f-7616-482f-ae5a-e0c8d3ee4289,train,1,dry,0,weak_expert,9.78,1.026240348815918,1,1,False,top15_margin6_smooth30_gap500_min80_win1500,energy_hysteresis_bounded_merge_nonoverlap_v3,True
2f9750bf-c157-4326-b12f-b0fd5b6ec229_seg_0,2f9750bf-c157-4326-b12f-b0fd5b6ec229,train,1,dry,0,weak_expert,5.46,0.8812930583953857,1,1,False,top15_margin6_smooth30_gap500_min80_win1500,energy_hysteresis_bounded_merge_nonoverlap_v3,True
3245eebf-f4d3-4a72-ba74-26a5af5da2d1_seg_0,3245eebf-f4d3-4a72-ba74-26a5af5da2d1,train,1,dry,0,weak_expert,9.36,1.0426397323608398,2,2,False,top15_margin6_smooth30_gap500_min80_win1500,energy_hysteresis_bounded_merge_nonoverlap_v3,True
39791f26-0507-4862-ada4-369e28225207_seg_0,39791f26-0507-4862-ada4-369e28225207,train,1,dry,0,weak_expert,6.48,0.9189743399620056,1,1,False,top15_margin6_smooth30_gap500_min80_win1500,energy_hysteresis_bounded_merge_nonoverlap_v3,True
3ad08dbf-1d9e-4055-83fa-9a0e0bb45d34_seg_0,3ad08dbf-1d9e-4055-83fa-9a0e0bb45d34,train,1,dry,0,weak_expert,7.44,0.9013088941574097,3,3,False,top15_margin6_smooth30_gap500_min80_win1500,energy_hysteresis_bounded_merge_nonoverlap_v3,True
3b1db132-ba86-43e2-a35b-9638b5fce854_seg_0,3b1db132-ba86-43e2-a35b-9638b5fce854,train,1,dry,0,weak_expert,9.96,0.8927035331726074,3,3,False,top15_margin6_smooth30_gap500_min80_win1500,energy_hysteresis_bounded_merge_nonoverlap_v3,True
3b8e6988-cee6-4836-8c59-7ea1258b99b5_seg_0,3b8e6988-cee6-4836-8c59-7ea1258b99b5,train,1,dry,0,weak_expert,9.48,0.8235435485839844,6,6,False,top15_margin6_smooth30_gap500_min80_win1500,energy_hysteresis_bounded_merge_nonoverlap_v3,True
3bc2b14b-0b81-40bc-b6db-6f8864ede96a_seg_0,3bc2b14b-0b81-40bc-b6db-6f8864ede96a,train,1,dry,0,weak_expert,2.88,0.8317003846168518,1,1,False,top15_margin6_smooth30_gap500_min80_win1500,energy_hysteresis_bounded_merge_nonoverlap_v3,True
3e6c4fe1-b681-48d7-a576-5c4ddee41c70_seg_0,3e6c4fe1-b681-48d7-a576-5c4ddee41c70,train,1,dry,0,weak_expert,10.0,0.9587379097938538,4,4,False,top15_margin6_smooth30_gap500_min80_win1500,energy_hysteresis_bounded_merge_nonoverlap_v3,True
3eadfa75-5906-4695-91fb-5726a24e02cd_seg_0,3eadfa75-5906-4695-91fb-5726a24e02cd,train,1,dry,0,weak_expert,4.62,0.7307281494140625,1,1,False,top15_margin6_smooth30_gap500_min80_win1500,energy_hysteresis_bounded_merge_nonoverlap_v3,True
3f2c6f57-c361-4fe7-ada8-5f47b6e8ee60_seg_0,3f2c6f57-c361-4fe7-ada8-5f47b6e8ee60,train,1,dry,0,weak_expert,9.84,0.7595135569572449,2,2,False,top15_margin6_smooth30_gap500_min80_win1500,energy_hysteresis_bounded_merge_nonoverlap_v3,True
3f423152-d7aa-4c49-8c24-1fedcd4eb636_seg_0,3f423152-d7aa-4c49-8c24-1fedcd4eb636,train,1,dry,0,weak_expert,9.9,0.7934985160827637,4,4,False,top15_margin6_smooth30_gap500_min80_win1500,energy_hysteresis_bounded_merge_nonoverlap_v3,True
3fbe6119-b6d0-4aeb-beb8-19d1751ce190_seg_0,3fbe6119-b6d0-4aeb-beb8-19d1751ce190,train,1,dry,0,weak_expert,9.84,0.7978643178939819,1,1,False,top15_margin6_smooth30_gap500_min80_win1500,energy_hysteresis_bounded_merge_nonoverlap_v3,True
408817b5-bd76-496d-9997-19cd7d36c45e_seg_0,408817b5-bd76-496d-9997-19cd7d36c45e,train,1,dry,0,weak_expert,9.96,0.6657553911209106,1,1,False,top15_margin6_smooth30_gap500_min80_win1500,energy_hysteresis_bounded_merge_nonoverlap_v3,True
41793be3-8eb0-467d-b9a2-f09f6678fc4e_seg_0,41793be3-8eb0-467d-b9a2-f09f6678fc4e,train,1,dry,0,weak_expert,9.96,1.0060206651687622,3,3,False,top15_margin6_smooth30_gap500_min80_win1500,energy_hysteresis_bounded_merge_nonoverlap_v3,True
41bb08e9-6d43-41bc-bca2-a465f7dcf2f3_seg_0,41bb08e9-6d43-41bc-bca2-a465f7dcf2f3,train,1,dry,0,weak_expert,9.84,0.8825303316116333,1,1,False,top15_margin6_smooth30_gap500_min80_win1500,energy_hysteresis_bounded_merge_nonoverlap_v3,True
422a71b9-7343-4d2f-9170-8976d2dc532b_seg_0,422a71b9-7343-4d2f-9170-8976d2dc532b,train,1,dry,0,weak_expert,9.96,0.7612012624740601,4,4,False,top15_margin6_smooth30_gap500_min80_win1500,energy_hysteresis_bounded_merge_nonoverlap_v3,True
43517c5a-e8ee-49a1-9b28-c2d224300996_seg_0,43517c5a-e8ee-49a1-9b28-c2d224300996,train,1,dry,0,weak_expert,9.42,0.9705989360809326,5,5,False,top15_margin6_smooth30_gap500_min80_win1500,energy_hysteresis_bounded_merge_nonoverlap_v3,True
447f49c5-43e7-48a9-9a82-1afefd22725b_seg_0,447f49c5-43e7-48a9-9a82-1afefd22725b,train,1,dry,0,weak_expert,5.1,0.7337124943733215,1,1,False,top15_margin6_smooth30_gap500_min80_win1500,energy_hysteresis_bounded_merge_nonoverlap_v3,True
44d6d275-b422-4338-bda2-2d0cc203f72b_seg_0,44d6d275-b422-4338-bda2-2d0cc203f72b,train,1,dry,0,weak_expert,9.9,0.8047564625740051,2,2,False,top15_margin6_smooth30_gap500_min80_win1500,energy_hysteresis_bounded_merge_nonoverlap_v3,True
4564ccce-b037-4509-ac0b-a7c59a2a262a_seg_0,4564ccce-b037-4509-ac0b-a7c59a2a262a,train,1,dry,0,weak_expert,9.96,0.922179639339447,3,3,False,top15_margin6_smooth30_gap500_min80_win1500,energy_hysteresis_bounded_merge_nonoverlap_v3,True
4624e4da-10f1-44b0-855e-a7ac857fbc82_seg_0,4624e4da-10f1-44b0-855e-a7ac857fbc82,train,1,dry,0,weak_expert,4.02,0.9758563041687012,2,2,False,top15_margin6_smooth30_gap500_min80_win1500,energy_hysteresis_bounded_merge_nonoverlap_v3,True
47298691-1737-4d18-b301-b3526e935c1e_seg_0,47298691-1737-4d18-b301-b3526e935c1e,train,1,dry,0,weak_expert,9.9,1.1298186779022217,5,5,False,top15_margin6_smooth30_gap500_min80_win1500,energy_hysteresis_bounded_merge_nonoverlap_v3,True
49064a01-6e0f-45bd-8b1d-853438414e93_seg_0,49064a01-6e0f-45bd-8b1d-853438414e93,train,1,dry,0,weak_expert,9.9,0.7682195901870728,2,2,False,top15_margin6_smooth30_gap500_min80_win1500,energy_hysteresis_bounded_merge_nonoverlap_v3,True
4c9ce6f7-8ca8-41b9-8e18-8cd3de335c48_seg_0,4c9ce6f7-8ca8-41b9-8e18-8cd3de335c48,train,1,dry,0,weak_expert,9.96,0.14870315790176392,2,2,False,top15_margin6_smooth30_gap500_min80_win1500,energy_hysteresis_bounded_merge_nonoverlap_v3,True
4d230bec-1056-49ca-b274-c0825b924824_seg_0,4d230bec-1056-49ca-b274-c0825b924824,train,1,dry,0,weak_expert,9.36,0.9829860329627991,3,3,False,top15_margin6_smooth30_gap500_min80_win1500,energy_hysteresis_bounded_merge_nonoverlap_v3,True
4e47612c-6c09-4580-a9b6-2eb6bf2ab40c_seg_0,4e47612c-6c09-4580-a9b6-2eb6bf2ab40c,train,1,dry,0,weak_expert,9.84,0.7477260828018188,3,3,False,top15_margin6_smooth30_gap500_min80_win1500,energy_hysteresis_bounded_merge_nonoverlap_v3,True
4e9f4130-2954-4d29-adf5-d26768d3ead3_seg_0,4e9f4130-2954-4d29-adf5-d26768d3ead3,train,1,dry,0,weak_expert,2.76,0.802484393119812,1,1,False,top15_margin6_smooth30_gap500_min80_win1500,energy_hysteresis_bounded_merge_nonoverlap_v3,True
4f468032-6c4f-438b-9f19-219859552c5d_seg_0,4f468032-6c4f-438b-9f19-219859552c5d,train,1,dry,0,weak_expert,9.9,0.7703893184661865,3,3,False,top15_margin6_smooth30_gap500_min80_win1500,energy_hysteresis_bounded_merge_nonoverlap_v3,True
4f5a4b71-46a6-42d8-aecd-7e0cc23d7d70_seg_0,4f5a4b71-46a6-42d8-aecd-7e0cc23d7d70,train,1,dry,0,weak_expert,5.94,0.9532721638679504,1,1,False,top15_margin6_smooth30_gap500_min80_win1500,energy_hysteresis_bounded_merge_nonoverlap_v3,True
52f6838a-4033-4a71-84bb-81cbb4e64ab7_seg_0,52f6838a-4033-4a71-84bb-81cbb4e64ab7,train,1,dry,0,gold_expert,9.9,0.7133595943450928,2,2,False,top15_margin6_smooth30_gap500_min80_win1500,energy_hysteresis_bounded_merge_nonoverlap_v3,True
53325adb-0ff2-480a-8af0-fd9da2a10322_seg_0,53325adb-0ff2-480a-8af0-fd9da2a10322,train,1,dry,0,weak_expert,5.1,0.8126347661018372,1,1,False,top15_margin6_smooth30_gap500_min80_win1500,energy_hysteresis_bounded_merge_nonoverlap_v3,True
552dda14-3fea-4473-b39a-f409eb6a08f7_seg_0,552dda14-3fea-4473-b39a-f409eb6a08f7,train,1,dry,0,weak_expert,9.96,0.8794995546340942,3,3,False,top15_margin6_smooth30_gap500_min80_win1500,energy_hysteresis_bounded_merge_nonoverlap_v3,True
5607860e-70fd-4fab-8e93-158ecedabdaa_seg_0,5607860e-70fd-4fab-8e93-158ecedabdaa,train,1,dry,0,weak_expert,9.96,0.8715822100639343,5,5,False,top15_margin6_smooth30_gap500_min80_win1500,energy_hysteresis_bounded_merge_nonoverlap_v3,True
56e28407-7719-45a2-93a3-9dc34f6e2560_seg_0,56e28407-7719-45a2-93a3-9dc34f6e2560,train,1,dry,0,weak_expert,4.14,0.7048407793045044,2,2,False,top15_margin6_smooth30_gap500_min80_win1500,energy_hysteresis_bounded_merge_nonoverlap_v3,True
5729ad12-0130-4b4f-8865-159fbf93018a_seg_0,5729ad12-0130-4b4f-8865-159fbf93018a,train,1,dry,0,weak_expert,9.96,1.0099127292633057,4,4,False,top15_margin6_smooth30_gap500_min80_win1500,energy_hysteresis_bounded_merge_nonoverlap_v3,True
5806ea47-6382-4268-bc3b-2be28a600e15_seg_0,5806ea47-6382-4268-bc3b-2be28a600e15,train,1,dry,0,weak_expert,9.84,0.809582531452179,1,1,False,top15_margin6_smooth30_gap500_min80_win1500,energy_hysteresis_bounded_merge_nonoverlap_v3,True
5874af96-541d-443c-878d-996bd7bfa1cf_seg_0,5874af96-541d-443c-878d-996bd7bfa1cf,train,1,dry,0,weak_expert,9.78,0.963148832321167,2,2,False,top15_margin6_smooth30_gap500_min80_win1500,energy_hysteresis_bounded_merge_nonoverlap_v3,True
5ab4d303-64be-4ea4-a65e-8681659e8e5f_seg_0,5ab4d303-64be-4ea4-a65e-8681659e8e5f,train,1,dry,0,weak_expert,9.78,0.8682448267936707,2,2,False,top15_margin6_smooth30_gap500_min80_win1500,energy_hysteresis_bounded_merge_nonoverlap_v3,True
5bcb66a6-ed26-45fc-a0a1-c7286a01de66_seg_0,5bcb66a6-ed26-45fc-a0a1-c7286a01de66,train,1,dry,0,weak_expert,9.9,0.9753144979476929,3,3,False,top15_margin6_smooth30_gap500_min80_win1500,energy_hysteresis_bounded_merge_nonoverlap_v3,True
5d29532f-943b-4726-aca8-21191eeba327_seg_0,5d29532f-943b-4726-aca8-21191eeba327,train,1,dry,0,weak_expert,9.78,0.8140742778778076,2,2,False,top15_margin6_smooth30_gap500_min80_win1500,energy_hysteresis_bounded_merge_nonoverlap_v3,True
5e2dd52b-f9f1-4647-ac69-858dcb6f7611_seg_0,5e2dd52b-f9f1-4647-ac69-858dcb6f7611,train,1,dry,0,weak_expert,9.66,0.8780404329299927,3,3,False,top15_margin6_smooth30_gap500_min80_win1500,energy_hysteresis_bounded_merge_nonoverlap_v3,True
64522664-f2f7-4141-9b74-ba0b9d181c31_seg_0,64522664-f2f7-4141-9b74-ba0b9d181c31,train,1,dry,0,weak_expert,9.48,1.1391239166259766,4,4,False,top15_margin6_smooth30_gap500_min80_win1500,energy_hysteresis_bounded_merge_nonoverlap_v3,True
64d7d0e6-715c-4fd2-a0e8-334122b61ff2_seg_0,64d7d0e6-715c-4fd2-a0e8-334122b61ff2,train,1,dry,0,weak_expert,3.78,0.7706515789031982,1,1,False,top15_margin6_smooth30_gap500_min80_win1500,energy_hysteresis_bounded_merge_nonoverlap_v3,True
64e6a399-4aff-4758-a7a1-68f5460bd320_seg_0,64e6a399-4aff-4758-a7a1-68f5460bd320,train,1,dry,0,weak_expert,9.6,0.9217077493667603,2,2,False,top15_margin6_smooth30_gap500_min80_win1500,energy_hysteresis_bounded_merge_nonoverlap_v3,True
65be7822-e7c7-4fdc-9549-bf3fac30f919_seg_0,65be7822-e7c7-4fdc-9549-bf3fac30f919,train,1,dry,0,weak_expert,10.0,0.9161382913589478,4,4,False,top15_margin6_smooth30_gap500_min80_win1500,energy_hysteresis_bounded_merge_nonoverlap_v3,True
6604cf63-454a-4b13-9fc9-95eb74566e8e_seg_0,6604cf63-454a-4b13-9fc9-95eb74566e8e,train,1,dry,0,weak_expert,9.96,0.8483368158340454,7,7,False,top15_margin6_smooth30_gap500_min80_win1500,energy_hysteresis_bounded_merge_nonoverlap_v3,True
662fb840-9285-4fed-a114-633a324dc49f_seg_0,662fb840-9285-4fed-a114-633a324dc49f,train,1,dry,0,weak_expert,9.96,0.857065737247467,3,3,False,top15_margin6_smooth30_gap500_min80_win1500,energy_hysteresis_bounded_merge_nonoverlap_v3,True
67b0eab5-c09a-406b-9d1f-17562da9a7dd_seg_0,67b0eab5-c09a-406b-9d1f-17562da9a7dd,train,1,dry,0,weak_expert,5.34,0.8704944849014282,2,2,False,top15_margin6_smooth30_gap500_min80_win1500,energy_hysteresis_bounded_merge_nonoverlap_v3,True
68d5215b-afdb-4b7a-81d3-fbd5677de7b4_seg_0,68d5215b-afdb-4b7a-81d3-fbd5677de7b4,train,1,dry,0,weak_expert,5.88,0.2194884568452835,1,1,False,top15_margin6_smooth30_gap500_min80_win1500,energy_hysteresis_bounded_merge_nonoverlap_v3,True
69101dc9-dfd5-43b5-b063-54a2e634e021_seg_0,69101dc9-dfd5-43b5-b063-54a2e634e021,train,1,dry,0,weak_expert,9.84,0.7509856820106506,5,5,False,top15_margin6_smooth30_gap500_min80_win1500,energy_hysteresis_bounded_merge_nonoverlap_v3,True
6a15ea48-771c-4a7f-bab6-d348dcc6aabd_seg_0,6a15ea48-771c-4a7f-bab6-d348dcc6aabd,train,1,dry,0,weak_expert,9.9,1.0053834915161133,5,5,False,top15_margin6_smooth30_gap500_min80_win1500,energy_hysteresis_bounded_merge_nonoverlap_v3,True
6aa04a12-6e9a-4b9c-80da-a9fa01fc1757_seg_0,6aa04a12-6e9a-4b9c-80da-a9fa01fc1757,train,1,dry,0,weak_expert,9.72,0.9216715097427368,1,1,False,top15_margin6_smooth30_gap500_min80_win1500,energy_hysteresis_bounded_merge_nonoverlap_v3,True
6d194cdc-ba5a-40ba-8232-5bf150026c67_seg_0,6d194cdc-ba5a-40ba-8232-5bf150026c67,train,1,dry,0,weak_expert,3.96,0.8652936816215515,1,1,False,top15_margin6_smooth30_gap500_min80_win1500,energy_hysteresis_bounded_merge_nonoverlap_v3,True
6d528de2-cf20-4caa-a22e-ffc588c0bacb_seg_0,6d528de2-cf20-4caa-a22e-ffc588c0bacb,train,1,dry,0,weak_expert,6.48,0.8547188639640808,4,4,False,top15_margin6_smooth30_gap500_min80_win1500,energy_hysteresis_bounded_merge_nonoverlap_v3,True
6e348474-0779-49fa-afdf-49420f8ad6b2_seg_0,6e348474-0779-49fa-afdf-49420f8ad6b2,train,1,dry,0,weak_expert,2.82,0.8260550498962402,1,1,False,top15_margin6_smooth30_gap500_min80_win1500,energy_hysteresis_bounded_merge_nonoverlap_v3,True
7023acad-4e24-444b-b0a6-a3aa54bd321b_seg_0,7023acad-4e24-444b-b0a6-a3aa54bd321b,train,1,dry,0,weak_expert,5.16,0.8742878437042236,3,3,False,top15_margin6_smooth30_gap500_min80_win1500,energy_hysteresis_bounded_merge_nonoverlap_v3,True
7117304a-e59b-42c9-bea9-3c6f17b0d30e_seg_0,7117304a-e59b-42c9-bea9-3c6f17b0d30e,train,1,dry,0,weak_expert,9.66,0.853879451751709,2,2,False,top15_margin6_smooth30_gap500_min80_win1500,energy_hysteresis_bounded_merge_nonoverlap_v3,True
72418df9-2a0a-4da5-922d-7a1d5d12ab80_seg_0,72418df9-2a0a-4da5-922d-7a1d5d12ab80,train,1,dry,0,weak_expert,9.6,0.9441556930541992,4,4,False,top15_margin6_smooth30_gap500_min80_win1500,energy_hysteresis_bounded_merge_nonoverlap_v3,True
74048b34-b37a-46c1-bd4c-ccd169c37784_seg_0,74048b34-b37a-46c1-bd4c-ccd169c37784,train,1,dry,0,weak_expert,6.78,0.863216757774353,2,2,False,top15_margin6_smooth30_gap500_min80_win1500,energy_hysteresis_bounded_merge_nonoverlap_v3,True
75135933-89b0-4d43-9d75-688453353f56_seg_0,75135933-89b0-4d43-9d75-688453353f56,train,1,dry,0,weak_expert,9.84,1.0005091428756714,2,2,False,top15_margin6_smooth30_gap500_min80_win1500,energy_hysteresis_bounded_merge_nonoverlap_v3,True
7630638c-1d22-4852-be07-5a27af3c1e49_seg_0,7630638c-1d22-4852-be07-5a27af3c1e49,train,1,dry,0,weak_expert,9.9,0.6329489350318909,1,1,False,top15_margin6_smooth30_gap500_min80_win1500,energy_hysteresis_bounded_merge_nonoverlap_v3,True
76f9d2cf-0ee1-4c38-9f49-02e59b8d6fb3_seg_0,76f9d2cf-0ee1-4c38-9f49-02e59b8d6fb3,train,1,dry,0,weak_expert,9.78,0.7873446345329285,3,3,False,top15_margin6_smooth30_gap500_min80_win1500,energy_hysteresis_bounded_merge_nonoverlap_v3,True
7717442d-d687-4821-a55f-a89b524ff17b_seg_0,7717442d-d687-4821-a55f-a89b524ff17b,train,1,dry,0,weak_expert,9.78,0.8093936443328857,2,2,False,top15_margin6_smooth30_gap500_min80_win1500,energy_hysteresis_bounded_merge_nonoverlap_v3,True
79a12ab8-7497-4a70-871f-5486c6699f45_seg_0,79a12ab8-7497-4a70-871f-5486c6699f45,train,1,dry,0,weak_expert,9.42,1.0185445547103882,3,3,False,top15_margin6_smooth30_gap500_min80_win1500,energy_hysteresis_bounded_merge_nonoverlap_v3,True
7a20fe3e-5701-451c-b5c9-b8daf5b328e3_seg_0,7a20fe3e-5701-451c-b5c9-b8daf5b328e3,train,1,dry,0,weak_expert,9.9,0.8600149750709534,3,3,False,top15_margin6_smooth30_gap500_min80_win1500,energy_hysteresis_bounded_merge_nonoverlap_v3,True
7ae1ffe1-2259-411f-8ead-6c107e01e824_seg_0,7ae1ffe1-2259-411f-8ead-6c107e01e824,train,1,dry,0,gold_expert,9.78,0.7486113905906677,3,3,False,top15_margin6_smooth30_gap500_min80_win1500,energy_hysteresis_bounded_merge_nonoverlap_v3,True
7bc3c521-b422-45dd-bafc-0282abe03030_seg_0,7bc3c521-b422-45dd-bafc-0282abe03030,train,1,dry,0,weak_expert,7.44,0.9411617517471313,1,1,False,top15_margin6_smooth30_gap500_min80_win1500,energy_hysteresis_bounded_merge_nonoverlap_v3,True
7d0f7c10-c2fb-4a0b-8917-00c1bbfa9ba9_seg_0,7d0f7c10-c2fb-4a0b-8917-00c1bbfa9ba9,train,1,dry,0,weak_expert,9.96,0.6635220050811768,2,2,False,top15_margin6_smooth30_gap500_min80_win1500,energy_hysteresis_bounded_merge_nonoverlap_v3,True
7f58cd54-3414-4b3d-a418-8438d549df31_seg_0,7f58cd54-3414-4b3d-a418-8438d549df31,train,1,dry,0,weak_expert,9.9,0.8508448004722595,1,1,False,top15_margin6_smooth30_gap500_min80_win1500,energy_hysteresis_bounded_merge_nonoverlap_v3,True
7fc329ed-814a-44da-823c-ec2dc47a8228_seg_0,7fc329ed-814a-44da-823c-ec2dc47a8228,train,1,dry,0,weak_expert,9.78,0.9109401106834412,1,1,False,top15_margin6_smooth30_gap500_min80_win1500,energy_hysteresis_bounded_merge_nonoverlap_v3,True
81a75de7-dc30-4c6b-9722-c238feebf447_seg_0,81a75de7-dc30-4c6b-9722-c238feebf447,train,1,dry,0,weak_expert,9.96,0.9912458658218384,5,5,False,top15_margin6_smooth30_gap500_min80_win1500,energy_hysteresis_bounded_merge_nonoverlap_v3,True
81ddff28-05de-4669-bb99-8408895de7ab_seg_0,81ddff28-05de-4669-bb99-8408895de7ab,train,1,dry,0,weak_expert,7.26,0.8900009393692017,3,3,False,top15_margin6_smooth30_gap500_min80_win1500,energy_hysteresis_bounded_merge_nonoverlap_v3,True
824a8cf9-1199-48bf-aad5-65539d6d2011_seg_0,824a8cf9-1199-48bf-aad5-65539d6d2011,train,1,dry,0,gold_expert,9.84,0.9440674781799316,2,2,False,top15_margin6_smooth30_gap500_min80_win1500,energy_hysteresis_bounded_merge_nonoverlap_v3,True
836a340f-3e5c-4ea7-8817-1586d27a7f7a_seg_0,836a340f-3e5c-4ea7-8817-1586d27a7f7a,train,1,dry,0,weak_expert,9.96,0.8923633694648743,3,3,False,top15_margin6_smooth30_gap500_min80_win1500,energy_hysteresis_bounded_merge_nonoverlap_v3,True
839ad7ed-cc68-4689-b29e-7c8af17d3067_seg_0,839ad7ed-cc68-4689-b29e-7c8af17d3067,train,1,dry,0,weak_expert,9.66,0.786402702331543,3,3,False,top15_margin6_smooth30_gap500_min80_win1500,energy_hysteresis_bounded_merge_nonoverlap_v3,True
851d3141-589e-4a63-a81f-837b85585ee7_seg_0,851d3141-589e-4a63-a81f-837b85585ee7,train,1,dry,0,weak_expert,9.12,0.889121413230896,3,3,False,top15_margin6_smooth30_gap500_min80_win1500,energy_hysteresis_bounded_merge_nonoverlap_v3,True
861d08d1-8b10-40e3-afa0-710451936f11_seg_0,861d08d1-8b10-40e3-afa0-710451936f11,train,1,dry,0,weak_expert,9.78,0.9242182970046997,2,2,False,top15_margin6_smooth30_gap500_min80_win1500,energy_hysteresis_bounded_merge_nonoverlap_v3,True
88df2ab1-8056-48de-a7a8-f2649d9cab4a_seg_0,88df2ab1-8056-48de-a7a8-f2649d9cab4a,train,1,dry,0,weak_expert,9.78,0.8423976898193359,1,1,False,top15_margin6_smooth30_gap500_min80_win1500,energy_hysteresis_bounded_merge_nonoverlap_v3,True
8a37026e-32a9-4505-85f9-3c9dabccc284_seg_0,8a37026e-32a9-4505-85f9-3c9dabccc284,train,1,dry,0,weak_expert,8.4,0.879597008228302,2,2,False,top15_margin6_smooth30_gap500_min80_win1500,energy_hysteresis_bounded_merge_nonoverlap_v3,True
8b04c1fa-4fbe-45f3-9b4a-5cc6a450c43c_seg_0,8b04c1fa-4fbe-45f3-9b4a-5cc6a450c43c,train,1,dry,0,weak_expert,4.98,1.032789945602417,1,1,False,top15_margin6_smooth30_gap500_min80_win1500,energy_hysteresis_bounded_merge_nonoverlap_v3,True
8b197bc0-2f11-4971-b643-1524cf030a2b_seg_0,8b197bc0-2f11-4971-b643-1524cf030a2b,train,1,dry,0,weak_expert,9.9,0.9866586923599243,1,1,False,top15_margin6_smooth30_gap500_min80_win1500,energy_hysteresis_bounded_merge_nonoverlap_v3,True
8b427718-43ee-418f-b8f1-6807b3d6ed0e_seg_0,8b427718-43ee-418f-b8f1-6807b3d6ed0e,train,1,dry,0,weak_expert,9.0,0.8448394536972046,2,2,False,top15_margin6_smooth30_gap500_min80_win1500,energy_hysteresis_bounded_merge_nonoverlap_v3,True
8c631f0e-6973-4d8e-a42d-b1d0bf1ffe1d_seg_0,8c631f0e-6973-4d8e-a42d-b1d0bf1ffe1d,train,1,dry,0,weak_expert,9.96,0.9156257510185242,1,1,False,top15_margin6_smooth30_gap500_min80_win1500,energy_hysteresis_bounded_merge_nonoverlap_v3,True
8e72293b-1ab4-44d4-b5be-0b51038d2304_seg_0,8e72293b-1ab4-44d4-b5be-0b51038d2304,train,1,dry,0,weak_expert,9.78,0.9466857314109802,3,3,False,top15_margin6_smooth30_gap500_min80_win1500,energy_hysteresis_bounded_merge_nonoverlap_v3,True
8fafcc7b-1d75-4172-a93b-dfc06ac33b10_seg_0,8fafcc7b-1d75-4172-a93b-dfc06ac33b10,train,1,dry,0,weak_expert,3.66,0.7020257711410522,4,4,False,top15_margin6_smooth30_gap500_min80_win1500,energy_hysteresis_bounded_merge_nonoverlap_v3,True
914cd0fc-3623-4424-bc67-759743a0c593_seg_0,914cd0fc-3623-4424-bc67-759743a0c593,train,1,dry,0,weak_expert,9.96,0.960515022277832,2,2,False,top15_margin6_smooth30_gap500_min80_win1500,energy_hysteresis_bounded_merge_nonoverlap_v3,True
91d9c321-7371-4a0c-af3d-398542cb9c4c_seg_0,91d9c321-7371-4a0c-af3d-398542cb9c4c,train,1,dry,0,weak_expert,9.78,0.837205171585083,4,4,False,top15_margin6_smooth30_gap500_min80_win1500,energy_hysteresis_bounded_merge_nonoverlap_v3,True
922fd4da-e8ce-4ef5-b9a8-56921dfa9328_seg_0,922fd4da-e8ce-4ef5-b9a8-56921dfa9328,train,1,dry,0,gold_expert,9.84,0.8272266387939453,4,4,False,top15_margin6_smooth30_gap500_min80_win1500,energy_hysteresis_bounded_merge_nonoverlap_v3,True
928ce384-ca55-4419-acab-516b2647a77d_seg_0,928ce384-ca55-4419-acab-516b2647a77d,train,1,dry,0,weak_expert,9.72,0.9896994829177856,3,3,False,top15_margin6_smooth30_gap500_min80_win1500,energy_hysteresis_bounded_merge_nonoverlap_v3,True
93d51cf7-6dee-49e5-b434-fa81a7595132_seg_0,93d51cf7-6dee-49e5-b434-fa81a7595132,train,1,dry,0,weak_expert,7.02,0.7959875464439392,2,2,False,top15_margin6_smooth30_gap500_min80_win1500,energy_hysteresis_bounded_merge_nonoverlap_v3,True
94a33ac9-c166-4795-9665-f7dd4f0caace_seg_0,94a33ac9-c166-4795-9665-f7dd4f0caace,train,1,dry,0,weak_expert,6.18,1.0055537223815918,2,2,False,top15_margin6_smooth30_gap500_min80_win1500,energy_hysteresis_bounded_merge_nonoverlap_v3,True
952eafc4-38d9-468b-b46d-c9a5f6b3d620_seg_0,952eafc4-38d9-468b-b46d-c9a5f6b3d620,train,1,dry,0,weak_expert,9.78,0.7517280578613281,3,3,False,top15_margin6_smooth30_gap500_min80_win1500,energy_hysteresis_bounded_merge_nonoverlap_v3,True
96678e97-6a39-4932-9c5d-13981167bbd8_seg_0,96678e97-6a39-4932-9c5d-13981167bbd8,train,1,dry,0,weak_expert,9.12,0.8309188485145569,4,4,False,top15_margin6_smooth30_gap500_min80_win1500,energy_hysteresis_bounded_merge_nonoverlap_v3,True
9810b72b-79ca-474b-9b66-41079f892c79_seg_0,9810b72b-79ca-474b-9b66-41079f892c79,train,1,dry,0,weak_expert,5.34,0.9860579967498779,4,4,False,top15_margin6_smooth30_gap500_min80_win1500,energy_hysteresis_bounded_merge_nonoverlap_v3,True
981441a4-89d8-43c5-8e43-3768968fa614_seg_0,981441a4-89d8-43c5-8e43-3768968fa614,train,1,dry,0,weak_expert,4.38,0.7582206130027771,2,2,False,top15_margin6_smooth30_gap500_min80_win1500,energy_hysteresis_bounded_merge_nonoverlap_v3,True
98fb6294-d339-4c83-8ff5-2bbcf82e35e0_seg_0,98fb6294-d339-4c83-8ff5-2bbcf82e35e0,train,1,dry,0,gold_expert,9.9,0.905332088470459,3,3,False,top15_margin6_smooth30_gap500_min80_win1500,energy_hysteresis_bounded_merge_nonoverlap_v3,True
99ca2bde-0950-4e1d-8e9a-cbd0d70981bd_seg_0,99ca2bde-0950-4e1d-8e9a-cbd0d70981bd,train,1,dry,0,weak_expert,9.9,0.9415158033370972,3,3,False,top15_margin6_smooth30_gap500_min80_win1500,energy_hysteresis_bounded_merge_nonoverlap_v3,True
9cefcba6-bea1-4131-a905-3d28e567344b_seg_0,9cefcba6-bea1-4131-a905-3d28e567344b,train,1,dry,0,weak_expert,9.72,0.7647634744644165,2,2,False,top15_margin6_smooth30_gap500_min80_win1500,energy_hysteresis_bounded_merge_nonoverlap_v3,True
9eb1894a-8201-431d-a923-79dc88945ebb_seg_0,9eb1894a-8201-431d-a923-79dc88945ebb,train,1,dry,0,weak_expert,9.9,0.7638607025146484,2,2,False,top15_margin6_smooth30_gap500_min80_win1500,energy_hysteresis_bounded_merge_nonoverlap_v3,True
a02e0fa5-1a29-4e3f-817e-15047e79e744_seg_0,a02e0fa5-1a29-4e3f-817e-15047e79e744,train,1,dry,0,weak_expert,6.24,0.8734776377677917,3,3,False,top15_margin6_smooth30_gap500_min80_win1500,energy_hysteresis_bounded_merge_nonoverlap_v3,True
a084b953-189d-422d-a40a-b545b4f01618_seg_0,a084b953-189d-422d-a40a-b545b4f01618,train,1,dry,0,weak_expert,9.390125,0.6037999391555786,3,3,False,top15_margin6_smooth30_gap500_min80_win1500,energy_hysteresis_bounded_merge_nonoverlap_v3,True
a08b86d5-4573-4a42-9a84-f75f5e50351a_seg_0,a08b86d5-4573-4a42-9a84-f75f5e50351a,train,1,dry,0,weak_expert,9.9,0.8537907600402832,3,3,False,top15_margin6_smooth30_gap500_min80_win1500,energy_hysteresis_bounded_merge_nonoverlap_v3,True
a20c7e61-024c-491f-807c-fd01dc856bbd_seg_0,a20c7e61-024c-491f-807c-fd01dc856bbd,train,1,dry,0,weak_expert,9.96,0.9293211698532104,3,3,False,top15_margin6_smooth30_gap500_min80_win1500,energy_hysteresis_bounded_merge_nonoverlap_v3,True
a2c4999f-df6f-42a7-b733-3d10536b6d03_seg_0,a2c4999f-df6f-42a7-b733-3d10536b6d03,train,1,dry,0,weak_expert,9.6,0.7500388026237488,6,6,False,top15_margin6_smooth30_gap500_min80_win1500,energy_hysteresis_bounded_merge_nonoverlap_v3,True
a46654b3-b91b-4f95-8a69-3dcd1d428ea0_seg_0,a46654b3-b91b-4f95-8a69-3dcd1d428ea0,train,1,dry,0,weak_expert,9.84,0.638917088508606,2,2,False,top15_margin6_smooth30_gap500_min80_win1500,energy_hysteresis_bounded_merge_nonoverlap_v3,True
a5aeaa95-ed25-452b-b112-62c042c21b33_seg_0,a5aeaa95-ed25-452b-b112-62c042c21b33,train,1,dry,0,weak_expert,9.18,1.006178855895996,3,3,False,top15_margin6_smooth30_gap500_min80_win1500,energy_hysteresis_bounded_merge_nonoverlap_v3,True
a6417792-0dfe-46da-b820-3c047f15ad9a_seg_0,a6417792-0dfe-46da-b820-3c047f15ad9a,train,1,dry,0,weak_expert,4.413375,1.031033992767334,2,2,False,top15_margin6_smooth30_gap500_min80_win1500,energy_hysteresis_bounded_merge_nonoverlap_v3,True
a6b7aeb5-6b58-4bea-9e2d-6ee573cd1aab_seg_0,a6b7aeb5-6b58-4bea-9e2d-6ee573cd1aab,train,1,dry,0,weak_expert,5.04,0.8033758401870728,2,2,False,top15_margin6_smooth30_gap500_min80_win1500,energy_hysteresis_bounded_merge_nonoverlap_v3,True
a9108704-75af-4d2c-afb2-5c8ca33cb9e0_seg_0,a9108704-75af-4d2c-afb2-5c8ca33cb9e0,train,1,dry,0,weak_expert,3.12,0.5454500913619995,1,1,False,top15_margin6_smooth30_gap500_min80_win1500,energy_hysteresis_bounded_merge_nonoverlap_v3,True
adc24bde-023b-457e-9be7-9fadbad0b155_seg_0,adc24bde-023b-457e-9be7-9fadbad0b155,train,1,dry,0,weak_expert,9.9,0.7912667989730835,2,2,False,top15_margin6_smooth30_gap500_min80_win1500,energy_hysteresis_bounded_merge_nonoverlap_v3,True
ae7f3e27-5c50-48bd-ba50-4b52ddfc6b8f_seg_0,ae7f3e27-5c50-48bd-ba50-4b52ddfc6b8f,train,1,dry,0,weak_expert,9.9,0.878942608833313,1,1,False,top15_margin6_smooth30_gap500_min80_win1500,energy_hysteresis_bounded_merge_nonoverlap_v3,True
aeb63eba-7261-4d5a-9cf5-4f31357bcd57_seg_0,aeb63eba-7261-4d5a-9cf5-4f31357bcd57,train,1,dry,0,weak_expert,9.9,0.8022258281707764,1,1,False,top15_margin6_smooth30_gap500_min80_win1500,energy_hysteresis_bounded_merge_nonoverlap_v3,True
af89b4c6-a942-4dbd-9efb-cc0ae79a9acf_seg_0,af89b4c6-a942-4dbd-9efb-cc0ae79a9acf,train,1,dry,0,weak_expert,9.78,0.7659392356872559,2,2,False,top15_margin6_smooth30_gap500_min80_win1500,energy_hysteresis_bounded_merge_nonoverlap_v3,True
afdcc1b1-befc-4eac-bf4b-328a7a21261e_seg_0,afdcc1b1-befc-4eac-bf4b-328a7a21261e,train,1,dry,0,weak_expert,4.98,0.7803956866264343,1,1,False,top15_margin6_smooth30_gap500_min80_win1500,energy_hysteresis_bounded_merge_nonoverlap_v3,True
b08bd7a4-a123-4f28-b659-bbb5ea70fb6f_seg_0,b08bd7a4-a123-4f28-b659-bbb5ea70fb6f,train,1,dry,0,weak_expert,6.78,0.9538626670837402,2,2,False,top15_margin6_smooth30_gap500_min80_win1500,energy_hysteresis_bounded_merge_nonoverlap_v3,True
b2cb680f-2b1f-4daf-824c-c83952cd639c_seg_0,b2cb680f-2b1f-4daf-824c-c83952cd639c,train,1,dry,0,weak_expert,9.96,1.0423719882965088,1,1,False,top15_margin6_smooth30_gap500_min80_win1500,energy_hysteresis_bounded_merge_nonoverlap_v3,True
b35c9f6c-4e1d-4c3f-a733-5905c3ee387d_seg_0,b35c9f6c-4e1d-4c3f-a733-5905c3ee387d,train,1,dry,0,weak_expert,9.72,0.8630243539810181,1,1,False,top15_margin6_smooth30_gap500_min80_win1500,energy_hysteresis_bounded_merge_nonoverlap_v3,True
b38e69f2-01f9-47ac-b94f-cf7b5eb764b3_seg_0,b38e69f2-01f9-47ac-b94f-cf7b5eb764b3,train,1,dry,0,weak_expert,9.9,0.9769761562347412,2,2,False,top15_margin6_smooth30_gap500_min80_win1500,energy_hysteresis_bounded_merge_nonoverlap_v3,True
b5808d67-b898-4d8b-b74c-6d3ef7085be4_seg_0,b5808d67-b898-4d8b-b74c-6d3ef7085be4,train,1,dry,0,weak_expert,7.2,1.0204527378082275,2,2,False,top15_margin6_smooth30_gap500_min80_win1500,energy_hysteresis_bounded_merge_nonoverlap_v3,True
b6165d05-e841-44cc-bb13-a59d6ceed6ed_seg_0,b6165d05-e841-44cc-bb13-a59d6ceed6ed,train,1,dry,0,weak_expert,9.9,0.9339108467102051,3,3,False,top15_margin6_smooth30_gap500_min80_win1500,energy_hysteresis_bounded_merge_nonoverlap_v3,True
b61f41d5-8a12-44de-a8c7-f7ab67f35ab7_seg_0,b61f41d5-8a12-44de-a8c7-f7ab67f35ab7,train,1,dry,0,weak_expert,9.42,0.8015248775482178,1,1,False,top15_margin6_smooth30_gap500_min80_win1500,energy_hysteresis_bounded_merge_nonoverlap_v3,True
b7825dc8-a17f-4171-863b-2c0b346cfcd0_seg_0,b7825dc8-a17f-4171-863b-2c0b346cfcd0,train,1,dry,0,weak_expert,9.96,1.099772572517395,3,3,False,top15_margin6_smooth30_gap500_min80_win1500,energy_hysteresis_bounded_merge_nonoverlap_v3,True
b95b4d94-e665-41d0-bd0e-4fb9d4684e65_seg_0,b95b4d94-e665-41d0-bd0e-4fb9d4684e65,train,1,dry,0,weak_expert,6.36,0.9414674043655396,1,1,False,top15_margin6_smooth30_gap500_min80_win1500,energy_hysteresis_bounded_merge_nonoverlap_v3,True
ba21cefd-7209-47e8-87ff-e12e3d0ed4dc_seg_0,ba21cefd-7209-47e8-87ff-e12e3d0ed4dc,train,1,dry,0,weak_expert,2.76,0.9759277701377869,2,2,False,top15_margin6_smooth30_gap500_min80_win1500,energy_hysteresis_bounded_merge_nonoverlap_v3,True
ba5ade2c-45fc-41e5-b111-86c08ea8609b_seg_0,ba5ade2c-45fc-41e5-b111-86c08ea8609b,train,1,dry,0,weak_expert,9.18,0.7603847980499268,3,3,False,top15_margin6_smooth30_gap500_min80_win1500,energy_hysteresis_bounded_merge_nonoverlap_v3,True
bb5fd4d8-a36d-4918-931f-c6bd2adcc20d_seg_0,bb5fd4d8-a36d-4918-931f-c6bd2adcc20d,train,1,dry,0,weak_expert,9.36,1.0186774730682373,3,3,False,top15_margin6_smooth30_gap500_min80_win1500,energy_hysteresis_bounded_merge_nonoverlap_v3,True
bb94e3f4-831c-4c04-b528-617cf04ab8c7_seg_0,bb94e3f4-831c-4c04-b528-617cf04ab8c7,train,1,dry,0,weak_expert,7.08,0.980942964553833,2,2,False,top15_margin6_smooth30_gap500_min80_win1500,energy_hysteresis_bounded_merge_nonoverlap_v3,True
bc24d4d9-b66b-4429-8228-6645de25622f_seg_0,bc24d4d9-b66b-4429-8228-6645de25622f,train,1,dry,0,weak_expert,7.2,1.118445873260498,3,3,False,top15_margin6_smooth30_gap500_min80_win1500,energy_hysteresis_bounded_merge_nonoverlap_v3,True
bc27b4fb-a820-4296-a776-0f0943ba1455_seg_0,bc27b4fb-a820-4296-a776-0f0943ba1455,train,1,dry,0,weak_expert,9.96,1.1656512022018433,3,3,False,top15_margin6_smooth30_gap500_min80_win1500,energy_hysteresis_bounded_merge_nonoverlap_v3,True
bcb90b43-185a-4420-a4ca-dafe8f914682_seg_0,bcb90b43-185a-4420-a4ca-dafe8f914682,train,1,dry,0,weak_expert,9.9,0.8509735465049744,2,2,False,top15_margin6_smooth30_gap500_min80_win1500,energy_hysteresis_bounded_merge_nonoverlap_v3,True
bd11b513-12a1-44be-82f6-4fbeea1fbda0_seg_0,bd11b513-12a1-44be-82f6-4fbeea1fbda0,train,1,dry,0,weak_expert,9.990375,0.782514214515686,3,3,False,top15_margin6_smooth30_gap500_min80_win1500,energy_hysteresis_bounded_merge_nonoverlap_v3,True
bd205be0-24a4-4a28-8262-30bc14bf1faa_seg_0,bd205be0-24a4-4a28-8262-30bc14bf1faa,train,1,dry,0,weak_expert,6.78,0.8018689155578613,1,1,False,top15_margin6_smooth30_gap500_min80_win1500,energy_hysteresis_bounded_merge_nonoverlap_v3,True
be0fe831-c469-4a13-961f-e3bd6dda0633_seg_0,be0fe831-c469-4a13-961f-e3bd6dda0633,train,1,dry,0,weak_expert,9.78,1.0193759202957153,4,4,False,top15_margin6_smooth30_gap500_min80_win1500,energy_hysteresis_bounded_merge_nonoverlap_v3,True
be2d9024-401a-42a0-91fd-194567b1d4c1_seg_0,be2d9024-401a-42a0-91fd-194567b1d4c1,train,1,dry,0,weak_expert,9.9,0.911645770072937,1,1,False,top15_margin6_smooth30_gap500_min80_win1500,energy_hysteresis_bounded_merge_nonoverlap_v3,True
be5f63f3-2be9-448b-b57e-fa118eddc2e2_seg_0,be5f63f3-2be9-448b-b57e-fa118eddc2e2,train,1,dry,0,weak_expert,9.78,1.003532886505127,3,3,False,top15_margin6_smooth30_gap500_min80_win1500,energy_hysteresis_bounded_merge_nonoverlap_v3,True
be920126-b1e2-4117-84e2-461b2230e46e_seg_0,be920126-b1e2-4117-84e2-461b2230e46e,train,1,dry,0,weak_expert,10.0,1.03090500831604,3,3,False,top15_margin6_smooth30_gap500_min80_win1500,energy_hysteresis_bounded_merge_nonoverlap_v3,True
beb9eff3-e2c7-4f53-981b-0abc09158dec_seg_0,beb9eff3-e2c7-4f53-981b-0abc09158dec,train,1,dry,0,weak_expert,9.84,0.8923717737197876,5,5,False,top15_margin6_smooth30_gap500_min80_win1500,energy_hysteresis_bounded_merge_nonoverlap_v3,True
bf4ca169-aab4-466f-8e14-63631e0b3ea0_seg_0,bf4ca169-aab4-466f-8e14-63631e0b3ea0,train,1,dry,0,weak_expert,9.9,0.9106248617172241,8,8,False,top15_margin6_smooth30_gap500_min80_win1500,energy_hysteresis_bounded_merge_nonoverlap_v3,True
bf5901da-d580-4034-88b0-19bd18778f5a_seg_0,bf5901da-d580-4034-88b0-19bd18778f5a,train,1,dry,0,weak_expert,4.2,0.9007278084754944,1,1,False,top15_margin6_smooth30_gap500_min80_win1500,energy_hysteresis_bounded_merge_nonoverlap_v3,True
bf7f0dd3-eaef-4912-8edc-c919fd98df62_seg_0,bf7f0dd3-eaef-4912-8edc-c919fd98df62,train,1,dry,0,weak_expert,9.78,1.01838219165802,3,3,False,top15_margin6_smooth30_gap500_min80_win1500,energy_hysteresis_bounded_merge_nonoverlap_v3,True
c0643c65-15f1-4f25-9f4e-d42541cca1b8_seg_0,c0643c65-15f1-4f25-9f4e-d42541cca1b8,train,1,dry,0,weak_expert,9.96,0.8129714131355286,2,2,False,top15_margin6_smooth30_gap500_min80_win1500,energy_hysteresis_bounded_merge_nonoverlap_v3,True
c16f96bf-dc05-445b-aed6-5758aa0ec5c8_seg_0,c16f96bf-dc05-445b-aed6-5758aa0ec5c8,train,1,dry,0,weak_expert,9.78,0.9374068379402161,2,2,False,top15_margin6_smooth30_gap500_min80_win1500,energy_hysteresis_bounded_merge_nonoverlap_v3,True
c2795c09-691f-421d-87eb-60d11ef0a776_seg_0,c2795c09-691f-421d-87eb-60d11ef0a776,train,1,dry,0,weak_expert,9.66,0.7075982093811035,1,1,False,top15_margin6_smooth30_gap500_min80_win1500,energy_hysteresis_bounded_merge_nonoverlap_v3,True
c2d24716-5e15-4066-855a-2a0c0b7566f6_seg_0,c2d24716-5e15-4066-855a-2a0c0b7566f6,train,1,dry,0,weak_expert,9.78,0.8541157245635986,2,2,False,top15_margin6_smooth30_gap500_min80_win1500,energy_hysteresis_bounded_merge_nonoverlap_v3,True
c2e033f0-5e2f-4793-be75-afa9ae7d3f8f_seg_0,c2e033f0-5e2f-4793-be75-afa9ae7d3f8f,train,1,dry,0,weak_expert,4.14,0.8194532990455627,1,1,False,top15_margin6_smooth30_gap500_min80_win1500,energy_hysteresis_bounded_merge_nonoverlap_v3,True
c34d6285-a7d7-4357-9036-cb4a5caec6f6_seg_0,c34d6285-a7d7-4357-9036-cb4a5caec6f6,train,1,dry,0,weak_expert,9.9,0.8392806053161621,4,4,False,top15_margin6_smooth30_gap500_min80_win1500,energy_hysteresis_bounded_merge_nonoverlap_v3,True
c3b9dca7-67eb-4438-b6aa-dd6b2aca1432_seg_0,c3b9dca7-67eb-4438-b6aa-dd6b2aca1432,train,1,dry,0,gold_expert,3.96,0.8989020586013794,2,2,False,top15_margin6_smooth30_gap500_min80_win1500,energy_hysteresis_bounded_merge_nonoverlap_v3,True
c3d0135b-83ef-4aba-b98c-2c8fe50ffeff_seg_0,c3d0135b-83ef-4aba-b98c-2c8fe50ffeff,train,1,dry,0,weak_expert,9.96,1.1275367736816406,4,4,False,top15_margin6_smooth30_gap500_min80_win1500,energy_hysteresis_bounded_merge_nonoverlap_v3,True
c4961eda-91f5-4fbc-bd90-92f56f7f4deb_seg_0,c4961eda-91f5-4fbc-bd90-92f56f7f4deb,train,1,dry,0,weak_expert,5.46,0.8914315700531006,3,3,False,top15_margin6_smooth30_gap500_min80_win1500,energy_hysteresis_bounded_merge_nonoverlap_v3,True
c8983507-264a-4bbb-8926-8a06afb36bff_seg_0,c8983507-264a-4bbb-8926-8a06afb36bff,train,1,dry,0,weak_expert,9.36,0.7984637022018433,4,4,False,top15_margin6_smooth30_gap500_min80_win1500,energy_hysteresis_bounded_merge_nonoverlap_v3,True
c961a082-77cf-412a-ba8a-66fff0b7bc82_seg_0,c961a082-77cf-412a-ba8a-66fff0b7bc82,train,1,dry,0,weak_expert,9.96,1.0086109638214111,3,3,False,top15_margin6_smooth30_gap500_min80_win1500,energy_hysteresis_bounded_merge_nonoverlap_v3,True
c9fa0d4d-76d1-41c4-863c-b83bb8908140_seg_0,c9fa0d4d-76d1-41c4-863c-b83bb8908140,train,1,dry,0,gold_expert,9.6,0.9098898768424988,1,1,False,top15_margin6_smooth30_gap500_min80_win1500,energy_hysteresis_bounded_merge_nonoverlap_v3,True
cb5c6410-8b55-4c33-932d-fc72e5cac22c_seg_0,cb5c6410-8b55-4c33-932d-fc72e5cac22c,train,1,dry,0,weak_expert,9.84,0.7975770831108093,1,1,False,top15_margin6_smooth30_gap500_min80_win1500,energy_hysteresis_bounded_merge_nonoverlap_v3,True
cbbbe2c4-51c4-48e3-807d-5ad37ad220e4_seg_0,cbbbe2c4-51c4-48e3-807d-5ad37ad220e4,train,1,dry,0,weak_expert,9.78,0.914431095123291,1,1,False,top15_margin6_smooth30_gap500_min80_win1500,energy_hysteresis_bounded_merge_nonoverlap_v3,True
ce3f9e37-b553-4c23-b341-8da601f7468e_seg_0,ce3f9e37-b553-4c23-b341-8da601f7468e,train,1,dry,0,weak_expert,6.06,1.0082861185073853,2,2,False,top15_margin6_smooth30_gap500_min80_win1500,energy_hysteresis_bounded_merge_nonoverlap_v3,True
cefb99ae-7dda-4397-8b65-77e3fc0c7739_seg_0,cefb99ae-7dda-4397-8b65-77e3fc0c7739,train,1,dry,0,weak_expert,3.6,0.8767379522323608,1,1,False,top15_margin6_smooth30_gap500_min80_win1500,energy_hysteresis_bounded_merge_nonoverlap_v3,True
d0d4e84a-3692-46e2-a168-463896fb9d31_seg_0,d0d4e84a-3692-46e2-a168-463896fb9d31,train,1,dry,0,weak_expert,9.78,0.7880362272262573,2,2,False,top15_margin6_smooth30_gap500_min80_win1500,energy_hysteresis_bounded_merge_nonoverlap_v3,True
d101742f-52a3-4ed3-a4bb-46f65d02fc2a_seg_0,d101742f-52a3-4ed3-a4bb-46f65d02fc2a,train,1,dry,0,weak_expert,9.9,0.9112060070037842,2,2,False,top15_margin6_smooth30_gap500_min80_win1500,energy_hysteresis_bounded_merge_nonoverlap_v3,True
d1c3a8a6-742e-4677-aa79-92b9b217be75_seg_0,d1c3a8a6-742e-4677-aa79-92b9b217be75,train,1,dry,0,weak_expert,9.3,0.9478918313980103,1,1,False,top15_margin6_smooth30_gap500_min80_win1500,energy_hysteresis_bounded_merge_nonoverlap_v3,True
d2a55629-24e2-4460-8a0a-b7065927ee07_seg_0,d2a55629-24e2-4460-8a0a-b7065927ee07,train,1,dry,0,weak_expert,9.9,0.8692355751991272,2,2,False,top15_margin6_smooth30_gap500_min80_win1500,energy_hysteresis_bounded_merge_nonoverlap_v3,True
d3ea88bd-d578-44dd-aadd-391f8559bdc5_seg_0,d3ea88bd-d578-44dd-aadd-391f8559bdc5,train,1,dry,0,weak_expert,9.96,0.7930985689163208,2,2,False,top15_margin6_smooth30_gap500_min80_win1500,energy_hysteresis_bounded_merge_nonoverlap_v3,True
d505b939-4d86-4713-8bba-987cde761118_seg_0,d505b939-4d86-4713-8bba-987cde761118,train,1,dry,0,weak_expert,9.72,0.7488129734992981,1,1,False,top15_margin6_smooth30_gap500_min80_win1500,energy_hysteresis_bounded_merge_nonoverlap_v3,True
d551a262-676b-4856-ae36-5b6334c6b586_seg_0,d551a262-676b-4856-ae36-5b6334c6b586,train,1,dry,0,weak_expert,4.5,0.7526774406433105,1,1,False,top15_margin6_smooth30_gap500_min80_win1500,energy_hysteresis_bounded_merge_nonoverlap_v3,True
d57d4c31-4f34-41cd-9fdf-84e4df3f2dcc_seg_0,d57d4c31-4f34-41cd-9fdf-84e4df3f2dcc,train,1,dry,0,weak_expert,9.9,0.36682194471359253,3,3,False,top15_margin6_smooth30_gap500_min80_win1500,energy_hysteresis_bounded_merge_nonoverlap_v3,True
d5e56f55-97a1-417d-a724-04d6ef10830e_seg_0,d5e56f55-97a1-417d-a724-04d6ef10830e,train,1,dry,0,weak_expert,2.94,0.8916476368904114,1,1,False,top15_margin6_smooth30_gap500_min80_win1500,energy_hysteresis_bounded_merge_nonoverlap_v3,True
d6d50155-5eb2-421e-9da1-8ad5faa275a1_seg_0,d6d50155-5eb2-421e-9da1-8ad5faa275a1,train,1,dry,0,weak_expert,9.78,0.8344149589538574,3,3,False,top15_margin6_smooth30_gap500_min80_win1500,energy_hysteresis_bounded_merge_nonoverlap_v3,True
d789e459-6db1-4481-af44-db7427304108_seg_0,d789e459-6db1-4481-af44-db7427304108,train,1,dry,0,weak_expert,9.78,0.7686758041381836,3,3,False,top15_margin6_smooth30_gap500_min80_win1500,energy_hysteresis_bounded_merge_nonoverlap_v3,True
db234c88-9a58-4947-a852-d7f2584128ef_seg_0,db234c88-9a58-4947-a852-d7f2584128ef,train,1,dry,0,weak_expert,9.96,1.0335800647735596,3,3,False,top15_margin6_smooth30_gap500_min80_win1500,energy_hysteresis_bounded_merge_nonoverlap_v3,True
dbc6f669-469e-4306-acdc-f46039006148_seg_0,dbc6f669-469e-4306-acdc-f46039006148,train,1,dry,0,weak_expert,9.72,0.9914902448654175,3,3,False,top15_margin6_smooth30_gap500_min80_win1500,energy_hysteresis_bounded_merge_nonoverlap_v3,True
dc17e768-40f6-462e-99ad-80292586ac3a_seg_0,dc17e768-40f6-462e-99ad-80292586ac3a,train,1,dry,0,weak_expert,9.3,0.9994679689407349,4,4,False,top15_margin6_smooth30_gap500_min80_win1500,energy_hysteresis_bounded_merge_nonoverlap_v3,True
dcd6359c-4fbc-44ea-93b0-f1da55eb3a75_seg_0,dcd6359c-4fbc-44ea-93b0-f1da55eb3a75,train,1,dry,0,weak_expert,9.72,0.7613135576248169,3,3,False,top15_margin6_smooth30_gap500_min80_win1500,energy_hysteresis_bounded_merge_nonoverlap_v3,True
dd235b59-b0df-4eb7-9024-3b11e1515888_seg_0,dd235b59-b0df-4eb7-9024-3b11e1515888,train,1,dry,0,weak_expert,9.9,0.8603411316871643,1,1,False,top15_margin6_smooth30_gap500_min80_win1500,energy_hysteresis_bounded_merge_nonoverlap_v3,True
dd489c88-affc-4142-ac56-752c3a433991_seg_0,dd489c88-affc-4142-ac56-752c3a433991,train,1,dry,0,weak_expert,9.84,1.0000920295715332,2,2,False,top15_margin6_smooth30_gap500_min80_win1500,energy_hysteresis_bounded_merge_nonoverlap_v3,True
dd7e32e6-a949-4c92-a5b1-628edbb65144_seg_0,dd7e32e6-a949-4c92-a5b1-628edbb65144,train,1,dry,0,weak_expert,7.02,0.9257304668426514,1,1,False,top15_margin6_smooth30_gap500_min80_win1500,energy_hysteresis_bounded_merge_nonoverlap_v3,True
dd80d0c6-76ec-43b1-9611-23ea269cec57_seg_0,dd80d0c6-76ec-43b1-9611-23ea269cec57,train,1,dry,0,weak_expert,9.48,0.7695963382720947,3,3,False,top15_margin6_smooth30_gap500_min80_win1500,energy_hysteresis_bounded_merge_nonoverlap_v3,True
de67d064-eff4-40c4-ab46-b115d0691e1f_seg_0,de67d064-eff4-40c4-ab46-b115d0691e1f,train,1,dry,0,weak_expert,9.12,0.9049422740936279,4,4,False,top15_margin6_smooth30_gap500_min80_win1500,energy_hysteresis_bounded_merge_nonoverlap_v3,True
dec024bb-bb3f-49ba-8a42-b1420d56a2e0_seg_0,dec024bb-bb3f-49ba-8a42-b1420d56a2e0,train,1,dry,0,weak_expert,9.96,0.9412939548492432,1,1,False,top15_margin6_smooth30_gap500_min80_win1500,energy_hysteresis_bounded_merge_nonoverlap_v3,True
df6cf29a-fcf8-4b96-ab4f-19e018c3b297_seg_0,df6cf29a-fcf8-4b96-ab4f-19e018c3b297,train,1,dry,0,weak_expert,9.96,0.9788464903831482,5,5,False,top15_margin6_smooth30_gap500_min80_win1500,energy_hysteresis_bounded_merge_nonoverlap_v3,True
dfb0a442-3453-4d42-b355-b68eda2a9865_seg_0,dfb0a442-3453-4d42-b355-b68eda2a9865,train,1,dry,0,weak_expert,9.9,1.038435459136963,5,5,False,top15_margin6_smooth30_gap500_min80_win1500,energy_hysteresis_bounded_merge_nonoverlap_v3,True
dfe7b783-c80f-4357-b72e-63e875bf9ec3_seg_0,dfe7b783-c80f-4357-b72e-63e875bf9ec3,train,1,dry,0,weak_expert,9.84,0.7858312129974365,3,3,False,top15_margin6_smooth30_gap500_min80_win1500,energy_hysteresis_bounded_merge_nonoverlap_v3,True
e0107451-503c-48b0-9a9e-675a3a0c834e_seg_0,e0107451-503c-48b0-9a9e-675a3a0c834e,train,1,dry,0,weak_expert,9.78,0.8044259548187256,3,3,False,top15_margin6_smooth30_gap500_min80_win1500,energy_hysteresis_bounded_merge_nonoverlap_v3,True
e23b7ef4-c268-4179-b234-c45702001252_seg_0,e23b7ef4-c268-4179-b234-c45702001252,train,1,dry,0,weak_expert,9.9,0.9798601865768433,6,6,False,top15_margin6_smooth30_gap500_min80_win1500,energy_hysteresis_bounded_merge_nonoverlap_v3,True
e4242c29-1213-4960-b792-565fae299403_seg_0,e4242c29-1213-4960-b792-565fae299403,train,1,dry,0,weak_expert,6.78,0.8093622922897339,2,2,False,top15_margin6_smooth30_gap500_min80_win1500,energy_hysteresis_bounded_merge_nonoverlap_v3,True
e4bbd7fa-3767-48e3-97cf-c5e14881314f_seg_0,e4bbd7fa-3767-48e3-97cf-c5e14881314f,train,1,dry,0,weak_expert,4.38,0.9089491367340088,1,1,False,top15_margin6_smooth30_gap500_min80_win1500,energy_hysteresis_bounded_merge_nonoverlap_v3,True
e56ea219-e97c-45c4-8222-5ecf168445b5_seg_0,e56ea219-e97c-45c4-8222-5ecf168445b5,train,1,dry,0,gold_expert,9.9,1.000784158706665,4,4,False,top15_margin6_smooth30_gap500_min80_win1500,energy_hysteresis_bounded_merge_nonoverlap_v3,True
e5a8a140-d910-47da-b3d6-96941e084028_seg_0,e5a8a140-d910-47da-b3d6-96941e084028,train,1,dry,0,weak_expert,7.92,0.8593026995658875,2,2,False,top15_margin6_smooth30_gap500_min80_win1500,energy_hysteresis_bounded_merge_nonoverlap_v3,True
e6448323-4be3-4fac-ba98-33aee0de0817_seg_0,e6448323-4be3-4fac-ba98-33aee0de0817,train,1,dry,0,gold_expert,9.36,0.683160662651062,3,3,False,top15_margin6_smooth30_gap500_min80_win1500,energy_hysteresis_bounded_merge_nonoverlap_v3,True
e667faac-9ba9-472e-8a97-ad47887d5108_seg_0,e667faac-9ba9-472e-8a97-ad47887d5108,train,1,dry,0,weak_expert,9.9,0.8635006546974182,2,2,False,top15_margin6_smooth30_gap500_min80_win1500,energy_hysteresis_bounded_merge_nonoverlap_v3,True
e6a6d19c-2ff0-4c1a-aa5f-f432c9a8b55e_seg_0,e6a6d19c-2ff0-4c1a-aa5f-f432c9a8b55e,train,1,dry,0,weak_expert,9.96,1.0068131685256958,3,3,False,top15_margin6_smooth30_gap500_min80_win1500,energy_hysteresis_bounded_merge_nonoverlap_v3,True
e6d07d7b-cd63-4f81-8dbd-3ab87104fbf0_seg_0,e6d07d7b-cd63-4f81-8dbd-3ab87104fbf0,train,1,dry,0,weak_expert,9.9,0.8503159284591675,2,2,False,top15_margin6_smooth30_gap500_min80_win1500,energy_hysteresis_bounded_merge_nonoverlap_v3,True
e9650512-35f6-4872-acca-c8aca7cd228b_seg_0,e9650512-35f6-4872-acca-c8aca7cd228b,train,1,dry,0,weak_expert,9.96,0.9435967206954956,6,6,False,top15_margin6_smooth30_gap500_min80_win1500,energy_hysteresis_bounded_merge_nonoverlap_v3,True
e9cc9a65-15c2-4acf-8412-4cffc98eb56f_seg_0,e9cc9a65-15c2-4acf-8412-4cffc98eb56f,train,1,dry,0,weak_expert,9.78,0.9556736946105957,4,4,False,top15_margin6_smooth30_gap500_min80_win1500,energy_hysteresis_bounded_merge_nonoverlap_v3,True
eb74838f-26b9-457e-a4f6-3fff63ebc270_seg_0,eb74838f-26b9-457e-a4f6-3fff63ebc270,train,1,dry,0,weak_expert,9.78,0.9779492616653442,3,3,False,top15_margin6_smooth30_gap500_min80_win1500,energy_hysteresis_bounded_merge_nonoverlap_v3,True
ec86b666-9979-4799-a06f-9773eba8927f_seg_0,ec86b666-9979-4799-a06f-9773eba8927f,train,1,dry,0,weak_expert,9.9996875,0.8194152116775513,3,3,False,top15_margin6_smooth30_gap500_min80_win1500,energy_hysteresis_bounded_merge_nonoverlap_v3,True
ecc957af-3001-4a29-935a-32db98540746_seg_0,ecc957af-3001-4a29-935a-32db98540746,train,1,dry,0,weak_expert,9.72,0.8421549797058105,2,2,False,top15_margin6_smooth30_gap500_min80_win1500,energy_hysteresis_bounded_merge_nonoverlap_v3,True
edcadaac-51d0-44d1-99c6-efbbc41dd4bd_seg_0,edcadaac-51d0-44d1-99c6-efbbc41dd4bd,train,1,dry,0,weak_expert,7.0986875,0.9933000802993774,2,2,False,top15_margin6_smooth30_gap500_min80_win1500,energy_hysteresis_bounded_merge_nonoverlap_v3,True
eeaa9780-b73a-4e0f-b075-4dc5fbb54080_seg_0,eeaa9780-b73a-4e0f-b075-4dc5fbb54080,train,1,dry,0,weak_expert,9.66,0.26599055528640747,2,2,False,top15_margin6_smooth30_gap500_min80_win1500,energy_hysteresis_bounded_merge_nonoverlap_v3,True
ef458365-a016-45ff-842a-7388a89ed774_seg_0,ef458365-a016-45ff-842a-7388a89ed774,train,1,dry,0,weak_expert,9.84,0.8559547066688538,7,7,False,top15_margin6_smooth30_gap500_min80_win1500,energy_hysteresis_bounded_merge_nonoverlap_v3,True
ef6d35f9-347a-4aad-9e4d-e37bd0f417f9_seg_0,ef6d35f9-347a-4aad-9e4d-e37bd0f417f9,train,1,dry,0,weak_expert,9.78,0.893430769443512,3,3,False,top15_margin6_smooth30_gap500_min80_win1500,energy_hysteresis_bounded_merge_nonoverlap_v3,True
f0bcf37a-4766-4cc0-a4d3-13a6e1343103_seg_0,f0bcf37a-4766-4cc0-a4d3-13a6e1343103,train,1,dry,0,weak_expert,8.94,0.8748043775558472,4,4,False,top15_margin6_smooth30_gap500_min80_win1500,energy_hysteresis_bounded_merge_nonoverlap_v3,True
f18097f1-d7d5-4566-a7f1-dce0f2e8da87_seg_0,f18097f1-d7d5-4566-a7f1-dce0f2e8da87,train,1,dry,0,weak_expert,9.9,0.7197306752204895,1,1,False,top15_margin6_smooth30_gap500_min80_win1500,energy_hysteresis_bounded_merge_nonoverlap_v3,True
f3ef7d3e-56e1-496b-8a46-b593e33d25d6_seg_0,f3ef7d3e-56e1-496b-8a46-b593e33d25d6,train,1,dry,0,weak_expert,7.02,0.7282495498657227,3,3,False,top15_margin6_smooth30_gap500_min80_win1500,energy_hysteresis_bounded_merge_nonoverlap_v3,True
f5531d66-e612-41c3-b7c1-658fe7922f34_seg_0,f5531d66-e612-41c3-b7c1-658fe7922f34,train,1,dry,0,weak_expert,9.84,0.9583246111869812,2,2,False,top15_margin6_smooth30_gap500_min80_win1500,energy_hysteresis_bounded_merge_nonoverlap_v3,True
f64f33a5-b6e1-4d5c-ab1b-8d48dd826440_seg_0,f64f33a5-b6e1-4d5c-ab1b-8d48dd826440,train,1,dry,0,weak_expert,6.36,0.8103772401809692,3,3,False,top15_margin6_smooth30_gap500_min80_win1500,energy_hysteresis_bounded_merge_nonoverlap_v3,True
f66386d5-f2e2-4b9b-8f00-35e51858446b_seg_0,f66386d5-f2e2-4b9b-8f00-35e51858446b,train,1,dry,0,weak_expert,8.7,1.00376558303833,4,4,False,top15_margin6_smooth30_gap500_min80_win1500,energy_hysteresis_bounded_merge_nonoverlap_v3,True
f6fd67d0-eb9d-47b4-9fc7-1e4af068d05b_seg_0,f6fd67d0-eb9d-47b4-9fc7-1e4af068d05b,train,1,dry,0,weak_expert,9.6,0.8701514601707458,3,3,False,top15_margin6_smooth30_gap500_min80_win1500,energy_hysteresis_bounded_merge_nonoverlap_v3,True
f9f521ef-bcba-461f-8dcc-b4df6f6beb2f_seg_0,f9f521ef-bcba-461f-8dcc-b4df6f6beb2f,train,1,dry,0,weak_expert,4.32,0.7937877178192139,3,3,False,top15_margin6_smooth30_gap500_min80_win1500,energy_hysteresis_bounded_merge_nonoverlap_v3,True
fafbe64d-8da4-4901-95a2-e0025771f446_seg_0,fafbe64d-8da4-4901-95a2-e0025771f446,train,1,dry,0,weak_expert,9.9706875,0.984984278678894,1,1,False,top15_margin6_smooth30_gap500_min80_win1500,energy_hysteresis_bounded_merge_nonoverlap_v3,True
fe3ddef6-cf4c-4adf-b12d-bf5c5b79a5f4_seg_0,fe3ddef6-cf4c-4adf-b12d-bf5c5b79a5f4,train,1,dry,0,weak_expert,9.84,0.8236443400382996,3,3,False,top15_margin6_smooth30_gap500_min80_win1500,energy_hysteresis_bounded_merge_nonoverlap_v3,True
fed255ec-4829-4f4a-b22d-9bb23f2dd89f_seg_0,fed255ec-4829-4f4a-b22d-9bb23f2dd89f,train,1,dry,0,gold_expert,9.9,0.7786651849746704,4,4,False,top15_margin6_smooth30_gap500_min80_win1500,energy_hysteresis_bounded_merge_nonoverlap_v3,True
ff8435f6-76b5-42c1-8f4c-7479710e71bf_seg_0,ff8435f6-76b5-42c1-8f4c-7479710e71bf,train,1,dry,0,weak_expert,9.6,0.8806830048561096,3,3,False,top15_margin6_smooth30_gap500_min80_win1500,energy_hysteresis_bounded_merge_nonoverlap_v3,True
01614a4a-947f-43ca-a609-fc2787509f6f_seg_0,01614a4a-947f-43ca-a609-fc2787509f6f,train,1,wet,1,weak_expert,9.96,0.9253155589103699,5,5,False,top15_margin6_smooth30_gap500_min80_win1500,energy_hysteresis_bounded_merge_nonoverlap_v3,True
0837bd59-09c5-4098-afe3-4bcbfb0fb0e2_seg_0,0837bd59-09c5-4098-afe3-4bcbfb0fb0e2,train,1,wet,1,weak_expert,9.9,1.0169768333435059,3,3,False,top15_margin6_smooth30_gap500_min80_win1500,energy_hysteresis_bounded_merge_nonoverlap_v3,True
08f05aa0-7c3d-40be-a8ae-ab6bc6d41be3_seg_0,08f05aa0-7c3d-40be-a8ae-ab6bc6d41be3,train,1,wet,1,weak_expert,9.3,0.9404421448707581,4,4,False,top15_margin6_smooth30_gap500_min80_win1500,energy_hysteresis_bounded_merge_nonoverlap_v3,True
0b6f8543-c5e3-414c-a4f3-020e56e8ec60_seg_0,0b6f8543-c5e3-414c-a4f3-020e56e8ec60,train,1,wet,1,weak_expert,7.92,0.9634789824485779,4,4,False,top15_margin6_smooth30_gap500_min80_win1500,energy_hysteresis_bounded_merge_nonoverlap_v3,True
0b72bbdf-fe74-4c76-8c9a-9e4a60a7b9f9_seg_0,0b72bbdf-fe74-4c76-8c9a-9e4a60a7b9f9,train,1,wet,1,weak_expert,4.14,0.8660969138145447,1,1,False,top15_margin6_smooth30_gap500_min80_win1500,energy_hysteresis_bounded_merge_nonoverlap_v3,True
0f8d80f9-700e-4069-924d-e15f29d7c19a_seg_0,0f8d80f9-700e-4069-924d-e15f29d7c19a,train,1,wet,1,gold_expert,3.96,0.7293373346328735,3,3,False,top15_margin6_smooth30_gap500_min80_win1500,energy_hysteresis_bounded_merge_nonoverlap_v3,True
13cc16ff-2b44-4740-b7f4-e80cf7404d30_seg_0,13cc16ff-2b44-4740-b7f4-e80cf7404d30,train,1,wet,1,weak_expert,7.62,1.0035254955291748,2,2,False,top15_margin6_smooth30_gap500_min80_win1500,energy_hysteresis_bounded_merge_nonoverlap_v3,True
16af8331-f890-4f2e-bf49-2b42985d379e_seg_0,16af8331-f890-4f2e-bf49-2b42985d379e,train,1,wet,1,weak_expert,6.96,0.8849025964736938,2,2,False,top15_margin6_smooth30_gap500_min80_win1500,energy_hysteresis_bounded_merge_nonoverlap_v3,True
16b16ff5-e875-4f0f-ad76-bd7ba27faca6_seg_0,16b16ff5-e875-4f0f-ad76-bd7ba27faca6,train,1,wet,1,weak_expert,9.84,0.8779991865158081,3,3,False,top15_margin6_smooth30_gap500_min80_win1500,energy_hysteresis_bounded_merge_nonoverlap_v3,True
182246b0-9f77-4c40-976e-3c9342619819_seg_0,182246b0-9f77-4c40-976e-3c9342619819,train,1,wet,1,weak_expert,9.9,0.9223749041557312,4,4,False,top15_margin6_smooth30_gap500_min80_win1500,energy_hysteresis_bounded_merge_nonoverlap_v3,True
1b1f2c9b-7cfa-4eb5-837d-36ae3d647c92_seg_0,1b1f2c9b-7cfa-4eb5-837d-36ae3d647c92,train,1,wet,1,weak_expert,4.08,0.8976929187774658,3,3,False,top15_margin6_smooth30_gap500_min80_win1500,energy_hysteresis_bounded_merge_nonoverlap_v3,True
1de44182-c6f6-4059-bb54-1e8552999e03_seg_0,1de44182-c6f6-4059-bb54-1e8552999e03,train,1,wet,1,weak_expert,9.96,0.8561687469482422,4,4,False,top15_margin6_smooth30_gap500_min80_win1500,energy_hysteresis_bounded_merge_nonoverlap_v3,True
1e3025cb-d921-485b-a08c-c2966fc4f730_seg_0,1e3025cb-d921-485b-a08c-c2966fc4f730,train,1,wet,1,weak_expert,9.78,0.8090714812278748,2,2,False,top15_margin6_smooth30_gap500_min80_win1500,energy_hysteresis_bounded_merge_nonoverlap_v3,True
20638b85-0ab9-45cc-b257-9ce9986946de_seg_0,20638b85-0ab9-45cc-b257-9ce9986946de,train,1,wet,1,weak_expert,9.78,1.0105775594711304,6,6,False,top15_margin6_smooth30_gap500_min80_win1500,energy_hysteresis_bounded_merge_nonoverlap_v3,True
21c16c1c-46fc-4b80-b941-65d7c6e87555_seg_0,21c16c1c-46fc-4b80-b941-65d7c6e87555,train,1,wet,1,weak_expert,9.72,0.9775904417037964,6,6,False,top15_margin6_smooth30_gap500_min80_win1500,energy_hysteresis_bounded_merge_nonoverlap_v3,True
25e59482-9d33-4a0c-bfbf-5438b9c0c9ea_seg_0,25e59482-9d33-4a0c-bfbf-5438b9c0c9ea,train,1,wet,1,weak_expert,9.96,0.08960084617137909,3,3,False,top15_margin6_smooth30_gap500_min80_win1500,energy_hysteresis_bounded_merge_nonoverlap_v3,True
28b30c43-8b77-436a-a181-9b36ec9f0553_seg_0,28b30c43-8b77-436a-a181-9b36ec9f0553,train,1,wet,1,weak_expert,6.9,0.8280466794967651,3,3,False,top15_margin6_smooth30_gap500_min80_win1500,energy_hysteresis_bounded_merge_nonoverlap_v3,True
2e41a2bd-6462-407d-8078-9f7b86a54f52_seg_0,2e41a2bd-6462-407d-8078-9f7b86a54f52,train,1,wet,1,weak_expert,9.78,0.8643689155578613,4,4,False,top15_margin6_smooth30_gap500_min80_win1500,energy_hysteresis_bounded_merge_nonoverlap_v3,True
32eea255-502c-4bb2-9160-12aa16912ea9_seg_0,32eea255-502c-4bb2-9160-12aa16912ea9,train,1,wet,1,weak_expert,9.9,0.8991731405258179,2,2,False,top15_margin6_smooth30_gap500_min80_win1500,energy_hysteresis_bounded_merge_nonoverlap_v3,True
380bc7f0-d950-450c-9f5e-43c7c3f4c132_seg_0,380bc7f0-d950-450c-9f5e-43c7c3f4c132,train,1,wet,1,weak_expert,9.36,0.876530110836029,2,2,False,top15_margin6_smooth30_gap500_min80_win1500,energy_hysteresis_bounded_merge_nonoverlap_v3,True
3c903e81-9634-4d62-90f0-f09b95f382f7_seg_0,3c903e81-9634-4d62-90f0-f09b95f382f7,train,1,wet,1,weak_expert,6.9,0.8071127533912659,3,3,False,top15_margin6_smooth30_gap500_min80_win1500,energy_hysteresis_bounded_merge_nonoverlap_v3,True
4122c8f7-07e5-4c74-8993-c17157bd6c1b_seg_0,4122c8f7-07e5-4c74-8993-c17157bd6c1b,train,1,wet,1,weak_expert,9.9,1.001483678817749,4,4,False,top15_margin6_smooth30_gap500_min80_win1500,energy_hysteresis_bounded_merge_nonoverlap_v3,True
4a19eff2-8302-4aa6-9164-ae5a9d2d824f_seg_0,4a19eff2-8302-4aa6-9164-ae5a9d2d824f,train,1,wet,1,weak_expert,9.9,0.8857114315032959,5,5,False,top15_margin6_smooth30_gap500_min80_win1500,energy_hysteresis_bounded_merge_nonoverlap_v3,True
4eab6d7e-32c1-4a7f-be8c-b1cbcffe2420_seg_0,4eab6d7e-32c1-4a7f-be8c-b1cbcffe2420,train,1,wet,1,weak_expert,4.38,1.0244907140731812,3,3,False,top15_margin6_smooth30_gap500_min80_win1500,energy_hysteresis_bounded_merge_nonoverlap_v3,True
4f95a31d-9302-47bb-a0b6-cdd8b13c0aab_seg_0,4f95a31d-9302-47bb-a0b6-cdd8b13c0aab,train,1,wet,1,weak_expert,7.62,0.676169753074646,3,3,False,top15_margin6_smooth30_gap500_min80_win1500,energy_hysteresis_bounded_merge_nonoverlap_v3,True
5322ecad-3152-4fab-8f66-8552c0ebd4c2_seg_0,5322ecad-3152-4fab-8f66-8552c0ebd4c2,train,1,wet,1,weak_expert,9.42,0.8020071983337402,4,4,False,top15_margin6_smooth30_gap500_min80_win1500,energy_hysteresis_bounded_merge_nonoverlap_v3,True
55534e14-5e4e-4102-8bb0-2011ca1c371a_seg_0,55534e14-5e4e-4102-8bb0-2011ca1c371a,train,1,wet,1,weak_expert,7.74,0.9689584970474243,2,2,False,top15_margin6_smooth30_gap500_min80_win1500,energy_hysteresis_bounded_merge_nonoverlap_v3,True
5790906b-44f0-4b59-8052-1f3d7927decd_seg_0,5790906b-44f0-4b59-8052-1f3d7927decd,train,1,wet,1,weak_expert,9.84,1.0226939916610718,1,1,False,top15_margin6_smooth30_gap500_min80_win1500,energy_hysteresis_bounded_merge_nonoverlap_v3,True
618fc43a-4d9d-4dad-8b68-2714b584ccc4_seg_0,618fc43a-4d9d-4dad-8b68-2714b584ccc4,train,1,wet,1,weak_expert,9.9,0.7989789843559265,4,4,False,top15_margin6_smooth30_gap500_min80_win1500,energy_hysteresis_bounded_merge_nonoverlap_v3,True
641a25a8-413c-4a45-b74f-a46edc276724_seg_0,641a25a8-413c-4a45-b74f-a46edc276724,train,1,wet,1,weak_expert,4.32,0.900801956653595,1,1,False,top15_margin6_smooth30_gap500_min80_win1500,energy_hysteresis_bounded_merge_nonoverlap_v3,True
6647b629-2246-48c9-83ad-c3ad4795c891_seg_0,6647b629-2246-48c9-83ad-c3ad4795c891,train,1,wet,1,weak_expert,9.72,0.8159976005554199,1,1,False,top15_margin6_smooth30_gap500_min80_win1500,energy_hysteresis_bounded_merge_nonoverlap_v3,True
66636b7b-3e0e-4613-9f1f-4ec16fb313c3_seg_0,66636b7b-3e0e-4613-9f1f-4ec16fb313c3,train,1,wet,1,weak_expert,9.96,0.9482588768005371,3,3,False,top15_margin6_smooth30_gap500_min80_win1500,energy_hysteresis_bounded_merge_nonoverlap_v3,True
66bd4211-2034-4cde-82ad-59aeff6e7eb8_seg_0,66bd4211-2034-4cde-82ad-59aeff6e7eb8,train,1,wet,1,weak_expert,9.84,0.8041388988494873,3,3,False,top15_margin6_smooth30_gap500_min80_win1500,energy_hysteresis_bounded_merge_nonoverlap_v3,True
6fbee7bd-2530-404b-80e2-bb2d1317d7c5_seg_0,6fbee7bd-2530-404b-80e2-bb2d1317d7c5,train,1,wet,1,weak_expert,5.46,0.9303589463233948,2,2,False,top15_margin6_smooth30_gap500_min80_win1500,energy_hysteresis_bounded_merge_nonoverlap_v3,True
78637ec8-6570-4b6a-b8fd-a1610022c413_seg_0,78637ec8-6570-4b6a-b8fd-a1610022c413,train,1,wet,1,weak_expert,4.14,0.7181909084320068,1,1,False,top15_margin6_smooth30_gap500_min80_win1500,energy_hysteresis_bounded_merge_nonoverlap_v3,True
7872c598-46e9-4bc5-804b-47c71b4be1ac_seg_0,7872c598-46e9-4bc5-804b-47c71b4be1ac,train,1,wet,1,weak_expert,6.72,0.6206417083740234,1,1,False,top15_margin6_smooth30_gap500_min80_win1500,energy_hysteresis_bounded_merge_nonoverlap_v3,True
811d96a7-e63f-4a8e-afc8-d8cef7bec7aa_seg_0,811d96a7-e63f-4a8e-afc8-d8cef7bec7aa,train,1,wet,1,weak_expert,6.9,0.9143508076667786,1,1,False,top15_margin6_smooth30_gap500_min80_win1500,energy_hysteresis_bounded_merge_nonoverlap_v3,True
821f8448-26e5-4f74-acbf-e5d5058eaa93_seg_0,821f8448-26e5-4f74-acbf-e5d5058eaa93,train,1,wet,1,weak_expert,8.34,0.7974056601524353,2,2,False,top15_margin6_smooth30_gap500_min80_win1500,energy_hysteresis_bounded_merge_nonoverlap_v3,True
8475da17-5c32-415c-ba77-6dfad5ee5f9b_seg_0,8475da17-5c32-415c-ba77-6dfad5ee5f9b,train,1,wet,1,weak_expert,8.28,0.8551502227783203,2,2,False,top15_margin6_smooth30_gap500_min80_win1500,energy_hysteresis_bounded_merge_nonoverlap_v3,True
868d1ace-2365-4f81-bc7e-0fbe8214f5d7_seg_0,868d1ace-2365-4f81-bc7e-0fbe8214f5d7,train,1,wet,1,weak_expert,9.9,0.8223450183868408,1,1,False,top15_margin6_smooth30_gap500_min80_win1500,energy_hysteresis_bounded_merge_nonoverlap_v3,True
8b96d238-8053-4b15-86b6-a31f448dda73_seg_0,8b96d238-8053-4b15-86b6-a31f448dda73,train,1,wet,1,weak_expert,4.56,1.1696245670318604,2,2,False,top15_margin6_smooth30_gap500_min80_win1500,energy_hysteresis_bounded_merge_nonoverlap_v3,True
8cdd0367-1661-4524-830d-2bd69aa6dee7_seg_0,8cdd0367-1661-4524-830d-2bd69aa6dee7,train,1,wet,1,weak_expert,9.84,0.960853099822998,2,2,False,top15_margin6_smooth30_gap500_min80_win1500,energy_hysteresis_bounded_merge_nonoverlap_v3,True
91678983-1d96-4390-8f09-55df6a75bb36_seg_0,91678983-1d96-4390-8f09-55df6a75bb36,train,1,wet,1,weak_expert,9.6,0.8362799882888794,2,2,False,top15_margin6_smooth30_gap500_min80_win1500,energy_hysteresis_bounded_merge_nonoverlap_v3,True
9420ab0f-61bd-4567-a229-e93ff115785b_seg_0,9420ab0f-61bd-4567-a229-e93ff115785b,train,1,wet,1,weak_expert,9.96,0.9803472757339478,6,6,False,top15_margin6_smooth30_gap500_min80_win1500,energy_hysteresis_bounded_merge_nonoverlap_v3,True
99de245e-7797-4b68-8b4e-7be2c3600f49_seg_0,99de245e-7797-4b68-8b4e-7be2c3600f49,train,1,wet,1,weak_expert,9.84,0.9332706928253174,5,5,False,top15_margin6_smooth30_gap500_min80_win1500,energy_hysteresis_bounded_merge_nonoverlap_v3,True
9c121206-2d76-40b1-bbd0-4b1f483adada_seg_0,9c121206-2d76-40b1-bbd0-4b1f483adada,train,1,wet,1,weak_expert,9.9,0.9683665633201599,5,5,False,top15_margin6_smooth30_gap500_min80_win1500,energy_hysteresis_bounded_merge_nonoverlap_v3,True
9e41c672-ffbd-4a9b-919b-3fdfd4771f63_seg_0,9e41c672-ffbd-4a9b-919b-3fdfd4771f63,train,1,wet,1,weak_expert,9.9,1.0643901824951172,4,4,False,top15_margin6_smooth30_gap500_min80_win1500,energy_hysteresis_bounded_merge_nonoverlap_v3,True
a1f69db9-81f4-4a07-9808-dd1c99053125_seg_0,a1f69db9-81f4-4a07-9808-dd1c99053125,train,1,wet,1,weak_expert,9.9,0.8430195450782776,3,3,False,top15_margin6_smooth30_gap500_min80_win1500,energy_hysteresis_bounded_merge_nonoverlap_v3,True
a5115a55-1187-4983-b9d6-4e423d92f981_seg_0,a5115a55-1187-4983-b9d6-4e423d92f981,train,1,wet,1,weak_expert,9.96,1.0164973735809326,3,3,False,top15_margin6_smooth30_gap500_min80_win1500,energy_hysteresis_bounded_merge_nonoverlap_v3,True
aa78817e-f5e3-470b-b516-6006c59fb1fa_seg_0,aa78817e-f5e3-470b-b516-6006c59fb1fa,train,1,wet,1,weak_expert,9.9,0.8894128799438477,2,2,False,top15_margin6_smooth30_gap500_min80_win1500,energy_hysteresis_bounded_merge_nonoverlap_v3,True
b392ae80-f91a-4a78-bad3-2e8a8c8130d2_seg_0,b392ae80-f91a-4a78-bad3-2e8a8c8130d2,train,1,wet,1,weak_expert,6.06,0.9528184533119202,2,2,False,top15_margin6_smooth30_gap500_min80_win1500,energy_hysteresis_bounded_merge_nonoverlap_v3,True
b689a94c-70d7-4fec-a237-b5ded63ca518_seg_0,b689a94c-70d7-4fec-a237-b5ded63ca518,train,1,wet,1,weak_expert,8.04,0.958222508430481,2,2,False,top15_margin6_smooth30_gap500_min80_win1500,energy_hysteresis_bounded_merge_nonoverlap_v3,True
b7f60904-a2e1-4068-9854-523ebe8d8c04_seg_0,b7f60904-a2e1-4068-9854-523ebe8d8c04,train,1,wet,1,weak_expert,9.9,1.0169237852096558,4,4,False,top15_margin6_smooth30_gap500_min80_win1500,energy_hysteresis_bounded_merge_nonoverlap_v3,True
bcc118e3-39f2-45f9-8dae-46650d962729_seg_0,bcc118e3-39f2-45f9-8dae-46650d962729,train,1,wet,1,weak_expert,9.9,0.8196339011192322,4,4,False,top15_margin6_smooth30_gap500_min80_win1500,energy_hysteresis_bounded_merge_nonoverlap_v3,True
bd14922a-f88e-4b99-a338-360789a40b69_seg_0,bd14922a-f88e-4b99-a338-360789a40b69,train,1,wet,1,weak_expert,4.38,0.8378682136535645,2,2,False,top15_margin6_smooth30_gap500_min80_win1500,energy_hysteresis_bounded_merge_nonoverlap_v3,True
c34dae42-797d-41cd-815d-b10d23d8844d_seg_0,c34dae42-797d-41cd-815d-b10d23d8844d,train,1,wet,1,weak_expert,8.58,1.092452883720398,5,5,False,top15_margin6_smooth30_gap500_min80_win1500,energy_hysteresis_bounded_merge_nonoverlap_v3,True
c3c69ce2-8617-4329-8f39-7f7b16daafed_seg_0,c3c69ce2-8617-4329-8f39-7f7b16daafed,train,1,wet,1,weak_expert,9.84,0.8081117868423462,2,2,False,top15_margin6_smooth30_gap500_min80_win1500,energy_hysteresis_bounded_merge_nonoverlap_v3,True
c9d68f80-c9ee-4cb3-885b-f4f46fa1c8bd_seg_0,c9d68f80-c9ee-4cb3-885b-f4f46fa1c8bd,train,1,wet,1,weak_expert,6.96,0.8190130591392517,1,1,False,top15_margin6_smooth30_gap500_min80_win1500,energy_hysteresis_bounded_merge_nonoverlap_v3,True
cc5b8aa6-355a-4f4c-bc88-4f1d5bafc5ad_seg_0,cc5b8aa6-355a-4f4c-bc88-4f1d5bafc5ad,train,1,wet,1,weak_expert,9.96,0.8367588520050049,3,3,False,top15_margin6_smooth30_gap500_min80_win1500,energy_hysteresis_bounded_merge_nonoverlap_v3,True
dc994f21-ea5e-4236-bc48-2fd980feb2f8_seg_0,dc994f21-ea5e-4236-bc48-2fd980feb2f8,train,1,wet,1,weak_expert,9.78,0.9164816737174988,3,3,False,top15_margin6_smooth30_gap500_min80_win1500,energy_hysteresis_bounded_merge_nonoverlap_v3,True
dff83863-6ceb-416a-9846-26b13bab1bfa_seg_0,dff83863-6ceb-416a-9846-26b13bab1bfa,train,1,wet,1,weak_expert,6.06,0.8019831776618958,3,3,False,top15_margin6_smooth30_gap500_min80_win1500,energy_hysteresis_bounded_merge_nonoverlap_v3,True
e048aa97-7313-48f8-99f7-0f2795bf4a48_seg_0,e048aa97-7313-48f8-99f7-0f2795bf4a48,train,1,wet,1,weak_expert,7.74,1.2026236057281494,3,3,False,top15_margin6_smooth30_gap500_min80_win1500,energy_hysteresis_bounded_merge_nonoverlap_v3,True
e272246a-5c0e-4549-83b0-8330cfce867e_seg_0,e272246a-5c0e-4549-83b0-8330cfce867e,train,1,wet,1,weak_expert,9.96,0.814702033996582,2,2,False,top15_margin6_smooth30_gap500_min80_win1500,energy_hysteresis_bounded_merge_nonoverlap_v3,True
e292ff84-85b8-486e-984a-91ecceef4b90_seg_0,e292ff84-85b8-486e-984a-91ecceef4b90,train,1,wet,1,weak_expert,9.84,0.6164016723632812,2,2,False,top15_margin6_smooth30_gap500_min80_win1500,energy_hysteresis_bounded_merge_nonoverlap_v3,True
e39dac66-46e0-4d6f-b09c-58026674c71f_seg_0,e39dac66-46e0-4d6f-b09c-58026674c71f,train,1,wet,1,weak_expert,9.96,1.032073736190796,1,1,False,top15_margin6_smooth30_gap500_min80_win1500,energy_hysteresis_bounded_merge_nonoverlap_v3,True
e6788288-778c-46d3-9d83-c4c2eb6f707d_seg_0,e6788288-778c-46d3-9d83-c4c2eb6f707d,train,1,wet,1,weak_expert,5.16,0.7748055458068848,3,3,False,top15_margin6_smooth30_gap500_min80_win1500,energy_hysteresis_bounded_merge_nonoverlap_v3,True
e89a2e55-e5ad-4774-950c-ae4e84b444f8_seg_0,e89a2e55-e5ad-4774-950c-ae4e84b444f8,train,1,wet,1,weak_expert,9.9,0.9686824083328247,4,4,False,top15_margin6_smooth30_gap500_min80_win1500,energy_hysteresis_bounded_merge_nonoverlap_v3,True
ea3553b7-8fc4-4889-bc48-9318dfc1c9f5_seg_0,ea3553b7-8fc4-4889-bc48-9318dfc1c9f5,train,1,wet,1,weak_expert,9.84,0.6244810819625854,3,3,False,top15_margin6_smooth30_gap500_min80_win1500,energy_hysteresis_bounded_merge_nonoverlap_v3,True
ed5f5776-506b-42ac-85f6-021619d319b9_seg_0,ed5f5776-506b-42ac-85f6-021619d319b9,train,1,wet,1,weak_expert,9.6,0.8163316249847412,5,5,False,top15_margin6_smooth30_gap500_min80_win1500,energy_hysteresis_bounded_merge_nonoverlap_v3,True
ee82b8a5-39ed-41da-a927-7be42bb86ec7_seg_0,ee82b8a5-39ed-41da-a927-7be42bb86ec7,train,1,wet,1,weak_expert,9.12,0.8564615845680237,3,3,False,top15_margin6_smooth30_gap500_min80_win1500,energy_hysteresis_bounded_merge_nonoverlap_v3,True
f33560fd-1e3f-4117-b759-b2151dfb7eab_seg_0,f33560fd-1e3f-4117-b759-b2151dfb7eab,train,1,wet,1,weak_expert,3.72,0.8222595453262329,2,2,False,top15_margin6_smooth30_gap500_min80_win1500,energy_hysteresis_bounded_merge_nonoverlap_v3,True
f3a3af59-0ebf-4644-a38b-32e36a70b876_seg_0,f3a3af59-0ebf-4644-a38b-32e36a70b876,train,1,wet,1,weak_expert,9.78,0.7629227042198181,1,1,False,top15_margin6_smooth30_gap500_min80_win1500,energy_hysteresis_bounded_merge_nonoverlap_v3,True
f8c27e97-5b6b-4437-a8ae-236074a31b98_seg_0,f8c27e97-5b6b-4437-a8ae-236074a31b98,train,1,wet,1,weak_expert,5.52,0.754009485244751,1,1,False,top15_margin6_smooth30_gap500_min80_win1500,energy_hysteresis_bounded_merge_nonoverlap_v3,True
f9144621-a450-411a-b4f6-9a29e617358f_seg_0,f9144621-a450-411a-b4f6-9a29e617358f,train,1,wet,1,weak_expert,9.9,1.0002341270446777,4,4,False,top15_margin6_smooth30_gap500_min80_win1500,energy_hysteresis_bounded_merge_nonoverlap_v3,True
fd0859a7-9b11-405f-b151-6f21048f50bd_seg_0,fd0859a7-9b11-405f-b151-6f21048f50bd,train,1,wet,1,weak_expert,9.84,0.9958076477050781,3,3,False,top15_margin6_smooth30_gap500_min80_win1500,energy_hysteresis_bounded_merge_nonoverlap_v3,True
059ae242-fffd-44c7-b821-9d73f93449aa_seg_0,059ae242-fffd-44c7-b821-9d73f93449aa,train,2,dry,0,weak_expert,9.84,0.8157956600189209,4,4,False,top15_margin6_smooth30_gap500_min80_win1500,energy_hysteresis_bounded_merge_nonoverlap_v3,True
06ad9cc8-27ff-4d9e-bfec-f88a660d9253_seg_0,06ad9cc8-27ff-4d9e-bfec-f88a660d9253,train,2,dry,0,weak_expert,9.9,0.827839732170105,3,3,False,top15_margin6_smooth30_gap500_min80_win1500,energy_hysteresis_bounded_merge_nonoverlap_v3,True
06b49798-22b7-4570-85b9-1390947ff34d_seg_0,06b49798-22b7-4570-85b9-1390947ff34d,train,2,dry,0,weak_expert,9.36,0.769861102104187,2,2,False,top15_margin6_smooth30_gap500_min80_win1500,energy_hysteresis_bounded_merge_nonoverlap_v3,True
0b35d226-9927-4ddc-b5ea-cca273d43f66_seg_0,0b35d226-9927-4ddc-b5ea-cca273d43f66,train,2,dry,0,weak_expert,9.9,0.13042399287223816,3,3,False,top15_margin6_smooth30_gap500_min80_win1500,energy_hysteresis_bounded_merge_nonoverlap_v3,True
0b60a771-1dde-49b8-a46d-d049b1791ca4_seg_0,0b60a771-1dde-49b8-a46d-d049b1791ca4,train,2,dry,0,weak_expert,9.84,0.886330783367157,3,3,False,top15_margin6_smooth30_gap500_min80_win1500,energy_hysteresis_bounded_merge_nonoverlap_v3,True
0ebcd337-e754-4955-a935-f7b3f04ec5ff_seg_0,0ebcd337-e754-4955-a935-f7b3f04ec5ff,train,2,dry,0,weak_expert,9.96,0.979198157787323,2,2,False,top15_margin6_smooth30_gap500_min80_win1500,energy_hysteresis_bounded_merge_nonoverlap_v3,True
12a1f8a8-d986-477c-a186-501247d38869_seg_0,12a1f8a8-d986-477c-a186-501247d38869,train,2,dry,0,weak_expert,6.54,0.8391960859298706,2,2,False,top15_margin6_smooth30_gap500_min80_win1500,energy_hysteresis_bounded_merge_nonoverlap_v3,True
139d0f69-4c1c-416c-933e-ab45ea42ff93_seg_0,139d0f69-4c1c-416c-933e-ab45ea42ff93,train,2,dry,0,weak_expert,9.9,0.872139036655426,3,3,False,top15_margin6_smooth30_gap500_min80_win1500,energy_hysteresis_bounded_merge_nonoverlap_v3,True
13ec7c23-9c3d-42a7-90e7-ca621e8e2c33_seg_0,13ec7c23-9c3d-42a7-90e7-ca621e8e2c33,train,2,dry,0,weak_expert,9.96,0.9855920672416687,2,2,False,top15_margin6_smooth30_gap500_min80_win1500,energy_hysteresis_bounded_merge_nonoverlap_v3,True
15a0a034-354e-4637-b74c-9653763e0862_seg_0,15a0a034-354e-4637-b74c-9653763e0862,train,2,dry,0,weak_expert,9.78,0.9971988797187805,2,2,False,top15_margin6_smooth30_gap500_min80_win1500,energy_hysteresis_bounded_merge_nonoverlap_v3,True
1645e119-c9ee-4cf8-9a87-31bcc8b025bb_seg_0,1645e119-c9ee-4cf8-9a87-31bcc8b025bb,train,2,dry,0,weak_expert,9.66,0.8875585794448853,1,1,False,top15_margin6_smooth30_gap500_min80_win1500,energy_hysteresis_bounded_merge_nonoverlap_v3,True
167b1c65-40e6-4330-8dc7-d51d735ccdab_seg_0,167b1c65-40e6-4330-8dc7-d51d735ccdab,train,2,dry,0,weak_expert,9.9786875,0.9590874910354614,3,3,False,top15_margin6_smooth30_gap500_min80_win1500,energy_hysteresis_bounded_merge_nonoverlap_v3,True
1853c64d-a058-471d-8409-84fd2afb5edd_seg_0,1853c64d-a058-471d-8409-84fd2afb5edd,train,2,dry,0,weak_expert,9.84,0.6683225631713867,4,4,False,top15_margin6_smooth30_gap500_min80_win1500,energy_hysteresis_bounded_merge_nonoverlap_v3,True
1add9b29-ef49-4a03-b38f-c9391161e7bf_seg_0,1add9b29-ef49-4a03-b38f-c9391161e7bf,train,2,dry,0,weak_expert,5.46,0.822577953338623,2,2,False,top15_margin6_smooth30_gap500_min80_win1500,energy_hysteresis_bounded_merge_nonoverlap_v3,True
1c13288a-9ef9-4027-9ca6-06472a106fb1_seg_0,1c13288a-9ef9-4027-9ca6-06472a106fb1,train,2,dry,0,weak_expert,9.96,1.0616950988769531,4,4,False,top15_margin6_smooth30_gap500_min80_win1500,energy_hysteresis_bounded_merge_nonoverlap_v3,True
1c4c4928-4a83-4fae-be54-48a557fb7739_seg_0,1c4c4928-4a83-4fae-be54-48a557fb7739,train,2,dry,0,weak_expert,7.5,1.0928959846496582,3,3,False,top15_margin6_smooth30_gap500_min80_win1500,energy_hysteresis_bounded_merge_nonoverlap_v3,True
1cef13ee-037d-49cb-bbd3-bbb44328cd91_seg_0,1cef13ee-037d-49cb-bbd3-bbb44328cd91,train,2,dry,0,weak_expert,3.18,0.8445113897323608,1,1,False,top15_margin6_smooth30_gap500_min80_win1500,energy_hysteresis_bounded_merge_nonoverlap_v3,True
1e2fb96c-cc9c-450d-9474-b363b22adfe8_seg_0,1e2fb96c-cc9c-450d-9474-b363b22adfe8,train,2,dry,0,weak_expert,9.9,0.9092150926589966,3,3,False,top15_margin6_smooth30_gap500_min80_win1500,energy_hysteresis_bounded_merge_nonoverlap_v3,True
1e35ccdb-4d0c-4a40-884d-500fa21dae26_seg_0,1e35ccdb-4d0c-4a40-884d-500fa21dae26,train,2,dry,0,weak_expert,9.9,0.9752787351608276,1,1,False,top15_margin6_smooth30_gap500_min80_win1500,energy_hysteresis_bounded_merge_nonoverlap_v3,True
1f02c230-3a22-4ee1-81e4-7e7237b36c03_seg_0,1f02c230-3a22-4ee1-81e4-7e7237b36c03,train,2,dry,0,weak_expert,10.0,0.8300352692604065,4,4,False,top15_margin6_smooth30_gap500_min80_win1500,energy_hysteresis_bounded_merge_nonoverlap_v3,True
21601275-9606-4574-869d-1cec6120d3e1_seg_0,21601275-9606-4574-869d-1cec6120d3e1,train,2,dry,0,weak_expert,5.64,0.9539718627929688,2,2,False,top15_margin6_smooth30_gap500_min80_win1500,energy_hysteresis_bounded_merge_nonoverlap_v3,True
218f522f-d3b0-4370-a93f-e8a70d958950_seg_0,218f522f-d3b0-4370-a93f-e8a70d958950,train,2,dry,0,gold_expert,9.9,0.8246991634368896,4,4,False,top15_margin6_smooth30_gap500_min80_win1500,energy_hysteresis_bounded_merge_nonoverlap_v3,True
21d95211-da92-44a9-83c7-30f8d4c6d670_seg_0,21d95211-da92-44a9-83c7-30f8d4c6d670,train,2,dry,0,weak_expert,9.9,0.9251999855041504,3,3,False,top15_margin6_smooth30_gap500_min80_win1500,energy_hysteresis_bounded_merge_nonoverlap_v3,True
22cb791b-2eba-480f-9eb3-69018bd25a04_seg_0,22cb791b-2eba-480f-9eb3-69018bd25a04,train,2,dry,0,weak_expert,7.8,0.8413565754890442,1,1,False,top15_margin6_smooth30_gap500_min80_win1500,energy_hysteresis_bounded_merge_nonoverlap_v3,True
23757c39-1cc1-4c17-bdda-b8b44c42a68e_seg_0,23757c39-1cc1-4c17-bdda-b8b44c42a68e,train,2,dry,0,weak_expert,5.22,0.9357563257217407,2,2,False,top15_margin6_smooth30_gap500_min80_win1500,energy_hysteresis_bounded_merge_nonoverlap_v3,True
23b27f73-bbcc-4856-a5bd-8a9719e471db_seg_0,23b27f73-bbcc-4856-a5bd-8a9719e471db,train,2,dry,0,weak_expert,9.96,0.9044615030288696,4,4,False,top15_margin6_smooth30_gap500_min80_win1500,energy_hysteresis_bounded_merge_nonoverlap_v3,True
24526b28-3377-4f1e-942f-8e3f6d38e44b_seg_0,24526b28-3377-4f1e-942f-8e3f6d38e44b,train,2,dry,0,weak_expert,5.16,0.5718684196472168,2,2,False,top15_margin6_smooth30_gap500_min80_win1500,energy_hysteresis_bounded_merge_nonoverlap_v3,True
26194021-bc50-4a4f-b49e-e36a01041b49_seg_0,26194021-bc50-4a4f-b49e-e36a01041b49,train,2,dry,0,weak_expert,9.96,0.8513551354408264,1,1,False,top15_margin6_smooth30_gap500_min80_win1500,energy_hysteresis_bounded_merge_nonoverlap_v3,True
26b079a2-0954-4ca4-a494-1ef64e7d93f9_seg_0,26b079a2-0954-4ca4-a494-1ef64e7d93f9,train,2,dry,0,weak_expert,9.96,0.9145103693008423,1,1,False,top15_margin6_smooth30_gap500_min80_win1500,energy_hysteresis_bounded_merge_nonoverlap_v3,True
27bfbb49-3141-4d9e-9746-0e830e859907_seg_0,27bfbb49-3141-4d9e-9746-0e830e859907,train,2,dry,0,weak_expert,5.28,0.7690597176551819,1,1,False,top15_margin6_smooth30_gap500_min80_win1500,energy_hysteresis_bounded_merge_nonoverlap_v3,True
28ccfa17-8a60-43b1-b0b0-2db7042c088e_seg_0,28ccfa17-8a60-43b1-b0b0-2db7042c088e,train,2,dry,0,weak_expert,3.18,0.8744356632232666,1,1,False,top15_margin6_smooth30_gap500_min80_win1500,energy_hysteresis_bounded_merge_nonoverlap_v3,True
2c38b55e-7a52-4b23-a4a5-f0da83cd2cba_seg_0,2c38b55e-7a52-4b23-a4a5-f0da83cd2cba,train,2,dry,0,weak_expert,7.5,0.8918117880821228,3,3,False,top15_margin6_smooth30_gap500_min80_win1500,energy_hysteresis_bounded_merge_nonoverlap_v3,True
2e4456dd-bb47-45f7-b2ef-7b2d2f2859c6_seg_0,2e4456dd-bb47-45f7-b2ef-7b2d2f2859c6,train,2,dry,0,gold_expert,9.36,0.8072815537452698,2,2,False,top15_margin6_smooth30_gap500_min80_win1500,energy_hysteresis_bounded_merge_nonoverlap_v3,True
30f89651-4d57-4de3-8575-ab68725eccef_seg_0,30f89651-4d57-4de3-8575-ab68725eccef,train,2,dry,0,weak_expert,2.4,0.7913591265678406,1,1,False,top15_margin6_smooth30_gap500_min80_win1500,energy_hysteresis_bounded_merge_nonoverlap_v3,True
32233260-588c-4431-a326-4a0ea6c669c5_seg_0,32233260-588c-4431-a326-4a0ea6c669c5,train,2,dry,0,weak_expert,9.78,0.9817842245101929,3,3,False,top15_margin6_smooth30_gap500_min80_win1500,energy_hysteresis_bounded_merge_nonoverlap_v3,True
32ba514c-b6e5-45a5-a62d-a4555084e3ed_seg_0,32ba514c-b6e5-45a5-a62d-a4555084e3ed,train,2,dry,0,weak_expert,9.84,0.883583128452301,4,4,False,top15_margin6_smooth30_gap500_min80_win1500,energy_hysteresis_bounded_merge_nonoverlap_v3,True
335a56cc-66bf-4dd0-a60b-f7a596e43c08_seg_0,335a56cc-66bf-4dd0-a60b-f7a596e43c08,train,2,dry,0,weak_expert,9.54,0.9643062353134155,2,2,False,top15_margin6_smooth30_gap500_min80_win1500,energy_hysteresis_bounded_merge_nonoverlap_v3,True
33ed7ec5-c28f-4397-90ac-f64af5d0393e_seg_0,33ed7ec5-c28f-4397-90ac-f64af5d0393e,train,2,dry,0,weak_expert,4.02,1.0022183656692505,2,2,False,top15_margin6_smooth30_gap500_min80_win1500,energy_hysteresis_bounded_merge_nonoverlap_v3,True
341ff20f-b75f-4d5a-8ee9-38ba198ed6ec_seg_0,341ff20f-b75f-4d5a-8ee9-38ba198ed6ec,train,2,dry,0,weak_expert,9.004125,0.7897477149963379,4,4,False,top15_margin6_smooth30_gap500_min80_win1500,energy_hysteresis_bounded_merge_nonoverlap_v3,True
34fa8ed4-a911-4def-9272-d26e56dd05d2_seg_0,34fa8ed4-a911-4def-9272-d26e56dd05d2,train,2,dry,0,weak_expert,8.22,0.7775432467460632,1,1,False,top15_margin6_smooth30_gap500_min80_win1500,energy_hysteresis_bounded_merge_nonoverlap_v3,True
353bb06f-a51c-4646-b890-d7fd3529e0e2_seg_0,353bb06f-a51c-4646-b890-d7fd3529e0e2,train,2,dry,0,weak_expert,9.84,1.0152698755264282,5,5,False,top15_margin6_smooth30_gap500_min80_win1500,energy_hysteresis_bounded_merge_nonoverlap_v3,True
35ee826c-b4e1-40ae-9873-7df156071b7b_seg_0,35ee826c-b4e1-40ae-9873-7df156071b7b,train,2,dry,0,weak_expert,9.9,0.9870873689651489,4,4,False,top15_margin6_smooth30_gap500_min80_win1500,energy_hysteresis_bounded_merge_nonoverlap_v3,True
362c55e4-0bb0-4295-9dc3-be1e1e7e95a4_seg_0,362c55e4-0bb0-4295-9dc3-be1e1e7e95a4,train,2,dry,0,weak_expert,9.9,0.9814884662628174,2,2,False,top15_margin6_smooth30_gap500_min80_win1500,energy_hysteresis_bounded_merge_nonoverlap_v3,True
37347587-048a-4a1c-a100-7cf820711428_seg_0,37347587-048a-4a1c-a100-7cf820711428,train,2,dry,0,weak_expert,9.84,0.8827061653137207,2,2,False,top15_margin6_smooth30_gap500_min80_win1500,energy_hysteresis_bounded_merge_nonoverlap_v3,True
38578eb5-eef4-4c69-9e08-cbda1065b9d0_seg_0,38578eb5-eef4-4c69-9e08-cbda1065b9d0,train,2,dry,0,weak_expert,7.38,0.9407375454902649,2,2,False,top15_margin6_smooth30_gap500_min80_win1500,energy_hysteresis_bounded_merge_nonoverlap_v3,True
3a3e7613-0749-40ca-bec3-fbe8070a9719_seg_0,3a3e7613-0749-40ca-bec3-fbe8070a9719,train,2,dry,0,weak_expert,9.84,0.9979249238967896,2,2,False,top15_margin6_smooth30_gap500_min80_win1500,energy_hysteresis_bounded_merge_nonoverlap_v3,True
3a6d3a21-4c29-47a9-9146-913edb738bca_seg_0,3a6d3a21-4c29-47a9-9146-913edb738bca,train,2,dry,0,weak_expert,9.96,1.0011953115463257,4,4,False,top15_margin6_smooth30_gap500_min80_win1500,energy_hysteresis_bounded_merge_nonoverlap_v3,True
3b6a0157-04a2-46cd-b5a7-299595293a2d_seg_0,3b6a0157-04a2-46cd-b5a7-299595293a2d,train,2,dry,0,weak_expert,9.9,0.8210222721099854,3,3,False,top15_margin6_smooth30_gap500_min80_win1500,energy_hysteresis_bounded_merge_nonoverlap_v3,True
3b917045-a264-4e3c-9a70-491e49448c36_seg_0,3b917045-a264-4e3c-9a70-491e49448c36,train,2,dry,0,weak_expert,9.84,0.8245066404342651,3,3,False,top15_margin6_smooth30_gap500_min80_win1500,energy_hysteresis_bounded_merge_nonoverlap_v3,True
3cb4dbb6-d191-4331-bcdb-eec0f100484a_seg_0,3cb4dbb6-d191-4331-bcdb-eec0f100484a,train,2,dry,0,weak_expert,7.4449375,0.9432877898216248,2,2,False,top15_margin6_smooth30_gap500_min80_win1500,energy_hysteresis_bounded_merge_nonoverlap_v3,True
3d8a71a7-e94f-425c-8b92-09aceddcd063_seg_0,3d8a71a7-e94f-425c-8b92-09aceddcd063,train,2,dry,0,weak_expert,4.92,0.9521663784980774,1,1,False,top15_margin6_smooth30_gap500_min80_win1500,energy_hysteresis_bounded_merge_nonoverlap_v3,True
3e231461-a679-4e96-8fcc-07480b6309c1_seg_0,3e231461-a679-4e96-8fcc-07480b6309c1,train,2,dry,0,weak_expert,7.26,0.8658602237701416,3,3,False,top15_margin6_smooth30_gap500_min80_win1500,energy_hysteresis_bounded_merge_nonoverlap_v3,True
3ef8a638-8f4c-4018-8e25-dfd817979599_seg_0,3ef8a638-8f4c-4018-8e25-dfd817979599,train,2,dry,0,weak_expert,7.44,0.8957724571228027,2,2,False,top15_margin6_smooth30_gap500_min80_win1500,energy_hysteresis_bounded_merge_nonoverlap_v3,True
41c95439-7a27-4f01-8aba-4a0640b4683e_seg_0,41c95439-7a27-4f01-8aba-4a0640b4683e,train,2,dry,0,weak_expert,9.78,0.8637334108352661,3,3,False,top15_margin6_smooth30_gap500_min80_win1500,energy_hysteresis_bounded_merge_nonoverlap_v3,True
4260e6fd-0a12-48de-9bfd-1b8644c2186b_seg_0,4260e6fd-0a12-48de-9bfd-1b8644c2186b,train,2,dry,0,gold_expert,7.38,0.7623389959335327,1,1,False,top15_margin6_smooth30_gap500_min80_win1500,energy_hysteresis_bounded_merge_nonoverlap_v3,True
4376cf7a-db13-4730-b2bd-890bd5e5cb8b_seg_0,4376cf7a-db13-4730-b2bd-890bd5e5cb8b,train,2,dry,0,weak_expert,9.66,0.7162514925003052,3,3,False,top15_margin6_smooth30_gap500_min80_win1500,energy_hysteresis_bounded_merge_nonoverlap_v3,True
43e83454-4324-4f0d-8ff5-02c53b4781c8_seg_0,43e83454-4324-4f0d-8ff5-02c53b4781c8,train,2,dry,0,weak_expert,9.9,0.9223865270614624,4,4,False,top15_margin6_smooth30_gap500_min80_win1500,energy_hysteresis_bounded_merge_nonoverlap_v3,True
449b3a31-6ec1-4e6a-bb90-4cf63b07c8be_seg_0,449b3a31-6ec1-4e6a-bb90-4cf63b07c8be,train,2,dry,0,weak_expert,9.84,0.7957919836044312,3,3,False,top15_margin6_smooth30_gap500_min80_win1500,energy_hysteresis_bounded_merge_nonoverlap_v3,True
44c16fe2-1d25-4964-b32d-61ce832599c1_seg_0,44c16fe2-1d25-4964-b32d-61ce832599c1,train,2,dry,0,weak_expert,9.78,1.0102529525756836,2,2,False,top15_margin6_smooth30_gap500_min80_win1500,energy_hysteresis_bounded_merge_nonoverlap_v3,True
47041a03-16e8-4a03-b343-8d5e69afcd5c_seg_0,47041a03-16e8-4a03-b343-8d5e69afcd5c,train,2,dry,0,weak_expert,10.0,0.807226836681366,1,1,False,top15_margin6_smooth30_gap500_min80_win1500,energy_hysteresis_bounded_merge_nonoverlap_v3,True
4763797e-e24f-4af4-a449-d60bbc9079cb_seg_0,4763797e-e24f-4af4-a449-d60bbc9079cb,train,2,dry,0,weak_expert,9.84,0.7730599045753479,2,2,False,top15_margin6_smooth30_gap500_min80_win1500,energy_hysteresis_bounded_merge_nonoverlap_v3,True
47edb277-7f3c-426d-8e14-a0385f3c1b77_seg_0,47edb277-7f3c-426d-8e14-a0385f3c1b77,train,2,dry,0,weak_expert,8.28,0.9375247955322266,3,3,False,top15_margin6_smooth30_gap500_min80_win1500,energy_hysteresis_bounded_merge_nonoverlap_v3,True
486dd43d-63a6-4ad6-8a00-2787b31c245e_seg_0,486dd43d-63a6-4ad6-8a00-2787b31c245e,train,2,dry,0,weak_expert,9.78,0.9751490354537964,2,2,False,top15_margin6_smooth30_gap500_min80_win1500,energy_hysteresis_bounded_merge_nonoverlap_v3,True
48d28621-e417-47ae-ab2b-54e659e9df04_seg_0,48d28621-e417-47ae-ab2b-54e659e9df04,train,2,dry,0,weak_expert,9.84,1.0030016899108887,3,3,False,top15_margin6_smooth30_gap500_min80_win1500,energy_hysteresis_bounded_merge_nonoverlap_v3,True
48f84033-8615-4805-b2a5-d84050d3951b_seg_0,48f84033-8615-4805-b2a5-d84050d3951b,train,2,dry,0,weak_expert,10.0,0.9258089065551758,1,1,False,top15_margin6_smooth30_gap500_min80_win1500,energy_hysteresis_bounded_merge_nonoverlap_v3,True
49f7f1de-5199-4291-b906-f058a8dc74d9_seg_0,49f7f1de-5199-4291-b906-f058a8dc74d9,train,2,dry,0,weak_expert,9.84,0.7752038240432739,1,1,False,top15_margin6_smooth30_gap500_min80_win1500,energy_hysteresis_bounded_merge_nonoverlap_v3,True
4a39216d-fdac-4a28-b2cc-367e39d098aa_seg_0,4a39216d-fdac-4a28-b2cc-367e39d098aa,train,2,dry,0,weak_expert,9.9,0.9098128080368042,2,2,False,top15_margin6_smooth30_gap500_min80_win1500,energy_hysteresis_bounded_merge_nonoverlap_v3,True
4afa3822-6de3-4877-b5ee-2e4e7ffb9081_seg_0,4afa3822-6de3-4877-b5ee-2e4e7ffb9081,train,2,dry,0,weak_expert,9.96,0.8420189619064331,2,2,False,top15_margin6_smooth30_gap500_min80_win1500,energy_hysteresis_bounded_merge_nonoverlap_v3,True
4e052563-ff5b-47b1-92c2-dc4ba0ac8fbc_seg_0,4e052563-ff5b-47b1-92c2-dc4ba0ac8fbc,train,2,dry,0,weak_expert,9.9,0.7360959053039551,4,4,False,top15_margin6_smooth30_gap500_min80_win1500,energy_hysteresis_bounded_merge_nonoverlap_v3,True
4f51059b-0e34-4ae8-8ea8-66630d9b147b_seg_0,4f51059b-0e34-4ae8-8ea8-66630d9b147b,train,2,dry,0,weak_expert,9.78,0.8093807101249695,4,4,False,top15_margin6_smooth30_gap500_min80_win1500,energy_hysteresis_bounded_merge_nonoverlap_v3,True
4fa3ac8d-f252-40d6-bccd-24aa5e35556c_seg_0,4fa3ac8d-f252-40d6-bccd-24aa5e35556c,train,2,dry,0,weak_expert,9.6,0.8882147669792175,1,1,False,top15_margin6_smooth30_gap500_min80_win1500,energy_hysteresis_bounded_merge_nonoverlap_v3,True
506b5606-cecb-4fba-8723-c4a2bfb8b038_seg_0,506b5606-cecb-4fba-8723-c4a2bfb8b038,train,2,dry,0,weak_expert,9.84,1.036120891571045,5,5,False,top15_margin6_smooth30_gap500_min80_win1500,energy_hysteresis_bounded_merge_nonoverlap_v3,True
510640bb-d6db-483f-a754-c5fa1eaaa388_seg_0,510640bb-d6db-483f-a754-c5fa1eaaa388,train,2,dry,0,gold_expert,9.96,0.8219407796859741,4,4,False,top15_margin6_smooth30_gap500_min80_win1500,energy_hysteresis_bounded_merge_nonoverlap_v3,True
5132cf1f-33ea-489a-83c4-9e428f1646a7_seg_0,5132cf1f-33ea-489a-83c4-9e428f1646a7,train,2,dry,0,weak_expert,9.84,0.9216943383216858,2,2,False,top15_margin6_smooth30_gap500_min80_win1500,energy_hysteresis_bounded_merge_nonoverlap_v3,True
51e2e40b-f1cd-45ba-ad05-8219c595235c_seg_0,51e2e40b-f1cd-45ba-ad05-8219c595235c,train,2,dry,0,weak_expert,9.9,0.7483491897583008,2,2,False,top15_margin6_smooth30_gap500_min80_win1500,energy_hysteresis_bounded_merge_nonoverlap_v3,True
52047339-5625-493f-903a-e0c1950353b3_seg_0,52047339-5625-493f-903a-e0c1950353b3,train,2,dry,0,weak_expert,5.94,0.8862042427062988,1,1,False,top15_margin6_smooth30_gap500_min80_win1500,energy_hysteresis_bounded_merge_nonoverlap_v3,True
522a43ec-3d80-43e4-97c9-c21ceb8b7a63_seg_0,522a43ec-3d80-43e4-97c9-c21ceb8b7a63,train,2,dry,0,weak_expert,9.6,0.8384778499603271,3,3,False,top15_margin6_smooth30_gap500_min80_win1500,energy_hysteresis_bounded_merge_nonoverlap_v3,True
539a8ff2-b70e-4d5d-9799-53bf23cf3acf_seg_0,539a8ff2-b70e-4d5d-9799-53bf23cf3acf,train,2,dry,0,weak_expert,9.96,0.8554989099502563,1,1,False,top15_margin6_smooth30_gap500_min80_win1500,energy_hysteresis_bounded_merge_nonoverlap_v3,True
5402221a-1b2a-4472-ba3e-f5cfc04f18f0_seg_0,5402221a-1b2a-4472-ba3e-f5cfc04f18f0,train,2,dry,0,weak_expert,9.9,0.8556889295578003,1,1,False,top15_margin6_smooth30_gap500_min80_win1500,energy_hysteresis_bounded_merge_nonoverlap_v3,True
55cb1a15-6513-4602-8f59-ecdb5681248c_seg_0,55cb1a15-6513-4602-8f59-ecdb5681248c,train,2,dry,0,weak_expert,6.9,0.8982102870941162,1,1,False,top15_margin6_smooth30_gap500_min80_win1500,energy_hysteresis_bounded_merge_nonoverlap_v3,True
55d0ed26-a7a2-418d-b326-d0bd29a3f19c_seg_0,55d0ed26-a7a2-418d-b326-d0bd29a3f19c,train,2,dry,0,weak_expert,3.84,0.8871600031852722,2,2,False,top15_margin6_smooth30_gap500_min80_win1500,energy_hysteresis_bounded_merge_nonoverlap_v3,True
5683cd42-347e-4fbf-8cd5-aa60c3e5b6cc_seg_0,5683cd42-347e-4fbf-8cd5-aa60c3e5b6cc,train,2,dry,0,weak_expert,8.4,0.6598772406578064,3,3,False,top15_margin6_smooth30_gap500_min80_win1500,energy_hysteresis_bounded_merge_nonoverlap_v3,True
57c25c39-f510-44e3-9ca0-0f694c81a440_seg_0,57c25c39-f510-44e3-9ca0-0f694c81a440,train,2,dry,0,weak_expert,9.9,0.7302394509315491,1,1,False,top15_margin6_smooth30_gap500_min80_win1500,energy_hysteresis_bounded_merge_nonoverlap_v3,True
57e1df06-5e7a-451e-8ffa-6aeaeb732192_seg_0,57e1df06-5e7a-451e-8ffa-6aeaeb732192,train,2,dry,0,weak_expert,9.96,0.8009042143821716,5,5,False,top15_margin6_smooth30_gap500_min80_win1500,energy_hysteresis_bounded_merge_nonoverlap_v3,True
583bcee8-db16-4027-b767-cd74e9433cba_seg_0,583bcee8-db16-4027-b767-cd74e9433cba,train,2,dry,0,weak_expert,9.84,0.7587920427322388,3,3,False,top15_margin6_smooth30_gap500_min80_win1500,energy_hysteresis_bounded_merge_nonoverlap_v3,True
58970bd3-2993-4762-8b21-0c5a2937c16b_seg_0,58970bd3-2993-4762-8b21-0c5a2937c16b,train,2,dry,0,weak_expert,3.66,0.8023271560668945,2,2,False,top15_margin6_smooth30_gap500_min80_win1500,energy_hysteresis_bounded_merge_nonoverlap_v3,True
5ac1a9c3-b135-4589-95dc-cf2a222265f8_seg_0,5ac1a9c3-b135-4589-95dc-cf2a222265f8,train,2,dry,0,weak_expert,5.64,0.7999598979949951,1,1,False,top15_margin6_smooth30_gap500_min80_win1500,energy_hysteresis_bounded_merge_nonoverlap_v3,True
5be10c89-4c9a-495e-8671-f445f51a3fe0_seg_0,5be10c89-4c9a-495e-8671-f445f51a3fe0,train,2,dry,0,gold_expert,9.9,0.8416205644607544,3,3,False,top15_margin6_smooth30_gap500_min80_win1500,energy_hysteresis_bounded_merge_nonoverlap_v3,True
5e232ea7-d639-4ec9-99b2-1829528cdf1c_seg_0,5e232ea7-d639-4ec9-99b2-1829528cdf1c,train,2,dry,0,weak_expert,7.38,0.9892280101776123,1,1,False,top15_margin6_smooth30_gap500_min80_win1500,energy_hysteresis_bounded_merge_nonoverlap_v3,True
5e6d9fe2-f660-49d8-8258-96fc6518187d_seg_0,5e6d9fe2-f660-49d8-8258-96fc6518187d,train,2,dry,0,weak_expert,5.88,0.972978413105011,3,3,False,top15_margin6_smooth30_gap500_min80_win1500,energy_hysteresis_bounded_merge_nonoverlap_v3,True
5ef9fa57-cf7d-4964-a001-05fd72063add_seg_0,5ef9fa57-cf7d-4964-a001-05fd72063add,train,2,dry,0,weak_expert,9.9,0.6304903030395508,2,2,False,top15_margin6_smooth30_gap500_min80_win1500,energy_hysteresis_bounded_merge_nonoverlap_v3,True
60c3afcc-fe9b-4d91-b713-0ab357d5c825_seg_0,60c3afcc-fe9b-4d91-b713-0ab357d5c825,train,2,dry,0,weak_expert,5.46,0.9988403916358948,1,1,False,top15_margin6_smooth30_gap500_min80_win1500,energy_hysteresis_bounded_merge_nonoverlap_v3,True
6208f70a-1cd0-4428-a68e-b3db1bc8abf7_seg_0,6208f70a-1cd0-4428-a68e-b3db1bc8abf7,train,2,dry,0,weak_expert,5.58,0.7902984023094177,3,3,False,top15_margin6_smooth30_gap500_min80_win1500,energy_hysteresis_bounded_merge_nonoverlap_v3,True
6308a83f-58f0-4cd8-be25-5c75b8883126_seg_0,6308a83f-58f0-4cd8-be25-5c75b8883126,train,2,dry,0,weak_expert,9.3,0.9667117595672607,4,4,False,top15_margin6_smooth30_gap500_min80_win1500,energy_hysteresis_bounded_merge_nonoverlap_v3,True
639c6225-edd2-4f9c-8c7f-5fedd57ef73f_seg_0,639c6225-edd2-4f9c-8c7f-5fedd57ef73f,train,2,dry,0,weak_expert,9.9,0.8217290043830872,3,3,False,top15_margin6_smooth30_gap500_min80_win1500,energy_hysteresis_bounded_merge_nonoverlap_v3,True
668c6e03-edc6-45aa-98d1-429fe5bd92fa_seg_0,668c6e03-edc6-45aa-98d1-429fe5bd92fa,train,2,dry,0,weak_expert,2.76,0.8317527770996094,1,1,False,top15_margin6_smooth30_gap500_min80_win1500,energy_hysteresis_bounded_merge_nonoverlap_v3,True
67b68c39-caf5-46b1-b8da-7f2fd9068a5a_seg_0,67b68c39-caf5-46b1-b8da-7f2fd9068a5a,train,2,dry,0,weak_expert,9.9,0.9921423196792603,3,3,False,top15_margin6_smooth30_gap500_min80_win1500,energy_hysteresis_bounded_merge_nonoverlap_v3,True
6868da77-a36a-4fb4-afa5-aba26bd2bbd5_seg_0,6868da77-a36a-4fb4-afa5-aba26bd2bbd5,train,2,dry,0,weak_expert,9.9,0.9831503629684448,5,5,False,top15_margin6_smooth30_gap500_min80_win1500,energy_hysteresis_bounded_merge_nonoverlap_v3,True
70bd76c5-bfc6-4a4d-9942-47588699c714_seg_0,70bd76c5-bfc6-4a4d-9942-47588699c714,train,2,dry,0,weak_expert,7.08,1.0443038940429688,3,3,False,top15_margin6_smooth30_gap500_min80_win1500,energy_hysteresis_bounded_merge_nonoverlap_v3,True
724ff070-52ab-48e8-8e85-f6431a9d2869_seg_0,724ff070-52ab-48e8-8e85-f6431a9d2869,train,2,dry,0,weak_expert,9.36,0.8928859233856201,1,1,False,top15_margin6_smooth30_gap500_min80_win1500,energy_hysteresis_bounded_merge_nonoverlap_v3,True
729d23d1-9abd-44df-8b05-22217b1ffbdf_seg_0,729d23d1-9abd-44df-8b05-22217b1ffbdf,train,2,dry,0,weak_expert,9.78,0.7862527370452881,5,5,False,top15_margin6_smooth30_gap500_min80_win1500,energy_hysteresis_bounded_merge_nonoverlap_v3,True
7336b77f-6873-4e2c-837d-2ef925a3d33e_seg_0,7336b77f-6873-4e2c-837d-2ef925a3d33e,train,2,dry,0,weak_expert,9.84,0.8227333426475525,4,4,False,top15_margin6_smooth30_gap500_min80_win1500,energy_hysteresis_bounded_merge_nonoverlap_v3,True
74c47154-dc42-4f14-8285-b5a507ef9463_seg_0,74c47154-dc42-4f14-8285-b5a507ef9463,train,2,dry,0,weak_expert,9.9,0.5672280788421631,2,2,False,top15_margin6_smooth30_gap500_min80_win1500,energy_hysteresis_bounded_merge_nonoverlap_v3,True
751c4649-2d74-46f1-a873-b0d40946e145_seg_0,751c4649-2d74-46f1-a873-b0d40946e145,train,2,dry,0,weak_expert,5.4,0.9386965036392212,2,2,False,top15_margin6_smooth30_gap500_min80_win1500,energy_hysteresis_bounded_merge_nonoverlap_v3,True
756d7aa4-e12a-4eb3-b119-2b8a7db0abb6_seg_0,756d7aa4-e12a-4eb3-b119-2b8a7db0abb6,train,2,dry,0,weak_expert,5.52,0.9067850112915039,1,1,False,top15_margin6_smooth30_gap500_min80_win1500,energy_hysteresis_bounded_merge_nonoverlap_v3,True
76521f70-dec6-4d64-8378-a0dbb1f5c724_seg_0,76521f70-dec6-4d64-8378-a0dbb1f5c724,train,2,dry,0,weak_expert,9.84,0.7963430881500244,3,3,False,top15_margin6_smooth30_gap500_min80_win1500,energy_hysteresis_bounded_merge_nonoverlap_v3,True
7668e116-b279-4ee0-90f6-dff5be2df938_seg_0,7668e116-b279-4ee0-90f6-dff5be2df938,train,2,dry,0,weak_expert,9.72,0.7567629814147949,1,1,False,top15_margin6_smooth30_gap500_min80_win1500,energy_hysteresis_bounded_merge_nonoverlap_v3,True
7672fa5b-277c-40e4-98e7-bca978acfe9e_seg_0,7672fa5b-277c-40e4-98e7-bca978acfe9e,train,2,dry,0,weak_expert,9.9,0.7615805268287659,2,2,False,top15_margin6_smooth30_gap500_min80_win1500,energy_hysteresis_bounded_merge_nonoverlap_v3,True
76779311-1f9c-40b5-845d-bde19b0d9c0e_seg_0,76779311-1f9c-40b5-845d-bde19b0d9c0e,train,2,dry,0,weak_expert,9.78,0.9543867111206055,2,2,False,top15_margin6_smooth30_gap500_min80_win1500,energy_hysteresis_bounded_merge_nonoverlap_v3,True
78bba857-d1c8-4a56-86d5-650911bad154_seg_0,78bba857-d1c8-4a56-86d5-650911bad154,train,2,dry,0,weak_expert,4.8,0.8417556285858154,2,2,False,top15_margin6_smooth30_gap500_min80_win1500,energy_hysteresis_bounded_merge_nonoverlap_v3,True
7a92755e-90c8-4491-a7ec-36b3d9a74ceb_seg_0,7a92755e-90c8-4491-a7ec-36b3d9a74ceb,train,2,dry,0,weak_expert,9.96,0.8462620973587036,3,3,False,top15_margin6_smooth30_gap500_min80_win1500,energy_hysteresis_bounded_merge_nonoverlap_v3,True
7a94b3ae-2fd8-48f3-b15d-34c157c21e8f_seg_0,7a94b3ae-2fd8-48f3-b15d-34c157c21e8f,train,2,dry,0,weak_expert,9.78,1.004603624343872,2,2,False,top15_margin6_smooth30_gap500_min80_win1500,energy_hysteresis_bounded_merge_nonoverlap_v3,True
7e4cf3ef-9c9a-43ff-8e0e-527eddeff067_seg_0,7e4cf3ef-9c9a-43ff-8e0e-527eddeff067,train,2,dry,0,weak_expert,9.96,0.27616024017333984,4,4,False,top15_margin6_smooth30_gap500_min80_win1500,energy_hysteresis_bounded_merge_nonoverlap_v3,True
7ec311f3-c48a-4b46-81dd-de4ffca3610c_seg_0,7ec311f3-c48a-4b46-81dd-de4ffca3610c,train,2,dry,0,weak_expert,9.96,0.9229037761688232,4,4,False,top15_margin6_smooth30_gap500_min80_win1500,energy_hysteresis_bounded_merge_nonoverlap_v3,True
7f64a4ba-035c-41e1-a7d0-34f60d160648_seg_0,7f64a4ba-035c-41e1-a7d0-34f60d160648,train,2,dry,0,weak_expert,8.04,0.9191335439682007,2,2,False,top15_margin6_smooth30_gap500_min80_win1500,energy_hysteresis_bounded_merge_nonoverlap_v3,True
80ef7fb3-fa42-4539-8109-bac59586b80d_seg_0,80ef7fb3-fa42-4539-8109-bac59586b80d,train,2,dry,0,weak_expert,3.6,0.753474771976471,1,1,False,top15_margin6_smooth30_gap500_min80_win1500,energy_hysteresis_bounded_merge_nonoverlap_v3,True
818197ee-acaf-48e1-8776-1c70942a4ced_seg_0,818197ee-acaf-48e1-8776-1c70942a4ced,train,2,dry,0,gold_expert,8.82,0.9443528652191162,2,2,False,top15_margin6_smooth30_gap500_min80_win1500,energy_hysteresis_bounded_merge_nonoverlap_v3,True
82a7bdf0-56fb-426c-9dc6-7811ee82ece2_seg_0,82a7bdf0-56fb-426c-9dc6-7811ee82ece2,train,2,dry,0,weak_expert,9.9,0.8026597499847412,6,6,False,top15_margin6_smooth30_gap500_min80_win1500,energy_hysteresis_bounded_merge_nonoverlap_v3,True
8395f784-e828-4c74-a856-e49cdb1074ef_seg_0,8395f784-e828-4c74-a856-e49cdb1074ef,train,2,dry,0,weak_expert,9.84,0.8384739756584167,4,4,False,top15_margin6_smooth30_gap500_min80_win1500,energy_hysteresis_bounded_merge_nonoverlap_v3,True
84f7f9eb-ce07-4ace-8c02-d83360a25db4_seg_0,84f7f9eb-ce07-4ace-8c02-d83360a25db4,train,2,dry,0,weak_expert,9.9,1.0215389728546143,5,5,False,top15_margin6_smooth30_gap500_min80_win1500,energy_hysteresis_bounded_merge_nonoverlap_v3,True
86154e17-8089-4f5a-9dfb-427f4e5a9583_seg_0,86154e17-8089-4f5a-9dfb-427f4e5a9583,train,2,dry,0,weak_expert,9.72,0.7596851587295532,1,1,False,top15_margin6_smooth30_gap500_min80_win1500,energy_hysteresis_bounded_merge_nonoverlap_v3,True
880d7516-b583-45c9-9012-949148905250_seg_0,880d7516-b583-45c9-9012-949148905250,train,2,dry,0,weak_expert,9.9,0.972378134727478,2,2,False,top15_margin6_smooth30_gap500_min80_win1500,energy_hysteresis_bounded_merge_nonoverlap_v3,True
885278b4-30ed-4dd7-a813-f0e2706a12ba_seg_0,885278b4-30ed-4dd7-a813-f0e2706a12ba,train,2,dry,0,weak_expert,9.42,1.001401424407959,4,4,False,top15_margin6_smooth30_gap500_min80_win1500,energy_hysteresis_bounded_merge_nonoverlap_v3,True
88571a5b-7d25-4373-86f8-f784dbceabec_seg_0,88571a5b-7d25-4373-86f8-f784dbceabec,train,2,dry,0,gold_expert,9.9,0.9955558776855469,4,4,False,top15_margin6_smooth30_gap500_min80_win1500,energy_hysteresis_bounded_merge_nonoverlap_v3,True
89a9d33a-38ac-4927-914b-79d448519c72_seg_0,89a9d33a-38ac-4927-914b-79d448519c72,train,2,dry,0,weak_expert,9.78,0.9579162001609802,2,2,False,top15_margin6_smooth30_gap500_min80_win1500,energy_hysteresis_bounded_merge_nonoverlap_v3,True
8a4486c3-9d2f-47cf-82ec-998b7f59e8f2_seg_0,8a4486c3-9d2f-47cf-82ec-998b7f59e8f2,train,2,dry,0,weak_expert,9.72,1.0692338943481445,1,1,False,top15_margin6_smooth30_gap500_min80_win1500,energy_hysteresis_bounded_merge_nonoverlap_v3,True
8b50115d-5e51-4fa0-9521-f6ecc0b6527d_seg_0,8b50115d-5e51-4fa0-9521-f6ecc0b6527d,train,2,dry,0,weak_expert,4.86,1.0340088605880737,3,3,False,top15_margin6_smooth30_gap500_min80_win1500,energy_hysteresis_bounded_merge_nonoverlap_v3,True
8c509a42-be60-4f6c-b5a8-5f304d5caff7_seg_0,8c509a42-be60-4f6c-b5a8-5f304d5caff7,train,2,dry,0,weak_expert,9.84,0.8776957988739014,3,3,False,top15_margin6_smooth30_gap500_min80_win1500,energy_hysteresis_bounded_merge_nonoverlap_v3,True
8e381f25-6bc9-4b5e-b221-f92e340e71b9_seg_0,8e381f25-6bc9-4b5e-b221-f92e340e71b9,train,2,dry,0,weak_expert,9.78,0.5625768899917603,2,2,False,top15_margin6_smooth30_gap500_min80_win1500,energy_hysteresis_bounded_merge_nonoverlap_v3,True
8e9e20cd-78c6-414d-91fb-c99092255bd6_seg_0,8e9e20cd-78c6-414d-91fb-c99092255bd6,train,2,dry,0,weak_expert,8.7,0.8983147740364075,5,5,False,top15_margin6_smooth30_gap500_min80_win1500,energy_hysteresis_bounded_merge_nonoverlap_v3,True
8ef63129-6889-4095-8e2f-562ddee8069e_seg_0,8ef63129-6889-4095-8e2f-562ddee8069e,train,2,dry,0,weak_expert,9.9,0.9292073845863342,1,1,False,top15_margin6_smooth30_gap500_min80_win1500,energy_hysteresis_bounded_merge_nonoverlap_v3,True
8f71aa36-4f94-4726-9def-b98b63f03a27_seg_0,8f71aa36-4f94-4726-9def-b98b63f03a27,train,2,dry,0,weak_expert,9.66,0.9054874181747437,2,2,False,top15_margin6_smooth30_gap500_min80_win1500,energy_hysteresis_bounded_merge_nonoverlap_v3,True
900e0342-6ad8-48f0-8cbc-e8f1950541df_seg_0,900e0342-6ad8-48f0-8cbc-e8f1950541df,train,2,dry,0,weak_expert,9.96,0.9746296405792236,3,3,False,top15_margin6_smooth30_gap500_min80_win1500,energy_hysteresis_bounded_merge_nonoverlap_v3,True
90df4728-8750-4646-a0a4-027f2c9cd544_seg_0,90df4728-8750-4646-a0a4-027f2c9cd544,train,2,dry,0,weak_expert,10.0,1.0749603509902954,4,4,False,top15_margin6_smooth30_gap500_min80_win1500,energy_hysteresis_bounded_merge_nonoverlap_v3,True
9255b8a3-43a2-4c4d-a858-9ddc45bb506b_seg_0,9255b8a3-43a2-4c4d-a858-9ddc45bb506b,train,2,dry,0,weak_expert,7.38,0.8856120109558105,3,3,False,top15_margin6_smooth30_gap500_min80_win1500,energy_hysteresis_bounded_merge_nonoverlap_v3,True
92d33463-e1bd-490e-8a8d-adb7bfb0b24e_seg_0,92d33463-e1bd-490e-8a8d-adb7bfb0b24e,train,2,dry,0,weak_expert,9.9,0.8586066961288452,3,3,False,top15_margin6_smooth30_gap500_min80_win1500,energy_hysteresis_bounded_merge_nonoverlap_v3,True
9333c624-ef59-44f6-9643-fa9b2485c173_seg_0,9333c624-ef59-44f6-9643-fa9b2485c173,train,2,dry,0,gold_expert,9.9,0.8741471767425537,4,4,False,top15_margin6_smooth30_gap500_min80_win1500,energy_hysteresis_bounded_merge_nonoverlap_v3,True
93d85777-43fb-4fbf-a63b-95434133437b_seg_0,93d85777-43fb-4fbf-a63b-95434133437b,train,2,dry,0,weak_expert,9.96,0.743032693862915,2,2,False,top15_margin6_smooth30_gap500_min80_win1500,energy_hysteresis_bounded_merge_nonoverlap_v3,True
977592cb-c1f2-4b5e-bad1-6132b5cd2ad0_seg_0,977592cb-c1f2-4b5e-bad1-6132b5cd2ad0,train,2,dry,0,weak_expert,9.84,0.8454649448394775,2,2,False,top15_margin6_smooth30_gap500_min80_win1500,energy_hysteresis_bounded_merge_nonoverlap_v3,True
9b1454f3-7e95-4b04-9369-ba923145c84c_seg_0,9b1454f3-7e95-4b04-9369-ba923145c84c,train,2,dry,0,weak_expert,9.84,0.855188250541687,2,2,False,top15_margin6_smooth30_gap500_min80_win1500,energy_hysteresis_bounded_merge_nonoverlap_v3,True
9cc8c2de-8733-4e5b-a18d-5bf9a5166c85_seg_0,9cc8c2de-8733-4e5b-a18d-5bf9a5166c85,train,2,dry,0,weak_expert,9.9,0.9734071493148804,2,2,False,top15_margin6_smooth30_gap500_min80_win1500,energy_hysteresis_bounded_merge_nonoverlap_v3,True
9d03d2b0-dde8-4a31-b4a8-7bb87e98750f_seg_0,9d03d2b0-dde8-4a31-b4a8-7bb87e98750f,train,2,dry,0,weak_expert,9.96,0.2159777581691742,1,1,False,top15_margin6_smooth30_gap500_min80_win1500,energy_hysteresis_bounded_merge_nonoverlap_v3,True
9dc66677-d2a0-4c56-8a4d-74177f49ba1e_seg_0,9dc66677-d2a0-4c56-8a4d-74177f49ba1e,train,2,dry,0,weak_expert,6.54,0.8655962347984314,4,4,False,top15_margin6_smooth30_gap500_min80_win1500,energy_hysteresis_bounded_merge_nonoverlap_v3,True
9e4f4e7b-541e-4e88-80c8-458f62c12825_seg_0,9e4f4e7b-541e-4e88-80c8-458f62c12825,train,2,dry,0,weak_expert,9.72,0.933650016784668,3,3,False,top15_margin6_smooth30_gap500_min80_win1500,energy_hysteresis_bounded_merge_nonoverlap_v3,True
9f2e5d96-7ac5-4b6b-8d67-afebd051d2e1_seg_0,9f2e5d96-7ac5-4b6b-8d67-afebd051d2e1,train,2,dry,0,weak_expert,7.86,0.9394359588623047,3,3,False,top15_margin6_smooth30_gap500_min80_win1500,energy_hysteresis_bounded_merge_nonoverlap_v3,True
9f4dfad5-c175-4a75-b3ac-cdc08e72b98c_seg_0,9f4dfad5-c175-4a75-b3ac-cdc08e72b98c,train,2,dry,0,weak_expert,9.96,1.194016695022583,6,6,False,top15_margin6_smooth30_gap500_min80_win1500,energy_hysteresis_bounded_merge_nonoverlap_v3,True
a08ada1f-32e6-40cf-9513-57cf411cf97d_seg_0,a08ada1f-32e6-40cf-9513-57cf411cf97d,train,2,dry,0,weak_expert,6.9,0.8596310019493103,3,3,False,top15_margin6_smooth30_gap500_min80_win1500,energy_hysteresis_bounded_merge_nonoverlap_v3,True
a0bd7465-ae76-40cd-903b-3591ed9595db_seg_0,a0bd7465-ae76-40cd-903b-3591ed9595db,train,2,dry,0,weak_expert,9.9,0.8075200319290161,2,2,False,top15_margin6_smooth30_gap500_min80_win1500,energy_hysteresis_bounded_merge_nonoverlap_v3,True
a1ffec02-864d-4739-8725-1f7487fee29c_seg_0,a1ffec02-864d-4739-8725-1f7487fee29c,train,2,dry,0,weak_expert,9.78,0.8017691373825073,4,4,False,top15_margin6_smooth30_gap500_min80_win1500,energy_hysteresis_bounded_merge_nonoverlap_v3,True
a286fb10-67fa-432e-80b1-e3f3992f4f95_seg_0,a286fb10-67fa-432e-80b1-e3f3992f4f95,train,2,dry,0,weak_expert,6.96,0.7787880301475525,3,3,False,top15_margin6_smooth30_gap500_min80_win1500,energy_hysteresis_bounded_merge_nonoverlap_v3,True
a28776b5-b876-47ac-8973-9ca280156608_seg_0,a28776b5-b876-47ac-8973-9ca280156608,train,2,dry,0,weak_expert,3.66,0.7772901654243469,2,2,False,top15_margin6_smooth30_gap500_min80_win1500,energy_hysteresis_bounded_merge_nonoverlap_v3,True
a2f3af55-0c64-4b6a-af94-35566bbdcf74_seg_0,a2f3af55-0c64-4b6a-af94-35566bbdcf74,train,2,dry,0,weak_expert,9.968,0.9155590534210205,4,4,False,top15_margin6_smooth30_gap500_min80_win1500,energy_hysteresis_bounded_merge_nonoverlap_v3,True
a3a67ea5-43d5-4b74-8176-0230d2281efb_seg_0,a3a67ea5-43d5-4b74-8176-0230d2281efb,train,2,dry,0,weak_expert,4.8,0.731422483921051,3,3,False,top15_margin6_smooth30_gap500_min80_win1500,energy_hysteresis_bounded_merge_nonoverlap_v3,True
a3f71947-b7ec-4fd4-a091-987a2859d5e1_seg_0,a3f71947-b7ec-4fd4-a091-987a2859d5e1,train,2,dry,0,weak_expert,9.9,0.8320397138595581,4,4,False,top15_margin6_smooth30_gap500_min80_win1500,energy_hysteresis_bounded_merge_nonoverlap_v3,True
a426cca7-528f-41d3-aba4-b717699e45d5_seg_0,a426cca7-528f-41d3-aba4-b717699e45d5,train,2,dry,0,weak_expert,9.3535,0.8820338845252991,1,1,False,top15_margin6_smooth30_gap500_min80_win1500,energy_hysteresis_bounded_merge_nonoverlap_v3,True
a523b86d-a88a-450b-a778-bb131e1e0865_seg_0,a523b86d-a88a-450b-a778-bb131e1e0865,train,2,dry,0,weak_expert,4.477375,1.098705530166626,1,1,False,top15_margin6_smooth30_gap500_min80_win1500,energy_hysteresis_bounded_merge_nonoverlap_v3,True
a5e352b6-3f84-4374-9551-15e14383c27b_seg_0,a5e352b6-3f84-4374-9551-15e14383c27b,train,2,dry,0,weak_expert,9.96,0.6186414361000061,4,4,False,top15_margin6_smooth30_gap500_min80_win1500,energy_hysteresis_bounded_merge_nonoverlap_v3,True
a684a1c0-e2de-4ae2-b1a1-cca613005bd5_seg_0,a684a1c0-e2de-4ae2-b1a1-cca613005bd5,train,2,dry,0,weak_expert,4.56,0.9634125232696533,1,1,False,top15_margin6_smooth30_gap500_min80_win1500,energy_hysteresis_bounded_merge_nonoverlap_v3,True
a6c4aa4b-eaa9-457f-a077-98eba5b8ad0e_seg_0,a6c4aa4b-eaa9-457f-a077-98eba5b8ad0e,train,2,dry,0,weak_expert,9.54,1.062811255455017,4,4,False,top15_margin6_smooth30_gap500_min80_win1500,energy_hysteresis_bounded_merge_nonoverlap_v3,True
a8eeb6e9-2034-4c15-8fea-525fdfb3ef3c_seg_0,a8eeb6e9-2034-4c15-8fea-525fdfb3ef3c,train,2,dry,0,weak_expert,9.9,0.8086862564086914,2,2,False,top15_margin6_smooth30_gap500_min80_win1500,energy_hysteresis_bounded_merge_nonoverlap_v3,True
aa0d68d2-690e-4341-9a83-c041c6abfcea_seg_0,aa0d68d2-690e-4341-9a83-c041c6abfcea,train,2,dry,0,weak_expert,6.48,0.8694931268692017,1,1,False,top15_margin6_smooth30_gap500_min80_win1500,energy_hysteresis_bounded_merge_nonoverlap_v3,True
aa4877b2-4820-422b-affe-c3d31c1fc70a_seg_0,aa4877b2-4820-422b-affe-c3d31c1fc70a,train,2,dry,0,weak_expert,6.12,0.926255464553833,3,3,False,top15_margin6_smooth30_gap500_min80_win1500,energy_hysteresis_bounded_merge_nonoverlap_v3,True
abb1586c-6a06-4667-8407-5574b4cc78e3_seg_0,abb1586c-6a06-4667-8407-5574b4cc78e3,train,2,dry,0,weak_expert,6.72,0.7460573315620422,2,2,False,top15_margin6_smooth30_gap500_min80_win1500,energy_hysteresis_bounded_merge_nonoverlap_v3,True
acaf0afa-64f0-4c09-b764-24f8b3f5dff0_seg_0,acaf0afa-64f0-4c09-b764-24f8b3f5dff0,train,2,dry,0,weak_expert,9.72,0.8648303151130676,3,3,False,top15_margin6_smooth30_gap500_min80_win1500,energy_hysteresis_bounded_merge_nonoverlap_v3,True
acd3adc4-4f5c-4144-8dd6-3ea2063845db_seg_0,acd3adc4-4f5c-4144-8dd6-3ea2063845db,train,2,dry,0,weak_expert,9.72,0.7886132001876831,2,2,False,top15_margin6_smooth30_gap500_min80_win1500,energy_hysteresis_bounded_merge_nonoverlap_v3,True
ae24d283-6e7d-4677-a6c0-c8de2fc87422_seg_0,ae24d283-6e7d-4677-a6c0-c8de2fc87422,train,2,dry,0,weak_expert,9.12,0.7547976970672607,6,6,False,top15_margin6_smooth30_gap500_min80_win1500,energy_hysteresis_bounded_merge_nonoverlap_v3,True
ae5dcf74-bf11-47a3-b0d6-c668a0794d8a_seg_0,ae5dcf74-bf11-47a3-b0d6-c668a0794d8a,train,2,dry,0,weak_expert,9.84,0.729280948638916,1,1,False,top15_margin6_smooth30_gap500_min80_win1500,energy_hysteresis_bounded_merge_nonoverlap_v3,True
b010f28f-e601-49de-9293-fb65fdad2dd4_seg_0,b010f28f-e601-49de-9293-fb65fdad2dd4,train,2,dry,0,gold_expert,4.08,0.8411190509796143,1,1,False,top15_margin6_smooth30_gap500_min80_win1500,energy_hysteresis_bounded_merge_nonoverlap_v3,True
b05935c3-68d7-4a28-aea9-f92fbe295c6c_seg_0,b05935c3-68d7-4a28-aea9-f92fbe295c6c,train,2,dry,0,gold_expert,9.78,0.7259482145309448,1,1,False,top15_margin6_smooth30_gap500_min80_win1500,energy_hysteresis_bounded_merge_nonoverlap_v3,True
b0f208f9-2bb8-4de3-b144-ecc04a5e10d3_seg_0,b0f208f9-2bb8-4de3-b144-ecc04a5e10d3,train,2,dry,0,weak_expert,9.9,0.9043174386024475,3,3,False,top15_margin6_smooth30_gap500_min80_win1500,energy_hysteresis_bounded_merge_nonoverlap_v3,True
b2880c03-b9df-4fab-b2cf-a82eb3ab97f8_seg_0,b2880c03-b9df-4fab-b2cf-a82eb3ab97f8,train,2,dry,0,weak_expert,7.86,0.8924498558044434,5,5,False,top15_margin6_smooth30_gap500_min80_win1500,energy_hysteresis_bounded_merge_nonoverlap_v3,True
b3889822-bf4c-4655-8d72-69593a4abda4_seg_0,b3889822-bf4c-4655-8d72-69593a4abda4,train,2,dry,0,weak_expert,9.96,0.9966598153114319,3,3,False,top15_margin6_smooth30_gap500_min80_win1500,energy_hysteresis_bounded_merge_nonoverlap_v3,True
b4538358-d704-49f4-81a6-2888dfc4b309_seg_0,b4538358-d704-49f4-81a6-2888dfc4b309,train,2,dry,0,weak_expert,9.9,0.813273012638092,1,1,False,top15_margin6_smooth30_gap500_min80_win1500,energy_hysteresis_bounded_merge_nonoverlap_v3,True
b4d64d96-8bf9-413d-a165-e6deed6c4dba_seg_0,b4d64d96-8bf9-413d-a165-e6deed6c4dba,train,2,dry,0,weak_expert,9.96,1.0858638286590576,2,2,False,top15_margin6_smooth30_gap500_min80_win1500,energy_hysteresis_bounded_merge_nonoverlap_v3,True
b5880de4-b63e-4b27-9a51-35a5a6667af3_seg_0,b5880de4-b63e-4b27-9a51-35a5a6667af3,train,2,dry,0,weak_expert,9.9,0.9985207319259644,3,3,False,top15_margin6_smooth30_gap500_min80_win1500,energy_hysteresis_bounded_merge_nonoverlap_v3,True
b5ec57dd-28bb-428d-a420-6617f7749a9a_seg_0,b5ec57dd-28bb-428d-a420-6617f7749a9a,train,2,dry,0,weak_expert,5.4,0.8791134357452393,2,2,False,top15_margin6_smooth30_gap500_min80_win1500,energy_hysteresis_bounded_merge_nonoverlap_v3,True
b694763f-70c6-4f29-bb00-0e8d7d7c9a0f_seg_0,b694763f-70c6-4f29-bb00-0e8d7d7c9a0f,train,2,dry,0,weak_expert,9.9,0.7817789316177368,4,4,False,top15_margin6_smooth30_gap500_min80_win1500,energy_hysteresis_bounded_merge_nonoverlap_v3,True
b6ad6b8e-d647-4a31-a414-3c79a1006e80_seg_0,b6ad6b8e-d647-4a31-a414-3c79a1006e80,train,2,dry,0,weak_expert,9.96,0.6104782819747925,1,1,False,top15_margin6_smooth30_gap500_min80_win1500,energy_hysteresis_bounded_merge_nonoverlap_v3,True
b74176fe-cc78-4daa-8541-10ba8968439d_seg_0,b74176fe-cc78-4daa-8541-10ba8968439d,train,2,dry,0,weak_expert,5.88,0.866960883140564,1,1,False,top15_margin6_smooth30_gap500_min80_win1500,energy_hysteresis_bounded_merge_nonoverlap_v3,True
b8d76cc3-378a-4ac6-9aef-0640c8473e7e_seg_0,b8d76cc3-378a-4ac6-9aef-0640c8473e7e,train,2,dry,0,weak_expert,9.84,0.8948100805282593,1,1,False,top15_margin6_smooth30_gap500_min80_win1500,energy_hysteresis_bounded_merge_nonoverlap_v3,True
b986fda8-71e3-4de9-8702-5cc2c82b5faa_seg_0,b986fda8-71e3-4de9-8702-5cc2c82b5faa,train,2,dry,0,weak_expert,9.84,0.7899861335754395,5,5,False,top15_margin6_smooth30_gap500_min80_win1500,energy_hysteresis_bounded_merge_nonoverlap_v3,True
bb6ce694-ca5a-4b1a-9460-8c4cbae05826_seg_0,bb6ce694-ca5a-4b1a-9460-8c4cbae05826,train,2,dry,0,weak_expert,5.52,0.8975608348846436,2,2,False,top15_margin6_smooth30_gap500_min80_win1500,energy_hysteresis_bounded_merge_nonoverlap_v3,True
bbb221cc-8c5c-407d-9ae1-ae8ebd842504_seg_0,bbb221cc-8c5c-407d-9ae1-ae8ebd842504,train,2,dry,0,weak_expert,9.9,0.9151269197463989,1,1,False,top15_margin6_smooth30_gap500_min80_win1500,energy_hysteresis_bounded_merge_nonoverlap_v3,True
bbd87814-fc8c-493a-907c-aeb18acf8e44_seg_0,bbd87814-fc8c-493a-907c-aeb18acf8e44,train,2,dry,0,weak_expert,9.9,0.7641339302062988,1,1,False,top15_margin6_smooth30_gap500_min80_win1500,energy_hysteresis_bounded_merge_nonoverlap_v3,True
be9d7901-a0ae-4ef1-83f6-d58c5263cd96_seg_0,be9d7901-a0ae-4ef1-83f6-d58c5263cd96,train,2,dry,0,weak_expert,4.8,1.0513780117034912,1,1,False,top15_margin6_smooth30_gap500_min80_win1500,energy_hysteresis_bounded_merge_nonoverlap_v3,True
bed17bfe-d49d-44a1-a3d1-40ae3249ec52_seg_0,bed17bfe-d49d-44a1-a3d1-40ae3249ec52,train,2,dry,0,weak_expert,6.4506875,0.869459867477417,1,1,False,top15_margin6_smooth30_gap500_min80_win1500,energy_hysteresis_bounded_merge_nonoverlap_v3,True
c07875ca-5e1a-4263-9a47-4c06f2b0fbe3_seg_0,c07875ca-5e1a-4263-9a47-4c06f2b0fbe3,train,2,dry,0,weak_expert,5.88,0.9485353231430054,2,2,False,top15_margin6_smooth30_gap500_min80_win1500,energy_hysteresis_bounded_merge_nonoverlap_v3,True
c1281451-b74b-4659-beb7-11669297e022_seg_0,c1281451-b74b-4659-beb7-11669297e022,train,2,dry,0,weak_expert,6.24,0.8298180103302002,3,3,False,top15_margin6_smooth30_gap500_min80_win1500,energy_hysteresis_bounded_merge_nonoverlap_v3,True
c29f01d2-870f-4aac-94ec-3699fc0ee32a_seg_0,c29f01d2-870f-4aac-94ec-3699fc0ee32a,train,2,dry,0,weak_expert,9.9,0.8433475494384766,3,3,False,top15_margin6_smooth30_gap500_min80_win1500,energy_hysteresis_bounded_merge_nonoverlap_v3,True
c5470e5f-81fd-4586-bfdb-7e94e7cce348_seg_0,c5470e5f-81fd-4586-bfdb-7e94e7cce348,train,2,dry,0,weak_expert,7.86,0.892668604850769,5,5,False,top15_margin6_smooth30_gap500_min80_win1500,energy_hysteresis_bounded_merge_nonoverlap_v3,True
c5868d6c-a411-4f12-b563-0a418224c376_seg_0,c5868d6c-a411-4f12-b563-0a418224c376,train,2,dry,0,weak_expert,9.96,0.9157367944717407,6,6,False,top15_margin6_smooth30_gap500_min80_win1500,energy_hysteresis_bounded_merge_nonoverlap_v3,True
c587c70a-7489-4c3b-9696-ce1b715168ec_seg_0,c587c70a-7489-4c3b-9696-ce1b715168ec,train,2,dry,0,weak_expert,9.9,0.8883517384529114,1,1,False,top15_margin6_smooth30_gap500_min80_win1500,energy_hysteresis_bounded_merge_nonoverlap_v3,True
c5f4b9fe-04cd-441b-801f-ae24db6b2fc7_seg_0,c5f4b9fe-04cd-441b-801f-ae24db6b2fc7,train,2,dry,0,weak_expert,9.9,0.9591763019561768,2,2,False,top15_margin6_smooth30_gap500_min80_win1500,energy_hysteresis_bounded_merge_nonoverlap_v3,True
c66b8483-8310-437c-9e6d-ab3fc0aa5e98_seg_0,c66b8483-8310-437c-9e6d-ab3fc0aa5e98,train,2,dry,0,weak_expert,5.34,0.7197949886322021,1,1,False,top15_margin6_smooth30_gap500_min80_win1500,energy_hysteresis_bounded_merge_nonoverlap_v3,True
c903ddd6-d205-411d-923a-60550e6aab1e_seg_0,c903ddd6-d205-411d-923a-60550e6aab1e,train,2,dry,0,weak_expert,3.72,0.9884027242660522,1,1,False,top15_margin6_smooth30_gap500_min80_win1500,energy_hysteresis_bounded_merge_nonoverlap_v3,True
c91f0ba5-6d0e-415a-a27f-b9753d758533_seg_0,c91f0ba5-6d0e-415a-a27f-b9753d758533,train,2,dry,0,weak_expert,9.9,0.8642699718475342,2,2,False,top15_margin6_smooth30_gap500_min80_win1500,energy_hysteresis_bounded_merge_nonoverlap_v3,True
ca4c3587-d044-4242-81e1-7a51e68db6a7_seg_0,ca4c3587-d044-4242-81e1-7a51e68db6a7,train,2,dry,0,weak_expert,9.78,0.9368067979812622,2,2,False,top15_margin6_smooth30_gap500_min80_win1500,energy_hysteresis_bounded_merge_nonoverlap_v3,True
cbbef439-96c8-4dca-b3ff-f8491b7c8653_seg_0,cbbef439-96c8-4dca-b3ff-f8491b7c8653,train,2,dry,0,weak_expert,9.9,1.0049867630004883,3,3,False,top15_margin6_smooth30_gap500_min80_win1500,energy_hysteresis_bounded_merge_nonoverlap_v3,True
cd05d1d9-ed06-4fa7-b0d7-3e43c89eb45b_seg_0,cd05d1d9-ed06-4fa7-b0d7-3e43c89eb45b,train,2,dry,0,weak_expert,9.84,0.7960411310195923,2,2,False,top15_margin6_smooth30_gap500_min80_win1500,energy_hysteresis_bounded_merge_nonoverlap_v3,True
ce2634a4-1ad5-4e79-bb90-905c03e52afb_seg_0,ce2634a4-1ad5-4e79-bb90-905c03e52afb,train,2,dry,0,weak_expert,9.78,0.8241194486618042,3,3,False,top15_margin6_smooth30_gap500_min80_win1500,energy_hysteresis_bounded_merge_nonoverlap_v3,True
ce29aef9-0a86-42e6-ab49-258b8a6b1a5e_seg_0,ce29aef9-0a86-42e6-ab49-258b8a6b1a5e,train,2,dry,0,weak_expert,9.84,0.7699398398399353,1,1,False,top15_margin6_smooth30_gap500_min80_win1500,energy_hysteresis_bounded_merge_nonoverlap_v3,True
ce468c06-5a71-4498-8b0d-4d75551094b3_seg_0,ce468c06-5a71-4498-8b0d-4d75551094b3,train,2,dry,0,weak_expert,3.18,0.9927587509155273,2,2,False,top15_margin6_smooth30_gap500_min80_win1500,energy_hysteresis_bounded_merge_nonoverlap_v3,True
ce8ccb5f-c7a3-48e1-839a-a9c4cd71ab3a_seg_0,ce8ccb5f-c7a3-48e1-839a-a9c4cd71ab3a,train,2,dry,0,weak_expert,9.78,0.875475287437439,6,6,False,top15_margin6_smooth30_gap500_min80_win1500,energy_hysteresis_bounded_merge_nonoverlap_v3,True
d037aca5-7fce-402a-871e-d25601a69a8c_seg_0,d037aca5-7fce-402a-871e-d25601a69a8c,train,2,dry,0,weak_expert,9.78,0.8725496530532837,5,5,False,top15_margin6_smooth30_gap500_min80_win1500,energy_hysteresis_bounded_merge_nonoverlap_v3,True
d2c91dbb-f9d3-4d93-ac4d-1b0245631c82_seg_0,d2c91dbb-f9d3-4d93-ac4d-1b0245631c82,train,2,dry,0,weak_expert,9.78,0.7351374626159668,2,2,False,top15_margin6_smooth30_gap500_min80_win1500,energy_hysteresis_bounded_merge_nonoverlap_v3,True
d7e71034-14a0-4ebb-870c-11bffb7d80d4_seg_0,d7e71034-14a0-4ebb-870c-11bffb7d80d4,train,2,dry,0,gold_expert,9.9,1.0116115808486938,4,4,False,top15_margin6_smooth30_gap500_min80_win1500,energy_hysteresis_bounded_merge_nonoverlap_v3,True
d801aaa2-a086-4213-a552-7dd6fbf53943_seg_0,d801aaa2-a086-4213-a552-7dd6fbf53943,train,2,dry,0,weak_expert,9.54,0.6222609877586365,4,4,False,top15_margin6_smooth30_gap500_min80_win1500,energy_hysteresis_bounded_merge_nonoverlap_v3,True
d86c823a-3599-4b67-8ec5-85546f1abb16_seg_0,d86c823a-3599-4b67-8ec5-85546f1abb16,train,2,dry,0,weak_expert,9.78,0.7942259311676025,3,3,False,top15_margin6_smooth30_gap500_min80_win1500,energy_hysteresis_bounded_merge_nonoverlap_v3,True
d92e70af-5bec-4d14-a60e-5a3806e24e75_seg_0,d92e70af-5bec-4d14-a60e-5a3806e24e75,train,2,dry,0,weak_expert,6.48,0.8141928911209106,2,2,False,top15_margin6_smooth30_gap500_min80_win1500,energy_hysteresis_bounded_merge_nonoverlap_v3,True
d9bbd789-3516-4bd1-982f-040ffd01eddf_seg_0,d9bbd789-3516-4bd1-982f-040ffd01eddf,train,2,dry,0,weak_expert,9.3814375,0.9277528524398804,3,3,False,top15_margin6_smooth30_gap500_min80_win1500,energy_hysteresis_bounded_merge_nonoverlap_v3,True
da46c7ee-5342-4f0f-8326-fae957cdfcdf_seg_0,da46c7ee-5342-4f0f-8326-fae957cdfcdf,train,2,dry,0,weak_expert,9.54,0.603096067905426,2,2,False,top15_margin6_smooth30_gap500_min80_win1500,energy_hysteresis_bounded_merge_nonoverlap_v3,True
dc245a1e-cce1-47f4-914f-e4fa8dbd9917_seg_0,dc245a1e-cce1-47f4-914f-e4fa8dbd9917,train,2,dry,0,weak_expert,9.78,0.8069408535957336,3,3,False,top15_margin6_smooth30_gap500_min80_win1500,energy_hysteresis_bounded_merge_nonoverlap_v3,True
dc2d0ff1-8f06-4deb-a95f-bdac66488319_seg_0,dc2d0ff1-8f06-4deb-a95f-bdac66488319,train,2,dry,0,weak_expert,6.06,0.6620959043502808,2,2,False,top15_margin6_smooth30_gap500_min80_win1500,energy_hysteresis_bounded_merge_nonoverlap_v3,True
dc82a3d2-e9bb-40d2-8451-16ad60e188f2_seg_0,dc82a3d2-e9bb-40d2-8451-16ad60e188f2,train,2,dry,0,weak_expert,9.84,0.9850748777389526,5,5,False,top15_margin6_smooth30_gap500_min80_win1500,energy_hysteresis_bounded_merge_nonoverlap_v3,True
deca9f96-463f-4198-baf0-19c42446ec19_seg_0,deca9f96-463f-4198-baf0-19c42446ec19,train,2,dry,0,weak_expert,9.9,0.8100511431694031,3,3,False,top15_margin6_smooth30_gap500_min80_win1500,energy_hysteresis_bounded_merge_nonoverlap_v3,True
dee8c009-e2f7-4258-9c17-98f8ef49345d_seg_0,dee8c009-e2f7-4258-9c17-98f8ef49345d,train,2,dry,0,weak_expert,9.06,0.915129542350769,3,3,False,top15_margin6_smooth30_gap500_min80_win1500,energy_hysteresis_bounded_merge_nonoverlap_v3,True
e0c631a6-5e7e-4f5a-8a07-d27f0ecbfb65_seg_0,e0c631a6-5e7e-4f5a-8a07-d27f0ecbfb65,train,2,dry,0,weak_expert,9.36,0.9954147934913635,3,3,False,top15_margin6_smooth30_gap500_min80_win1500,energy_hysteresis_bounded_merge_nonoverlap_v3,True
e1259ecf-0b60-4106-9852-61c945065ab1_seg_0,e1259ecf-0b60-4106-9852-61c945065ab1,train,2,dry,0,weak_expert,8.28,0.8018859624862671,5,5,False,top15_margin6_smooth30_gap500_min80_win1500,energy_hysteresis_bounded_merge_nonoverlap_v3,True
e2719794-cda2-484d-9147-7d526bd86148_seg_0,e2719794-cda2-484d-9147-7d526bd86148,train,2,dry,0,weak_expert,9.78,0.8119210600852966,2,2,False,top15_margin6_smooth30_gap500_min80_win1500,energy_hysteresis_bounded_merge_nonoverlap_v3,True
e4740bf9-f9ea-47f9-9fbd-1a285654a9de_seg_0,e4740bf9-f9ea-47f9-9fbd-1a285654a9de,train,2,dry,0,weak_expert,9.84,0.7328042387962341,1,1,False,top15_margin6_smooth30_gap500_min80_win1500,energy_hysteresis_bounded_merge_nonoverlap_v3,True
e5309e82-43fc-4aac-9bd7-200c3b4e926d_seg_0,e5309e82-43fc-4aac-9bd7-200c3b4e926d,train,2,dry,0,weak_expert,10.0,1.1582348346710205,6,6,False,top15_margin6_smooth30_gap500_min80_win1500,energy_hysteresis_bounded_merge_nonoverlap_v3,True
e586aff4-968f-4299-b092-3e9a59472689_seg_0,e586aff4-968f-4299-b092-3e9a59472689,train,2,dry,0,weak_expert,3.9,0.8777145743370056,1,1,False,top15_margin6_smooth30_gap500_min80_win1500,energy_hysteresis_bounded_merge_nonoverlap_v3,True
e614bfdf-0264-4094-8585-a1cd4068f503_seg_0,e614bfdf-0264-4094-8585-a1cd4068f503,train,2,dry,0,weak_expert,9.66,0.8479738831520081,3,3,False,top15_margin6_smooth30_gap500_min80_win1500,energy_hysteresis_bounded_merge_nonoverlap_v3,True
e695a385-83cf-48d7-9595-ab9cf8923359_seg_0,e695a385-83cf-48d7-9595-ab9cf8923359,train,2,dry,0,weak_expert,9.96,0.5999008417129517,3,3,False,top15_margin6_smooth30_gap500_min80_win1500,energy_hysteresis_bounded_merge_nonoverlap_v3,True
e6aa50ad-6ca4-4187-aca1-6e5915e1d691_seg_0,e6aa50ad-6ca4-4187-aca1-6e5915e1d691,train,2,dry,0,weak_expert,7.92,0.8323422074317932,3,3,False,top15_margin6_smooth30_gap500_min80_win1500,energy_hysteresis_bounded_merge_nonoverlap_v3,True
e83d9943-0a3b-4492-a260-25dffff666b2_seg_0,e83d9943-0a3b-4492-a260-25dffff666b2,train,2,dry,0,weak_expert,9.78,0.7549746036529541,4,4,False,top15_margin6_smooth30_gap500_min80_win1500,energy_hysteresis_bounded_merge_nonoverlap_v3,True
e8fe6b8b-a7be-404d-95a5-5da7f4efe0e8_seg_0,e8fe6b8b-a7be-404d-95a5-5da7f4efe0e8,train,2,dry,0,weak_expert,9.96,0.9801664352416992,2,2,False,top15_margin6_smooth30_gap500_min80_win1500,energy_hysteresis_bounded_merge_nonoverlap_v3,True
e9d0b8ba-4bb5-46c6-a1a6-3d3f68fc0c19_seg_0,e9d0b8ba-4bb5-46c6-a1a6-3d3f68fc0c19,train,2,dry,0,weak_expert,9.9,0.7708897590637207,3,3,False,top15_margin6_smooth30_gap500_min80_win1500,energy_hysteresis_bounded_merge_nonoverlap_v3,True
eb8828a2-ec95-4e4d-883d-7795322a0079_seg_0,eb8828a2-ec95-4e4d-883d-7795322a0079,train,2,dry,0,weak_expert,9.78,0.6666907668113708,4,4,False,top15_margin6_smooth30_gap500_min80_win1500,energy_hysteresis_bounded_merge_nonoverlap_v3,True
ed19d797-397f-4218-8412-14d7f5c25780_seg_0,ed19d797-397f-4218-8412-14d7f5c25780,train,2,dry,0,weak_expert,9.78,1.033220648765564,4,4,False,top15_margin6_smooth30_gap500_min80_win1500,energy_hysteresis_bounded_merge_nonoverlap_v3,True
ed988dfa-0bc8-409d-adea-4b44350ad946_seg_0,ed988dfa-0bc8-409d-adea-4b44350ad946,train,2,dry,0,weak_expert,9.78,1.0097686052322388,3,3,False,top15_margin6_smooth30_gap500_min80_win1500,energy_hysteresis_bounded_merge_nonoverlap_v3,True
edd0f863-340f-4e5b-b4ce-a0ef86db8d9a_seg_0,edd0f863-340f-4e5b-b4ce-a0ef86db8d9a,train,2,dry,0,weak_expert,5.34,0.8005552291870117,2,2,False,top15_margin6_smooth30_gap500_min80_win1500,energy_hysteresis_bounded_merge_nonoverlap_v3,True
ee675fea-3d85-4c06-acec-3c69d26986e7_seg_0,ee675fea-3d85-4c06-acec-3c69d26986e7,train,2,dry,0,weak_expert,9.9,1.0202629566192627,4,4,False,top15_margin6_smooth30_gap500_min80_win1500,energy_hysteresis_bounded_merge_nonoverlap_v3,True
efe41fcb-0a86-4fd3-ad6c-e85f4cde8550_seg_0,efe41fcb-0a86-4fd3-ad6c-e85f4cde8550,train,2,dry,0,weak_expert,9.78,0.8119676113128662,1,1,False,top15_margin6_smooth30_gap500_min80_win1500,energy_hysteresis_bounded_merge_nonoverlap_v3,True
f028405b-2f4f-4379-ba3e-acc7a69f90be_seg_0,f028405b-2f4f-4379-ba3e-acc7a69f90be,train,2,dry,0,weak_expert,5.4,0.996137261390686,3,3,False,top15_margin6_smooth30_gap500_min80_win1500,energy_hysteresis_bounded_merge_nonoverlap_v3,True
f06dc4f4-26ec-4743-940c-505fb4dea0cb_seg_0,f06dc4f4-26ec-4743-940c-505fb4dea0cb,train,2,dry,0,weak_expert,3.18,0.39964741468429565,1,1,False,top15_margin6_smooth30_gap500_min80_win1500,energy_hysteresis_bounded_merge_nonoverlap_v3,True
f3032d2e-cfa8-4725-88dd-1e3ca0b563f8_seg_0,f3032d2e-cfa8-4725-88dd-1e3ca0b563f8,train,2,dry,0,weak_expert,9.78,0.8734880089759827,4,4,False,top15_margin6_smooth30_gap500_min80_win1500,energy_hysteresis_bounded_merge_nonoverlap_v3,True
f3f25a4e-536f-4fe4-b038-7428fc916411_seg_0,f3f25a4e-536f-4fe4-b038-7428fc916411,train,2,dry,0,weak_expert,7.2,0.9288730621337891,3,3,False,top15_margin6_smooth30_gap500_min80_win1500,energy_hysteresis_bounded_merge_nonoverlap_v3,True
f4e86ede-7444-4325-bcf8-bfd540e8ce43_seg_0,f4e86ede-7444-4325-bcf8-bfd540e8ce43,train,2,dry,0,weak_expert,4.68,0.9523814916610718,2,2,False,top15_margin6_smooth30_gap500_min80_win1500,energy_hysteresis_bounded_merge_nonoverlap_v3,True
f4ea2005-309b-4c9a-84b2-6ed938532d05_seg_0,f4ea2005-309b-4c9a-84b2-6ed938532d05,train,2,dry,0,weak_expert,9.9,0.7866165637969971,4,4,False,top15_margin6_smooth30_gap500_min80_win1500,energy_hysteresis_bounded_merge_nonoverlap_v3,True
f6dc47c2-d5f1-4153-b9a9-7ee1419cbae5_seg_0,f6dc47c2-d5f1-4153-b9a9-7ee1419cbae5,train,2,dry,0,weak_expert,9.3,1.1133618354797363,4,4,False,top15_margin6_smooth30_gap500_min80_win1500,energy_hysteresis_bounded_merge_nonoverlap_v3,True
f7d1f28a-e3a8-4dd9-b7ec-93e04ee023a0_seg_0,f7d1f28a-e3a8-4dd9-b7ec-93e04ee023a0,train,2,dry,0,weak_expert,4.56,0.7999012470245361,2,2,False,top15_margin6_smooth30_gap500_min80_win1500,energy_hysteresis_bounded_merge_nonoverlap_v3,True
f9dd0931-616e-426c-85cb-c431ddf06e7d_seg_0,f9dd0931-616e-426c-85cb-c431ddf06e7d,train,2,dry,0,weak_expert,3.48,0.8382875919342041,1,1,False,top15_margin6_smooth30_gap500_min80_win1500,energy_hysteresis_bounded_merge_nonoverlap_v3,True
fa3cbbd0-dcbb-4ce7-a658-d87644a69946_seg_0,fa3cbbd0-dcbb-4ce7-a658-d87644a69946,train,2,dry,0,weak_expert,9.3,0.7930700182914734,2,2,False,top15_margin6_smooth30_gap500_min80_win1500,energy_hysteresis_bounded_merge_nonoverlap_v3,True
fb0971e2-8ebf-459c-972d-b09d28ae0ca6_seg_0,fb0971e2-8ebf-459c-972d-b09d28ae0ca6,train,2,dry,0,weak_expert,9.84,0.8278295993804932,5,5,False,top15_margin6_smooth30_gap500_min80_win1500,energy_hysteresis_bounded_merge_nonoverlap_v3,True
fb8f5c0b-93e0-4403-baea-26673d650b42_seg_0,fb8f5c0b-93e0-4403-baea-26673d650b42,train,2,dry,0,weak_expert,6.66,0.9340883493423462,3,3,False,top15_margin6_smooth30_gap500_min80_win1500,energy_hysteresis_bounded_merge_nonoverlap_v3,True
fd849b72-f4bf-4852-9bc2-fd9becc9571e_seg_0,fd849b72-f4bf-4852-9bc2-fd9becc9571e,train,2,dry,0,weak_expert,4.56,0.8559679985046387,1,1,False,top15_margin6_smooth30_gap500_min80_win1500,energy_hysteresis_bounded_merge_nonoverlap_v3,True
fd9c0574-c559-4301-bab9-bbf45e64ed40_seg_0,fd9c0574-c559-4301-bab9-bbf45e64ed40,train,2,dry,0,weak_expert,5.1,0.8552507162094116,2,2,False,top15_margin6_smooth30_gap500_min80_win1500,energy_hysteresis_bounded_merge_nonoverlap_v3,True
ffd18a56-096d-40fc-9862-e5c5a8ca1fcd_seg_0,ffd18a56-096d-40fc-9862-e5c5a8ca1fcd,train,2,dry,0,weak_expert,9.84,0.8133696913719177,4,4,False,top15_margin6_smooth30_gap500_min80_win1500,energy_hysteresis_bounded_merge_nonoverlap_v3,True
008ba489-31ad-44d8-856b-fcf72369dc46_seg_0,008ba489-31ad-44d8-856b-fcf72369dc46,train,2,wet,1,weak_expert,9.78,0.7427620887756348,2,2,False,top15_margin6_smooth30_gap500_min80_win1500,energy_hysteresis_bounded_merge_nonoverlap_v3,True
00bf9f83-2e8f-47cf-a4f2-97f2beceebc1_seg_0,00bf9f83-2e8f-47cf-a4f2-97f2beceebc1,train,2,wet,1,weak_expert,2.76,0.7998274564743042,1,1,False,top15_margin6_smooth30_gap500_min80_win1500,energy_hysteresis_bounded_merge_nonoverlap_v3,True
14a3c119-bee8-435a-9193-d2ce7cb84a03_seg_0,14a3c119-bee8-435a-9193-d2ce7cb84a03,train,2,wet,1,weak_expert,8.28,1.0642814636230469,4,4,False,top15_margin6_smooth30_gap500_min80_win1500,energy_hysteresis_bounded_merge_nonoverlap_v3,True
1510dd92-a632-48ad-b5e7-1853a9e8e61d_seg_0,1510dd92-a632-48ad-b5e7-1853a9e8e61d,train,2,wet,1,weak_expert,4.56,0.9093520641326904,3,3,False,top15_margin6_smooth30_gap500_min80_win1500,energy_hysteresis_bounded_merge_nonoverlap_v3,True
1d120109-bee0-4597-8fc6-c8eaf97cab5c_seg_0,1d120109-bee0-4597-8fc6-c8eaf97cab5c,train,2,wet,1,weak_expert,9.96,0.9493993520736694,2,2,False,top15_margin6_smooth30_gap500_min80_win1500,energy_hysteresis_bounded_merge_nonoverlap_v3,True
21aee478-6d13-45ea-be4d-4f29fd244798_seg_0,21aee478-6d13-45ea-be4d-4f29fd244798,train,2,wet,1,weak_expert,9.9,0.7438967227935791,2,2,False,top15_margin6_smooth30_gap500_min80_win1500,energy_hysteresis_bounded_merge_nonoverlap_v3,True
224ee66d-7c74-474d-8123-360b75ed739c_seg_0,224ee66d-7c74-474d-8123-360b75ed739c,train,2,wet,1,weak_expert,9.72,0.8613473176956177,3,3,False,top15_margin6_smooth30_gap500_min80_win1500,energy_hysteresis_bounded_merge_nonoverlap_v3,True
22975528-762e-4bd7-9f73-a3da0b485cb4_seg_0,22975528-762e-4bd7-9f73-a3da0b485cb4,train,2,wet,1,weak_expert,9.36,0.9079261422157288,6,6,False,top15_margin6_smooth30_gap500_min80_win1500,energy_hysteresis_bounded_merge_nonoverlap_v3,True
28d4e487-0d9d-4911-951d-5de7fcb5c986_seg_0,28d4e487-0d9d-4911-951d-5de7fcb5c986,train,2,wet,1,weak_expert,8.34,0.9116162061691284,4,4,False,top15_margin6_smooth30_gap500_min80_win1500,energy_hysteresis_bounded_merge_nonoverlap_v3,True
30a6ca1c-0b72-4ad2-9226-e9bb06add48d_seg_0,30a6ca1c-0b72-4ad2-9226-e9bb06add48d,train,2,wet,1,weak_expert,7.8,0.8091558814048767,2,2,False,top15_margin6_smooth30_gap500_min80_win1500,energy_hysteresis_bounded_merge_nonoverlap_v3,True
3278e364-afdd-4c39-9126-b8b4a4caf1c5_seg_0,3278e364-afdd-4c39-9126-b8b4a4caf1c5,train,2,wet,1,gold_expert,9.78,0.8762518167495728,5,5,False,top15_margin6_smooth30_gap500_min80_win1500,energy_hysteresis_bounded_merge_nonoverlap_v3,True
36d918eb-8f0c-4ab2-a7de-7aa27f58800c_seg_0,36d918eb-8f0c-4ab2-a7de-7aa27f58800c,train,2,wet,1,weak_expert,7.5,1.0095324516296387,4,4,False,top15_margin6_smooth30_gap500_min80_win1500,energy_hysteresis_bounded_merge_nonoverlap_v3,True
3bd63a44-a443-4a3f-a1ec-ffc2540f7ed0_seg_0,3bd63a44-a443-4a3f-a1ec-ffc2540f7ed0,train,2,wet,1,weak_expert,9.6,0.846105694770813,5,5,False,top15_margin6_smooth30_gap500_min80_win1500,energy_hysteresis_bounded_merge_nonoverlap_v3,True
3f9a82e6-93b5-4d80-b8ae-09d36929d437_seg_0,3f9a82e6-93b5-4d80-b8ae-09d36929d437,train,2,wet,1,weak_expert,9.78,0.9536160826683044,3,3,False,top15_margin6_smooth30_gap500_min80_win1500,energy_hysteresis_bounded_merge_nonoverlap_v3,True
44276123-82cf-4aa0-abb6-a483c83b9852_seg_0,44276123-82cf-4aa0-abb6-a483c83b9852,train,2,wet,1,weak_expert,7.14,0.922393798828125,1,1,False,top15_margin6_smooth30_gap500_min80_win1500,energy_hysteresis_bounded_merge_nonoverlap_v3,True
459c949d-1074-4687-a911-e1b61753643c_seg_0,459c949d-1074-4687-a911-e1b61753643c,train,2,wet,1,weak_expert,6.78,0.7680249214172363,1,1,False,top15_margin6_smooth30_gap500_min80_win1500,energy_hysteresis_bounded_merge_nonoverlap_v3,True
4811b9fb-5369-478e-91ac-a6eb9a72005e_seg_0,4811b9fb-5369-478e-91ac-a6eb9a72005e,train,2,wet,1,weak_expert,9.84,0.9599385857582092,3,3,False,top15_margin6_smooth30_gap500_min80_win1500,energy_hysteresis_bounded_merge_nonoverlap_v3,True
48834369-72f5-4bbb-847c-5636af5a6882_seg_0,48834369-72f5-4bbb-847c-5636af5a6882,train,2,wet,1,weak_expert,5.16,0.9120628237724304,1,1,False,top15_margin6_smooth30_gap500_min80_win1500,energy_hysteresis_bounded_merge_nonoverlap_v3,True
48bcd9fe-f974-46cc-910a-1b0307eaa336_seg_0,48bcd9fe-f974-46cc-910a-1b0307eaa336,train,2,wet,1,weak_expert,9.78,0.9540402293205261,5,5,False,top15_margin6_smooth30_gap500_min80_win1500,energy_hysteresis_bounded_merge_nonoverlap_v3,True
48d078a6-6e5c-4e34-a562-3bd57d7688d6_seg_0,48d078a6-6e5c-4e34-a562-3bd57d7688d6,train,2,wet,1,weak_expert,9.84,0.775772750377655,3,3,False,top15_margin6_smooth30_gap500_min80_win1500,energy_hysteresis_bounded_merge_nonoverlap_v3,True
4e8a8b2b-3437-4358-a1fc-407c04c51a0d_seg_0,4e8a8b2b-3437-4358-a1fc-407c04c51a0d,train,2,wet,1,weak_expert,9.96,0.8985841870307922,2,2,False,top15_margin6_smooth30_gap500_min80_win1500,energy_hysteresis_bounded_merge_nonoverlap_v3,True
52339446-0c26-4d66-a776-9894b8bd196f_seg_0,52339446-0c26-4d66-a776-9894b8bd196f,train,2,wet,1,weak_expert,8.7,0.878961443901062,3,3,False,top15_margin6_smooth30_gap500_min80_win1500,energy_hysteresis_bounded_merge_nonoverlap_v3,True
5ac60a58-ed8d-4b77-8338-fbefe993ad6e_seg_0,5ac60a58-ed8d-4b77-8338-fbefe993ad6e,train,2,wet,1,weak_expert,9.78,0.8731682300567627,2,2,False,top15_margin6_smooth30_gap500_min80_win1500,energy_hysteresis_bounded_merge_nonoverlap_v3,True
5c434e8c-d6cc-4011-b4e8-013fc8183324_seg_0,5c434e8c-d6cc-4011-b4e8-013fc8183324,train,2,wet,1,weak_expert,9.84,0.9006792902946472,4,4,False,top15_margin6_smooth30_gap500_min80_win1500,energy_hysteresis_bounded_merge_nonoverlap_v3,True
5e5bbcfe-9901-4fd8-9be7-d51ea7251cbe_seg_0,5e5bbcfe-9901-4fd8-9be7-d51ea7251cbe,train,2,wet,1,weak_expert,9.72,0.9232683181762695,4,4,False,top15_margin6_smooth30_gap500_min80_win1500,energy_hysteresis_bounded_merge_nonoverlap_v3,True
5fdfbf5f-b4db-42ad-8971-275b616bcc72_seg_0,5fdfbf5f-b4db-42ad-8971-275b616bcc72,train,2,wet,1,weak_expert,9.84,0.6870601177215576,5,5,False,top15_margin6_smooth30_gap500_min80_win1500,energy_hysteresis_bounded_merge_nonoverlap_v3,True
616464a2-ee80-48e0-a96b-cd4464445162_seg_0,616464a2-ee80-48e0-a96b-cd4464445162,train,2,wet,1,weak_expert,8.76,0.9872987270355225,2,2,False,top15_margin6_smooth30_gap500_min80_win1500,energy_hysteresis_bounded_merge_nonoverlap_v3,True
64da4ad6-4280-49a1-bd37-e35efd7837c6_seg_0,64da4ad6-4280-49a1-bd37-e35efd7837c6,train,2,wet,1,weak_expert,9.96,0.9414219260215759,1,1,False,top15_margin6_smooth30_gap500_min80_win1500,energy_hysteresis_bounded_merge_nonoverlap_v3,True
6a4726f8-f69e-423c-86be-f8d0c4975d4f_seg_0,6a4726f8-f69e-423c-86be-f8d0c4975d4f,train,2,wet,1,weak_expert,7.08,0.8967697620391846,1,1,False,top15_margin6_smooth30_gap500_min80_win1500,energy_hysteresis_bounded_merge_nonoverlap_v3,True
6d485342-6c82-4d58-8a54-d8777ceeca9b_seg_0,6d485342-6c82-4d58-8a54-d8777ceeca9b,train,2,wet,1,weak_expert,9.84,0.8882094025611877,1,1,False,top15_margin6_smooth30_gap500_min80_win1500,energy_hysteresis_bounded_merge_nonoverlap_v3,True
71e56426-e99f-4c1a-b39a-55d7c687704c_seg_0,71e56426-e99f-4c1a-b39a-55d7c687704c,train,2,wet,1,weak_expert,9.84,0.7988864779472351,4,4,False,top15_margin6_smooth30_gap500_min80_win1500,energy_hysteresis_bounded_merge_nonoverlap_v3,True
72af1dd5-618e-47f2-a11f-f3a61d9b396f_seg_0,72af1dd5-618e-47f2-a11f-f3a61d9b396f,train,2,wet,1,weak_expert,6.84,0.953155517578125,4,4,False,top15_margin6_smooth30_gap500_min80_win1500,energy_hysteresis_bounded_merge_nonoverlap_v3,True
77f4b676-9d1f-49d4-b694-49f2edb225bd_seg_0,77f4b676-9d1f-49d4-b694-49f2edb225bd,train,2,wet,1,weak_expert,9.78,0.9610454440116882,1,1,False,top15_margin6_smooth30_gap500_min80_win1500,energy_hysteresis_bounded_merge_nonoverlap_v3,True
7b4e2b37-d42a-4184-a06a-d824c89fe264_seg_0,7b4e2b37-d42a-4184-a06a-d824c89fe264,train,2,wet,1,weak_expert,5.22,0.8304743766784668,1,1,False,top15_margin6_smooth30_gap500_min80_win1500,energy_hysteresis_bounded_merge_nonoverlap_v3,True
7e5e71f2-c060-4f4c-9d80-1524981eadc5_seg_0,7e5e71f2-c060-4f4c-9d80-1524981eadc5,train,2,wet,1,weak_expert,9.96,0.751598596572876,2,2,False,top15_margin6_smooth30_gap500_min80_win1500,energy_hysteresis_bounded_merge_nonoverlap_v3,True
805d5c82-a503-44a6-b69d-41532ebb859c_seg_0,805d5c82-a503-44a6-b69d-41532ebb859c,train,2,wet,1,weak_expert,4.56,0.7922228574752808,1,1,False,top15_margin6_smooth30_gap500_min80_win1500,energy_hysteresis_bounded_merge_nonoverlap_v3,True
826697aa-c314-45d2-9a09-b726571ca407_seg_0,826697aa-c314-45d2-9a09-b726571ca407,train,2,wet,1,weak_expert,9.78,0.9829361438751221,4,4,False,top15_margin6_smooth30_gap500_min80_win1500,energy_hysteresis_bounded_merge_nonoverlap_v3,True
864b3b33-c30b-4215-a6ad-66be69c07197_seg_0,864b3b33-c30b-4215-a6ad-66be69c07197,train,2,wet,1,weak_expert,9.78,0.8941015005111694,3,3,False,top15_margin6_smooth30_gap500_min80_win1500,energy_hysteresis_bounded_merge_nonoverlap_v3,True
86bd5780-9af3-4e33-86ba-c0105ecd408e_seg_0,86bd5780-9af3-4e33-86ba-c0105ecd408e,train,2,wet,1,weak_expert,9.9,0.9931079149246216,2,2,False,top15_margin6_smooth30_gap500_min80_win1500,energy_hysteresis_bounded_merge_nonoverlap_v3,True
88a9b00f-205e-4fbc-9cda-1793f2c7600b_seg_0,88a9b00f-205e-4fbc-9cda-1793f2c7600b,train,2,wet,1,weak_expert,9.42,1.0297496318817139,3,3,False,top15_margin6_smooth30_gap500_min80_win1500,energy_hysteresis_bounded_merge_nonoverlap_v3,True
8905d5ea-2412-4222-93f8-95cd4455f8e4_seg_0,8905d5ea-2412-4222-93f8-95cd4455f8e4,train,2,wet,1,weak_expert,9.78,0.8603654503822327,2,2,False,top15_margin6_smooth30_gap500_min80_win1500,energy_hysteresis_bounded_merge_nonoverlap_v3,True
8ac2ef46-05fb-4f68-bb2d-ca5b1e51ed7f_seg_0,8ac2ef46-05fb-4f68-bb2d-ca5b1e51ed7f,train,2,wet,1,weak_expert,9.9,0.8978955745697021,3,3,False,top15_margin6_smooth30_gap500_min80_win1500,energy_hysteresis_bounded_merge_nonoverlap_v3,True
8bb8315c-9afe-4205-911f-222c912f980e_seg_0,8bb8315c-9afe-4205-911f-222c912f980e,train,2,wet,1,weak_expert,4.2,0.7864052057266235,1,1,False,top15_margin6_smooth30_gap500_min80_win1500,energy_hysteresis_bounded_merge_nonoverlap_v3,True
8c48edec-8c1f-4e36-b8a4-10576bf6f301_seg_0,8c48edec-8c1f-4e36-b8a4-10576bf6f301,train,2,wet,1,weak_expert,9.72,0.9222294092178345,2,2,False,top15_margin6_smooth30_gap500_min80_win1500,energy_hysteresis_bounded_merge_nonoverlap_v3,True
912af762-44df-4648-b48d-beba3435a401_seg_0,912af762-44df-4648-b48d-beba3435a401,train,2,wet,1,weak_expert,9.84,0.8287816643714905,2,2,False,top15_margin6_smooth30_gap500_min80_win1500,energy_hysteresis_bounded_merge_nonoverlap_v3,True
9535fedb-ad1d-4d0d-969f-63b6400ebcb3_seg_0,9535fedb-ad1d-4d0d-969f-63b6400ebcb3,train,2,wet,1,weak_expert,9.78,0.8428875207901001,4,4,False,top15_margin6_smooth30_gap500_min80_win1500,energy_hysteresis_bounded_merge_nonoverlap_v3,True
9caf2c7a-bc24-48c1-abbf-6a371dfc8d18_seg_0,9caf2c7a-bc24-48c1-abbf-6a371dfc8d18,train,2,wet,1,weak_expert,9.66,0.9096196293830872,2,2,False,top15_margin6_smooth30_gap500_min80_win1500,energy_hysteresis_bounded_merge_nonoverlap_v3,True
9ea4d87d-e60f-4a02-94be-20d345222a84_seg_0,9ea4d87d-e60f-4a02-94be-20d345222a84,train,2,wet,1,weak_expert,5.34,0.7418245077133179,1,1,False,top15_margin6_smooth30_gap500_min80_win1500,energy_hysteresis_bounded_merge_nonoverlap_v3,True
9fa0f414-5e2c-4ae7-bbbc-0330decc929e_seg_0,9fa0f414-5e2c-4ae7-bbbc-0330decc929e,train,2,wet,1,weak_expert,6.18,0.9662854671478271,1,1,False,top15_margin6_smooth30_gap500_min80_win1500,energy_hysteresis_bounded_merge_nonoverlap_v3,True
9fc30462-4e90-4b05-a9d4-f25b775d1794_seg_0,9fc30462-4e90-4b05-a9d4-f25b775d1794,train,2,wet,1,weak_expert,10.0,0.9930065870285034,1,1,False,top15_margin6_smooth30_gap500_min80_win1500,energy_hysteresis_bounded_merge_nonoverlap_v3,True
ae0381a3-914d-42a2-8d3c-58a45db1be36_seg_0,ae0381a3-914d-42a2-8d3c-58a45db1be36,train,2,wet,1,weak_expert,6.12,0.8742087483406067,2,2,False,top15_margin6_smooth30_gap500_min80_win1500,energy_hysteresis_bounded_merge_nonoverlap_v3,True
b9579f63-24fd-4e2f-8444-c087556984ea_seg_0,b9579f63-24fd-4e2f-8444-c087556984ea,train,2,wet,1,weak_expert,3.54,1.007702112197876,1,1,False,top15_margin6_smooth30_gap500_min80_win1500,energy_hysteresis_bounded_merge_nonoverlap_v3,True
bd132860-47c0-4ada-ab34-fa8b6b551685_seg_0,bd132860-47c0-4ada-ab34-fa8b6b551685,train,2,wet,1,weak_expert,9.96,1.1254465579986572,5,5,False,top15_margin6_smooth30_gap500_min80_win1500,energy_hysteresis_bounded_merge_nonoverlap_v3,True
bd64a8e8-ad6e-4062-8e99-99ef5caab05b_seg_0,bd64a8e8-ad6e-4062-8e99-99ef5caab05b,train,2,wet,1,weak_expert,6.66,0.8329590559005737,2,2,False,top15_margin6_smooth30_gap500_min80_win1500,energy_hysteresis_bounded_merge_nonoverlap_v3,True
c3bcea97-1dfc-4978-88a2-654bd8303244_seg_0,c3bcea97-1dfc-4978-88a2-654bd8303244,train,2,wet,1,weak_expert,9.78,0.7515448331832886,1,1,False,top15_margin6_smooth30_gap500_min80_win1500,energy_hysteresis_bounded_merge_nonoverlap_v3,True
cf59244a-576d-471e-b853-9871be627fa8_seg_0,cf59244a-576d-471e-b853-9871be627fa8,train,2,wet,1,weak_expert,9.72,0.7684354782104492,3,3,False,top15_margin6_smooth30_gap500_min80_win1500,energy_hysteresis_bounded_merge_nonoverlap_v3,True
d014a758-b70b-4474-9de5-63f7061f95a6_seg_0,d014a758-b70b-4474-9de5-63f7061f95a6,train,2,wet,1,weak_expert,7.68,0.9801797866821289,3,3,False,top15_margin6_smooth30_gap500_min80_win1500,energy_hysteresis_bounded_merge_nonoverlap_v3,True
d11e501c-6f48-4028-8198-9075c67ce238_seg_0,d11e501c-6f48-4028-8198-9075c67ce238,train,2,wet,1,weak_expert,9.84,0.971581220626831,4,4,False,top15_margin6_smooth30_gap500_min80_win1500,energy_hysteresis_bounded_merge_nonoverlap_v3,True
d4e4b900-939e-48e9-ad9f-bf9eee425303_seg_0,d4e4b900-939e-48e9-ad9f-bf9eee425303,train,2,wet,1,weak_expert,3.18,0.78209388256073,1,1,False,top15_margin6_smooth30_gap500_min80_win1500,energy_hysteresis_bounded_merge_nonoverlap_v3,True
d5b05c83-3dab-4fc9-8db7-9f46bcb06cac_seg_0,d5b05c83-3dab-4fc9-8db7-9f46bcb06cac,train,2,wet,1,weak_expert,9.96,1.0516273975372314,4,4,False,top15_margin6_smooth30_gap500_min80_win1500,energy_hysteresis_bounded_merge_nonoverlap_v3,True
df17949b-3eb0-45a5-801b-7a7f3985031e_seg_0,df17949b-3eb0-45a5-801b-7a7f3985031e,train,2,wet,1,weak_expert,9.84,0.9540845155715942,3,3,False,top15_margin6_smooth30_gap500_min80_win1500,energy_hysteresis_bounded_merge_nonoverlap_v3,True
dfa97006-e494-4c73-ba46-2fe805aec1cd_seg_0,dfa97006-e494-4c73-ba46-2fe805aec1cd,train,2,wet,1,weak_expert,2.34,0.785879373550415,1,1,False,top15_margin6_smooth30_gap500_min80_win1500,energy_hysteresis_bounded_merge_nonoverlap_v3,True
e23dd9bb-9e34-4cc8-b3ba-cfa5222d9fd8_seg_0,e23dd9bb-9e34-4cc8-b3ba-cfa5222d9fd8,train,2,wet,1,weak_expert,6.18,0.8170311450958252,1,1,False,top15_margin6_smooth30_gap500_min80_win1500,energy_hysteresis_bounded_merge_nonoverlap_v3,True
e247085a-cf34-45be-b3c1-3c609c7d2bf1_seg_0,e247085a-cf34-45be-b3c1-3c609c7d2bf1,train,2,wet,1,weak_expert,9.9,0.9790791869163513,3,3,False,top15_margin6_smooth30_gap500_min80_win1500,energy_hysteresis_bounded_merge_nonoverlap_v3,True
e2a72896-8aac-4254-81f4-97812b05d4d4_seg_0,e2a72896-8aac-4254-81f4-97812b05d4d4,train,2,wet,1,weak_expert,9.3,0.8801048398017883,2,2,False,top15_margin6_smooth30_gap500_min80_win1500,energy_hysteresis_bounded_merge_nonoverlap_v3,True
e31a34d6-2e8f-42b1-b633-7569897a8dc8_seg_0,e31a34d6-2e8f-42b1-b633-7569897a8dc8,train,2,wet,1,weak_expert,9.9,0.8716505765914917,2,2,False,top15_margin6_smooth30_gap500_min80_win1500,energy_hysteresis_bounded_merge_nonoverlap_v3,True
e3a0e232-dc03-478b-9f8c-b6d928cd01ab_seg_0,e3a0e232-dc03-478b-9f8c-b6d928cd01ab,train,2,wet,1,weak_expert,9.84,0.9832257032394409,2,2,False,top15_margin6_smooth30_gap500_min80_win1500,energy_hysteresis_bounded_merge_nonoverlap_v3,True
e95fa8ec-64e5-4fb1-afdc-b70bac309dec_seg_0,e95fa8ec-64e5-4fb1-afdc-b70bac309dec,train,2,wet,1,weak_expert,9.9,0.7513800859451294,2,2,False,top15_margin6_smooth30_gap500_min80_win1500,energy_hysteresis_bounded_merge_nonoverlap_v3,True
f19c0f7f-037c-4fbf-8f3a-5426894b232d_seg_0,f19c0f7f-037c-4fbf-8f3a-5426894b232d,train,2,wet,1,weak_expert,3.66,0.9963300824165344,1,1,False,top15_margin6_smooth30_gap500_min80_win1500,energy_hysteresis_bounded_merge_nonoverlap_v3,True
f23ee4be-d96c-43ff-a06c-99e1050b7ffe_seg_0,f23ee4be-d96c-43ff-a06c-99e1050b7ffe,train,2,wet,1,weak_expert,9.9,0.7375931143760681,6,6,False,top15_margin6_smooth30_gap500_min80_win1500,energy_hysteresis_bounded_merge_nonoverlap_v3,True
f46c5215-8097-4891-bbd4-d4ac017c224c_seg_0,f46c5215-8097-4891-bbd4-d4ac017c224c,train,2,wet,1,weak_expert,6.6,0.8611382842063904,2,2,False,top15_margin6_smooth30_gap500_min80_win1500,energy_hysteresis_bounded_merge_nonoverlap_v3,True
f6171954-10f5-4991-9278-c54776d937ef_seg_0,f6171954-10f5-4991-9278-c54776d937ef,train,2,wet,1,weak_expert,9.78,0.6974056959152222,3,3,False,top15_margin6_smooth30_gap500_min80_win1500,energy_hysteresis_bounded_merge_nonoverlap_v3,True
fe40afee-154b-4092-8626-baf91e2860ff_seg_0,fe40afee-154b-4092-8626-baf91e2860ff,train,2,wet,1,weak_expert,7.32,0.9997063875198364,1,1,False,top15_margin6_smooth30_gap500_min80_win1500,energy_hysteresis_bounded_merge_nonoverlap_v3,True
fed03a5c-6329-488c-a031-213ccdceabcf_seg_0,fed03a5c-6329-488c-a031-213ccdceabcf,train,2,wet,1,weak_expert,3.6,0.7773510813713074,1,1,False,top15_margin6_smooth30_gap500_min80_win1500,energy_hysteresis_bounded_merge_nonoverlap_v3,True
ff49f6b7-fa54-4780-a4be-b0594e628aae_seg_0,ff49f6b7-fa54-4780-a4be-b0594e628aae,train,2,wet,1,weak_expert,9.84,0.9241461157798767,3,3,False,top15_margin6_smooth30_gap500_min80_win1500,energy_hysteresis_bounded_merge_nonoverlap_v3,True
01820f7c-b953-4faf-aa13-978cfda6b08e_seg_0,01820f7c-b953-4faf-aa13-978cfda6b08e,train,3,dry,0,weak_expert,9.84,1.0609444379806519,5,5,False,top15_margin6_smooth30_gap500_min80_win1500,energy_hysteresis_bounded_merge_nonoverlap_v3,True
02805b36-5361-41f5-b41e-583ec496eff6_seg_0,02805b36-5361-41f5-b41e-583ec496eff6,train,3,dry,0,weak_expert,9.3,0.8109923601150513,3,3,False,top15_margin6_smooth30_gap500_min80_win1500,energy_hysteresis_bounded_merge_nonoverlap_v3,True
03430d6b-4554-4ffe-8c82-507832dc1d52_seg_0,03430d6b-4554-4ffe-8c82-507832dc1d52,train,3,dry,0,weak_expert,1.44,0.861974835395813,1,1,False,top15_margin6_smooth30_gap500_min80_win1500,energy_hysteresis_bounded_merge_nonoverlap_v3,True
03cfc75c-88a0-4ca9-8ca4-4aa61e2dec37_seg_0,03cfc75c-88a0-4ca9-8ca4-4aa61e2dec37,train,3,dry,0,weak_expert,9.96,0.9507884979248047,2,2,False,top15_margin6_smooth30_gap500_min80_win1500,energy_hysteresis_bounded_merge_nonoverlap_v3,True
06e9197b-9b40-4bde-bde8-9e78242a60ac_seg_0,06e9197b-9b40-4bde-bde8-9e78242a60ac,train,3,dry,0,weak_expert,7.86,1.0391732454299927,3,3,False,top15_margin6_smooth30_gap500_min80_win1500,energy_hysteresis_bounded_merge_nonoverlap_v3,True
07c16495-d19c-47ad-ba39-d2e24f31d6e4_seg_0,07c16495-d19c-47ad-ba39-d2e24f31d6e4,train,3,dry,0,weak_expert,8.34,0.9445422887802124,2,2,False,top15_margin6_smooth30_gap500_min80_win1500,energy_hysteresis_bounded_merge_nonoverlap_v3,True
0aec66e3-47a5-4f3f-bec6-ad38d090b219_seg_0,0aec66e3-47a5-4f3f-bec6-ad38d090b219,train,3,dry,0,weak_expert,9.96,0.9150278568267822,4,4,False,top15_margin6_smooth30_gap500_min80_win1500,energy_hysteresis_bounded_merge_nonoverlap_v3,True
0b14b4fa-edf0-4595-89af-d4a69208205b_seg_0,0b14b4fa-edf0-4595-89af-d4a69208205b,train,3,dry,0,weak_expert,2.88,0.7193865180015564,1,1,False,top15_margin6_smooth30_gap500_min80_win1500,energy_hysteresis_bounded_merge_nonoverlap_v3,True
0b618a49-9562-4fa5-afb7-fce583b5a444_seg_0,0b618a49-9562-4fa5-afb7-fce583b5a444,train,3,dry,0,weak_expert,9.72,0.8573147058486938,5,5,False,top15_margin6_smooth30_gap500_min80_win1500,energy_hysteresis_bounded_merge_nonoverlap_v3,True
0c01c4ac-cfbf-45b9-80db-492f334aaf30_seg_0,0c01c4ac-cfbf-45b9-80db-492f334aaf30,train,3,dry,0,weak_expert,9.9,0.9203218221664429,1,1,False,top15_margin6_smooth30_gap500_min80_win1500,energy_hysteresis_bounded_merge_nonoverlap_v3,True
0f04746a-08e0-40a2-9431-2f57f9166720_seg_0,0f04746a-08e0-40a2-9431-2f57f9166720,train,3,dry,0,weak_expert,9.96,0.9893884658813477,4,4,False,top15_margin6_smooth30_gap500_min80_win1500,energy_hysteresis_bounded_merge_nonoverlap_v3,True
0f1d05f5-1d1f-452c-be28-fb0c7b8085c4_seg_0,0f1d05f5-1d1f-452c-be28-fb0c7b8085c4,train,3,dry,0,weak_expert,9.9,0.9935919046401978,3,3,False,top15_margin6_smooth30_gap500_min80_win1500,energy_hysteresis_bounded_merge_nonoverlap_v3,True
0f79324e-9dc6-4f6c-8c13-2a3041f044d1_seg_0,0f79324e-9dc6-4f6c-8c13-2a3041f044d1,train,3,dry,0,weak_expert,2.64,0.86667799949646,1,1,False,top15_margin6_smooth30_gap500_min80_win1500,energy_hysteresis_bounded_merge_nonoverlap_v3,True
1080b72c-f243-4e5d-96e5-a9c12c0eaed0_seg_0,1080b72c-f243-4e5d-96e5-a9c12c0eaed0,train,3,dry,0,weak_expert,4.32,0.8676337003707886,1,1,False,top15_margin6_smooth30_gap500_min80_win1500,energy_hysteresis_bounded_merge_nonoverlap_v3,True
125243ce-cda2-4412-a38c-474dd3875d1f_seg_0,125243ce-cda2-4412-a38c-474dd3875d1f,train,3,dry,0,weak_expert,9.9,1.0028523206710815,4,4,False,top15_margin6_smooth30_gap500_min80_win1500,energy_hysteresis_bounded_merge_nonoverlap_v3,True
13b55d58-ad6d-4cb4-933e-80622a4ff240_seg_0,13b55d58-ad6d-4cb4-933e-80622a4ff240,train,3,dry,0,weak_expert,3.24,0.7889136672019958,1,1,False,top15_margin6_smooth30_gap500_min80_win1500,energy_hysteresis_bounded_merge_nonoverlap_v3,True
13ddcdda-6ec1-458f-938c-9f0515a9b642_seg_0,13ddcdda-6ec1-458f-938c-9f0515a9b642,train,3,dry,0,weak_expert,6.54,0.8102797865867615,2,2,False,top15_margin6_smooth30_gap500_min80_win1500,energy_hysteresis_bounded_merge_nonoverlap_v3,True
178f39e2-a261-4ec6-a8fb-3f89c3c795bb_seg_0,178f39e2-a261-4ec6-a8fb-3f89c3c795bb,train,3,dry,0,weak_expert,3.48,0.9730260372161865,1,1,False,top15_margin6_smooth30_gap500_min80_win1500,energy_hysteresis_bounded_merge_nonoverlap_v3,True
195f9381-cf35-45da-b0ae-cc4ed04e9283_seg_0,195f9381-cf35-45da-b0ae-cc4ed04e9283,train,3,dry,0,weak_expert,9.84,0.8662227392196655,5,5,False,top15_margin6_smooth30_gap500_min80_win1500,energy_hysteresis_bounded_merge_nonoverlap_v3,True
1adbbc78-5322-4410-aa61-4048e5578325_seg_0,1adbbc78-5322-4410-aa61-4048e5578325,train,3,dry,0,weak_expert,9.72,0.9576326608657837,5,5,False,top15_margin6_smooth30_gap500_min80_win1500,energy_hysteresis_bounded_merge_nonoverlap_v3,True
1c34e7b6-708b-412c-b934-4af1e2990f67_seg_0,1c34e7b6-708b-412c-b934-4af1e2990f67,train,3,dry,0,weak_expert,9.6,1.0100200176239014,7,7,False,top15_margin6_smooth30_gap500_min80_win1500,energy_hysteresis_bounded_merge_nonoverlap_v3,True
1c5bbc80-5166-427b-8204-298b5ef8a0f9_seg_0,1c5bbc80-5166-427b-8204-298b5ef8a0f9,train,3,dry,0,weak_expert,8.04,0.8988997936248779,3,3,False,top15_margin6_smooth30_gap500_min80_win1500,energy_hysteresis_bounded_merge_nonoverlap_v3,True
1ca49e1b-7b7a-4442-8603-a41083fc49e3_seg_0,1ca49e1b-7b7a-4442-8603-a41083fc49e3,train,3,dry,0,weak_expert,9.96,0.9462164044380188,3,3,False,top15_margin6_smooth30_gap500_min80_win1500,energy_hysteresis_bounded_merge_nonoverlap_v3,True
1cd13fe6-9d35-4a86-82ff-a9af6b90d70b_seg_0,1cd13fe6-9d35-4a86-82ff-a9af6b90d70b,train,3,dry,0,weak_expert,9.66,0.8134424686431885,4,4,False,top15_margin6_smooth30_gap500_min80_win1500,energy_hysteresis_bounded_merge_nonoverlap_v3,True
1d1b2daf-5b26-4176-b826-c521d25ee5c5_seg_0,1d1b2daf-5b26-4176-b826-c521d25ee5c5,train,3,dry,0,weak_expert,9.84,0.8237868547439575,3,3,False,top15_margin6_smooth30_gap500_min80_win1500,energy_hysteresis_bounded_merge_nonoverlap_v3,True
1dd3b212-e969-4ede-a9d9-f24b711e2028_seg_0,1dd3b212-e969-4ede-a9d9-f24b711e2028,train,3,dry,0,gold_expert,9.84,0.958903431892395,6,6,False,top15_margin6_smooth30_gap500_min80_win1500,energy_hysteresis_bounded_merge_nonoverlap_v3,True
1e13bf2c-1de7-4855-99a3-ec339694b7f2_seg_0,1e13bf2c-1de7-4855-99a3-ec339694b7f2,train,3,dry,0,weak_expert,9.9,0.7768160104751587,1,1,False,top15_margin6_smooth30_gap500_min80_win1500,energy_hysteresis_bounded_merge_nonoverlap_v3,True
1ed2eced-cfd7-4f12-917d-a59b7b024d01_seg_0,1ed2eced-cfd7-4f12-917d-a59b7b024d01,train,3,dry,0,weak_expert,3.9,0.7352592945098877,1,1,False,top15_margin6_smooth30_gap500_min80_win1500,energy_hysteresis_bounded_merge_nonoverlap_v3,True
21519b33-26a1-48ab-95e9-290188d9d7ed_seg_0,21519b33-26a1-48ab-95e9-290188d9d7ed,train,3,dry,0,weak_expert,9.72,0.9654213786125183,1,1,False,top15_margin6_smooth30_gap500_min80_win1500,energy_hysteresis_bounded_merge_nonoverlap_v3,True
21582038-eca3-4517-a16f-c34db540341b_seg_0,21582038-eca3-4517-a16f-c34db540341b,train,3,dry,0,weak_expert,9.9,0.43694210052490234,3,3,False,top15_margin6_smooth30_gap500_min80_win1500,energy_hysteresis_bounded_merge_nonoverlap_v3,True
217f4053-74b3-4e1b-92f3-24004064066b_seg_0,217f4053-74b3-4e1b-92f3-24004064066b,train,3,dry,0,weak_expert,5.34,0.9972860217094421,2,2,False,top15_margin6_smooth30_gap500_min80_win1500,energy_hysteresis_bounded_merge_nonoverlap_v3,True
22ac9dc4-858e-4db5-886e-792d7553e67f_seg_0,22ac9dc4-858e-4db5-886e-792d7553e67f,train,3,dry,0,weak_expert,9.84,0.8739283084869385,2,2,False,top15_margin6_smooth30_gap500_min80_win1500,energy_hysteresis_bounded_merge_nonoverlap_v3,True
23180623-c32f-4fa7-85db-2aaf72438824_seg_0,23180623-c32f-4fa7-85db-2aaf72438824,train,3,dry,0,weak_expert,9.66,0.9567437767982483,2,2,False,top15_margin6_smooth30_gap500_min80_win1500,energy_hysteresis_bounded_merge_nonoverlap_v3,True
239862c9-653a-46c7-ba74-2511aab54340_seg_0,239862c9-653a-46c7-ba74-2511aab54340,train,3,dry,0,weak_expert,3.24,0.5616466999053955,1,1,False,top15_margin6_smooth30_gap500_min80_win1500,energy_hysteresis_bounded_merge_nonoverlap_v3,True
2532b7ae-20da-4dde-ab4e-46ffe1fdbe77_seg_0,2532b7ae-20da-4dde-ab4e-46ffe1fdbe77,train,3,dry,0,weak_expert,5.58,0.7427161931991577,1,1,False,top15_margin6_smooth30_gap500_min80_win1500,energy_hysteresis_bounded_merge_nonoverlap_v3,True
2561c0c9-c4d4-4d63-8c8a-610d6eafe593_seg_0,2561c0c9-c4d4-4d63-8c8a-610d6eafe593,train,3,dry,0,weak_expert,9.9,0.8633564710617065,4,4,False,top15_margin6_smooth30_gap500_min80_win1500,energy_hysteresis_bounded_merge_nonoverlap_v3,True
25d5e8bc-0203-4909-aebb-00df700417b9_seg_0,25d5e8bc-0203-4909-aebb-00df700417b9,train,3,dry,0,weak_expert,9.78,0.7826040387153625,1,1,False,top15_margin6_smooth30_gap500_min80_win1500,energy_hysteresis_bounded_merge_nonoverlap_v3,True
2989f5c7-1b1c-42aa-9f44-05e8d6fea729_seg_0,2989f5c7-1b1c-42aa-9f44-05e8d6fea729,train,3,dry,0,weak_expert,9.84,0.7051526308059692,4,4,False,top15_margin6_smooth30_gap500_min80_win1500,energy_hysteresis_bounded_merge_nonoverlap_v3,True
29b6542b-6a40-474c-9eb1-787ebfbab90d_seg_0,29b6542b-6a40-474c-9eb1-787ebfbab90d,train,3,dry,0,weak_expert,9.9,0.7777015566825867,2,2,False,top15_margin6_smooth30_gap500_min80_win1500,energy_hysteresis_bounded_merge_nonoverlap_v3,True
2a7328f9-4c7b-461e-8975-0809d0c49de9_seg_0,2a7328f9-4c7b-461e-8975-0809d0c49de9,train,3,dry,0,weak_expert,4.62,0.7752589583396912,1,1,False,top15_margin6_smooth30_gap500_min80_win1500,energy_hysteresis_bounded_merge_nonoverlap_v3,True
2b22a1b8-5dc4-4674-9ebc-99d6a06e999c_seg_0,2b22a1b8-5dc4-4674-9ebc-99d6a06e999c,train,3,dry,0,weak_expert,6.42,1.0421767234802246,3,3,False,top15_margin6_smooth30_gap500_min80_win1500,energy_hysteresis_bounded_merge_nonoverlap_v3,True
2bb66cf8-ae01-4f8d-93d2-3bc4b08c08f8_seg_0,2bb66cf8-ae01-4f8d-93d2-3bc4b08c08f8,train,3,dry,0,weak_expert,9.96,0.8643444180488586,3,3,False,top15_margin6_smooth30_gap500_min80_win1500,energy_hysteresis_bounded_merge_nonoverlap_v3,True
2c333872-8c6f-4818-a011-7a5efb063509_seg_0,2c333872-8c6f-4818-a011-7a5efb063509,train,3,dry,0,weak_expert,9.9,0.8959968090057373,7,7,False,top15_margin6_smooth30_gap500_min80_win1500,energy_hysteresis_bounded_merge_nonoverlap_v3,True
2c802186-571e-41ff-8d7e-a273a68329da_seg_0,2c802186-571e-41ff-8d7e-a273a68329da,train,3,dry,0,weak_expert,9.96,0.8731242418289185,2,2,False,top15_margin6_smooth30_gap500_min80_win1500,energy_hysteresis_bounded_merge_nonoverlap_v3,True
2ca9e925-859f-417e-838b-681d77639839_seg_0,2ca9e925-859f-417e-838b-681d77639839,train,3,dry,0,weak_expert,9.72,0.886022686958313,2,2,False,top15_margin6_smooth30_gap500_min80_win1500,energy_hysteresis_bounded_merge_nonoverlap_v3,True
2d945d23-990e-4f00-91a6-b4de59fcb2a6_seg_0,2d945d23-990e-4f00-91a6-b4de59fcb2a6,train,3,dry,0,weak_expert,9.9,1.0758894681930542,2,2,False,top15_margin6_smooth30_gap500_min80_win1500,energy_hysteresis_bounded_merge_nonoverlap_v3,True
2dd7dcf1-1065-4779-98ae-7e152ca3b1d5_seg_0,2dd7dcf1-1065-4779-98ae-7e152ca3b1d5,train,3,dry,0,weak_expert,10.0,0.6052587628364563,3,3,False,top15_margin6_smooth30_gap500_min80_win1500,energy_hysteresis_bounded_merge_nonoverlap_v3,True
2e0e732f-3cf5-4fb6-9762-aae4ab603d4d_seg_0,2e0e732f-3cf5-4fb6-9762-aae4ab603d4d,train,3,dry,0,weak_expert,9.36,0.7731168270111084,3,3,False,top15_margin6_smooth30_gap500_min80_win1500,energy_hysteresis_bounded_merge_nonoverlap_v3,True
2e687a52-6e9b-4343-9688-b96132f52f87_seg_0,2e687a52-6e9b-4343-9688-b96132f52f87,train,3,dry,0,weak_expert,3.42,0.8842983245849609,2,2,False,top15_margin6_smooth30_gap500_min80_win1500,energy_hysteresis_bounded_merge_nonoverlap_v3,True
2e704c72-6b85-4241-b680-f74c2ab70ca7_seg_0,2e704c72-6b85-4241-b680-f74c2ab70ca7,train,3,dry,0,weak_expert,6.24,1.0240451097488403,2,2,False,top15_margin6_smooth30_gap500_min80_win1500,energy_hysteresis_bounded_merge_nonoverlap_v3,True
2ee095c2-4dee-4696-9f85-5452bf9fc28f_seg_0,2ee095c2-4dee-4696-9f85-5452bf9fc28f,train,3,dry,0,weak_expert,9.78,0.8093942403793335,4,4,False,top15_margin6_smooth30_gap500_min80_win1500,energy_hysteresis_bounded_merge_nonoverlap_v3,True
2ef79bd0-5d88-4583-a45d-a6570dfbd4c7_seg_0,2ef79bd0-5d88-4583-a45d-a6570dfbd4c7,train,3,dry,0,weak_expert,9.96,0.9639091491699219,3,3,False,top15_margin6_smooth30_gap500_min80_win1500,energy_hysteresis_bounded_merge_nonoverlap_v3,True
2f7f0c1b-782b-4b90-9f0b-ed60edfeab89_seg_0,2f7f0c1b-782b-4b90-9f0b-ed60edfeab89,train,3,dry,0,weak_expert,4.14,0.7947721481323242,1,1,False,top15_margin6_smooth30_gap500_min80_win1500,energy_hysteresis_bounded_merge_nonoverlap_v3,True
30d927be-7a71-4e50-b8cf-ed9ff6f8dca4_seg_0,30d927be-7a71-4e50-b8cf-ed9ff6f8dca4,train,3,dry,0,weak_expert,4.26,0.9372251033782959,1,1,False,top15_margin6_smooth30_gap500_min80_win1500,energy_hysteresis_bounded_merge_nonoverlap_v3,True
30f275f4-7248-4909-9753-f9d7b294d3bd_seg_0,30f275f4-7248-4909-9753-f9d7b294d3bd,train,3,dry,0,weak_expert,9.84,0.9353325366973877,4,4,False,top15_margin6_smooth30_gap500_min80_win1500,energy_hysteresis_bounded_merge_nonoverlap_v3,True
30fa4631-eba2-44d7-ba44-4ef930092d45_seg_0,30fa4631-eba2-44d7-ba44-4ef930092d45,train,3,dry,0,weak_expert,9.96,1.0732579231262207,3,3,False,top15_margin6_smooth30_gap500_min80_win1500,energy_hysteresis_bounded_merge_nonoverlap_v3,True
3169ae75-df07-48b3-a04c-b33cd3b10b30_seg_0,3169ae75-df07-48b3-a04c-b33cd3b10b30,train,3,dry,0,weak_expert,9.6,0.8452486991882324,1,1,False,top15_margin6_smooth30_gap500_min80_win1500,energy_hysteresis_bounded_merge_nonoverlap_v3,True
333ca4a1-557a-4be5-b2e3-9e572b3132ff_seg_0,333ca4a1-557a-4be5-b2e3-9e572b3132ff,train,3,dry,0,weak_expert,4.712,0.7701625227928162,3,3,False,top15_margin6_smooth30_gap500_min80_win1500,energy_hysteresis_bounded_merge_nonoverlap_v3,True
33dd938d-7654-4238-a207-cbc3fad63349_seg_0,33dd938d-7654-4238-a207-cbc3fad63349,train,3,dry,0,weak_expert,9.78,0.7668308019638062,1,1,False,top15_margin6_smooth30_gap500_min80_win1500,energy_hysteresis_bounded_merge_nonoverlap_v3,True
344f10c7-9219-421e-8d2a-906111988422_seg_0,344f10c7-9219-421e-8d2a-906111988422,train,3,dry,0,weak_expert,8.88,0.9697355031967163,5,5,False,top15_margin6_smooth30_gap500_min80_win1500,energy_hysteresis_bounded_merge_nonoverlap_v3,True
34b77763-a4a4-4beb-aeaa-02ef8298ef31_seg_0,34b77763-a4a4-4beb-aeaa-02ef8298ef31,train,3,dry,0,weak_expert,4.86,0.9872715473175049,3,3,False,top15_margin6_smooth30_gap500_min80_win1500,energy_hysteresis_bounded_merge_nonoverlap_v3,True
34fd00ad-788a-433c-a0b8-b603b33a589c_seg_0,34fd00ad-788a-433c-a0b8-b603b33a589c,train,3,dry,0,weak_expert,9.6,0.8680733442306519,3,3,False,top15_margin6_smooth30_gap500_min80_win1500,energy_hysteresis_bounded_merge_nonoverlap_v3,True
35811251-f9e5-49e9-8ee9-d4ca1afa08f8_seg_0,35811251-f9e5-49e9-8ee9-d4ca1afa08f8,train,3,dry,0,weak_expert,2.88,0.9831990599632263,1,1,False,top15_margin6_smooth30_gap500_min80_win1500,energy_hysteresis_bounded_merge_nonoverlap_v3,True
3714de53-8471-4b14-be82-58c918b7fb1b_seg_0,3714de53-8471-4b14-be82-58c918b7fb1b,train,3,dry,0,weak_expert,3.6,0.7898361682891846,1,1,False,top15_margin6_smooth30_gap500_min80_win1500,energy_hysteresis_bounded_merge_nonoverlap_v3,True
39460774-2d87-4c17-9015-5ca9d6328744_seg_0,39460774-2d87-4c17-9015-5ca9d6328744,train,3,dry,0,weak_expert,9.6,0.775863528251648,2,2,False,top15_margin6_smooth30_gap500_min80_win1500,energy_hysteresis_bounded_merge_nonoverlap_v3,True
3bc13005-f63f-4ca4-9ee7-92b40b511eb8_seg_0,3bc13005-f63f-4ca4-9ee7-92b40b511eb8,train,3,dry,0,weak_expert,9.78,0.6099790334701538,2,2,False,top15_margin6_smooth30_gap500_min80_win1500,energy_hysteresis_bounded_merge_nonoverlap_v3,True
3f582004-aa52-4a2b-bba8-cb76352ddf44_seg_0,3f582004-aa52-4a2b-bba8-cb76352ddf44,train,3,dry,0,weak_expert,9.78,0.7457038164138794,3,3,False,top15_margin6_smooth30_gap500_min80_win1500,energy_hysteresis_bounded_merge_nonoverlap_v3,True
41fc7925-0b48-4555-b55e-49ce9290addf_seg_0,41fc7925-0b48-4555-b55e-49ce9290addf,train,3,dry,0,weak_expert,9.72,1.0109164714813232,6,6,False,top15_margin6_smooth30_gap500_min80_win1500,energy_hysteresis_bounded_merge_nonoverlap_v3,True
43795e89-f72e-4d3e-877d-a157fb169949_seg_0,43795e89-f72e-4d3e-877d-a157fb169949,train,3,dry,0,weak_expert,5.1,0.8284424543380737,1,1,False,top15_margin6_smooth30_gap500_min80_win1500,energy_hysteresis_bounded_merge_nonoverlap_v3,True
43cfe07c-cf76-4d97-914a-b1a1ec2c9759_seg_0,43cfe07c-cf76-4d97-914a-b1a1ec2c9759,train,3,dry,0,weak_expert,9.84,0.810118556022644,2,2,False,top15_margin6_smooth30_gap500_min80_win1500,energy_hysteresis_bounded_merge_nonoverlap_v3,True
462c8d00-d349-40b3-ad60-440fc5746b6d_seg_0,462c8d00-d349-40b3-ad60-440fc5746b6d,train,3,dry,0,weak_expert,9.54,1.013765573501587,2,2,False,top15_margin6_smooth30_gap500_min80_win1500,energy_hysteresis_bounded_merge_nonoverlap_v3,True
47566b56-c2aa-48d5-a0be-92506fc53eab_seg_0,47566b56-c2aa-48d5-a0be-92506fc53eab,train,3,dry,0,weak_expert,9.84,0.8682419061660767,2,2,False,top15_margin6_smooth30_gap500_min80_win1500,energy_hysteresis_bounded_merge_nonoverlap_v3,True
477d5eb0-f5a4-4c97-9f00-03ace4fbf876_seg_0,477d5eb0-f5a4-4c97-9f00-03ace4fbf876,train,3,dry,0,weak_expert,9.78,0.29085060954093933,2,2,False,top15_margin6_smooth30_gap500_min80_win1500,energy_hysteresis_bounded_merge_nonoverlap_v3,True
478090b5-f194-46a2-96be-4a0ba30ad3b0_seg_0,478090b5-f194-46a2-96be-4a0ba30ad3b0,train,3,dry,0,weak_expert,6.84,0.8332751989364624,1,1,False,top15_margin6_smooth30_gap500_min80_win1500,energy_hysteresis_bounded_merge_nonoverlap_v3,True
4a54513d-cdcf-4ea6-8139-b0f1d33d41d8_seg_0,4a54513d-cdcf-4ea6-8139-b0f1d33d41d8,train,3,dry,0,weak_expert,9.84,0.9067774415016174,5,5,False,top15_margin6_smooth30_gap500_min80_win1500,energy_hysteresis_bounded_merge_nonoverlap_v3,True
4c40ace0-7967-4090-9d2c-51248d38bdda_seg_0,4c40ace0-7967-4090-9d2c-51248d38bdda,train,3,dry,0,weak_expert,4.98,0.8053364753723145,1,1,False,top15_margin6_smooth30_gap500_min80_win1500,energy_hysteresis_bounded_merge_nonoverlap_v3,True
4c86e76d-0476-4016-b26d-00e3b8a0dc01_seg_0,4c86e76d-0476-4016-b26d-00e3b8a0dc01,train,3,dry,0,weak_expert,9.78,0.8418813943862915,1,1,False,top15_margin6_smooth30_gap500_min80_win1500,energy_hysteresis_bounded_merge_nonoverlap_v3,True
4d35b416-d0b0-4fca-bd40-420da86ab4e2_seg_0,4d35b416-d0b0-4fca-bd40-420da86ab4e2,train,3,dry,0,weak_expert,9.96,0.8389151096343994,6,6,False,top15_margin6_smooth30_gap500_min80_win1500,energy_hysteresis_bounded_merge_nonoverlap_v3,True
4d72142f-9932-47f4-8d86-29757ea3f78d_seg_0,4d72142f-9932-47f4-8d86-29757ea3f78d,train,3,dry,0,weak_expert,9.9,0.7640506029129028,4,4,False,top15_margin6_smooth30_gap500_min80_win1500,energy_hysteresis_bounded_merge_nonoverlap_v3,True
4e39ad3e-5257-4356-b854-7fb48c6cd1f0_seg_0,4e39ad3e-5257-4356-b854-7fb48c6cd1f0,train,3,dry,0,weak_expert,8.22,1.0393784046173096,3,3,False,top15_margin6_smooth30_gap500_min80_win1500,energy_hysteresis_bounded_merge_nonoverlap_v3,True
4fb2ef80-dd57-4be0-afa6-866a8a5297bf_seg_0,4fb2ef80-dd57-4be0-afa6-866a8a5297bf,train,3,dry,0,weak_expert,9.96,0.967004120349884,2,2,False,top15_margin6_smooth30_gap500_min80_win1500,energy_hysteresis_bounded_merge_nonoverlap_v3,True
5131b118-88df-4d26-90bb-85b726fe0b5a_seg_0,5131b118-88df-4d26-90bb-85b726fe0b5a,train,3,dry,0,weak_expert,9.78,0.939102292060852,4,4,False,top15_margin6_smooth30_gap500_min80_win1500,energy_hysteresis_bounded_merge_nonoverlap_v3,True
522b0923-a528-47d9-8905-ececf13c65e0_seg_0,522b0923-a528-47d9-8905-ececf13c65e0,train,3,dry,0,weak_expert,9.9,0.7596373558044434,2,2,False,top15_margin6_smooth30_gap500_min80_win1500,energy_hysteresis_bounded_merge_nonoverlap_v3,True
5287e036-c41e-4527-93de-c6cdbf1a8461_seg_0,5287e036-c41e-4527-93de-c6cdbf1a8461,train,3,dry,0,weak_expert,9.84,0.836355984210968,1,1,False,top15_margin6_smooth30_gap500_min80_win1500,energy_hysteresis_bounded_merge_nonoverlap_v3,True
56279ffd-3f56-4fd2-9ebd-94ec5b6825e5_seg_0,56279ffd-3f56-4fd2-9ebd-94ec5b6825e5,train,3,dry,0,weak_expert,9.3,0.7144838571548462,1,1,False,top15_margin6_smooth30_gap500_min80_win1500,energy_hysteresis_bounded_merge_nonoverlap_v3,True
589c25e2-58b8-4cd2-a2aa-47819f71181e_seg_0,589c25e2-58b8-4cd2-a2aa-47819f71181e,train,3,dry,0,weak_expert,9.9,0.7832108736038208,5,5,False,top15_margin6_smooth30_gap500_min80_win1500,energy_hysteresis_bounded_merge_nonoverlap_v3,True
58a3d924-98cd-426f-9b58-cb6240b7d044_seg_0,58a3d924-98cd-426f-9b58-cb6240b7d044,train,3,dry,0,weak_expert,9.96,0.8679871559143066,1,1,False,top15_margin6_smooth30_gap500_min80_win1500,energy_hysteresis_bounded_merge_nonoverlap_v3,True
59868a93-765b-4ff4-a58e-f7aa9c811206_seg_0,59868a93-765b-4ff4-a58e-f7aa9c811206,train,3,dry,0,weak_expert,9.84,0.9301847219467163,4,4,False,top15_margin6_smooth30_gap500_min80_win1500,energy_hysteresis_bounded_merge_nonoverlap_v3,True
5b32c2c2-fb33-47e7-93da-86968876ce02_seg_0,5b32c2c2-fb33-47e7-93da-86968876ce02,train,3,dry,0,weak_expert,9.78,0.8534541130065918,2,2,False,top15_margin6_smooth30_gap500_min80_win1500,energy_hysteresis_bounded_merge_nonoverlap_v3,True
5c53c446-4d42-4dcf-9a2a-3c8c4a7682e1_seg_0,5c53c446-4d42-4dcf-9a2a-3c8c4a7682e1,train,3,dry,0,gold_expert,9.9,0.8883830308914185,2,2,False,top15_margin6_smooth30_gap500_min80_win1500,energy_hysteresis_bounded_merge_nonoverlap_v3,True
5db9f54b-8f92-4a15-bc2e-862dcd6d375b_seg_0,5db9f54b-8f92-4a15-bc2e-862dcd6d375b,train,3,dry,0,weak_expert,9.9,0.8323794007301331,1,1,False,top15_margin6_smooth30_gap500_min80_win1500,energy_hysteresis_bounded_merge_nonoverlap_v3,True
5f5f4027-45d4-4867-a9e2-ecc500eaf21d_seg_0,5f5f4027-45d4-4867-a9e2-ecc500eaf21d,train,3,dry,0,gold_expert,6.24,0.8167976140975952,1,1,False,top15_margin6_smooth30_gap500_min80_win1500,energy_hysteresis_bounded_merge_nonoverlap_v3,True
61ca0d5f-b27e-43fa-85d9-1fb58d2d1746_seg_0,61ca0d5f-b27e-43fa-85d9-1fb58d2d1746,train,3,dry,0,weak_expert,9.48,0.753574550151825,1,1,False,top15_margin6_smooth30_gap500_min80_win1500,energy_hysteresis_bounded_merge_nonoverlap_v3,True
637d6498-1d52-4860-9976-5a7a94f2a0c3_seg_0,637d6498-1d52-4860-9976-5a7a94f2a0c3,train,3,dry,0,gold_expert,9.84,0.819415807723999,3,3,False,top15_margin6_smooth30_gap500_min80_win1500,energy_hysteresis_bounded_merge_nonoverlap_v3,True
65ba1f8c-b528-425e-b55f-2e132638fa39_seg_0,65ba1f8c-b528-425e-b55f-2e132638fa39,train,3,dry,0,weak_expert,2.16,0.8574907779693604,1,1,False,top15_margin6_smooth30_gap500_min80_win1500,energy_hysteresis_bounded_merge_nonoverlap_v3,True
6648cb81-abf5-476b-81e2-0abe5be299e4_seg_0,6648cb81-abf5-476b-81e2-0abe5be299e4,train,3,dry,0,weak_expert,5.88,0.8471683263778687,1,1,False,top15_margin6_smooth30_gap500_min80_win1500,energy_hysteresis_bounded_merge_nonoverlap_v3,True
66fcdc41-6150-4037-9842-0417375a4d14_seg_0,66fcdc41-6150-4037-9842-0417375a4d14,train,3,dry,0,weak_expert,5.82,0.8368686437606812,4,4,False,top15_margin6_smooth30_gap500_min80_win1500,energy_hysteresis_bounded_merge_nonoverlap_v3,True
67090bb0-377e-492c-9c49-8a608f50345d_seg_0,67090bb0-377e-492c-9c49-8a608f50345d,train,3,dry,0,weak_expert,9.84,1.002478837966919,3,3,False,top15_margin6_smooth30_gap500_min80_win1500,energy_hysteresis_bounded_merge_nonoverlap_v3,True
6811fc15-6ffc-4623-85aa-bf477c4d0082_seg_0,6811fc15-6ffc-4623-85aa-bf477c4d0082,train,3,dry,0,weak_expert,7.02,0.44776594638824463,3,3,False,top15_margin6_smooth30_gap500_min80_win1500,energy_hysteresis_bounded_merge_nonoverlap_v3,True
6816fa8c-2bd4-4be4-bbb0-d18a397f99e5_seg_0,6816fa8c-2bd4-4be4-bbb0-d18a397f99e5,train,3,dry,0,weak_expert,9.72,1.0130805969238281,2,2,False,top15_margin6_smooth30_gap500_min80_win1500,energy_hysteresis_bounded_merge_nonoverlap_v3,True
68be5313-193c-42ca-acdc-f6f93c9c1126_seg_0,68be5313-193c-42ca-acdc-f6f93c9c1126,train,3,dry,0,weak_expert,6.0,0.7382587790489197,1,1,False,top15_margin6_smooth30_gap500_min80_win1500,energy_hysteresis_bounded_merge_nonoverlap_v3,True
697d000f-b7ab-4bb8-bee7-2c9983976300_seg_0,697d000f-b7ab-4bb8-bee7-2c9983976300,train,3,dry,0,weak_expert,9.96,0.9252898693084717,3,3,False,top15_margin6_smooth30_gap500_min80_win1500,energy_hysteresis_bounded_merge_nonoverlap_v3,True
6a577002-17a0-44a5-87bf-14ba2a225616_seg_0,6a577002-17a0-44a5-87bf-14ba2a225616,train,3,dry,0,weak_expert,8.4,1.010271668434143,3,3,False,top15_margin6_smooth30_gap500_min80_win1500,energy_hysteresis_bounded_merge_nonoverlap_v3,True
6c7893ac-4ca9-47af-8a91-fd0926dd7f39_seg_0,6c7893ac-4ca9-47af-8a91-fd0926dd7f39,train,3,dry,0,weak_expert,9.72,0.777239203453064,2,2,False,top15_margin6_smooth30_gap500_min80_win1500,energy_hysteresis_bounded_merge_nonoverlap_v3,True
6d25354c-712b-4d24-831a-e99a95dd597b_seg_0,6d25354c-712b-4d24-831a-e99a95dd597b,train,3,dry,0,weak_expert,9.78,0.807174801826477,5,5,False,top15_margin6_smooth30_gap500_min80_win1500,energy_hysteresis_bounded_merge_nonoverlap_v3,True
6d45e866-26cd-4c90-b538-8e3d74639f93_seg_0,6d45e866-26cd-4c90-b538-8e3d74639f93,train,3,dry,0,weak_expert,9.72,0.8199607729911804,4,4,False,top15_margin6_smooth30_gap500_min80_win1500,energy_hysteresis_bounded_merge_nonoverlap_v3,True
6d73708f-f815-410f-b6a1-76cec2a7754c_seg_0,6d73708f-f815-410f-b6a1-76cec2a7754c,train,3,dry,0,weak_expert,9.78,0.9019646644592285,2,2,False,top15_margin6_smooth30_gap500_min80_win1500,energy_hysteresis_bounded_merge_nonoverlap_v3,True
6d8729b7-cc9b-4ae3-a3ee-99a5a909e32f_seg_0,6d8729b7-cc9b-4ae3-a3ee-99a5a909e32f,train,3,dry,0,weak_expert,2.64,0.7738696932792664,1,1,False,top15_margin6_smooth30_gap500_min80_win1500,energy_hysteresis_bounded_merge_nonoverlap_v3,True
6d941efe-43f9-4a64-8172-58cbb20400ab_seg_0,6d941efe-43f9-4a64-8172-58cbb20400ab,train,3,dry,0,weak_expert,9.78,0.5882425308227539,2,2,False,top15_margin6_smooth30_gap500_min80_win1500,energy_hysteresis_bounded_merge_nonoverlap_v3,True
6e777752-cb40-47dd-ae97-50bc73da4550_seg_0,6e777752-cb40-47dd-ae97-50bc73da4550,train,3,dry,0,weak_expert,4.62,0.93089759349823,2,2,False,top15_margin6_smooth30_gap500_min80_win1500,energy_hysteresis_bounded_merge_nonoverlap_v3,True
6f0a2344-8d8b-4db5-b4c3-cf569ca4f7b9_seg_0,6f0a2344-8d8b-4db5-b4c3-cf569ca4f7b9,train,3,dry,0,weak_expert,8.22,0.699852466583252,3,3,False,top15_margin6_smooth30_gap500_min80_win1500,energy_hysteresis_bounded_merge_nonoverlap_v3,True
6fc243bf-14f0-42ab-97e3-f1fe3fdfe3ce_seg_0,6fc243bf-14f0-42ab-97e3-f1fe3fdfe3ce,train,3,dry,0,weak_expert,6.96,0.8567150831222534,1,1,False,top15_margin6_smooth30_gap500_min80_win1500,energy_hysteresis_bounded_merge_nonoverlap_v3,True
705e111b-1e41-4831-97e2-7990771c9fe4_seg_0,705e111b-1e41-4831-97e2-7990771c9fe4,train,3,dry,0,weak_expert,4.44,0.6026347279548645,1,1,False,top15_margin6_smooth30_gap500_min80_win1500,energy_hysteresis_bounded_merge_nonoverlap_v3,True
7376afac-2a76-408c-9bee-7b7ed2555692_seg_0,7376afac-2a76-408c-9bee-7b7ed2555692,train,3,dry,0,weak_expert,9.9,1.0132803916931152,1,1,False,top15_margin6_smooth30_gap500_min80_win1500,energy_hysteresis_bounded_merge_nonoverlap_v3,True
7465377a-8963-4a0e-bd1b-92a8924b1ccb_seg_0,7465377a-8963-4a0e-bd1b-92a8924b1ccb,train,3,dry,0,weak_expert,9.72,0.7729393243789673,4,4,False,top15_margin6_smooth30_gap500_min80_win1500,energy_hysteresis_bounded_merge_nonoverlap_v3,True
748142b3-0e0b-4975-b795-78267dbe4547_seg_0,748142b3-0e0b-4975-b795-78267dbe4547,train,3,dry,0,weak_expert,9.9,0.9232629537582397,6,6,False,top15_margin6_smooth30_gap500_min80_win1500,energy_hysteresis_bounded_merge_nonoverlap_v3,True
76183e29-22c1-4d51-aafa-6b96e93b3aa2_seg_0,76183e29-22c1-4d51-aafa-6b96e93b3aa2,train,3,dry,0,weak_expert,9.3,0.9086927771568298,1,1,False,top15_margin6_smooth30_gap500_min80_win1500,energy_hysteresis_bounded_merge_nonoverlap_v3,True
76682a59-1c14-44e8-93b9-f9f5f774e897_seg_0,76682a59-1c14-44e8-93b9-f9f5f774e897,train,3,dry,0,weak_expert,7.5,1.0352306365966797,1,1,False,top15_margin6_smooth30_gap500_min80_win1500,energy_hysteresis_bounded_merge_nonoverlap_v3,True
7ad89fd2-56cb-43cd-84ea-4d3eb7b30e00_seg_0,7ad89fd2-56cb-43cd-84ea-4d3eb7b30e00,train,3,dry,0,weak_expert,9.78,1.0078403949737549,3,3,False,top15_margin6_smooth30_gap500_min80_win1500,energy_hysteresis_bounded_merge_nonoverlap_v3,True
7b7e11b1-0f2b-4531-b071-54b7889c4771_seg_0,7b7e11b1-0f2b-4531-b071-54b7889c4771,train,3,dry,0,weak_expert,6.78,0.5684349536895752,1,1,False,top15_margin6_smooth30_gap500_min80_win1500,energy_hysteresis_bounded_merge_nonoverlap_v3,True
7bd5996c-f98d-46bc-be93-ca6e1139d838_seg_0,7bd5996c-f98d-46bc-be93-ca6e1139d838,train,3,dry,0,weak_expert,2.46,0.5498570799827576,1,1,False,top15_margin6_smooth30_gap500_min80_win1500,energy_hysteresis_bounded_merge_nonoverlap_v3,True
7de30485-428f-402e-8402-54747fd97420_seg_0,7de30485-428f-402e-8402-54747fd97420,train,3,dry,0,weak_expert,9.96,0.8898168802261353,2,2,False,top15_margin6_smooth30_gap500_min80_win1500,energy_hysteresis_bounded_merge_nonoverlap_v3,True
7e2f4bb0-a4a1-4e62-a26f-f4174ab4954b_seg_0,7e2f4bb0-a4a1-4e62-a26f-f4174ab4954b,train,3,dry,0,weak_expert,9.96,0.9581984877586365,4,4,False,top15_margin6_smooth30_gap500_min80_win1500,energy_hysteresis_bounded_merge_nonoverlap_v3,True
7f8e60f4-5cbd-4ec6-bc73-e8ab2b6c3abd_seg_0,7f8e60f4-5cbd-4ec6-bc73-e8ab2b6c3abd,train,3,dry,0,weak_expert,5.04,0.9337263703346252,2,2,False,top15_margin6_smooth30_gap500_min80_win1500,energy_hysteresis_bounded_merge_nonoverlap_v3,True
83443b73-5740-4b3e-85ba-77e372fea63d_seg_0,83443b73-5740-4b3e-85ba-77e372fea63d,train,3,dry,0,weak_expert,9.9,0.9183589220046997,1,1,False,top15_margin6_smooth30_gap500_min80_win1500,energy_hysteresis_bounded_merge_nonoverlap_v3,True
85eef4ec-c8e8-4635-a6c3-2d194057f7f2_seg_0,85eef4ec-c8e8-4635-a6c3-2d194057f7f2,train,3,dry,0,weak_expert,9.96,0.5427508354187012,2,2,False,top15_margin6_smooth30_gap500_min80_win1500,energy_hysteresis_bounded_merge_nonoverlap_v3,True
87c60871-f7f6-48cb-94b0-c22b2158d49f_seg_0,87c60871-f7f6-48cb-94b0-c22b2158d49f,train,3,dry,0,weak_expert,9.96,0.9406965970993042,2,2,False,top15_margin6_smooth30_gap500_min80_win1500,energy_hysteresis_bounded_merge_nonoverlap_v3,True
87f52d87-03d1-469b-b8fb-247da4504f90_seg_0,87f52d87-03d1-469b-b8fb-247da4504f90,train,3,dry,0,weak_expert,4.86,1.0303618907928467,1,1,False,top15_margin6_smooth30_gap500_min80_win1500,energy_hysteresis_bounded_merge_nonoverlap_v3,True
88024607-e701-4a54-adeb-c4c1ecc282f4_seg_0,88024607-e701-4a54-adeb-c4c1ecc282f4,train,3,dry,0,weak_expert,9.54,0.7774986624717712,2,2,False,top15_margin6_smooth30_gap500_min80_win1500,energy_hysteresis_bounded_merge_nonoverlap_v3,True
88f6aa4d-d9e3-4d51-b803-5736e92762e4_seg_0,88f6aa4d-d9e3-4d51-b803-5736e92762e4,train,3,dry,0,weak_expert,9.96,0.9531689286231995,3,3,False,top15_margin6_smooth30_gap500_min80_win1500,energy_hysteresis_bounded_merge_nonoverlap_v3,True
89bad459-b4f0-48ab-9907-28fe8f895800_seg_0,89bad459-b4f0-48ab-9907-28fe8f895800,train,3,dry,0,weak_expert,9.78,0.863534688949585,1,1,False,top15_margin6_smooth30_gap500_min80_win1500,energy_hysteresis_bounded_merge_nonoverlap_v3,True
8a5feabb-3b0a-49b5-900c-6d3d31e96794_seg_0,8a5feabb-3b0a-49b5-900c-6d3d31e96794,train,3,dry,0,weak_expert,9.36,0.8672015070915222,5,5,False,top15_margin6_smooth30_gap500_min80_win1500,energy_hysteresis_bounded_merge_nonoverlap_v3,True
8ada36ff-a9fb-4623-a97c-cab077d4bf99_seg_0,8ada36ff-a9fb-4623-a97c-cab077d4bf99,train,3,dry,0,weak_expert,9.9253125,1.0072306394577026,3,3,False,top15_margin6_smooth30_gap500_min80_win1500,energy_hysteresis_bounded_merge_nonoverlap_v3,True
8b0c699b-dca8-4ed0-bf4b-319774d31c54_seg_0,8b0c699b-dca8-4ed0-bf4b-319774d31c54,train,3,dry,0,weak_expert,9.9,0.8685301542282104,2,2,False,top15_margin6_smooth30_gap500_min80_win1500,energy_hysteresis_bounded_merge_nonoverlap_v3,True
8b65a198-2b0f-452c-ac15-47d892676fc3_seg_0,8b65a198-2b0f-452c-ac15-47d892676fc3,train,3,dry,0,weak_expert,10.0,1.0054889917373657,4,4,False,top15_margin6_smooth30_gap500_min80_win1500,energy_hysteresis_bounded_merge_nonoverlap_v3,True
8b733837-961a-4f17-a18c-13b89b54ef69_seg_0,8b733837-961a-4f17-a18c-13b89b54ef69,train,3,dry,0,gold_expert,9.96,0.9597722291946411,3,3,False,top15_margin6_smooth30_gap500_min80_win1500,energy_hysteresis_bounded_merge_nonoverlap_v3,True
8be589c2-c09a-442d-a0a0-50094a73f0d5_seg_0,8be589c2-c09a-442d-a0a0-50094a73f0d5,train,3,dry,0,weak_expert,3.9,0.8751639127731323,1,1,False,top15_margin6_smooth30_gap500_min80_win1500,energy_hysteresis_bounded_merge_nonoverlap_v3,True
8ca4463e-23a3-4a16-9d46-7b28b968e6af_seg_0,8ca4463e-23a3-4a16-9d46-7b28b968e6af,train,3,dry,0,weak_expert,9.78,0.807985246181488,2,2,False,top15_margin6_smooth30_gap500_min80_win1500,energy_hysteresis_bounded_merge_nonoverlap_v3,True
8cd6b5c0-96b9-4572-9b3d-2caf91996483_seg_0,8cd6b5c0-96b9-4572-9b3d-2caf91996483,train,3,dry,0,weak_expert,5.88,0.9165077805519104,3,3,False,top15_margin6_smooth30_gap500_min80_win1500,energy_hysteresis_bounded_merge_nonoverlap_v3,True
8d33620a-f041-4c6c-b55d-78c1ac9eb8e5_seg_0,8d33620a-f041-4c6c-b55d-78c1ac9eb8e5,train,3,dry,0,weak_expert,9.18,0.800811767578125,1,1,False,top15_margin6_smooth30_gap500_min80_win1500,energy_hysteresis_bounded_merge_nonoverlap_v3,True
8eac4375-f279-468e-853d-c83c73a62077_seg_0,8eac4375-f279-468e-853d-c83c73a62077,train,3,dry,0,weak_expert,9.78,0.9399083256721497,2,2,False,top15_margin6_smooth30_gap500_min80_win1500,energy_hysteresis_bounded_merge_nonoverlap_v3,True
8f0052b4-731b-4822-8e4b-1393a473d35e_seg_0,8f0052b4-731b-4822-8e4b-1393a473d35e,train,3,dry,0,weak_expert,9.96,0.9310306310653687,2,2,False,top15_margin6_smooth30_gap500_min80_win1500,energy_hysteresis_bounded_merge_nonoverlap_v3,True
8f20ec81-e8f6-4a72-ba04-42e5b1f3d522_seg_0,8f20ec81-e8f6-4a72-ba04-42e5b1f3d522,train,3,dry,0,weak_expert,5.22,1.0149997472763062,2,2,False,top15_margin6_smooth30_gap500_min80_win1500,energy_hysteresis_bounded_merge_nonoverlap_v3,True
90912b99-0e92-4dad-b223-3c96a6967316_seg_0,90912b99-0e92-4dad-b223-3c96a6967316,train,3,dry,0,weak_expert,9.9,0.9862903356552124,2,2,False,top15_margin6_smooth30_gap500_min80_win1500,energy_hysteresis_bounded_merge_nonoverlap_v3,True
91c59a04-aeda-4233-adce-ac2f3d2212df_seg_0,91c59a04-aeda-4233-adce-ac2f3d2212df,train,3,dry,0,weak_expert,5.22,0.8131651878356934,2,2,False,top15_margin6_smooth30_gap500_min80_win1500,energy_hysteresis_bounded_merge_nonoverlap_v3,True
9235c603-3817-4c3e-b0a5-4624f1293282_seg_0,9235c603-3817-4c3e-b0a5-4624f1293282,train,3,dry,0,weak_expert,9.6,0.9211109280586243,3,3,False,top15_margin6_smooth30_gap500_min80_win1500,energy_hysteresis_bounded_merge_nonoverlap_v3,True
9254bd84-4c4e-40cf-94d0-47a0bdf550ce_seg_0,9254bd84-4c4e-40cf-94d0-47a0bdf550ce,train,3,dry,0,weak_expert,9.66,0.9155969023704529,1,1,False,top15_margin6_smooth30_gap500_min80_win1500,energy_hysteresis_bounded_merge_nonoverlap_v3,True
927ae69c-d4b6-484e-b651-7b76c9c1d9d5_seg_0,927ae69c-d4b6-484e-b651-7b76c9c1d9d5,train,3,dry,0,weak_expert,9.96,0.6746664047241211,3,3,False,top15_margin6_smooth30_gap500_min80_win1500,energy_hysteresis_bounded_merge_nonoverlap_v3,True
92b22064-50ef-4244-b5fd-aa348ceb7371_seg_0,92b22064-50ef-4244-b5fd-aa348ceb7371,train,3,dry,0,gold_expert,4.2,0.774445116519928,1,1,False,top15_margin6_smooth30_gap500_min80_win1500,energy_hysteresis_bounded_merge_nonoverlap_v3,True
92bfada9-7b1c-4fcf-82d1-64ad74ad92a6_seg_0,92bfada9-7b1c-4fcf-82d1-64ad74ad92a6,train,3,dry,0,weak_expert,9.9,0.9861968159675598,3,3,False,top15_margin6_smooth30_gap500_min80_win1500,energy_hysteresis_bounded_merge_nonoverlap_v3,True
936268f0-41a3-421d-bd18-8e69e597e84c_seg_0,936268f0-41a3-421d-bd18-8e69e597e84c,train,3,dry,0,weak_expert,9.54,1.0220462083816528,4,4,False,top15_margin6_smooth30_gap500_min80_win1500,energy_hysteresis_bounded_merge_nonoverlap_v3,True
93dfe86e-d139-4b0e-b959-3b210701bab1_seg_0,93dfe86e-d139-4b0e-b959-3b210701bab1,train,3,dry,0,weak_expert,4.26,0.9166337251663208,2,2,False,top15_margin6_smooth30_gap500_min80_win1500,energy_hysteresis_bounded_merge_nonoverlap_v3,True
94bfcb37-906f-4862-9c4e-69b5550e320e_seg_0,94bfcb37-906f-4862-9c4e-69b5550e320e,train,3,dry,0,weak_expert,9.96,1.0914424657821655,2,2,False,top15_margin6_smooth30_gap500_min80_win1500,energy_hysteresis_bounded_merge_nonoverlap_v3,True
95dee56b-2ebb-48ec-acd7-2bb4ad631679_seg_0,95dee56b-2ebb-48ec-acd7-2bb4ad631679,train,3,dry,0,weak_expert,9.9,0.8249330520629883,3,3,False,top15_margin6_smooth30_gap500_min80_win1500,energy_hysteresis_bounded_merge_nonoverlap_v3,True
9736398b-2034-43a8-88e1-affa632772c9_seg_0,9736398b-2034-43a8-88e1-affa632772c9,train,3,dry,0,weak_expert,4.44,0.9512773156166077,2,2,False,top15_margin6_smooth30_gap500_min80_win1500,energy_hysteresis_bounded_merge_nonoverlap_v3,True
97b6a1d6-2c18-458e-bc05-3fe48136902d_seg_0,97b6a1d6-2c18-458e-bc05-3fe48136902d,train,3,dry,0,weak_expert,7.44,0.8328909277915955,1,1,False,top15_margin6_smooth30_gap500_min80_win1500,energy_hysteresis_bounded_merge_nonoverlap_v3,True
98cf4fc3-ac20-4007-a227-3b89dc43a52c_seg_0,98cf4fc3-ac20-4007-a227-3b89dc43a52c,train,3,dry,0,weak_expert,5.46,0.4713093340396881,2,2,False,top15_margin6_smooth30_gap500_min80_win1500,energy_hysteresis_bounded_merge_nonoverlap_v3,True
99eb251e-8aa9-4307-b77c-3864dc15a789_seg_0,99eb251e-8aa9-4307-b77c-3864dc15a789,train,3,dry,0,weak_expert,9.6,0.8883734941482544,2,2,False,top15_margin6_smooth30_gap500_min80_win1500,energy_hysteresis_bounded_merge_nonoverlap_v3,True
9ab84f0f-1c83-4042-9497-474af8816350_seg_0,9ab84f0f-1c83-4042-9497-474af8816350,train,3,dry,0,weak_expert,9.78,0.8437022566795349,1,1,False,top15_margin6_smooth30_gap500_min80_win1500,energy_hysteresis_bounded_merge_nonoverlap_v3,True
9b8791f6-9c76-41a6-b8bf-3090c8b4609f_seg_0,9b8791f6-9c76-41a6-b8bf-3090c8b4609f,train,3,dry,0,weak_expert,9.78,0.8295623064041138,1,1,False,top15_margin6_smooth30_gap500_min80_win1500,energy_hysteresis_bounded_merge_nonoverlap_v3,True
9bbc6186-f18d-4a96-b92b-37d25b390bdf_seg_0,9bbc6186-f18d-4a96-b92b-37d25b390bdf,train,3,dry,0,weak_expert,5.4,0.7757519483566284,2,2,False,top15_margin6_smooth30_gap500_min80_win1500,energy_hysteresis_bounded_merge_nonoverlap_v3,True
9eb5f87f-3f16-423d-bd11-bb15a6b11a9d_seg_0,9eb5f87f-3f16-423d-bd11-bb15a6b11a9d,train,3,dry,0,weak_expert,9.9,0.8197876811027527,1,1,False,top15_margin6_smooth30_gap500_min80_win1500,energy_hysteresis_bounded_merge_nonoverlap_v3,True
9eb6506a-17f8-40b7-968d-ee511818d50b_seg_0,9eb6506a-17f8-40b7-968d-ee511818d50b,train,3,dry,0,weak_expert,7.2,0.9903905391693115,4,4,False,top15_margin6_smooth30_gap500_min80_win1500,energy_hysteresis_bounded_merge_nonoverlap_v3,True
a0e0ce03-2778-46f2-8b5f-aa46c503f392_seg_0,a0e0ce03-2778-46f2-8b5f-aa46c503f392,train,3,dry,0,weak_expert,7.2,0.9481331706047058,2,2,False,top15_margin6_smooth30_gap500_min80_win1500,energy_hysteresis_bounded_merge_nonoverlap_v3,True
a1092580-10f6-4176-8862-3a8cc0784f4a_seg_0,a1092580-10f6-4176-8862-3a8cc0784f4a,train,3,dry,0,weak_expert,8.82,0.8740167617797852,2,2,False,top15_margin6_smooth30_gap500_min80_win1500,energy_hysteresis_bounded_merge_nonoverlap_v3,True
a27768df-a3bc-4ac9-9d45-76cc25508478_seg_0,a27768df-a3bc-4ac9-9d45-76cc25508478,train,3,dry,0,weak_expert,9.9,0.4643729329109192,3,3,False,top15_margin6_smooth30_gap500_min80_win1500,energy_hysteresis_bounded_merge_nonoverlap_v3,True
a3529398-f357-4c11-bec3-c2e30088df2e_seg_0,a3529398-f357-4c11-bec3-c2e30088df2e,train,3,dry,0,weak_expert,9.9,0.8400647044181824,5,5,False,top15_margin6_smooth30_gap500_min80_win1500,energy_hysteresis_bounded_merge_nonoverlap_v3,True
a60e1682-1dda-4bc7-ab05-8e881a8b867a_seg_0,a60e1682-1dda-4bc7-ab05-8e881a8b867a,train,3,dry,0,weak_expert,9.78,0.9289336204528809,6,6,False,top15_margin6_smooth30_gap500_min80_win1500,energy_hysteresis_bounded_merge_nonoverlap_v3,True
a97f2838-d416-4267-b41a-26f9cae46c62_seg_0,a97f2838-d416-4267-b41a-26f9cae46c62,train,3,dry,0,weak_expert,5.16,0.4472407102584839,1,1,False,top15_margin6_smooth30_gap500_min80_win1500,energy_hysteresis_bounded_merge_nonoverlap_v3,True
aa059172-1850-4afe-8809-2fe79603286a_seg_0,aa059172-1850-4afe-8809-2fe79603286a,train,3,dry,0,gold_expert,9.84,0.8400242328643799,2,2,False,top15_margin6_smooth30_gap500_min80_win1500,energy_hysteresis_bounded_merge_nonoverlap_v3,True
ab5f623d-dda2-4a26-ae6e-33e517e145a5_seg_0,ab5f623d-dda2-4a26-ae6e-33e517e145a5,train,3,dry,0,weak_expert,9.96,1.0188541412353516,4,4,False,top15_margin6_smooth30_gap500_min80_win1500,energy_hysteresis_bounded_merge_nonoverlap_v3,True
ac4ea2db-4fff-4a7f-a5fe-3a9ade2f1020_seg_0,ac4ea2db-4fff-4a7f-a5fe-3a9ade2f1020,train,3,dry,0,weak_expert,9.84,0.8725605607032776,2,2,False,top15_margin6_smooth30_gap500_min80_win1500,energy_hysteresis_bounded_merge_nonoverlap_v3,True
ad19a44f-e512-46ec-980a-2eead07d68c1_seg_0,ad19a44f-e512-46ec-980a-2eead07d68c1,train,3,dry,0,weak_expert,6.3,0.9442556500434875,2,2,False,top15_margin6_smooth30_gap500_min80_win1500,energy_hysteresis_bounded_merge_nonoverlap_v3,True
ae0ff134-0218-4d7e-804d-c48f57946de9_seg_0,ae0ff134-0218-4d7e-804d-c48f57946de9,train,3,dry,0,weak_expert,9.187,1.163464069366455,4,4,False,top15_margin6_smooth30_gap500_min80_win1500,energy_hysteresis_bounded_merge_nonoverlap_v3,True
aeded0cd-89ff-43d3-86f2-4ae7bc4fbb56_seg_0,aeded0cd-89ff-43d3-86f2-4ae7bc4fbb56,train,3,dry,0,weak_expert,5.46,0.9704216718673706,3,3,False,top15_margin6_smooth30_gap500_min80_win1500,energy_hysteresis_bounded_merge_nonoverlap_v3,True
b2caeb04-59dd-4f72-9bd1-b3f7e4b93c39_seg_0,b2caeb04-59dd-4f72-9bd1-b3f7e4b93c39,train,3,dry,0,weak_expert,9.72,0.7686447501182556,1,1,False,top15_margin6_smooth30_gap500_min80_win1500,energy_hysteresis_bounded_merge_nonoverlap_v3,True
b2e9cb14-17c6-42ca-8503-5a0a3ff80b3c_seg_0,b2e9cb14-17c6-42ca-8503-5a0a3ff80b3c,train,3,dry,0,weak_expert,4.8,0.8539217710494995,2,2,False,top15_margin6_smooth30_gap500_min80_win1500,energy_hysteresis_bounded_merge_nonoverlap_v3,True
b37a051e-c2b0-4f38-9b12-51652c511d03_seg_0,b37a051e-c2b0-4f38-9b12-51652c511d03,train,3,dry,0,weak_expert,9.9,0.8672673106193542,1,1,False,top15_margin6_smooth30_gap500_min80_win1500,energy_hysteresis_bounded_merge_nonoverlap_v3,True
b38dbe54-b3c1-448e-bf03-92cdf214932d_seg_0,b38dbe54-b3c1-448e-bf03-92cdf214932d,train,3,dry,0,weak_expert,9.84,0.8528441190719604,4,4,False,top15_margin6_smooth30_gap500_min80_win1500,energy_hysteresis_bounded_merge_nonoverlap_v3,True
bc474477-4762-4308-835e-733da92d712e_seg_0,bc474477-4762-4308-835e-733da92d712e,train,3,dry,0,weak_expert,4.26,1.0778934955596924,2,2,False,top15_margin6_smooth30_gap500_min80_win1500,energy_hysteresis_bounded_merge_nonoverlap_v3,True
bcb69f37-df84-485a-af43-4ff8b9de570c_seg_0,bcb69f37-df84-485a-af43-4ff8b9de570c,train,3,dry,0,weak_expert,9.9,0.9633488059043884,2,2,False,top15_margin6_smooth30_gap500_min80_win1500,energy_hysteresis_bounded_merge_nonoverlap_v3,True
be53aed3-5771-4cb6-af3b-1c95dfed2ae5_seg_0,be53aed3-5771-4cb6-af3b-1c95dfed2ae5,train,3,dry,0,weak_expert,9.72,0.9613187313079834,2,2,False,top15_margin6_smooth30_gap500_min80_win1500,energy_hysteresis_bounded_merge_nonoverlap_v3,True
c01b9572-1fbf-463a-9d03-e3857ab5d55a_seg_0,c01b9572-1fbf-463a-9d03-e3857ab5d55a,train,3,dry,0,weak_expert,9.84,0.8143990635871887,3,3,False,top15_margin6_smooth30_gap500_min80_win1500,energy_hysteresis_bounded_merge_nonoverlap_v3,True
c18be4ba-eaa8-487a-9343-2c45af6c60aa_seg_0,c18be4ba-eaa8-487a-9343-2c45af6c60aa,train,3,dry,0,weak_expert,9.96,0.9217221736907959,3,3,False,top15_margin6_smooth30_gap500_min80_win1500,energy_hysteresis_bounded_merge_nonoverlap_v3,True
c2356246-454a-42ac-ae33-967e5feabcb7_seg_0,c2356246-454a-42ac-ae33-967e5feabcb7,train,3,dry,0,weak_expert,9.6,0.08136244118213654,2,2,False,top15_margin6_smooth30_gap500_min80_win1500,energy_hysteresis_bounded_merge_nonoverlap_v3,True
c494d05a-a6fa-462e-9d3e-28e91b82147d_seg_0,c494d05a-a6fa-462e-9d3e-28e91b82147d,train,3,dry,0,weak_expert,9.84,0.9495000839233398,2,2,False,top15_margin6_smooth30_gap500_min80_win1500,energy_hysteresis_bounded_merge_nonoverlap_v3,True
c926f81f-17c8-4446-9c0c-1ea92c76834d_seg_0,c926f81f-17c8-4446-9c0c-1ea92c76834d,train,3,dry,0,weak_expert,6.66,0.8325198888778687,2,2,False,top15_margin6_smooth30_gap500_min80_win1500,energy_hysteresis_bounded_merge_nonoverlap_v3,True
cc0bc8c7-eb1b-4290-8f64-58c4fe25c58e_seg_0,cc0bc8c7-eb1b-4290-8f64-58c4fe25c58e,train,3,dry,0,weak_expert,9.42,0.9031752943992615,2,2,False,top15_margin6_smooth30_gap500_min80_win1500,energy_hysteresis_bounded_merge_nonoverlap_v3,True
cd9de27d-87fa-43e6-a452-8cdaba3eae4c_seg_0,cd9de27d-87fa-43e6-a452-8cdaba3eae4c,train,3,dry,0,weak_expert,3.06,0.8589879274368286,1,1,False,top15_margin6_smooth30_gap500_min80_win1500,energy_hysteresis_bounded_merge_nonoverlap_v3,True
ce047b79-fd52-4ac5-a451-f27d8a368985_seg_0,ce047b79-fd52-4ac5-a451-f27d8a368985,train,3,dry,0,weak_expert,9.84,0.9543365240097046,2,2,False,top15_margin6_smooth30_gap500_min80_win1500,energy_hysteresis_bounded_merge_nonoverlap_v3,True
ce40512b-6a1f-4a2f-9b74-4bcf246d0edb_seg_0,ce40512b-6a1f-4a2f-9b74-4bcf246d0edb,train,3,dry,0,weak_expert,9.84,0.9490702748298645,2,2,False,top15_margin6_smooth30_gap500_min80_win1500,energy_hysteresis_bounded_merge_nonoverlap_v3,True
d0eec145-0080-4dab-b0bb-a22656bb81ed_seg_0,d0eec145-0080-4dab-b0bb-a22656bb81ed,train,3,dry,0,weak_expert,5.64,0.8655379414558411,3,3,False,top15_margin6_smooth30_gap500_min80_win1500,energy_hysteresis_bounded_merge_nonoverlap_v3,True
d1a21158-7a3b-4313-8fc3-0472b257b4c7_seg_0,d1a21158-7a3b-4313-8fc3-0472b257b4c7,train,3,dry,0,weak_expert,9.78,0.9135113954544067,6,6,False,top15_margin6_smooth30_gap500_min80_win1500,energy_hysteresis_bounded_merge_nonoverlap_v3,True
d5e9a1af-2571-40f7-99c7-77cfe71657c5_seg_0,d5e9a1af-2571-40f7-99c7-77cfe71657c5,train,3,dry,0,weak_expert,9.6,0.8883246183395386,1,1,False,top15_margin6_smooth30_gap500_min80_win1500,energy_hysteresis_bounded_merge_nonoverlap_v3,True
d66c93d7-6aac-4876-9252-66d9bf26323f_seg_0,d66c93d7-6aac-4876-9252-66d9bf26323f,train,3,dry,0,weak_expert,4.02,0.426085889339447,1,1,False,top15_margin6_smooth30_gap500_min80_win1500,energy_hysteresis_bounded_merge_nonoverlap_v3,True
d6de71ae-5b92-4a91-a656-bd0d33fa6189_seg_0,d6de71ae-5b92-4a91-a656-bd0d33fa6189,train,3,dry,0,weak_expert,9.9,0.8706862330436707,3,3,False,top15_margin6_smooth30_gap500_min80_win1500,energy_hysteresis_bounded_merge_nonoverlap_v3,True
d6f624cb-757b-441c-bf5f-e22dc914277b_seg_0,d6f624cb-757b-441c-bf5f-e22dc914277b,train,3,dry,0,weak_expert,9.78,0.8802322149276733,4,4,False,top15_margin6_smooth30_gap500_min80_win1500,energy_hysteresis_bounded_merge_nonoverlap_v3,True
d769f90f-8183-4c42-8ea6-cf992ee40a64_seg_0,d769f90f-8183-4c42-8ea6-cf992ee40a64,train,3,dry,0,gold_expert,9.78,1.0048043727874756,2,2,False,top15_margin6_smooth30_gap500_min80_win1500,energy_hysteresis_bounded_merge_nonoverlap_v3,True
d7abd3ca-33d1-498b-9928-41e316047998_seg_0,d7abd3ca-33d1-498b-9928-41e316047998,train,3,dry,0,weak_expert,9.84,1.0155065059661865,3,3,False,top15_margin6_smooth30_gap500_min80_win1500,energy_hysteresis_bounded_merge_nonoverlap_v3,True
d844a814-c17d-4398-b536-9963f6ded940_seg_0,d844a814-c17d-4398-b536-9963f6ded940,train,3,dry,0,weak_expert,5.82,0.7301622629165649,2,2,False,top15_margin6_smooth30_gap500_min80_win1500,energy_hysteresis_bounded_merge_nonoverlap_v3,True
d85118e0-5f00-4ca3-b56b-94a7b7cd01ee_seg_0,d85118e0-5f00-4ca3-b56b-94a7b7cd01ee,train,3,dry,0,weak_expert,9.84,0.9062099456787109,4,4,False,top15_margin6_smooth30_gap500_min80_win1500,energy_hysteresis_bounded_merge_nonoverlap_v3,True
d8dd429e-db29-4389-96a3-e68e6d8a6b77_seg_0,d8dd429e-db29-4389-96a3-e68e6d8a6b77,train,3,dry,0,weak_expert,4.86,0.7607683539390564,3,3,False,top15_margin6_smooth30_gap500_min80_win1500,energy_hysteresis_bounded_merge_nonoverlap_v3,True
d93b74aa-faed-4737-9d5e-540e0fbdb961_seg_0,d93b74aa-faed-4737-9d5e-540e0fbdb961,train,3,dry,0,weak_expert,4.14,0.8969689607620239,2,2,False,top15_margin6_smooth30_gap500_min80_win1500,energy_hysteresis_bounded_merge_nonoverlap_v3,True
dc12b624-aeea-47d3-988e-d875a14bdc34_seg_0,dc12b624-aeea-47d3-988e-d875a14bdc34,train,3,dry,0,weak_expert,9.9,0.8421087265014648,3,3,False,top15_margin6_smooth30_gap500_min80_win1500,energy_hysteresis_bounded_merge_nonoverlap_v3,True
dc52c21c-6602-44ef-b982-9771f4fb76c1_seg_0,dc52c21c-6602-44ef-b982-9771f4fb76c1,train,3,dry,0,weak_expert,9.9,0.8765365481376648,2,2,False,top15_margin6_smooth30_gap500_min80_win1500,energy_hysteresis_bounded_merge_nonoverlap_v3,True
dcb7cded-c3bf-4835-9f1f-efac118a40c1_seg_0,dcb7cded-c3bf-4835-9f1f-efac118a40c1,train,3,dry,0,weak_expert,5.34,0.9884505271911621,2,2,False,top15_margin6_smooth30_gap500_min80_win1500,energy_hysteresis_bounded_merge_nonoverlap_v3,True
dcd085b9-d8d4-4c6f-8082-0214e523cdba_seg_0,dcd085b9-d8d4-4c6f-8082-0214e523cdba,train,3,dry,0,weak_expert,4.32,0.764254093170166,1,1,False,top15_margin6_smooth30_gap500_min80_win1500,energy_hysteresis_bounded_merge_nonoverlap_v3,True
dd774ccf-3980-4eda-90d9-aa2fa57bde32_seg_0,dd774ccf-3980-4eda-90d9-aa2fa57bde32,train,3,dry,0,weak_expert,3.42,0.7136062979698181,2,2,False,top15_margin6_smooth30_gap500_min80_win1500,energy_hysteresis_bounded_merge_nonoverlap_v3,True
deaddfa6-ac89-461c-ab08-c531e2a296cd_seg_0,deaddfa6-ac89-461c-ab08-c531e2a296cd,train,3,dry,0,weak_expert,9.84,0.7478759288787842,3,3,False,top15_margin6_smooth30_gap500_min80_win1500,energy_hysteresis_bounded_merge_nonoverlap_v3,True
e024dc48-fbdd-4845-ac13-cbe67c60446a_seg_0,e024dc48-fbdd-4845-ac13-cbe67c60446a,train,3,dry,0,weak_expert,3.78,0.8286490440368652,1,1,False,top15_margin6_smooth30_gap500_min80_win1500,energy_hysteresis_bounded_merge_nonoverlap_v3,True
e36c0dda-a5cb-4398-ae8f-235320a729e4_seg_0,e36c0dda-a5cb-4398-ae8f-235320a729e4,train,3,dry,0,weak_expert,5.34,0.7616698741912842,1,1,False,top15_margin6_smooth30_gap500_min80_win1500,energy_hysteresis_bounded_merge_nonoverlap_v3,True
e4714f0e-c191-42dc-9928-78da49129e16_seg_0,e4714f0e-c191-42dc-9928-78da49129e16,train,3,dry,0,weak_expert,7.44,0.807671308517456,2,2,False,top15_margin6_smooth30_gap500_min80_win1500,energy_hysteresis_bounded_merge_nonoverlap_v3,True
e4996edb-842c-4bda-b5f4-ffb6ec8cc8fe_seg_0,e4996edb-842c-4bda-b5f4-ffb6ec8cc8fe,train,3,dry,0,weak_expert,7.38,0.6565824747085571,3,3,False,top15_margin6_smooth30_gap500_min80_win1500,energy_hysteresis_bounded_merge_nonoverlap_v3,True
e4ec845a-b80b-409b-afa0-81abc3ae3dc7_seg_0,e4ec845a-b80b-409b-afa0-81abc3ae3dc7,train,3,dry,0,weak_expert,6.84,0.9049472212791443,2,2,False,top15_margin6_smooth30_gap500_min80_win1500,energy_hysteresis_bounded_merge_nonoverlap_v3,True
e539d599-6d07-4174-9f29-a562ced58b68_seg_0,e539d599-6d07-4174-9f29-a562ced58b68,train,3,dry,0,weak_expert,9.96,0.6504321098327637,2,2,False,top15_margin6_smooth30_gap500_min80_win1500,energy_hysteresis_bounded_merge_nonoverlap_v3,True
e659824f-fb7b-4b6b-86da-5c629e1ce0fd_seg_0,e659824f-fb7b-4b6b-86da-5c629e1ce0fd,train,3,dry,0,weak_expert,9.78,0.8635942935943604,5,5,False,top15_margin6_smooth30_gap500_min80_win1500,energy_hysteresis_bounded_merge_nonoverlap_v3,True
e7b94eb1-f37d-4bfe-bc67-e8e13a8870f6_seg_0,e7b94eb1-f37d-4bfe-bc67-e8e13a8870f6,train,3,dry,0,weak_expert,9.96,1.1011511087417603,1,1,False,top15_margin6_smooth30_gap500_min80_win1500,energy_hysteresis_bounded_merge_nonoverlap_v3,True
e88932d8-8869-4fa2-b4a5-1d4a3ddce94d_seg_0,e88932d8-8869-4fa2-b4a5-1d4a3ddce94d,train,3,dry,0,weak_expert,9.78,0.9906538724899292,5,5,False,top15_margin6_smooth30_gap500_min80_win1500,energy_hysteresis_bounded_merge_nonoverlap_v3,True
e8a4c9ee-66e8-473c-9f1b-40918a92a928_seg_0,e8a4c9ee-66e8-473c-9f1b-40918a92a928,train,3,dry,0,weak_expert,4.56,0.7674950957298279,1,1,False,top15_margin6_smooth30_gap500_min80_win1500,energy_hysteresis_bounded_merge_nonoverlap_v3,True
e9708094-2ece-478f-9dc4-ab951c42034b_seg_0,e9708094-2ece-478f-9dc4-ab951c42034b,train,3,dry,0,weak_expert,9.96,0.8557144999504089,5,5,False,top15_margin6_smooth30_gap500_min80_win1500,energy_hysteresis_bounded_merge_nonoverlap_v3,True
ea15c9f5-e77d-4b3f-803d-443a69d63eed_seg_0,ea15c9f5-e77d-4b3f-803d-443a69d63eed,train,3,dry,0,weak_expert,9.78,0.8821182250976562,3,3,False,top15_margin6_smooth30_gap500_min80_win1500,energy_hysteresis_bounded_merge_nonoverlap_v3,True
ea3848e3-886a-428a-a918-4d01f32e38d8_seg_0,ea3848e3-886a-428a-a918-4d01f32e38d8,train,3,dry,0,weak_expert,9.9,0.8392925262451172,4,4,False,top15_margin6_smooth30_gap500_min80_win1500,energy_hysteresis_bounded_merge_nonoverlap_v3,True
ea8b1411-bcc8-47f3-8ba7-9b3585b83319_seg_0,ea8b1411-bcc8-47f3-8ba7-9b3585b83319,train,3,dry,0,weak_expert,9.66,0.793201208114624,3,3,False,top15_margin6_smooth30_gap500_min80_win1500,energy_hysteresis_bounded_merge_nonoverlap_v3,True
ea975f7b-e57a-4e47-9133-ec421fb193c5_seg_0,ea975f7b-e57a-4e47-9133-ec421fb193c5,train,3,dry,0,weak_expert,3.6,1.0469191074371338,1,1,False,top15_margin6_smooth30_gap500_min80_win1500,energy_hysteresis_bounded_merge_nonoverlap_v3,True
ecb53985-efae-451c-9bf5-3e10f6b61e41_seg_0,ecb53985-efae-451c-9bf5-3e10f6b61e41,train,3,dry,0,weak_expert,9.78,0.5375192165374756,4,4,False,top15_margin6_smooth30_gap500_min80_win1500,energy_hysteresis_bounded_merge_nonoverlap_v3,True
eceaa3a9-f850-4ba9-82ee-1bcd2575b99c_seg_0,eceaa3a9-f850-4ba9-82ee-1bcd2575b99c,train,3,dry,0,gold_expert,4.74,0.8777666091918945,3,3,False,top15_margin6_smooth30_gap500_min80_win1500,energy_hysteresis_bounded_merge_nonoverlap_v3,True
ed7daba8-a8bc-473f-b159-55d16ea59eb1_seg_0,ed7daba8-a8bc-473f-b159-55d16ea59eb1,train,3,dry,0,weak_expert,8.1,0.9317620992660522,4,4,False,top15_margin6_smooth30_gap500_min80_win1500,energy_hysteresis_bounded_merge_nonoverlap_v3,True
ee899936-5701-4a8f-a3ab-f3292554a148_seg_0,ee899936-5701-4a8f-a3ab-f3292554a148,train,3,dry,0,weak_expert,9.84,0.8469886183738708,5,5,False,top15_margin6_smooth30_gap500_min80_win1500,energy_hysteresis_bounded_merge_nonoverlap_v3,True
efdc1fe6-2c52-438e-8943-aaf97a387cae_seg_0,efdc1fe6-2c52-438e-8943-aaf97a387cae,train,3,dry,0,weak_expert,3.78,0.7727320194244385,1,1,False,top15_margin6_smooth30_gap500_min80_win1500,energy_hysteresis_bounded_merge_nonoverlap_v3,True
f09f7e2a-f173-4423-92a6-dea210147179_seg_0,f09f7e2a-f173-4423-92a6-dea210147179,train,3,dry,0,weak_expert,6.6,0.5908495187759399,2,2,False,top15_margin6_smooth30_gap500_min80_win1500,energy_hysteresis_bounded_merge_nonoverlap_v3,True
f0bc6079-5c16-4c95-91be-ddffc7bb37b0_seg_0,f0bc6079-5c16-4c95-91be-ddffc7bb37b0,train,3,dry,0,weak_expert,9.78,0.8304726481437683,5,5,False,top15_margin6_smooth30_gap500_min80_win1500,energy_hysteresis_bounded_merge_nonoverlap_v3,True
f1b271ee-6902-4cff-b260-cfdf9bc3fa1f_seg_0,f1b271ee-6902-4cff-b260-cfdf9bc3fa1f,train,3,dry,0,weak_expert,9.78,0.6364014148712158,2,2,False,top15_margin6_smooth30_gap500_min80_win1500,energy_hysteresis_bounded_merge_nonoverlap_v3,True
f1e02616-7b84-4e35-8d7f-1961b27c1c7a_seg_0,f1e02616-7b84-4e35-8d7f-1961b27c1c7a,train,3,dry,0,weak_expert,9.78,0.9924930334091187,5,5,False,top15_margin6_smooth30_gap500_min80_win1500,energy_hysteresis_bounded_merge_nonoverlap_v3,True
f23fac18-75a0-45fb-8099-a789d9597776_seg_0,f23fac18-75a0-45fb-8099-a789d9597776,train,3,dry,0,weak_expert,5.16,0.9023754596710205,2,2,False,top15_margin6_smooth30_gap500_min80_win1500,energy_hysteresis_bounded_merge_nonoverlap_v3,True
f2574f9d-beae-4a85-ad18-289a400e1b6a_seg_0,f2574f9d-beae-4a85-ad18-289a400e1b6a,train,3,dry,0,weak_expert,9.6,0.8942071199417114,9,9,False,top15_margin6_smooth30_gap500_min80_win1500,energy_hysteresis_bounded_merge_nonoverlap_v3,True
f2b8d4c0-b7ba-49a6-8e91-9f20be33520a_seg_0,f2b8d4c0-b7ba-49a6-8e91-9f20be33520a,train,3,dry,0,weak_expert,9.99675,0.9944033622741699,5,5,False,top15_margin6_smooth30_gap500_min80_win1500,energy_hysteresis_bounded_merge_nonoverlap_v3,True
f45082d4-f205-483f-8d0b-427470db2ffc_seg_0,f45082d4-f205-483f-8d0b-427470db2ffc,train,3,dry,0,weak_expert,9.72,0.8897411823272705,2,2,False,top15_margin6_smooth30_gap500_min80_win1500,energy_hysteresis_bounded_merge_nonoverlap_v3,True
f4d06640-6eaf-40e8-a96e-3ffd924cd7ef_seg_0,f4d06640-6eaf-40e8-a96e-3ffd924cd7ef,train,3,dry,0,weak_expert,9.78,0.6146554350852966,5,5,False,top15_margin6_smooth30_gap500_min80_win1500,energy_hysteresis_bounded_merge_nonoverlap_v3,True
f5a36e3a-28f9-461d-970e-c95ff38f4740_seg_0,f5a36e3a-28f9-461d-970e-c95ff38f4740,train,3,dry,0,weak_expert,9.48,0.8822258710861206,1,1,False,top15_margin6_smooth30_gap500_min80_win1500,energy_hysteresis_bounded_merge_nonoverlap_v3,True
f5e3c403-1588-49ad-8984-47f123f941f8_seg_0,f5e3c403-1588-49ad-8984-47f123f941f8,train,3,dry,0,weak_expert,9.84,0.7042630910873413,3,3,False,top15_margin6_smooth30_gap500_min80_win1500,energy_hysteresis_bounded_merge_nonoverlap_v3,True
f5e8d8ec-e234-4117-a4ab-2f7dba0066ef_seg_0,f5e8d8ec-e234-4117-a4ab-2f7dba0066ef,train,3,dry,0,gold_expert,9.96,0.9227062463760376,2,2,False,top15_margin6_smooth30_gap500_min80_win1500,energy_hysteresis_bounded_merge_nonoverlap_v3,True
f7a10fb3-b805-4ed0-8a93-9b0851efe78e_seg_0,f7a10fb3-b805-4ed0-8a93-9b0851efe78e,train,3,dry,0,weak_expert,9.54,0.9866507649421692,4,4,False,top15_margin6_smooth30_gap500_min80_win1500,energy_hysteresis_bounded_merge_nonoverlap_v3,True
f7be812e-ffcb-421f-8cef-bb39702ea909_seg_0,f7be812e-ffcb-421f-8cef-bb39702ea909,train,3,dry,0,weak_expert,9.9,1.0046226978302002,5,5,False,top15_margin6_smooth30_gap500_min80_win1500,energy_hysteresis_bounded_merge_nonoverlap_v3,True
f8ca1e1d-4660-4739-ae76-cf0b10de2540_seg_0,f8ca1e1d-4660-4739-ae76-cf0b10de2540,train,3,dry,0,weak_expert,6.18,1.004927396774292,1,1,False,top15_margin6_smooth30_gap500_min80_win1500,energy_hysteresis_bounded_merge_nonoverlap_v3,True
f8d8b216-d17d-40ce-8de6-6a889adcf016_seg_0,f8d8b216-d17d-40ce-8de6-6a889adcf016,train,3,dry,0,weak_expert,9.96,0.8804991245269775,3,3,False,top15_margin6_smooth30_gap500_min80_win1500,energy_hysteresis_bounded_merge_nonoverlap_v3,True
fd7d172d-4106-427a-870b-0384c88f147f_seg_0,fd7d172d-4106-427a-870b-0384c88f147f,train,3,dry,0,gold_expert,3.3,0.9929729700088501,1,1,False,top15_margin6_smooth30_gap500_min80_win1500,energy_hysteresis_bounded_merge_nonoverlap_v3,True
feecacb2-52ce-4454-9dcf-267ea138fa63_seg_0,feecacb2-52ce-4454-9dcf-267ea138fa63,train,3,dry,0,weak_expert,9.54,0.9783809185028076,1,1,False,top15_margin6_smooth30_gap500_min80_win1500,energy_hysteresis_bounded_merge_nonoverlap_v3,True
ff1234d7-7837-4ba7-842f-99fdc916baa9_seg_0,ff1234d7-7837-4ba7-842f-99fdc916baa9,train,3,dry,0,gold_expert,9.84,0.7268450856208801,2,2,False,top15_margin6_smooth30_gap500_min80_win1500,energy_hysteresis_bounded_merge_nonoverlap_v3,True
ff5f97db-9b64-4e35-afe8-af463d5c2c60_seg_0,ff5f97db-9b64-4e35-afe8-af463d5c2c60,train,3,dry,0,weak_expert,9.78,0.8288521766662598,3,3,False,top15_margin6_smooth30_gap500_min80_win1500,energy_hysteresis_bounded_merge_nonoverlap_v3,True
ff8bfcc9-3df2-4752-8280-63f023fba31c_seg_0,ff8bfcc9-3df2-4752-8280-63f023fba31c,train,3,dry,0,weak_expert,3.36,0.8093731999397278,1,1,False,top15_margin6_smooth30_gap500_min80_win1500,energy_hysteresis_bounded_merge_nonoverlap_v3,True
01bf156f-a8ff-48f6-9335-8a1f5bb4c1b7_seg_0,01bf156f-a8ff-48f6-9335-8a1f5bb4c1b7,train,3,wet,1,weak_expert,9.78,0.8723461031913757,3,3,False,top15_margin6_smooth30_gap500_min80_win1500,energy_hysteresis_bounded_merge_nonoverlap_v3,True
031fd54a-87b5-4223-9af6-60985127fb7a_seg_0,031fd54a-87b5-4223-9af6-60985127fb7a,train,3,wet,1,weak_expert,5.1,0.9282394647598267,2,2,False,top15_margin6_smooth30_gap500_min80_win1500,energy_hysteresis_bounded_merge_nonoverlap_v3,True
03d30b8b-03f8-4089-bda8-0e14deec7d82_seg_0,03d30b8b-03f8-4089-bda8-0e14deec7d82,train,3,wet,1,weak_expert,9.78,0.9928815364837646,2,2,False,top15_margin6_smooth30_gap500_min80_win1500,energy_hysteresis_bounded_merge_nonoverlap_v3,True
0569d979-384b-4a30-b0ca-2b19e8c8650b_seg_0,0569d979-384b-4a30-b0ca-2b19e8c8650b,train,3,wet,1,weak_expert,6.96,0.7953788042068481,3,3,False,top15_margin6_smooth30_gap500_min80_win1500,energy_hysteresis_bounded_merge_nonoverlap_v3,True
092d10af-b848-473c-8dfd-19376b7c587a_seg_0,092d10af-b848-473c-8dfd-19376b7c587a,train,3,wet,1,weak_expert,8.76,0.9300733208656311,3,3,False,top15_margin6_smooth30_gap500_min80_win1500,energy_hysteresis_bounded_merge_nonoverlap_v3,True
0abc55f4-83bb-4284-87d2-65044bf06200_seg_0,0abc55f4-83bb-4284-87d2-65044bf06200,train,3,wet,1,weak_expert,9.84,0.9437882304191589,1,1,False,top15_margin6_smooth30_gap500_min80_win1500,energy_hysteresis_bounded_merge_nonoverlap_v3,True
0b03673a-28db-4e1c-aeb0-4fec88d977a1_seg_0,0b03673a-28db-4e1c-aeb0-4fec88d977a1,train,3,wet,1,weak_expert,9.84,0.9233465194702148,3,3,False,top15_margin6_smooth30_gap500_min80_win1500,energy_hysteresis_bounded_merge_nonoverlap_v3,True
0cb72725-4166-475d-99a2-5e4e269c1eea_seg_0,0cb72725-4166-475d-99a2-5e4e269c1eea,train,3,wet,1,weak_expert,3.6,0.8732390403747559,1,1,False,top15_margin6_smooth30_gap500_min80_win1500,energy_hysteresis_bounded_merge_nonoverlap_v3,True
0e2f8fe3-12aa-464f-a4cc-312efa425b98_seg_0,0e2f8fe3-12aa-464f-a4cc-312efa425b98,train,3,wet,1,weak_expert,9.6,0.9860167503356934,5,5,False,top15_margin6_smooth30_gap500_min80_win1500,energy_hysteresis_bounded_merge_nonoverlap_v3,True
198c88cb-8f41-4a79-9c4b-be606361e80b_seg_0,198c88cb-8f41-4a79-9c4b-be606361e80b,train,3,wet,1,weak_expert,9.78,0.8270865678787231,2,2,False,top15_margin6_smooth30_gap500_min80_win1500,energy_hysteresis_bounded_merge_nonoverlap_v3,True
2143ebda-26f8-4cf7-9d99-471f11c3c584_seg_0,2143ebda-26f8-4cf7-9d99-471f11c3c584,train,3,wet,1,weak_expert,3.96,0.786273181438446,1,1,False,top15_margin6_smooth30_gap500_min80_win1500,energy_hysteresis_bounded_merge_nonoverlap_v3,True
22fd67e4-0911-45f9-8625-1fe8ba4323cf_seg_0,22fd67e4-0911-45f9-8625-1fe8ba4323cf,train,3,wet,1,weak_expert,7.44,1.0106781721115112,3,3,False,top15_margin6_smooth30_gap500_min80_win1500,energy_hysteresis_bounded_merge_nonoverlap_v3,True
2aa8f538-07ca-41f3-b20a-8d9e5ef24cfe_seg_0,2aa8f538-07ca-41f3-b20a-8d9e5ef24cfe,train,3,wet,1,weak_expert,9.9,0.8278524875640869,2,2,False,top15_margin6_smooth30_gap500_min80_win1500,energy_hysteresis_bounded_merge_nonoverlap_v3,True
2cc30bb4-6e0f-4cb5-a7a5-f7fa03c203ba_seg_0,2cc30bb4-6e0f-4cb5-a7a5-f7fa03c203ba,train,3,wet,1,weak_expert,9.9,0.812860906124115,1,1,False,top15_margin6_smooth30_gap500_min80_win1500,energy_hysteresis_bounded_merge_nonoverlap_v3,True
2e9f905a-697c-48db-883e-7e905873172f_seg_0,2e9f905a-697c-48db-883e-7e905873172f,train,3,wet,1,weak_expert,9.36,0.7439907789230347,2,2,False,top15_margin6_smooth30_gap500_min80_win1500,energy_hysteresis_bounded_merge_nonoverlap_v3,True
34bcd0cb-bbfb-4947-84c9-79a07c28a7c1_seg_0,34bcd0cb-bbfb-4947-84c9-79a07c28a7c1,train,3,wet,1,weak_expert,9.78,0.7637646198272705,3,3,False,top15_margin6_smooth30_gap500_min80_win1500,energy_hysteresis_bounded_merge_nonoverlap_v3,True
372846d2-d0b1-435b-bd1c-2580506dc502_seg_0,372846d2-d0b1-435b-bd1c-2580506dc502,train,3,wet,1,weak_expert,7.38,1.0583685636520386,2,2,False,top15_margin6_smooth30_gap500_min80_win1500,energy_hysteresis_bounded_merge_nonoverlap_v3,True
376bc849-fcad-41ed-b28e-b4aa128eb1d9_seg_0,376bc849-fcad-41ed-b28e-b4aa128eb1d9,train,3,wet,1,weak_expert,8.16,0.9851964712142944,5,5,False,top15_margin6_smooth30_gap500_min80_win1500,energy_hysteresis_bounded_merge_nonoverlap_v3,True
3951f2b6-88a3-4419-a191-774fb50b918f_seg_0,3951f2b6-88a3-4419-a191-774fb50b918f,train,3,wet,1,weak_expert,9.6,0.7891346216201782,4,4,False,top15_margin6_smooth30_gap500_min80_win1500,energy_hysteresis_bounded_merge_nonoverlap_v3,True
3ad61f08-80f1-4576-ae32-f383e46dbe53_seg_0,3ad61f08-80f1-4576-ae32-f383e46dbe53,train,3,wet,1,weak_expert,9.54,1.0405488014221191,2,2,False,top15_margin6_smooth30_gap500_min80_win1500,energy_hysteresis_bounded_merge_nonoverlap_v3,True
431c4a7e-06d9-4fed-9aca-2de718d66f29_seg_0,431c4a7e-06d9-4fed-9aca-2de718d66f29,train,3,wet,1,weak_expert,9.9,0.8677992820739746,4,4,False,top15_margin6_smooth30_gap500_min80_win1500,energy_hysteresis_bounded_merge_nonoverlap_v3,True
45468c10-083b-4fea-9883-29a552edd30d_seg_0,45468c10-083b-4fea-9883-29a552edd30d,train,3,wet,1,weak_expert,5.4,0.781908392906189,1,1,False,top15_margin6_smooth30_gap500_min80_win1500,energy_hysteresis_bounded_merge_nonoverlap_v3,True
46a06a18-2b08-49b1-8c22-40b5a23089ff_seg_0,46a06a18-2b08-49b1-8c22-40b5a23089ff,train,3,wet,1,weak_expert,8.46,0.7637630701065063,4,4,False,top15_margin6_smooth30_gap500_min80_win1500,energy_hysteresis_bounded_merge_nonoverlap_v3,True
4735aed3-46f9-44c5-91f0-ca772c541fff_seg_0,4735aed3-46f9-44c5-91f0-ca772c541fff,train,3,wet,1,weak_expert,9.9,0.869355320930481,4,4,False,top15_margin6_smooth30_gap500_min80_win1500,energy_hysteresis_bounded_merge_nonoverlap_v3,True
49f6f0db-97dc-4da4-848e-69bd536b5283_seg_0,49f6f0db-97dc-4da4-848e-69bd536b5283,train,3,wet,1,weak_expert,6.18,0.9076567888259888,2,2,False,top15_margin6_smooth30_gap500_min80_win1500,energy_hysteresis_bounded_merge_nonoverlap_v3,True
4e63830d-679b-480c-a420-0540b0689c16_seg_0,4e63830d-679b-480c-a420-0540b0689c16,train,3,wet,1,weak_expert,7.8,0.9060996770858765,5,5,False,top15_margin6_smooth30_gap500_min80_win1500,energy_hysteresis_bounded_merge_nonoverlap_v3,True
5280c666-4f3e-4d7c-a283-19041fc4cb2b_seg_0,5280c666-4f3e-4d7c-a283-19041fc4cb2b,train,3,wet,1,weak_expert,8.76,0.8316798806190491,2,2,False,top15_margin6_smooth30_gap500_min80_win1500,energy_hysteresis_bounded_merge_nonoverlap_v3,True
6990ad8f-0acd-44f1-86e5-adbb0bbfcab0_seg_0,6990ad8f-0acd-44f1-86e5-adbb0bbfcab0,train,3,wet,1,weak_expert,9.9,1.0139316320419312,2,2,False,top15_margin6_smooth30_gap500_min80_win1500,energy_hysteresis_bounded_merge_nonoverlap_v3,True
6ce9c771-2d64-4e26-9fe1-e0950221b59d_seg_0,6ce9c771-2d64-4e26-9fe1-e0950221b59d,train,3,wet,1,weak_expert,5.64,0.7624143362045288,2,2,False,top15_margin6_smooth30_gap500_min80_win1500,energy_hysteresis_bounded_merge_nonoverlap_v3,True
70ea204c-0ac3-494c-a998-ac38df39b2ac_seg_0,70ea204c-0ac3-494c-a998-ac38df39b2ac,train,3,wet,1,weak_expert,8.04,0.9849151968955994,2,2,False,top15_margin6_smooth30_gap500_min80_win1500,energy_hysteresis_bounded_merge_nonoverlap_v3,True
70ea9638-f7e3-4f16-bb97-7d066a0e6cdf_seg_0,70ea9638-f7e3-4f16-bb97-7d066a0e6cdf,train,3,wet,1,weak_expert,9.96,0.9680664539337158,4,4,False,top15_margin6_smooth30_gap500_min80_win1500,energy_hysteresis_bounded_merge_nonoverlap_v3,True
71d4e0e2-99b1-49bc-990f-1f7b4b5de826_seg_0,71d4e0e2-99b1-49bc-990f-1f7b4b5de826,train,3,wet,1,weak_expert,5.7,0.7427326440811157,2,2,False,top15_margin6_smooth30_gap500_min80_win1500,energy_hysteresis_bounded_merge_nonoverlap_v3,True
72eb0edc-42e6-40b5-b788-39d8dae7f353_seg_0,72eb0edc-42e6-40b5-b788-39d8dae7f353,train,3,wet,1,weak_expert,10.0,0.9421107769012451,2,2,False,top15_margin6_smooth30_gap500_min80_win1500,energy_hysteresis_bounded_merge_nonoverlap_v3,True
75be8a70-37fd-42ea-8daf-9ee78d1018a1_seg_0,75be8a70-37fd-42ea-8daf-9ee78d1018a1,train,3,wet,1,weak_expert,9.9,0.8835336565971375,5,5,False,top15_margin6_smooth30_gap500_min80_win1500,energy_hysteresis_bounded_merge_nonoverlap_v3,True
77cd79c9-1154-4da6-b9d4-6befbbc2754e_seg_0,77cd79c9-1154-4da6-b9d4-6befbbc2754e,train,3,wet,1,weak_expert,9.9,0.6620730757713318,3,3,False,top15_margin6_smooth30_gap500_min80_win1500,energy_hysteresis_bounded_merge_nonoverlap_v3,True
7876c549-066a-4ea1-a82e-45772114f964_seg_0,7876c549-066a-4ea1-a82e-45772114f964,train,3,wet,1,gold_expert,5.76,1.004942536354065,2,2,False,top15_margin6_smooth30_gap500_min80_win1500,energy_hysteresis_bounded_merge_nonoverlap_v3,True
799627e0-3cc6-4e23-b0ab-45a0fc2fb606_seg_0,799627e0-3cc6-4e23-b0ab-45a0fc2fb606,train,3,wet,1,weak_expert,9.84,1.0063992738723755,5,5,False,top15_margin6_smooth30_gap500_min80_win1500,energy_hysteresis_bounded_merge_nonoverlap_v3,True
7d1428e9-7241-482b-8dbd-95f43a57c694_seg_0,7d1428e9-7241-482b-8dbd-95f43a57c694,train,3,wet,1,weak_expert,5.04,0.8082682490348816,3,3,False,top15_margin6_smooth30_gap500_min80_win1500,energy_hysteresis_bounded_merge_nonoverlap_v3,True
80a05566-ac42-4c5c-82a5-4e21cb3ed772_seg_0,80a05566-ac42-4c5c-82a5-4e21cb3ed772,train,3,wet,1,weak_expert,9.9,0.9422550201416016,2,2,False,top15_margin6_smooth30_gap500_min80_win1500,energy_hysteresis_bounded_merge_nonoverlap_v3,True
80b89e0e-8ae8-4c2a-9f7d-29f85e539ca3_seg_0,80b89e0e-8ae8-4c2a-9f7d-29f85e539ca3,train,3,wet,1,weak_expert,9.54,0.8393688201904297,1,1,False,top15_margin6_smooth30_gap500_min80_win1500,energy_hysteresis_bounded_merge_nonoverlap_v3,True
8469a131-4174-4d7b-b588-00c9c0f91a28_seg_0,8469a131-4174-4d7b-b588-00c9c0f91a28,train,3,wet,1,weak_expert,9.06,0.8249589800834656,3,3,False,top15_margin6_smooth30_gap500_min80_win1500,energy_hysteresis_bounded_merge_nonoverlap_v3,True
85950027-a5fd-4cd4-ad38-46202aa61172_seg_0,85950027-a5fd-4cd4-ad38-46202aa61172,train,3,wet,1,weak_expert,7.38,0.8557424545288086,2,2,False,top15_margin6_smooth30_gap500_min80_win1500,energy_hysteresis_bounded_merge_nonoverlap_v3,True
85f7130c-2c56-4dff-8ff8-a99527170fec_seg_0,85f7130c-2c56-4dff-8ff8-a99527170fec,train,3,wet,1,weak_expert,9.78,0.9138223528862,2,2,False,top15_margin6_smooth30_gap500_min80_win1500,energy_hysteresis_bounded_merge_nonoverlap_v3,True
87d4e292-7e94-49b4-9e11-c944e3ae63f8_seg_0,87d4e292-7e94-49b4-9e11-c944e3ae63f8,train,3,wet,1,weak_expert,9.78,0.9935531616210938,3,3,False,top15_margin6_smooth30_gap500_min80_win1500,energy_hysteresis_bounded_merge_nonoverlap_v3,True
88498dd4-82ce-4430-9f7d-ca005a7c989e_seg_0,88498dd4-82ce-4430-9f7d-ca005a7c989e,train,3,wet,1,weak_expert,9.72,0.8533554077148438,1,1,False,top15_margin6_smooth30_gap500_min80_win1500,energy_hysteresis_bounded_merge_nonoverlap_v3,True
909f7f8b-d304-4238-83b0-de0e4114d3e2_seg_0,909f7f8b-d304-4238-83b0-de0e4114d3e2,train,3,wet,1,weak_expert,9.78,0.7271791100502014,4,4,False,top15_margin6_smooth30_gap500_min80_win1500,energy_hysteresis_bounded_merge_nonoverlap_v3,True
93833a6e-c67c-4c5f-9570-6f36ac22b9e6_seg_0,93833a6e-c67c-4c5f-9570-6f36ac22b9e6,train,3,wet,1,weak_expert,9.72,0.9208115935325623,5,5,False,top15_margin6_smooth30_gap500_min80_win1500,energy_hysteresis_bounded_merge_nonoverlap_v3,True
956a3b1f-1961-40cf-ad48-fb36090f7331_seg_0,956a3b1f-1961-40cf-ad48-fb36090f7331,train,3,wet,1,weak_expert,9.06,1.0166501998901367,3,3,False,top15_margin6_smooth30_gap500_min80_win1500,energy_hysteresis_bounded_merge_nonoverlap_v3,True
967a1fee-a7df-4644-9693-498626b618cc_seg_0,967a1fee-a7df-4644-9693-498626b618cc,train,3,wet,1,weak_expert,9.84,0.7976313829421997,3,3,False,top15_margin6_smooth30_gap500_min80_win1500,energy_hysteresis_bounded_merge_nonoverlap_v3,True
9a80a95e-6d74-4d45-bfd0-62c3eb40471a_seg_0,9a80a95e-6d74-4d45-bfd0-62c3eb40471a,train,3,wet,1,weak_expert,9.96,0.9068071842193604,3,3,False,top15_margin6_smooth30_gap500_min80_win1500,energy_hysteresis_bounded_merge_nonoverlap_v3,True
9c9d5f33-e8e4-4483-a9ba-992fe633e486_seg_0,9c9d5f33-e8e4-4483-a9ba-992fe633e486,train,3,wet,1,weak_expert,5.04,0.8738542795181274,2,2,False,top15_margin6_smooth30_gap500_min80_win1500,energy_hysteresis_bounded_merge_nonoverlap_v3,True
9ebf6f35-91a8-4c33-84cb-fbeec8f2f557_seg_0,9ebf6f35-91a8-4c33-84cb-fbeec8f2f557,train,3,wet,1,weak_expert,9.78,0.9995388388633728,4,4,False,top15_margin6_smooth30_gap500_min80_win1500,energy_hysteresis_bounded_merge_nonoverlap_v3,True
a22706e7-e1bb-40a9-a95a-2dd1f9fcbadb_seg_0,a22706e7-e1bb-40a9-a95a-2dd1f9fcbadb,train,3,wet,1,weak_expert,9.84,0.8270009756088257,5,5,False,top15_margin6_smooth30_gap500_min80_win1500,energy_hysteresis_bounded_merge_nonoverlap_v3,True
a3e8863e-e604-4d56-8dc5-9d26a198b699_seg_0,a3e8863e-e604-4d56-8dc5-9d26a198b699,train,3,wet,1,weak_expert,3.48,0.8986315727233887,1,1,False,top15_margin6_smooth30_gap500_min80_win1500,energy_hysteresis_bounded_merge_nonoverlap_v3,True
a5025365-abca-4ff4-a335-a692389b7553_seg_0,a5025365-abca-4ff4-a335-a692389b7553,train,3,wet,1,weak_expert,9.9,0.9775106906890869,3,3,False,top15_margin6_smooth30_gap500_min80_win1500,energy_hysteresis_bounded_merge_nonoverlap_v3,True
a521beb8-4e79-4d26-8a6a-7570afc0d8cb_seg_0,a521beb8-4e79-4d26-8a6a-7570afc0d8cb,train,3,wet,1,weak_expert,9.78,0.7701579332351685,2,2,False,top15_margin6_smooth30_gap500_min80_win1500,energy_hysteresis_bounded_merge_nonoverlap_v3,True
a649bd89-6584-41e5-a251-033caa07d08a_seg_0,a649bd89-6584-41e5-a251-033caa07d08a,train,3,wet,1,weak_expert,4.32,1.0752146244049072,1,1,False,top15_margin6_smooth30_gap500_min80_win1500,energy_hysteresis_bounded_merge_nonoverlap_v3,True
ae05888f-fab3-4754-a98c-c3e76c82504d_seg_0,ae05888f-fab3-4754-a98c-c3e76c82504d,train,3,wet,1,weak_expert,6.78,0.9824950695037842,4,4,False,top15_margin6_smooth30_gap500_min80_win1500,energy_hysteresis_bounded_merge_nonoverlap_v3,True
ae7d06f1-2f0e-4fee-a080-76084ab5bb86_seg_0,ae7d06f1-2f0e-4fee-a080-76084ab5bb86,train,3,wet,1,weak_expert,9.84,0.8657170534133911,4,4,False,top15_margin6_smooth30_gap500_min80_win1500,energy_hysteresis_bounded_merge_nonoverlap_v3,True
b54df7b6-c651-40e7-a80d-c0955f1abaa9_seg_0,b54df7b6-c651-40e7-a80d-c0955f1abaa9,train,3,wet,1,weak_expert,9.9,0.6924993991851807,3,3,False,top15_margin6_smooth30_gap500_min80_win1500,energy_hysteresis_bounded_merge_nonoverlap_v3,True
bb825a76-02ce-4a02-a001-7ae1a05d5bb8_seg_0,bb825a76-02ce-4a02-a001-7ae1a05d5bb8,train,3,wet,1,weak_expert,9.54,1.0064527988433838,4,4,False,top15_margin6_smooth30_gap500_min80_win1500,energy_hysteresis_bounded_merge_nonoverlap_v3,True
bc048378-1d7f-44ed-a8a8-e2ce7d0a56ae_seg_0,bc048378-1d7f-44ed-a8a8-e2ce7d0a56ae,train,3,wet,1,weak_expert,4.38,1.015125036239624,2,2,False,top15_margin6_smooth30_gap500_min80_win1500,energy_hysteresis_bounded_merge_nonoverlap_v3,True
bce328d8-acfe-4cc9-bc60-e7934f3e6e5f_seg_0,bce328d8-acfe-4cc9-bc60-e7934f3e6e5f,train,3,wet,1,weak_expert,9.9,0.9396947622299194,1,1,False,top15_margin6_smooth30_gap500_min80_win1500,energy_hysteresis_bounded_merge_nonoverlap_v3,True
bf8e9236-0d63-46ed-9855-38a1074c2121_seg_0,bf8e9236-0d63-46ed-9855-38a1074c2121,train,3,wet,1,weak_expert,9.9,0.9925146102905273,4,4,False,top15_margin6_smooth30_gap500_min80_win1500,energy_hysteresis_bounded_merge_nonoverlap_v3,True
c3174535-aaef-4c26-b0b5-a38996e54763_seg_0,c3174535-aaef-4c26-b0b5-a38996e54763,train,3,wet,1,weak_expert,3.18,0.9448965787887573,2,2,False,top15_margin6_smooth30_gap500_min80_win1500,energy_hysteresis_bounded_merge_nonoverlap_v3,True
cc7421cf-a094-4a17-a4cb-cecdd43b8095_seg_0,cc7421cf-a094-4a17-a4cb-cecdd43b8095,train,3,wet,1,weak_expert,9.78,0.7798274159431458,4,4,False,top15_margin6_smooth30_gap500_min80_win1500,energy_hysteresis_bounded_merge_nonoverlap_v3,True
cf756ffb-9f1f-4579-8f67-d00bf4a2330b_seg_0,cf756ffb-9f1f-4579-8f67-d00bf4a2330b,train,3,wet,1,weak_expert,5.1,0.88113933801651,3,3,False,top15_margin6_smooth30_gap500_min80_win1500,energy_hysteresis_bounded_merge_nonoverlap_v3,True
d0a4cbf7-263d-49f1-978d-8cf767546e3c_seg_0,d0a4cbf7-263d-49f1-978d-8cf767546e3c,train,3,wet,1,weak_expert,9.9,0.8476912975311279,3,3,False,top15_margin6_smooth30_gap500_min80_win1500,energy_hysteresis_bounded_merge_nonoverlap_v3,True
dabd8101-b56b-40cd-84c6-169b7f8c6fbc_seg_0,dabd8101-b56b-40cd-84c6-169b7f8c6fbc,train,3,wet,1,weak_expert,7.14,0.8008091449737549,4,4,False,top15_margin6_smooth30_gap500_min80_win1500,energy_hysteresis_bounded_merge_nonoverlap_v3,True
deec748e-a51e-4a37-a7fb-47df7b035292_seg_0,deec748e-a51e-4a37-a7fb-47df7b035292,train,3,wet,1,weak_expert,5.82,0.9017218351364136,2,2,False,top15_margin6_smooth30_gap500_min80_win1500,energy_hysteresis_bounded_merge_nonoverlap_v3,True
e34e8cb1-f615-4542-849a-d6e6f7e7f6e2_seg_0,e34e8cb1-f615-4542-849a-d6e6f7e7f6e2,train,3,wet,1,weak_expert,9.9,0.7539067268371582,3,3,False,top15_margin6_smooth30_gap500_min80_win1500,energy_hysteresis_bounded_merge_nonoverlap_v3,True
e971aab1-03f6-47c1-b826-ce9004ac7698_seg_0,e971aab1-03f6-47c1-b826-ce9004ac7698,train,3,wet,1,weak_expert,9.9,0.9330638647079468,3,3,False,top15_margin6_smooth30_gap500_min80_win1500,energy_hysteresis_bounded_merge_nonoverlap_v3,True
eb43c33d-b6a1-476a-a135-40b872e8221b_seg_0,eb43c33d-b6a1-476a-a135-40b872e8221b,train,3,wet,1,weak_expert,10.0,0.8824243545532227,2,2,False,top15_margin6_smooth30_gap500_min80_win1500,energy_hysteresis_bounded_merge_nonoverlap_v3,True
fcd7caa2-6034-457c-a8ab-6b838bf60d2b_seg_0,fcd7caa2-6034-457c-a8ab-6b838bf60d2b,train,3,wet,1,weak_expert,9.84,0.9800264835357666,1,1,False,top15_margin6_smooth30_gap500_min80_win1500,energy_hysteresis_bounded_merge_nonoverlap_v3,True
ff201807-134a-4a38-92e3-4eaab9219681_seg_0,ff201807-134a-4a38-92e3-4eaab9219681,train,3,wet,1,weak_expert,9.72,0.9768915772438049,3,3,False,top15_margin6_smooth30_gap500_min80_win1500,energy_hysteresis_bounded_merge_nonoverlap_v3,True
005b8518-03ba-4bf5-86d2-005541442357_seg_0,005b8518-03ba-4bf5-86d2-005541442357,train,4,dry,0,weak_expert,6.48,0.9897698163986206,2,2,False,top15_margin6_smooth30_gap500_min80_win1500,energy_hysteresis_bounded_merge_nonoverlap_v3,True
01208e5c-5338-4f1b-b8c6-41c049e40d90_seg_0,01208e5c-5338-4f1b-b8c6-41c049e40d90,train,4,dry,0,weak_expert,9.96,1.003894329071045,3,3,False,top15_margin6_smooth30_gap500_min80_win1500,energy_hysteresis_bounded_merge_nonoverlap_v3,True
01ff40e8-63e6-4570-a463-9778ea30cad7_seg_0,01ff40e8-63e6-4570-a463-9778ea30cad7,train,4,dry,0,gold_expert,9.54,1.0602859258651733,3,3,False,top15_margin6_smooth30_gap500_min80_win1500,energy_hysteresis_bounded_merge_nonoverlap_v3,True
033da4e3-7365-4adc-9252-7347816e4e77_seg_0,033da4e3-7365-4adc-9252-7347816e4e77,train,4,dry,0,weak_expert,9.96,0.9259216785430908,4,4,False,top15_margin6_smooth30_gap500_min80_win1500,energy_hysteresis_bounded_merge_nonoverlap_v3,True
0512e4fa-684b-4d81-8dda-a38ffd0b67a9_seg_0,0512e4fa-684b-4d81-8dda-a38ffd0b67a9,train,4,dry,0,weak_expert,7.38,0.7805265188217163,1,1,False,top15_margin6_smooth30_gap500_min80_win1500,energy_hysteresis_bounded_merge_nonoverlap_v3,True
06b58ff7-42e9-49d8-8b56-dd82e7b18ace_seg_0,06b58ff7-42e9-49d8-8b56-dd82e7b18ace,train,4,dry,0,weak_expert,9.84,0.7312008738517761,2,2,False,top15_margin6_smooth30_gap500_min80_win1500,energy_hysteresis_bounded_merge_nonoverlap_v3,True
080b6119-f1ab-4337-93dd-aaccf73b4ee1_seg_0,080b6119-f1ab-4337-93dd-aaccf73b4ee1,train,4,dry,0,weak_expert,9.78,0.8516608476638794,2,2,False,top15_margin6_smooth30_gap500_min80_win1500,energy_hysteresis_bounded_merge_nonoverlap_v3,True
0f8fb3e0-1a30-4bd3-982a-24342a0bdc70_seg_0,0f8fb3e0-1a30-4bd3-982a-24342a0bdc70,train,4,dry,0,gold_expert,4.14,0.7773422002792358,1,1,False,top15_margin6_smooth30_gap500_min80_win1500,energy_hysteresis_bounded_merge_nonoverlap_v3,True
1005ef8a-7d26-441e-bf06-8849165038d0_seg_0,1005ef8a-7d26-441e-bf06-8849165038d0,train,4,dry,0,weak_expert,9.84,0.6765973567962646,2,2,False,top15_margin6_smooth30_gap500_min80_win1500,energy_hysteresis_bounded_merge_nonoverlap_v3,True
11f2a916-e3d5-4c8a-a339-d1d3e1c5f4d3_seg_0,11f2a916-e3d5-4c8a-a339-d1d3e1c5f4d3,train,4,dry,0,weak_expert,9.9,0.4287101626396179,1,1,False,top15_margin6_smooth30_gap500_min80_win1500,energy_hysteresis_bounded_merge_nonoverlap_v3,True
134e5ac2-706b-4098-969e-18c24f0f0002_seg_0,134e5ac2-706b-4098-969e-18c24f0f0002,train,4,dry,0,weak_expert,4.2,0.9805762767791748,1,1,False,top15_margin6_smooth30_gap500_min80_win1500,energy_hysteresis_bounded_merge_nonoverlap_v3,True
1351a8e1-f5e5-4a05-a6a9-4bac18393022_seg_0,1351a8e1-f5e5-4a05-a6a9-4bac18393022,train,4,dry,0,weak_expert,9.72,0.7850655317306519,2,2,False,top15_margin6_smooth30_gap500_min80_win1500,energy_hysteresis_bounded_merge_nonoverlap_v3,True
14b9f356-c3dd-456f-9875-5125040d0c83_seg_0,14b9f356-c3dd-456f-9875-5125040d0c83,train,4,dry,0,weak_expert,9.78,0.7337037920951843,2,2,False,top15_margin6_smooth30_gap500_min80_win1500,energy_hysteresis_bounded_merge_nonoverlap_v3,True
150de1d1-3e1c-4319-8575-cc8b89f775f3_seg_0,150de1d1-3e1c-4319-8575-cc8b89f775f3,train,4,dry,0,weak_expert,4.26,0.9743136167526245,2,2,False,top15_margin6_smooth30_gap500_min80_win1500,energy_hysteresis_bounded_merge_nonoverlap_v3,True
17e623e8-7179-4805-889b-83ba37063d21_seg_0,17e623e8-7179-4805-889b-83ba37063d21,train,4,dry,0,weak_expert,9.96,0.9799743890762329,5,5,False,top15_margin6_smooth30_gap500_min80_win1500,energy_hysteresis_bounded_merge_nonoverlap_v3,True
198f3500-da31-4e16-aa93-05e56a62eea2_seg_0,198f3500-da31-4e16-aa93-05e56a62eea2,train,4,dry,0,weak_expert,9.84,0.8696668148040771,3,3,False,top15_margin6_smooth30_gap500_min80_win1500,energy_hysteresis_bounded_merge_nonoverlap_v3,True
1b7a8173-80be-4905-bdaa-b471b228b1ed_seg_0,1b7a8173-80be-4905-bdaa-b471b228b1ed,train,4,dry,0,weak_expert,3.3,0.8520482778549194,2,2,False,top15_margin6_smooth30_gap500_min80_win1500,energy_hysteresis_bounded_merge_nonoverlap_v3,True
1d8101a3-75b0-4ba8-840d-965eb76ab547_seg_0,1d8101a3-75b0-4ba8-840d-965eb76ab547,train,4,dry,0,weak_expert,8.88,0.8718658685684204,2,2,False,top15_margin6_smooth30_gap500_min80_win1500,energy_hysteresis_bounded_merge_nonoverlap_v3,True
1dca9938-00dd-469a-a476-da7d21e90027_seg_0,1dca9938-00dd-469a-a476-da7d21e90027,train,4,dry,0,weak_expert,9.6,0.8125467896461487,1,1,False,top15_margin6_smooth30_gap500_min80_win1500,energy_hysteresis_bounded_merge_nonoverlap_v3,True
1e4a8472-c9f7-4677-a92a-0e1ff412ab5b_seg_0,1e4a8472-c9f7-4677-a92a-0e1ff412ab5b,train,4,dry,0,weak_expert,9.72,0.9832959175109863,5,5,False,top15_margin6_smooth30_gap500_min80_win1500,energy_hysteresis_bounded_merge_nonoverlap_v3,True
1fcd577a-af2b-4352-a735-a1d1a7e7d0b1_seg_0,1fcd577a-af2b-4352-a735-a1d1a7e7d0b1,train,4,dry,0,weak_expert,9.9,1.0099083185195923,2,2,False,top15_margin6_smooth30_gap500_min80_win1500,energy_hysteresis_bounded_merge_nonoverlap_v3,True
22dcfcdd-52a8-4b42-9c50-c0a3696382a9_seg_0,22dcfcdd-52a8-4b42-9c50-c0a3696382a9,train,4,dry,0,weak_expert,5.7,0.7509161829948425,2,2,False,top15_margin6_smooth30_gap500_min80_win1500,energy_hysteresis_bounded_merge_nonoverlap_v3,True
240021ec-048e-431d-9548-11d7c234389e_seg_0,240021ec-048e-431d-9548-11d7c234389e,train,4,dry,0,weak_expert,9.72,0.8595914840698242,1,1,False,top15_margin6_smooth30_gap500_min80_win1500,energy_hysteresis_bounded_merge_nonoverlap_v3,True
2457c496-0a45-4c4c-942f-5598c39c9b89_seg_0,2457c496-0a45-4c4c-942f-5598c39c9b89,train,4,dry,0,weak_expert,9.9,0.9158470034599304,3,3,False,top15_margin6_smooth30_gap500_min80_win1500,energy_hysteresis_bounded_merge_nonoverlap_v3,True
24f20435-bf37-4ba8-b5e3-47c492e8f52b_seg_0,24f20435-bf37-4ba8-b5e3-47c492e8f52b,train,4,dry,0,weak_expert,7.98,0.8690123558044434,2,2,False,top15_margin6_smooth30_gap500_min80_win1500,energy_hysteresis_bounded_merge_nonoverlap_v3,True
259ecdd2-5641-4b33-966d-7cf0b3af87a5_seg_0,259ecdd2-5641-4b33-966d-7cf0b3af87a5,train,4,dry,0,weak_expert,9.96,0.9229860305786133,3,3,False,top15_margin6_smooth30_gap500_min80_win1500,energy_hysteresis_bounded_merge_nonoverlap_v3,True
2716f7c1-a47d-4634-9f97-e2d8c59b3bbf_seg_0,2716f7c1-a47d-4634-9f97-e2d8c59b3bbf,train,4,dry,0,weak_expert,7.62,0.7820348739624023,4,4,False,top15_margin6_smooth30_gap500_min80_win1500,energy_hysteresis_bounded_merge_nonoverlap_v3,True
2a49d183-60b0-4ccf-8147-876cc291670f_seg_0,2a49d183-60b0-4ccf-8147-876cc291670f,train,4,dry,0,weak_expert,3.6,0.789739727973938,1,1,False,top15_margin6_smooth30_gap500_min80_win1500,energy_hysteresis_bounded_merge_nonoverlap_v3,True
2c16ec6e-321d-4d18-82f4-9e5f59e32449_seg_0,2c16ec6e-321d-4d18-82f4-9e5f59e32449,train,4,dry,0,weak_expert,5.64,0.9489246606826782,3,3,False,top15_margin6_smooth30_gap500_min80_win1500,energy_hysteresis_bounded_merge_nonoverlap_v3,True
2c2e3dea-3a4d-47f3-9c14-3058cc44db47_seg_0,2c2e3dea-3a4d-47f3-9c14-3058cc44db47,train,4,dry,0,weak_expert,9.78,0.8934327363967896,2,2,False,top15_margin6_smooth30_gap500_min80_win1500,energy_hysteresis_bounded_merge_nonoverlap_v3,True
2cba06c6-a2af-4307-b53b-cdde40ee9492_seg_0,2cba06c6-a2af-4307-b53b-cdde40ee9492,train,4,dry,0,weak_expert,5.94,1.1173467636108398,2,2,False,top15_margin6_smooth30_gap500_min80_win1500,energy_hysteresis_bounded_merge_nonoverlap_v3,True
2d9cb119-d985-4dc8-8b8e-8f0ac488f2ad_seg_0,2d9cb119-d985-4dc8-8b8e-8f0ac488f2ad,train,4,dry,0,weak_expert,8.04,0.8536784648895264,1,1,False,top15_margin6_smooth30_gap500_min80_win1500,energy_hysteresis_bounded_merge_nonoverlap_v3,True
2daf940f-6253-4edb-b801-f3db88255d22_seg_0,2daf940f-6253-4edb-b801-f3db88255d22,train,4,dry,0,weak_expert,2.52,1.0569442510604858,1,1,False,top15_margin6_smooth30_gap500_min80_win1500,energy_hysteresis_bounded_merge_nonoverlap_v3,True
3050a1e2-d70b-4f86-9e57-f33220b8f990_seg_0,3050a1e2-d70b-4f86-9e57-f33220b8f990,train,4,dry,0,weak_expert,6.48,0.8288168907165527,2,2,False,top15_margin6_smooth30_gap500_min80_win1500,energy_hysteresis_bounded_merge_nonoverlap_v3,True
30b9a320-705b-452a-9ff9-daa6f5639085_seg_0,30b9a320-705b-452a-9ff9-daa6f5639085,train,4,dry,0,weak_expert,5.28,0.7883315086364746,1,1,False,top15_margin6_smooth30_gap500_min80_win1500,energy_hysteresis_bounded_merge_nonoverlap_v3,True
318642a7-90a0-484e-b40c-30286ae88037_seg_0,318642a7-90a0-484e-b40c-30286ae88037,train,4,dry,0,weak_expert,4.74,1.0483818054199219,2,2,False,top15_margin6_smooth30_gap500_min80_win1500,energy_hysteresis_bounded_merge_nonoverlap_v3,True
31874a9d-4405-40c4-b088-b0b16fa94690_seg_0,31874a9d-4405-40c4-b088-b0b16fa94690,train,4,dry,0,weak_expert,3.96,0.8117847442626953,1,1,False,top15_margin6_smooth30_gap500_min80_win1500,energy_hysteresis_bounded_merge_nonoverlap_v3,True
33b688eb-cae8-40cb-9d71-694f5d2f417f_seg_0,33b688eb-cae8-40cb-9d71-694f5d2f417f,train,4,dry,0,weak_expert,4.98,0.14364568889141083,2,2,False,top15_margin6_smooth30_gap500_min80_win1500,energy_hysteresis_bounded_merge_nonoverlap_v3,True
35a40835-dc69-4e0d-b833-6b58df25c8cc_seg_0,35a40835-dc69-4e0d-b833-6b58df25c8cc,train,4,dry,0,weak_expert,6.3,0.7425116896629333,4,4,False,top15_margin6_smooth30_gap500_min80_win1500,energy_hysteresis_bounded_merge_nonoverlap_v3,True
36d1c7ee-0e4f-4d25-8e0c-e38bd76143eb_seg_0,36d1c7ee-0e4f-4d25-8e0c-e38bd76143eb,train,4,dry,0,weak_expert,9.96,0.8550442457199097,2,2,False,top15_margin6_smooth30_gap500_min80_win1500,energy_hysteresis_bounded_merge_nonoverlap_v3,True
37b27ce5-a134-431d-ae71-8c3c6fe273af_seg_0,37b27ce5-a134-431d-ae71-8c3c6fe273af,train,4,dry,0,weak_expert,9.72,0.9391078948974609,1,1,False,top15_margin6_smooth30_gap500_min80_win1500,energy_hysteresis_bounded_merge_nonoverlap_v3,True
380e3cbd-961d-42ff-9553-e902926e6740_seg_0,380e3cbd-961d-42ff-9553-e902926e6740,train,4,dry,0,weak_expert,8.04,1.0272150039672852,4,4,False,top15_margin6_smooth30_gap500_min80_win1500,energy_hysteresis_bounded_merge_nonoverlap_v3,True
38cd2f39-edad-4c95-a338-c127c6ae3517_seg_0,38cd2f39-edad-4c95-a338-c127c6ae3517,train,4,dry,0,weak_expert,9.72,0.9228615760803223,3,3,False,top15_margin6_smooth30_gap500_min80_win1500,energy_hysteresis_bounded_merge_nonoverlap_v3,True
3987cfec-1d63-4362-9d51-0f98b1fa67fd_seg_0,3987cfec-1d63-4362-9d51-0f98b1fa67fd,train,4,dry,0,weak_expert,9.96,1.0072869062423706,2,2,False,top15_margin6_smooth30_gap500_min80_win1500,energy_hysteresis_bounded_merge_nonoverlap_v3,True
3ac4c15d-fadd-430f-8866-399b9bd19adc_seg_0,3ac4c15d-fadd-430f-8866-399b9bd19adc,train,4,dry,0,weak_expert,9.9,0.7807440757751465,3,3,False,top15_margin6_smooth30_gap500_min80_win1500,energy_hysteresis_bounded_merge_nonoverlap_v3,True
3b1cd361-b8b0-47ae-a02a-d2b0f2d40807_seg_0,3b1cd361-b8b0-47ae-a02a-d2b0f2d40807,train,4,dry,0,weak_expert,9.9,0.9368481636047363,5,5,False,top15_margin6_smooth30_gap500_min80_win1500,energy_hysteresis_bounded_merge_nonoverlap_v3,True
3cbb5093-53f6-45a7-8bbc-ea87c51dc88c_seg_0,3cbb5093-53f6-45a7-8bbc-ea87c51dc88c,train,4,dry,0,weak_expert,4.38,0.6861532330513,2,2,False,top15_margin6_smooth30_gap500_min80_win1500,energy_hysteresis_bounded_merge_nonoverlap_v3,True
3daa3dd0-e920-46a8-bca5-2a7f728998d7_seg_0,3daa3dd0-e920-46a8-bca5-2a7f728998d7,train,4,dry,0,weak_expert,9.96,0.916985034942627,5,5,False,top15_margin6_smooth30_gap500_min80_win1500,energy_hysteresis_bounded_merge_nonoverlap_v3,True
3deed1f8-085b-4531-92f1-c03ec500802a_seg_0,3deed1f8-085b-4531-92f1-c03ec500802a,train,4,dry,0,weak_expert,9.9,0.7666649222373962,1,1,False,top15_margin6_smooth30_gap500_min80_win1500,energy_hysteresis_bounded_merge_nonoverlap_v3,True
3f80b816-c688-478a-a5da-85ed19581b1e_seg_0,3f80b816-c688-478a-a5da-85ed19581b1e,train,4,dry,0,weak_expert,9.84,0.830047607421875,1,1,False,top15_margin6_smooth30_gap500_min80_win1500,energy_hysteresis_bounded_merge_nonoverlap_v3,True
40c8a6bc-b676-4678-8987-1db07f5923c4_seg_0,40c8a6bc-b676-4678-8987-1db07f5923c4,train,4,dry,0,weak_expert,9.42,0.6504695415496826,3,3,False,top15_margin6_smooth30_gap500_min80_win1500,energy_hysteresis_bounded_merge_nonoverlap_v3,True
41b99768-ae1b-4038-b831-d7c7d225f369_seg_0,41b99768-ae1b-4038-b831-d7c7d225f369,train,4,dry,0,weak_expert,2.22,0.815567135810852,1,1,False,top15_margin6_smooth30_gap500_min80_win1500,energy_hysteresis_bounded_merge_nonoverlap_v3,True
421d9f99-9d55-40e6-8d30-0d9891605994_seg_0,421d9f99-9d55-40e6-8d30-0d9891605994,train,4,dry,0,weak_expert,9.96,0.6393868923187256,4,4,False,top15_margin6_smooth30_gap500_min80_win1500,energy_hysteresis_bounded_merge_nonoverlap_v3,True
424f1c61-5421-4da9-b3de-70e2d706867e_seg_0,424f1c61-5421-4da9-b3de-70e2d706867e,train,4,dry,0,weak_expert,9.66,0.8912708759307861,2,2,False,top15_margin6_smooth30_gap500_min80_win1500,energy_hysteresis_bounded_merge_nonoverlap_v3,True
4283550e-8fe9-4495-9b3e-11ab3020d254_seg_0,4283550e-8fe9-4495-9b3e-11ab3020d254,train,4,dry,0,weak_expert,6.42,0.8500856757164001,1,1,False,top15_margin6_smooth30_gap500_min80_win1500,energy_hysteresis_bounded_merge_nonoverlap_v3,True
433a37a6-02c8-4ff3-b71b-67d4c9968919_seg_0,433a37a6-02c8-4ff3-b71b-67d4c9968919,train,4,dry,0,weak_expert,9.72,0.9959640502929688,4,4,False,top15_margin6_smooth30_gap500_min80_win1500,energy_hysteresis_bounded_merge_nonoverlap_v3,True
43d6034a-6751-4023-9ee7-6510dd3e157d_seg_0,43d6034a-6751-4023-9ee7-6510dd3e157d,train,4,dry,0,weak_expert,9.78,0.9030975103378296,3,3,False,top15_margin6_smooth30_gap500_min80_win1500,energy_hysteresis_bounded_merge_nonoverlap_v3,True
43df4f16-fb75-43bb-a866-5231a9243e21_seg_0,43df4f16-fb75-43bb-a866-5231a9243e21,train,4,dry,0,weak_expert,9.9,0.7868542671203613,1,1,False,top15_margin6_smooth30_gap500_min80_win1500,energy_hysteresis_bounded_merge_nonoverlap_v3,True
4493e997-621f-4fa5-8c0d-84d6b245b75a_seg_0,4493e997-621f-4fa5-8c0d-84d6b245b75a,train,4,dry,0,weak_expert,9.9,1.0049265623092651,4,4,False,top15_margin6_smooth30_gap500_min80_win1500,energy_hysteresis_bounded_merge_nonoverlap_v3,True
44c295f9-5176-41ce-a1e2-f94633b9b57b_seg_0,44c295f9-5176-41ce-a1e2-f94633b9b57b,train,4,dry,0,weak_expert,5.7,1.0218281745910645,1,1,False,top15_margin6_smooth30_gap500_min80_win1500,energy_hysteresis_bounded_merge_nonoverlap_v3,True
450dbdc0-e479-43a2-b3d2-8e51b8253649_seg_0,450dbdc0-e479-43a2-b3d2-8e51b8253649,train,4,dry,0,weak_expert,2.64,0.9350219964981079,1,1,False,top15_margin6_smooth30_gap500_min80_win1500,energy_hysteresis_bounded_merge_nonoverlap_v3,True
460a8717-0a50-4e1f-b399-86e27cc31579_seg_0,460a8717-0a50-4e1f-b399-86e27cc31579,train,4,dry,0,weak_expert,9.72,0.9430471658706665,1,1,False,top15_margin6_smooth30_gap500_min80_win1500,energy_hysteresis_bounded_merge_nonoverlap_v3,True
46a647cb-8f90-4020-affb-775bf931e775_seg_0,46a647cb-8f90-4020-affb-775bf931e775,train,4,dry,0,weak_expert,6.6,0.9532740116119385,1,1,False,top15_margin6_smooth30_gap500_min80_win1500,energy_hysteresis_bounded_merge_nonoverlap_v3,True
48b287c0-5c2b-44ef-b469-3808b3b287ea_seg_0,48b287c0-5c2b-44ef-b469-3808b3b287ea,train,4,dry,0,gold_expert,9.72,0.676336407661438,2,2,False,top15_margin6_smooth30_gap500_min80_win1500,energy_hysteresis_bounded_merge_nonoverlap_v3,True
49bc7b95-fbe5-4933-886e-8752b8acf842_seg_0,49bc7b95-fbe5-4933-886e-8752b8acf842,train,4,dry,0,weak_expert,9.54,0.8260260820388794,3,3,False,top15_margin6_smooth30_gap500_min80_win1500,energy_hysteresis_bounded_merge_nonoverlap_v3,True
4c2840ed-fd4b-4a86-b976-5cc040d6ea4e_seg_0,4c2840ed-fd4b-4a86-b976-5cc040d6ea4e,train,4,dry,0,gold_expert,3.3,0.8567098379135132,2,2,False,top15_margin6_smooth30_gap500_min80_win1500,energy_hysteresis_bounded_merge_nonoverlap_v3,True
4ced00fc-ff57-4a83-bc12-fc5876503c6f_seg_0,4ced00fc-ff57-4a83-bc12-fc5876503c6f,train,4,dry,0,weak_expert,9.84,0.8853625059127808,2,2,False,top15_margin6_smooth30_gap500_min80_win1500,energy_hysteresis_bounded_merge_nonoverlap_v3,True
4eec3002-43f3-477b-bd24-bc2ba1fd920e_seg_0,4eec3002-43f3-477b-bd24-bc2ba1fd920e,train,4,dry,0,weak_expert,4.4186875,1.0530030727386475,1,1,False,top15_margin6_smooth30_gap500_min80_win1500,energy_hysteresis_bounded_merge_nonoverlap_v3,True
4fa482c1-e2c7-402f-b383-343c18be4ccd_seg_0,4fa482c1-e2c7-402f-b383-343c18be4ccd,train,4,dry,0,weak_expert,9.84,0.7309169173240662,4,4,False,top15_margin6_smooth30_gap500_min80_win1500,energy_hysteresis_bounded_merge_nonoverlap_v3,True
50e4574d-0fa7-4fa0-977d-394644797b1b_seg_0,50e4574d-0fa7-4fa0-977d-394644797b1b,train,4,dry,0,weak_expert,10.0,0.7796950340270996,5,5,False,top15_margin6_smooth30_gap500_min80_win1500,energy_hysteresis_bounded_merge_nonoverlap_v3,True
51d4bc80-1f02-4ffa-8e2e-1dc3527a0979_seg_0,51d4bc80-1f02-4ffa-8e2e-1dc3527a0979,train,4,dry,0,gold_expert,5.28,1.0045967102050781,2,2,False,top15_margin6_smooth30_gap500_min80_win1500,energy_hysteresis_bounded_merge_nonoverlap_v3,True
56ff4794-4d52-4b89-8e9c-68ab3d8d1a48_seg_0,56ff4794-4d52-4b89-8e9c-68ab3d8d1a48,train,4,dry,0,weak_expert,9.78,0.5400105714797974,1,1,False,top15_margin6_smooth30_gap500_min80_win1500,energy_hysteresis_bounded_merge_nonoverlap_v3,True
583240d0-4e6f-4456-8894-be5a74010add_seg_0,583240d0-4e6f-4456-8894-be5a74010add,train,4,dry,0,weak_expert,9.78,0.9441832900047302,4,4,False,top15_margin6_smooth30_gap500_min80_win1500,energy_hysteresis_bounded_merge_nonoverlap_v3,True
59285a69-a0c0-40fb-92ee-c4a771b292b4_seg_0,59285a69-a0c0-40fb-92ee-c4a771b292b4,train,4,dry,0,weak_expert,9.78,0.7951096296310425,3,3,False,top15_margin6_smooth30_gap500_min80_win1500,energy_hysteresis_bounded_merge_nonoverlap_v3,True
5998a733-5790-4918-adff-cef8e7b12a73_seg_0,5998a733-5790-4918-adff-cef8e7b12a73,train,4,dry,0,weak_expert,9.96,0.7790812253952026,2,2,False,top15_margin6_smooth30_gap500_min80_win1500,energy_hysteresis_bounded_merge_nonoverlap_v3,True
5a0fe430-5054-4fe4-b2da-29824128b3a4_seg_0,5a0fe430-5054-4fe4-b2da-29824128b3a4,train,4,dry,0,weak_expert,8.28,0.8903384208679199,2,2,False,top15_margin6_smooth30_gap500_min80_win1500,energy_hysteresis_bounded_merge_nonoverlap_v3,True
5a229a4b-e0ae-478c-97d5-1963cb0ac690_seg_0,5a229a4b-e0ae-478c-97d5-1963cb0ac690,train,4,dry,0,weak_expert,4.44,0.7840059995651245,2,2,False,top15_margin6_smooth30_gap500_min80_win1500,energy_hysteresis_bounded_merge_nonoverlap_v3,True
5a783d35-fd85-43d7-9ae7-22db4f523269_seg_0,5a783d35-fd85-43d7-9ae7-22db4f523269,train,4,dry,0,weak_expert,2.94,0.8036910891532898,1,1,False,top15_margin6_smooth30_gap500_min80_win1500,energy_hysteresis_bounded_merge_nonoverlap_v3,True
5b0be374-28d0-4a16-b010-0c18a460a7d4_seg_0,5b0be374-28d0-4a16-b010-0c18a460a7d4,train,4,dry,0,weak_expert,9.9,0.9975060224533081,3,3,False,top15_margin6_smooth30_gap500_min80_win1500,energy_hysteresis_bounded_merge_nonoverlap_v3,True
5bbd361a-f7ab-4397-9eec-e76a4758489d_seg_0,5bbd361a-f7ab-4397-9eec-e76a4758489d,train,4,dry,0,weak_expert,9.9,0.8213215470314026,2,2,False,top15_margin6_smooth30_gap500_min80_win1500,energy_hysteresis_bounded_merge_nonoverlap_v3,True
5c3d8573-8193-4501-8a27-d5e2f881c7b4_seg_0,5c3d8573-8193-4501-8a27-d5e2f881c7b4,train,4,dry,0,weak_expert,8.16,0.8428405523300171,2,2,False,top15_margin6_smooth30_gap500_min80_win1500,energy_hysteresis_bounded_merge_nonoverlap_v3,True
5d4cb7a7-b4e4-4eed-828d-e5c46829da09_seg_0,5d4cb7a7-b4e4-4eed-828d-e5c46829da09,train,4,dry,0,weak_expert,6.84,0.9532973766326904,2,2,False,top15_margin6_smooth30_gap500_min80_win1500,energy_hysteresis_bounded_merge_nonoverlap_v3,True
5d5c5271-5a75-49ed-99fb-dc62d85071ff_seg_0,5d5c5271-5a75-49ed-99fb-dc62d85071ff,train,4,dry,0,weak_expert,9.9,0.9295307993888855,8,8,False,top15_margin6_smooth30_gap500_min80_win1500,energy_hysteresis_bounded_merge_nonoverlap_v3,True
5d7f356e-f0bf-4cee-896d-9341e81ddaaf_seg_0,5d7f356e-f0bf-4cee-896d-9341e81ddaaf,train,4,dry,0,weak_expert,9.78,0.811296820640564,4,4,False,top15_margin6_smooth30_gap500_min80_win1500,energy_hysteresis_bounded_merge_nonoverlap_v3,True
5fb358c3-76bc-4adc-93ac-02f367e38739_seg_0,5fb358c3-76bc-4adc-93ac-02f367e38739,train,4,dry,0,weak_expert,9.9,0.834708034992218,2,2,False,top15_margin6_smooth30_gap500_min80_win1500,energy_hysteresis_bounded_merge_nonoverlap_v3,True
617658ed-22f1-4286-9da8-ae3410da15ed_seg_0,617658ed-22f1-4286-9da8-ae3410da15ed,train,4,dry,0,weak_expert,9.84,0.9493609666824341,3,3,False,top15_margin6_smooth30_gap500_min80_win1500,energy_hysteresis_bounded_merge_nonoverlap_v3,True
61924ecf-e529-41de-b3a8-626bc58e044d_seg_0,61924ecf-e529-41de-b3a8-626bc58e044d,train,4,dry,0,weak_expert,7.98,0.8155388832092285,3,3,False,top15_margin6_smooth30_gap500_min80_win1500,energy_hysteresis_bounded_merge_nonoverlap_v3,True
64565fdb-05f4-4ee8-abe3-13b2a6bde887_seg_0,64565fdb-05f4-4ee8-abe3-13b2a6bde887,train,4,dry,0,weak_expert,9.84,0.7608903646469116,1,1,False,top15_margin6_smooth30_gap500_min80_win1500,energy_hysteresis_bounded_merge_nonoverlap_v3,True
64c52b39-ae24-4423-bb47-81772a444bfe_seg_0,64c52b39-ae24-4423-bb47-81772a444bfe,train,4,dry,0,weak_expert,9.06,0.9565044641494751,1,1,False,top15_margin6_smooth30_gap500_min80_win1500,energy_hysteresis_bounded_merge_nonoverlap_v3,True
64ff0a57-3000-465e-b47c-82f326b28368_seg_0,64ff0a57-3000-465e-b47c-82f326b28368,train,4,dry,0,weak_expert,6.42,0.9279770255088806,3,3,False,top15_margin6_smooth30_gap500_min80_win1500,energy_hysteresis_bounded_merge_nonoverlap_v3,True
65f8a73e-9cf4-480f-8f4f-c31e67753ea7_seg_0,65f8a73e-9cf4-480f-8f4f-c31e67753ea7,train,4,dry,0,weak_expert,4.2,0.8851298689842224,3,3,False,top15_margin6_smooth30_gap500_min80_win1500,energy_hysteresis_bounded_merge_nonoverlap_v3,True
664efc01-b7d3-4dfd-a1c8-dbbcba0780ce_seg_0,664efc01-b7d3-4dfd-a1c8-dbbcba0780ce,train,4,dry,0,weak_expert,8.52,0.8173116445541382,4,4,False,top15_margin6_smooth30_gap500_min80_win1500,energy_hysteresis_bounded_merge_nonoverlap_v3,True
671d5452-c6a5-456b-aac5-48ef5278f773_seg_0,671d5452-c6a5-456b-aac5-48ef5278f773,train,4,dry,0,weak_expert,9.96,0.8029512763023376,2,2,False,top15_margin6_smooth30_gap500_min80_win1500,energy_hysteresis_bounded_merge_nonoverlap_v3,True
6864ecfc-c540-4e0d-a9cb-933dd9b77e05_seg_0,6864ecfc-c540-4e0d-a9cb-933dd9b77e05,train,4,dry,0,weak_expert,9.78,0.9804646968841553,2,2,False,top15_margin6_smooth30_gap500_min80_win1500,energy_hysteresis_bounded_merge_nonoverlap_v3,True
69443da8-7868-4020-8eb6-af768b893a21_seg_0,69443da8-7868-4020-8eb6-af768b893a21,train,4,dry,0,weak_expert,3.72,0.9475108981132507,1,1,False,top15_margin6_smooth30_gap500_min80_win1500,energy_hysteresis_bounded_merge_nonoverlap_v3,True
6ae99e6f-623c-45e5-aa98-cf00914f1974_seg_0,6ae99e6f-623c-45e5-aa98-cf00914f1974,train,4,dry,0,weak_expert,6.9,0.8513621687889099,2,2,False,top15_margin6_smooth30_gap500_min80_win1500,energy_hysteresis_bounded_merge_nonoverlap_v3,True
6cbc0d07-c436-48c5-a13f-e1c0e9334550_seg_0,6cbc0d07-c436-48c5-a13f-e1c0e9334550,train,4,dry,0,weak_expert,8.22,0.9065723419189453,2,2,False,top15_margin6_smooth30_gap500_min80_win1500,energy_hysteresis_bounded_merge_nonoverlap_v3,True
6cd0a8d6-8e94-4ff2-8ad6-ed18ae2b207c_seg_0,6cd0a8d6-8e94-4ff2-8ad6-ed18ae2b207c,train,4,dry,0,weak_expert,9.9,1.012872338294983,2,2,False,top15_margin6_smooth30_gap500_min80_win1500,energy_hysteresis_bounded_merge_nonoverlap_v3,True
6ecde34e-2767-47b0-aef3-2828d4b181c7_seg_0,6ecde34e-2767-47b0-aef3-2828d4b181c7,train,4,dry,0,weak_expert,9.78,0.989714503288269,3,3,False,top15_margin6_smooth30_gap500_min80_win1500,energy_hysteresis_bounded_merge_nonoverlap_v3,True
6f2e1f59-6d57-499a-8c26-978d80255271_seg_0,6f2e1f59-6d57-499a-8c26-978d80255271,train,4,dry,0,weak_expert,6.42,0.9781379699707031,3,3,False,top15_margin6_smooth30_gap500_min80_win1500,energy_hysteresis_bounded_merge_nonoverlap_v3,True
6f2e82d2-a307-43d7-b3a9-b50cb1a04d9e_seg_0,6f2e82d2-a307-43d7-b3a9-b50cb1a04d9e,train,4,dry,0,weak_expert,10.0,1.0162291526794434,3,3,False,top15_margin6_smooth30_gap500_min80_win1500,energy_hysteresis_bounded_merge_nonoverlap_v3,True
70049bd1-5f1b-42fe-8d8e-2ebf384cfca3_seg_0,70049bd1-5f1b-42fe-8d8e-2ebf384cfca3,train,4,dry,0,weak_expert,8.7,0.7645946741104126,2,2,False,top15_margin6_smooth30_gap500_min80_win1500,energy_hysteresis_bounded_merge_nonoverlap_v3,True
71b26116-62cd-46ca-89a4-0642e0f2bc52_seg_0,71b26116-62cd-46ca-89a4-0642e0f2bc52,train,4,dry,0,weak_expert,10.0,1.0559344291687012,5,5,False,top15_margin6_smooth30_gap500_min80_win1500,energy_hysteresis_bounded_merge_nonoverlap_v3,True
727349f2-4730-45f6-99fe-8cf1ae1f2004_seg_0,727349f2-4730-45f6-99fe-8cf1ae1f2004,train,4,dry,0,weak_expert,9.3,0.9773538112640381,4,4,False,top15_margin6_smooth30_gap500_min80_win1500,energy_hysteresis_bounded_merge_nonoverlap_v3,True
72bf1cb5-9f60-40db-9666-470d6d02f02c_seg_0,72bf1cb5-9f60-40db-9666-470d6d02f02c,train,4,dry,0,weak_expert,4.92,0.9092670679092407,1,1,False,top15_margin6_smooth30_gap500_min80_win1500,energy_hysteresis_bounded_merge_nonoverlap_v3,True
74d33247-658a-45ea-a641-5b736ee5498f_seg_0,74d33247-658a-45ea-a641-5b736ee5498f,train,4,dry,0,weak_expert,9.84,0.5798354744911194,5,5,False,top15_margin6_smooth30_gap500_min80_win1500,energy_hysteresis_bounded_merge_nonoverlap_v3,True
760194db-a651-4a06-b7b8-bffd126364cf_seg_0,760194db-a651-4a06-b7b8-bffd126364cf,train,4,dry,0,weak_expert,9.12,0.9773403406143188,3,3,False,top15_margin6_smooth30_gap500_min80_win1500,energy_hysteresis_bounded_merge_nonoverlap_v3,True
76f0dea9-2043-4984-b515-7a0d03d31035_seg_0,76f0dea9-2043-4984-b515-7a0d03d31035,train,4,dry,0,weak_expert,9.78,1.0095136165618896,3,3,False,top15_margin6_smooth30_gap500_min80_win1500,energy_hysteresis_bounded_merge_nonoverlap_v3,True
778c38b9-431e-467c-85b0-468e79deacd8_seg_0,778c38b9-431e-467c-85b0-468e79deacd8,train,4,dry,0,weak_expert,7.8986875,0.9004017114639282,5,5,False,top15_margin6_smooth30_gap500_min80_win1500,energy_hysteresis_bounded_merge_nonoverlap_v3,True
7869b66e-5c53-42b8-8741-8e7398f78137_seg_0,7869b66e-5c53-42b8-8741-8e7398f78137,train,4,dry,0,weak_expert,3.96,0.8881644606590271,1,1,False,top15_margin6_smooth30_gap500_min80_win1500,energy_hysteresis_bounded_merge_nonoverlap_v3,True
79221f97-e57f-476c-a8b1-57c65ff4e01c_seg_0,79221f97-e57f-476c-a8b1-57c65ff4e01c,train,4,dry,0,weak_expert,9.0,0.8390315771102905,5,5,False,top15_margin6_smooth30_gap500_min80_win1500,energy_hysteresis_bounded_merge_nonoverlap_v3,True
7981abda-eba4-4508-925d-596aa1da5497_seg_0,7981abda-eba4-4508-925d-596aa1da5497,train,4,dry,0,weak_expert,3.54,0.8502052426338196,1,1,False,top15_margin6_smooth30_gap500_min80_win1500,energy_hysteresis_bounded_merge_nonoverlap_v3,True
79e8672c-fcd7-49ad-bbd7-1ad4a50d07e6_seg_0,79e8672c-fcd7-49ad-bbd7-1ad4a50d07e6,train,4,dry,0,weak_expert,4.74,0.9338769912719727,3,3,False,top15_margin6_smooth30_gap500_min80_win1500,energy_hysteresis_bounded_merge_nonoverlap_v3,True
7a985f89-ed5d-41e2-9f5d-8d8982508665_seg_0,7a985f89-ed5d-41e2-9f5d-8d8982508665,train,4,dry,0,weak_expert,9.9,0.4591773748397827,4,4,False,top15_margin6_smooth30_gap500_min80_win1500,energy_hysteresis_bounded_merge_nonoverlap_v3,True
7ad010ba-c400-43bc-b5c6-6d5df815d1f7_seg_0,7ad010ba-c400-43bc-b5c6-6d5df815d1f7,train,4,dry,0,weak_expert,9.72,0.918926477432251,1,1,False,top15_margin6_smooth30_gap500_min80_win1500,energy_hysteresis_bounded_merge_nonoverlap_v3,True
7b3f90c2-9236-4bdc-abf9-375698074f5e_seg_0,7b3f90c2-9236-4bdc-abf9-375698074f5e,train,4,dry,0,weak_expert,9.9,0.7716971635818481,3,3,False,top15_margin6_smooth30_gap500_min80_win1500,energy_hysteresis_bounded_merge_nonoverlap_v3,True
7b7f6998-7f52-475f-8bbd-e76d80eafd91_seg_0,7b7f6998-7f52-475f-8bbd-e76d80eafd91,train,4,dry,0,weak_expert,9.6986875,0.9202595949172974,6,6,False,top15_margin6_smooth30_gap500_min80_win1500,energy_hysteresis_bounded_merge_nonoverlap_v3,True
7b962d6a-50fa-48ef-80f0-9d8b23747e90_seg_0,7b962d6a-50fa-48ef-80f0-9d8b23747e90,train,4,dry,0,weak_expert,9.9,0.7962260842323303,3,3,False,top15_margin6_smooth30_gap500_min80_win1500,energy_hysteresis_bounded_merge_nonoverlap_v3,True
7cd1efb7-e973-492d-8a2c-e00a42ef0d78_seg_0,7cd1efb7-e973-492d-8a2c-e00a42ef0d78,train,4,dry,0,weak_expert,9.9,0.8009092807769775,3,3,False,top15_margin6_smooth30_gap500_min80_win1500,energy_hysteresis_bounded_merge_nonoverlap_v3,True
7d2e208f-4b40-43c8-8f85-e05f9671db2c_seg_0,7d2e208f-4b40-43c8-8f85-e05f9671db2c,train,4,dry,0,weak_expert,9.9,0.8072514533996582,1,1,False,top15_margin6_smooth30_gap500_min80_win1500,energy_hysteresis_bounded_merge_nonoverlap_v3,True
7dc5b3de-2746-46b1-80c4-a73288f37773_seg_0,7dc5b3de-2746-46b1-80c4-a73288f37773,train,4,dry,0,weak_expert,4.5,0.8642936944961548,1,1,False,top15_margin6_smooth30_gap500_min80_win1500,energy_hysteresis_bounded_merge_nonoverlap_v3,True
7e782166-6aa4-451c-9b01-afc57c43c3a1_seg_0,7e782166-6aa4-451c-9b01-afc57c43c3a1,train,4,dry,0,weak_expert,9.84,0.782767653465271,3,3,False,top15_margin6_smooth30_gap500_min80_win1500,energy_hysteresis_bounded_merge_nonoverlap_v3,True
7e7dc35c-f4a3-4988-a5af-4b9cf730aa4f_seg_0,7e7dc35c-f4a3-4988-a5af-4b9cf730aa4f,train,4,dry,0,weak_expert,9.24,0.9562239646911621,2,2,False,top15_margin6_smooth30_gap500_min80_win1500,energy_hysteresis_bounded_merge_nonoverlap_v3,True
7f1f564a-55eb-4357-b411-e0bf9818e56c_seg_0,7f1f564a-55eb-4357-b411-e0bf9818e56c,train,4,dry,0,weak_expert,9.9,1.2089149951934814,4,4,False,top15_margin6_smooth30_gap500_min80_win1500,energy_hysteresis_bounded_merge_nonoverlap_v3,True
7fe58bc1-6f08-4eee-801c-0c8bf9287fd5_seg_0,7fe58bc1-6f08-4eee-801c-0c8bf9287fd5,train,4,dry,0,weak_expert,9.78,0.8718353509902954,2,2,False,top15_margin6_smooth30_gap500_min80_win1500,energy_hysteresis_bounded_merge_nonoverlap_v3,True
814a5c9e-6174-4efa-a378-a990ac566ae2_seg_0,814a5c9e-6174-4efa-a378-a990ac566ae2,train,4,dry,0,weak_expert,6.3,0.8838578462600708,2,2,False,top15_margin6_smooth30_gap500_min80_win1500,energy_hysteresis_bounded_merge_nonoverlap_v3,True
83f5d563-5e0c-4f09-b967-d66ade3ad885_seg_0,83f5d563-5e0c-4f09-b967-d66ade3ad885,train,4,dry,0,weak_expert,9.9,0.8557299375534058,6,6,False,top15_margin6_smooth30_gap500_min80_win1500,energy_hysteresis_bounded_merge_nonoverlap_v3,True
84d8364a-bce5-4e2d-89ca-af05d62b4709_seg_0,84d8364a-bce5-4e2d-89ca-af05d62b4709,train,4,dry,0,weak_expert,9.84,0.882753849029541,3,3,False,top15_margin6_smooth30_gap500_min80_win1500,energy_hysteresis_bounded_merge_nonoverlap_v3,True
8815d555-76ba-4803-b536-22df34e872dc_seg_0,8815d555-76ba-4803-b536-22df34e872dc,train,4,dry,0,weak_expert,9.9,0.8962153196334839,1,1,False,top15_margin6_smooth30_gap500_min80_win1500,energy_hysteresis_bounded_merge_nonoverlap_v3,True
88bec0f2-8dbd-44d5-a6c2-de1cf0646737_seg_0,88bec0f2-8dbd-44d5-a6c2-de1cf0646737,train,4,dry,0,weak_expert,9.9,0.9770040512084961,3,3,False,top15_margin6_smooth30_gap500_min80_win1500,energy_hysteresis_bounded_merge_nonoverlap_v3,True
89bb7d99-45fd-4199-90d1-ac000fa68a65_seg_0,89bb7d99-45fd-4199-90d1-ac000fa68a65,train,4,dry,0,weak_expert,5.88,1.0491833686828613,1,1,False,top15_margin6_smooth30_gap500_min80_win1500,energy_hysteresis_bounded_merge_nonoverlap_v3,True
8a3058b7-c1ec-43d8-ae17-f1c72da07a21_seg_0,8a3058b7-c1ec-43d8-ae17-f1c72da07a21,train,4,dry,0,weak_expert,9.36,1.0027706623077393,3,3,False,top15_margin6_smooth30_gap500_min80_win1500,energy_hysteresis_bounded_merge_nonoverlap_v3,True
8aa95c58-4f0f-4df6-89a2-4b3b5d7841bb_seg_0,8aa95c58-4f0f-4df6-89a2-4b3b5d7841bb,train,4,dry,0,weak_expert,8.52,0.8118901252746582,2,2,False,top15_margin6_smooth30_gap500_min80_win1500,energy_hysteresis_bounded_merge_nonoverlap_v3,True
8d870fda-3cb4-4d17-8650-c52596963ff3_seg_0,8d870fda-3cb4-4d17-8650-c52596963ff3,train,4,dry,0,weak_expert,9.78,0.9456947445869446,4,4,False,top15_margin6_smooth30_gap500_min80_win1500,energy_hysteresis_bounded_merge_nonoverlap_v3,True
8e4d3ab1-5e08-424f-9146-054314535ad5_seg_0,8e4d3ab1-5e08-424f-9146-054314535ad5,train,4,dry,0,weak_expert,4.92,0.971973717212677,2,2,False,top15_margin6_smooth30_gap500_min80_win1500,energy_hysteresis_bounded_merge_nonoverlap_v3,True
8ec67d70-2a82-45ea-a646-ab8a5bc4bf4f_seg_0,8ec67d70-2a82-45ea-a646-ab8a5bc4bf4f,train,4,dry,0,weak_expert,3.48,1.082329273223877,2,2,False,top15_margin6_smooth30_gap500_min80_win1500,energy_hysteresis_bounded_merge_nonoverlap_v3,True
8f5531fb-5c2a-450b-b14c-4321085887d8_seg_0,8f5531fb-5c2a-450b-b14c-4321085887d8,train,4,dry,0,gold_expert,9.78,1.0014827251434326,3,3,False,top15_margin6_smooth30_gap500_min80_win1500,energy_hysteresis_bounded_merge_nonoverlap_v3,True
92307087-a106-4fd5-919a-a92b57ffd316_seg_0,92307087-a106-4fd5-919a-a92b57ffd316,train,4,dry,0,weak_expert,9.78,0.8272489309310913,2,2,False,top15_margin6_smooth30_gap500_min80_win1500,energy_hysteresis_bounded_merge_nonoverlap_v3,True
92580ab5-bc25-48ee-b844-16e2084cf14b_seg_0,92580ab5-bc25-48ee-b844-16e2084cf14b,train,4,dry,0,weak_expert,9.78,0.85806804895401,5,5,False,top15_margin6_smooth30_gap500_min80_win1500,energy_hysteresis_bounded_merge_nonoverlap_v3,True
92a40891-fb6b-41ad-b005-bd84c48d12ef_seg_0,92a40891-fb6b-41ad-b005-bd84c48d12ef,train,4,dry,0,weak_expert,10.0,0.9142707586288452,3,3,False,top15_margin6_smooth30_gap500_min80_win1500,energy_hysteresis_bounded_merge_nonoverlap_v3,True
93d36f3e-2008-44cc-af6f-adb012cef434_seg_0,93d36f3e-2008-44cc-af6f-adb012cef434,train,4,dry,0,weak_expert,6.78,0.9897802472114563,2,2,False,top15_margin6_smooth30_gap500_min80_win1500,energy_hysteresis_bounded_merge_nonoverlap_v3,True
95677325-1a53-4792-bc6d-f2f707cfcb24_seg_0,95677325-1a53-4792-bc6d-f2f707cfcb24,train,4,dry,0,weak_expert,9.9,0.798629879951477,3,3,False,top15_margin6_smooth30_gap500_min80_win1500,energy_hysteresis_bounded_merge_nonoverlap_v3,True
95c2af6d-4ed8-4626-88d0-27515a452ffe_seg_0,95c2af6d-4ed8-4626-88d0-27515a452ffe,train,4,dry,0,weak_expert,5.82,0.7256511449813843,1,1,False,top15_margin6_smooth30_gap500_min80_win1500,energy_hysteresis_bounded_merge_nonoverlap_v3,True
96684bb9-596c-4886-80e3-ccb2238e41d2_seg_0,96684bb9-596c-4886-80e3-ccb2238e41d2,train,4,dry,0,weak_expert,8.76,0.8765702843666077,4,4,False,top15_margin6_smooth30_gap500_min80_win1500,energy_hysteresis_bounded_merge_nonoverlap_v3,True
9668aedd-1d7b-48e7-86d1-7c00c67211ae_seg_0,9668aedd-1d7b-48e7-86d1-7c00c67211ae,train,4,dry,0,weak_expert,9.84,0.9757099747657776,2,2,False,top15_margin6_smooth30_gap500_min80_win1500,energy_hysteresis_bounded_merge_nonoverlap_v3,True
96898934-8f8e-4af6-b351-24039794ea57_seg_0,96898934-8f8e-4af6-b351-24039794ea57,train,4,dry,0,weak_expert,9.96,0.7716655731201172,3,3,False,top15_margin6_smooth30_gap500_min80_win1500,energy_hysteresis_bounded_merge_nonoverlap_v3,True
9a4d243e-4ac6-4c34-9b73-7ef188a02ed0_seg_0,9a4d243e-4ac6-4c34-9b73-7ef188a02ed0,train,4,dry,0,weak_expert,9.84,0.8124464154243469,2,2,False,top15_margin6_smooth30_gap500_min80_win1500,energy_hysteresis_bounded_merge_nonoverlap_v3,True
9a70cfcf-2df1-4bbc-aed8-aa9afa094a9f_seg_0,9a70cfcf-2df1-4bbc-aed8-aa9afa094a9f,train,4,dry,0,weak_expert,8.94,0.8378423452377319,3,3,False,top15_margin6_smooth30_gap500_min80_win1500,energy_hysteresis_bounded_merge_nonoverlap_v3,True
9a8ced91-6c7b-4eee-beb2-252ab3d9554d_seg_0,9a8ced91-6c7b-4eee-beb2-252ab3d9554d,train,4,dry,0,weak_expert,3.7653125,0.4658470153808594,2,2,False,top15_margin6_smooth30_gap500_min80_win1500,energy_hysteresis_bounded_merge_nonoverlap_v3,True
9ad9631c-6910-4f4e-ada7-319db3a165c4_seg_0,9ad9631c-6910-4f4e-ada7-319db3a165c4,train,4,dry,0,weak_expert,9.9,0.8508201837539673,3,3,False,top15_margin6_smooth30_gap500_min80_win1500,energy_hysteresis_bounded_merge_nonoverlap_v3,True
9aea1b03-9fc0-48c9-9e62-a6ac15633c03_seg_0,9aea1b03-9fc0-48c9-9e62-a6ac15633c03,train,4,dry,0,weak_expert,9.9,0.8060756921768188,1,1,False,top15_margin6_smooth30_gap500_min80_win1500,energy_hysteresis_bounded_merge_nonoverlap_v3,True
9bdef567-3097-4553-8dab-beed4036d779_seg_0,9bdef567-3097-4553-8dab-beed4036d779,train,4,dry,0,weak_expert,9.66,0.937796950340271,4,4,False,top15_margin6_smooth30_gap500_min80_win1500,energy_hysteresis_bounded_merge_nonoverlap_v3,True
9d389c55-da76-4670-b950-f5c03742d905_seg_0,9d389c55-da76-4670-b950-f5c03742d905,train,4,dry,0,weak_expert,9.6,0.89769047498703,1,1,False,top15_margin6_smooth30_gap500_min80_win1500,energy_hysteresis_bounded_merge_nonoverlap_v3,True
9d4a6e36-fb08-4ef4-a309-7905212f67b0_seg_0,9d4a6e36-fb08-4ef4-a309-7905212f67b0,train,4,dry,0,weak_expert,9.9,0.8903449177742004,2,2,False,top15_margin6_smooth30_gap500_min80_win1500,energy_hysteresis_bounded_merge_nonoverlap_v3,True
9d72542d-65e3-430c-910b-fd34a2527812_seg_0,9d72542d-65e3-430c-910b-fd34a2527812,train,4,dry,0,weak_expert,4.32,0.8770335912704468,3,3,False,top15_margin6_smooth30_gap500_min80_win1500,energy_hysteresis_bounded_merge_nonoverlap_v3,True
9e1a07c9-37a4-441a-a5a3-834b2283ae01_seg_0,9e1a07c9-37a4-441a-a5a3-834b2283ae01,train,4,dry,0,weak_expert,9.78,0.8097591400146484,2,2,False,top15_margin6_smooth30_gap500_min80_win1500,energy_hysteresis_bounded_merge_nonoverlap_v3,True
9e5738c6-7649-42d5-be58-1e289796f189_seg_0,9e5738c6-7649-42d5-be58-1e289796f189,train,4,dry,0,weak_expert,8.88,0.7678946256637573,3,3,False,top15_margin6_smooth30_gap500_min80_win1500,energy_hysteresis_bounded_merge_nonoverlap_v3,True
9e6d88da-2a85-4c86-a606-e66d83bf7550_seg_0,9e6d88da-2a85-4c86-a606-e66d83bf7550,train,4,dry,0,weak_expert,9.96,0.9369420409202576,4,4,False,top15_margin6_smooth30_gap500_min80_win1500,energy_hysteresis_bounded_merge_nonoverlap_v3,True
9fe0d71a-e946-467e-aac2-767ae85ed884_seg_0,9fe0d71a-e946-467e-aac2-767ae85ed884,train,4,dry,0,weak_expert,9.84,0.8046246767044067,2,2,False,top15_margin6_smooth30_gap500_min80_win1500,energy_hysteresis_bounded_merge_nonoverlap_v3,True
a0b2c39c-8a24-4984-aa0f-009f13a700c5_seg_0,a0b2c39c-8a24-4984-aa0f-009f13a700c5,train,4,dry,0,weak_expert,3.78,0.8329690098762512,2,2,False,top15_margin6_smooth30_gap500_min80_win1500,energy_hysteresis_bounded_merge_nonoverlap_v3,True
a13b9da9-a901-4622-9898-71f76097b98c_seg_0,a13b9da9-a901-4622-9898-71f76097b98c,train,4,dry,0,weak_expert,3.3,0.7842854857444763,2,2,False,top15_margin6_smooth30_gap500_min80_win1500,energy_hysteresis_bounded_merge_nonoverlap_v3,True
a3652154-abdd-4d52-98cf-cddfc1c75447_seg_0,a3652154-abdd-4d52-98cf-cddfc1c75447,train,4,dry,0,weak_expert,5.88,0.4985082745552063,2,2,False,top15_margin6_smooth30_gap500_min80_win1500,energy_hysteresis_bounded_merge_nonoverlap_v3,True
a41a84b6-f192-4b79-bb08-e47285cf8a4e_seg_0,a41a84b6-f192-4b79-bb08-e47285cf8a4e,train,4,dry,0,weak_expert,9.84,0.8087950944900513,2,2,False,top15_margin6_smooth30_gap500_min80_win1500,energy_hysteresis_bounded_merge_nonoverlap_v3,True
a4cc4680-8bb6-4646-b9cf-d77a4e8ada21_seg_0,a4cc4680-8bb6-4646-b9cf-d77a4e8ada21,train,4,dry,0,weak_expert,9.9,0.7778158783912659,3,3,False,top15_margin6_smooth30_gap500_min80_win1500,energy_hysteresis_bounded_merge_nonoverlap_v3,True
a4e4dc63-969f-4b6d-889a-b8f9d20028f7_seg_0,a4e4dc63-969f-4b6d-889a-b8f9d20028f7,train,4,dry,0,weak_expert,9.78,0.4357023537158966,2,2,False,top15_margin6_smooth30_gap500_min80_win1500,energy_hysteresis_bounded_merge_nonoverlap_v3,True
a664172f-6df4-44db-bfd4-c735f1edc3e6_seg_0,a664172f-6df4-44db-bfd4-c735f1edc3e6,train,4,dry,0,weak_expert,3.84,1.0243135690689087,1,1,False,top15_margin6_smooth30_gap500_min80_win1500,energy_hysteresis_bounded_merge_nonoverlap_v3,True
a69d7fc8-6cac-417e-9008-89bef72f1fa7_seg_0,a69d7fc8-6cac-417e-9008-89bef72f1fa7,train,4,dry,0,weak_expert,10.0,0.28661060333251953,6,6,False,top15_margin6_smooth30_gap500_min80_win1500,energy_hysteresis_bounded_merge_nonoverlap_v3,True
a7a5c702-df32-41e5-a129-a43ec576a480_seg_0,a7a5c702-df32-41e5-a129-a43ec576a480,train,4,dry,0,weak_expert,9.9,0.7261554002761841,1,1,False,top15_margin6_smooth30_gap500_min80_win1500,energy_hysteresis_bounded_merge_nonoverlap_v3,True
aa577908-e7cd-485b-adfa-51c6d7828201_seg_0,aa577908-e7cd-485b-adfa-51c6d7828201,train,4,dry,0,weak_expert,9.72,0.8875653743743896,2,2,False,top15_margin6_smooth30_gap500_min80_win1500,energy_hysteresis_bounded_merge_nonoverlap_v3,True
aa5a073e-9319-477b-b2ad-7465765d6340_seg_0,aa5a073e-9319-477b-b2ad-7465765d6340,train,4,dry,0,weak_expert,9.96,1.0117398500442505,3,3,False,top15_margin6_smooth30_gap500_min80_win1500,energy_hysteresis_bounded_merge_nonoverlap_v3,True
ada1def9-7e36-4d4e-8e3e-e678afee4185_seg_0,ada1def9-7e36-4d4e-8e3e-e678afee4185,train,4,dry,0,gold_expert,9.84,1.0005260705947876,4,4,False,top15_margin6_smooth30_gap500_min80_win1500,energy_hysteresis_bounded_merge_nonoverlap_v3,True
ae18328e-da30-4137-a717-a718ffe2412e_seg_0,ae18328e-da30-4137-a717-a718ffe2412e,train,4,dry,0,gold_expert,9.96,0.9412998557090759,3,3,False,top15_margin6_smooth30_gap500_min80_win1500,energy_hysteresis_bounded_merge_nonoverlap_v3,True
ae9ae0a2-f646-4f2d-a8d2-050d71fc3a29_seg_0,ae9ae0a2-f646-4f2d-a8d2-050d71fc3a29,train,4,dry,0,weak_expert,9.54,0.933022141456604,2,2,False,top15_margin6_smooth30_gap500_min80_win1500,energy_hysteresis_bounded_merge_nonoverlap_v3,True
b07782ac-d2f7-4c46-bd5a-045e715d20a3_seg_0,b07782ac-d2f7-4c46-bd5a-045e715d20a3,train,4,dry,0,weak_expert,5.4,0.9978551864624023,2,2,False,top15_margin6_smooth30_gap500_min80_win1500,energy_hysteresis_bounded_merge_nonoverlap_v3,True
b0aa16a7-ed93-4a11-88bf-031ea505282c_seg_0,b0aa16a7-ed93-4a11-88bf-031ea505282c,train,4,dry,0,weak_expert,3.42,0.647626519203186,1,1,False,top15_margin6_smooth30_gap500_min80_win1500,energy_hysteresis_bounded_merge_nonoverlap_v3,True
b0f187db-9026-4791-90dd-f845cdb3f90e_seg_0,b0f187db-9026-4791-90dd-f845cdb3f90e,train,4,dry,0,weak_expert,8.34,0.9920938611030579,2,2,False,top15_margin6_smooth30_gap500_min80_win1500,energy_hysteresis_bounded_merge_nonoverlap_v3,True
b1bdaeee-ffa3-4a1e-a213-7a74e3a863c3_seg_0,b1bdaeee-ffa3-4a1e-a213-7a74e3a863c3,train,4,dry,0,weak_expert,7.02,1.1077117919921875,2,2,False,top15_margin6_smooth30_gap500_min80_win1500,energy_hysteresis_bounded_merge_nonoverlap_v3,True
b1e56350-eef1-4dd1-8d7a-446c15eff785_seg_0,b1e56350-eef1-4dd1-8d7a-446c15eff785,train,4,dry,0,weak_expert,9.9,1.012916088104248,3,3,False,top15_margin6_smooth30_gap500_min80_win1500,energy_hysteresis_bounded_merge_nonoverlap_v3,True
b273b74b-a227-43c9-be4b-3e8cf959fa44_seg_0,b273b74b-a227-43c9-be4b-3e8cf959fa44,train,4,dry,0,weak_expert,4.8,0.9361449480056763,1,1,False,top15_margin6_smooth30_gap500_min80_win1500,energy_hysteresis_bounded_merge_nonoverlap_v3,True
b300ba99-adb0-4005-8292-e3ee5134a5a6_seg_0,b300ba99-adb0-4005-8292-e3ee5134a5a6,train,4,dry,0,weak_expert,4.74,0.8856962323188782,2,2,False,top15_margin6_smooth30_gap500_min80_win1500,energy_hysteresis_bounded_merge_nonoverlap_v3,True
b46dc541-8b50-4f9b-b22a-761e144f88d9_seg_0,b46dc541-8b50-4f9b-b22a-761e144f88d9,train,4,dry,0,weak_expert,2.46,0.8171573877334595,2,2,False,top15_margin6_smooth30_gap500_min80_win1500,energy_hysteresis_bounded_merge_nonoverlap_v3,True
b551c936-7f27-40a4-bf3b-2d8c4edfbae8_seg_0,b551c936-7f27-40a4-bf3b-2d8c4edfbae8,train,4,dry,0,weak_expert,9.3,0.9433227777481079,6,6,False,top15_margin6_smooth30_gap500_min80_win1500,energy_hysteresis_bounded_merge_nonoverlap_v3,True
b66ea1a8-a46f-4890-8b1f-91c5841bfc99_seg_0,b66ea1a8-a46f-4890-8b1f-91c5841bfc99,train,4,dry,0,weak_expert,3.72,0.9948707818984985,2,2,False,top15_margin6_smooth30_gap500_min80_win1500,energy_hysteresis_bounded_merge_nonoverlap_v3,True
bac8326b-2652-443d-8b58-af96cdf5284d_seg_0,bac8326b-2652-443d-8b58-af96cdf5284d,train,4,dry,0,weak_expert,10.0,0.9280445575714111,6,6,False,top15_margin6_smooth30_gap500_min80_win1500,energy_hysteresis_bounded_merge_nonoverlap_v3,True
bb17ca61-9aa8-45d2-9b3e-52c53965641f_seg_0,bb17ca61-9aa8-45d2-9b3e-52c53965641f,train,4,dry,0,weak_expert,9.36,0.8176130652427673,2,2,False,top15_margin6_smooth30_gap500_min80_win1500,energy_hysteresis_bounded_merge_nonoverlap_v3,True
be265d6b-9bc3-4499-a099-940ad4479dde_seg_0,be265d6b-9bc3-4499-a099-940ad4479dde,train,4,dry,0,weak_expert,4.2,0.7786480188369751,2,2,False,top15_margin6_smooth30_gap500_min80_win1500,energy_hysteresis_bounded_merge_nonoverlap_v3,True
beb10920-1bf0-42af-ada7-b73e73919bfa_seg_0,beb10920-1bf0-42af-ada7-b73e73919bfa,train,4,dry,0,weak_expert,4.2,0.8002309799194336,3,3,False,top15_margin6_smooth30_gap500_min80_win1500,energy_hysteresis_bounded_merge_nonoverlap_v3,True
bfeb3880-a9bc-438e-b171-f467ba93087d_seg_0,bfeb3880-a9bc-438e-b171-f467ba93087d,train,4,dry,0,weak_expert,9.84,0.9611847400665283,2,2,False,top15_margin6_smooth30_gap500_min80_win1500,energy_hysteresis_bounded_merge_nonoverlap_v3,True
c0687f80-4d3b-473e-9cd5-7ade1b43f528_seg_0,c0687f80-4d3b-473e-9cd5-7ade1b43f528,train,4,dry,0,weak_expert,9.9,0.802445650100708,2,2,False,top15_margin6_smooth30_gap500_min80_win1500,energy_hysteresis_bounded_merge_nonoverlap_v3,True
c07264af-0bcb-41b6-9322-cdd1fb2d654f_seg_0,c07264af-0bcb-41b6-9322-cdd1fb2d654f,train,4,dry,0,weak_expert,9.4018125,0.9504646062850952,2,2,False,top15_margin6_smooth30_gap500_min80_win1500,energy_hysteresis_bounded_merge_nonoverlap_v3,True
c233a7a1-c6d8-4f5f-8f87-bfd180c6d32e_seg_0,c233a7a1-c6d8-4f5f-8f87-bfd180c6d32e,train,4,dry,0,weak_expert,9.6,0.9830499887466431,2,2,False,top15_margin6_smooth30_gap500_min80_win1500,energy_hysteresis_bounded_merge_nonoverlap_v3,True
c2925320-df66-4a25-8309-3f1cca3dc37e_seg_0,c2925320-df66-4a25-8309-3f1cca3dc37e,train,4,dry,0,weak_expert,5.94,1.0767444372177124,2,2,False,top15_margin6_smooth30_gap500_min80_win1500,energy_hysteresis_bounded_merge_nonoverlap_v3,True
c36e8c36-3dfb-4ffd-98e2-118b6d58febf_seg_0,c36e8c36-3dfb-4ffd-98e2-118b6d58febf,train,4,dry,0,weak_expert,6.72,0.9965097904205322,3,3,False,top15_margin6_smooth30_gap500_min80_win1500,energy_hysteresis_bounded_merge_nonoverlap_v3,True
c3cec81d-ff60-4b2b-a3ba-9ff86f268ea2_seg_0,c3cec81d-ff60-4b2b-a3ba-9ff86f268ea2,train,4,dry,0,weak_expert,9.78,1.0313462018966675,5,5,False,top15_margin6_smooth30_gap500_min80_win1500,energy_hysteresis_bounded_merge_nonoverlap_v3,True
c5260e7e-c927-464a-8946-bf1559afa0cf_seg_0,c5260e7e-c927-464a-8946-bf1559afa0cf,train,4,dry,0,weak_expert,9.9,0.9633511304855347,1,1,False,top15_margin6_smooth30_gap500_min80_win1500,energy_hysteresis_bounded_merge_nonoverlap_v3,True
c52cae2c-3250-45e4-9c3a-4cfb08ef9c98_seg_0,c52cae2c-3250-45e4-9c3a-4cfb08ef9c98,train,4,dry,0,weak_expert,9.9,0.8778883218765259,1,1,False,top15_margin6_smooth30_gap500_min80_win1500,energy_hysteresis_bounded_merge_nonoverlap_v3,True
c54e2543-7e25-4a57-83fe-6b227220d00c_seg_0,c54e2543-7e25-4a57-83fe-6b227220d00c,train,4,dry,0,weak_expert,9.9,0.7826265096664429,3,3,False,top15_margin6_smooth30_gap500_min80_win1500,energy_hysteresis_bounded_merge_nonoverlap_v3,True
c55e4ac5-03f1-4432-ada6-be2c30e76bcb_seg_0,c55e4ac5-03f1-4432-ada6-be2c30e76bcb,train,4,dry,0,weak_expert,9.78,0.8087540864944458,2,2,False,top15_margin6_smooth30_gap500_min80_win1500,energy_hysteresis_bounded_merge_nonoverlap_v3,True
c6fb2de6-86a6-4704-b267-11c0031431f2_seg_0,c6fb2de6-86a6-4704-b267-11c0031431f2,train,4,dry,0,weak_expert,9.9,0.8094634413719177,3,3,False,top15_margin6_smooth30_gap500_min80_win1500,energy_hysteresis_bounded_merge_nonoverlap_v3,True
c99bf408-50b8-48ba-984f-18fe7da1b484_seg_0,c99bf408-50b8-48ba-984f-18fe7da1b484,train,4,dry,0,weak_expert,9.9,0.8249959349632263,1,1,False,top15_margin6_smooth30_gap500_min80_win1500,energy_hysteresis_bounded_merge_nonoverlap_v3,True
ca4579a8-d65b-42aa-8fdf-1108e3b0323e_seg_0,ca4579a8-d65b-42aa-8fdf-1108e3b0323e,train,4,dry,0,weak_expert,4.08,0.9846591949462891,1,1,False,top15_margin6_smooth30_gap500_min80_win1500,energy_hysteresis_bounded_merge_nonoverlap_v3,True
ca4c72fb-627d-4cd4-9120-ce93f05dcb56_seg_0,ca4c72fb-627d-4cd4-9120-ce93f05dcb56,train,4,dry,0,weak_expert,5.34,0.9511807560920715,2,2,False,top15_margin6_smooth30_gap500_min80_win1500,energy_hysteresis_bounded_merge_nonoverlap_v3,True
ca81325c-1dc0-49ad-94cf-0b7d5b7f3a4a_seg_0,ca81325c-1dc0-49ad-94cf-0b7d5b7f3a4a,train,4,dry,0,weak_expert,4.8,0.9548225998878479,2,2,False,top15_margin6_smooth30_gap500_min80_win1500,energy_hysteresis_bounded_merge_nonoverlap_v3,True
caf07708-037e-44b8-b4f9-abeb76b237f2_seg_0,caf07708-037e-44b8-b4f9-abeb76b237f2,train,4,dry,0,weak_expert,5.22,1.0429174900054932,2,2,False,top15_margin6_smooth30_gap500_min80_win1500,energy_hysteresis_bounded_merge_nonoverlap_v3,True
caf4e7ea-513a-4f81-941a-56e28c49fb6d_seg_0,caf4e7ea-513a-4f81-941a-56e28c49fb6d,train,4,dry,0,weak_expert,9.54,0.9797167181968689,2,2,False,top15_margin6_smooth30_gap500_min80_win1500,energy_hysteresis_bounded_merge_nonoverlap_v3,True
cbe792ac-397c-4b38-91d3-043fef882f90_seg_0,cbe792ac-397c-4b38-91d3-043fef882f90,train,4,dry,0,weak_expert,9.66,0.9958294034004211,4,4,False,top15_margin6_smooth30_gap500_min80_win1500,energy_hysteresis_bounded_merge_nonoverlap_v3,True
ce0c319b-da2c-4f90-9050-108a8156acb5_seg_0,ce0c319b-da2c-4f90-9050-108a8156acb5,train,4,dry,0,weak_expert,9.06,0.9120946526527405,5,5,False,top15_margin6_smooth30_gap500_min80_win1500,energy_hysteresis_bounded_merge_nonoverlap_v3,True
cf701e11-d828-45d4-ad04-ceceb7920886_seg_0,cf701e11-d828-45d4-ad04-ceceb7920886,train,4,dry,0,weak_expert,7.68,0.769366443157196,2,2,False,top15_margin6_smooth30_gap500_min80_win1500,energy_hysteresis_bounded_merge_nonoverlap_v3,True
cfecb0d8-defc-4875-afad-427f964ce2f3_seg_0,cfecb0d8-defc-4875-afad-427f964ce2f3,train,4,dry,0,weak_expert,6.44,0.7347919940948486,4,4,False,top15_margin6_smooth30_gap500_min80_win1500,energy_hysteresis_bounded_merge_nonoverlap_v3,True
d085181f-cd24-464a-9bd2-b8fe313d2321_seg_0,d085181f-cd24-464a-9bd2-b8fe313d2321,train,4,dry,0,weak_expert,9.96,0.287752628326416,2,2,False,top15_margin6_smooth30_gap500_min80_win1500,energy_hysteresis_bounded_merge_nonoverlap_v3,True
d297b163-1de9-42b1-abf5-ee9ca659377f_seg_0,d297b163-1de9-42b1-abf5-ee9ca659377f,train,4,dry,0,weak_expert,9.84,1.0009632110595703,2,2,False,top15_margin6_smooth30_gap500_min80_win1500,energy_hysteresis_bounded_merge_nonoverlap_v3,True
d446bc98-e79e-41a7-9311-010b43c3f943_seg_0,d446bc98-e79e-41a7-9311-010b43c3f943,train,4,dry,0,weak_expert,9.96,1.0652782917022705,5,5,False,top15_margin6_smooth30_gap500_min80_win1500,energy_hysteresis_bounded_merge_nonoverlap_v3,True
d474b19c-bc88-4c58-8cfc-5bca2308077c_seg_0,d474b19c-bc88-4c58-8cfc-5bca2308077c,train,4,dry,0,weak_expert,9.96,0.7957074642181396,3,3,False,top15_margin6_smooth30_gap500_min80_win1500,energy_hysteresis_bounded_merge_nonoverlap_v3,True
d5a1411d-d312-44b1-a37d-a387ec13df1a_seg_0,d5a1411d-d312-44b1-a37d-a387ec13df1a,train,4,dry,0,gold_expert,5.4,0.991702139377594,2,2,False,top15_margin6_smooth30_gap500_min80_win1500,energy_hysteresis_bounded_merge_nonoverlap_v3,True
d5c506d9-9b17-4886-b5b3-999f8ee8060a_seg_0,d5c506d9-9b17-4886-b5b3-999f8ee8060a,train,4,dry,0,weak_expert,9.84,0.6772667169570923,1,1,False,top15_margin6_smooth30_gap500_min80_win1500,energy_hysteresis_bounded_merge_nonoverlap_v3,True
d64010f8-4dd5-45ce-8f3e-07335b3c4143_seg_0,d64010f8-4dd5-45ce-8f3e-07335b3c4143,train,4,dry,0,weak_expert,3.72,0.76500403881073,2,2,False,top15_margin6_smooth30_gap500_min80_win1500,energy_hysteresis_bounded_merge_nonoverlap_v3,True
d6d428e1-3829-41e9-aa09-5f05e5eb058b_seg_0,d6d428e1-3829-41e9-aa09-5f05e5eb058b,train,4,dry,0,weak_expert,10.0,0.7676900625228882,3,3,False,top15_margin6_smooth30_gap500_min80_win1500,energy_hysteresis_bounded_merge_nonoverlap_v3,True
d9936aee-41cf-4917-a02e-99b76db504c9_seg_0,d9936aee-41cf-4917-a02e-99b76db504c9,train,4,dry,0,gold_expert,9.78,0.8814830780029297,1,1,False,top15_margin6_smooth30_gap500_min80_win1500,energy_hysteresis_bounded_merge_nonoverlap_v3,True
d9fb1d7c-a659-4194-831e-1a0110f57215_seg_0,d9fb1d7c-a659-4194-831e-1a0110f57215,train,4,dry,0,weak_expert,7.08,0.9719175100326538,2,2,False,top15_margin6_smooth30_gap500_min80_win1500,energy_hysteresis_bounded_merge_nonoverlap_v3,True
da1fad02-0141-4cbb-96bd-408bad5641b0_seg_0,da1fad02-0141-4cbb-96bd-408bad5641b0,train,4,dry,0,weak_expert,2.1,0.7955647110939026,1,1,False,top15_margin6_smooth30_gap500_min80_win1500,energy_hysteresis_bounded_merge_nonoverlap_v3,True
de39c600-5209-4974-954b-0a07f2ed4b6e_seg_0,de39c600-5209-4974-954b-0a07f2ed4b6e,train,4,dry,0,weak_expert,9.9,0.966506838798523,3,3,False,top15_margin6_smooth30_gap500_min80_win1500,energy_hysteresis_bounded_merge_nonoverlap_v3,True
dea47426-a6cb-4ab4-a3aa-8dad29db8183_seg_0,dea47426-a6cb-4ab4-a3aa-8dad29db8183,train,4,dry,0,weak_expert,9.84,0.8666732907295227,2,2,False,top15_margin6_smooth30_gap500_min80_win1500,energy_hysteresis_bounded_merge_nonoverlap_v3,True
deb2972a-cee8-42f2-8cde-0639c71dda23_seg_0,deb2972a-cee8-42f2-8cde-0639c71dda23,train,4,dry,0,weak_expert,2.7,0.9411458969116211,1,1,False,top15_margin6_smooth30_gap500_min80_win1500,energy_hysteresis_bounded_merge_nonoverlap_v3,True
df09794b-095c-4ae9-8968-945ccc7b5668_seg_0,df09794b-095c-4ae9-8968-945ccc7b5668,train,4,dry,0,weak_expert,8.52,0.7514016032218933,1,1,False,top15_margin6_smooth30_gap500_min80_win1500,energy_hysteresis_bounded_merge_nonoverlap_v3,True
df9cd86e-9e40-4da9-8291-3bc7f86b33f2_seg_0,df9cd86e-9e40-4da9-8291-3bc7f86b33f2,train,4,dry,0,weak_expert,9.66,0.79802405834198,1,1,False,top15_margin6_smooth30_gap500_min80_win1500,energy_hysteresis_bounded_merge_nonoverlap_v3,True
e206e88e-4a9e-4eab-b9c3-f1d5ed807c96_seg_0,e206e88e-4a9e-4eab-b9c3-f1d5ed807c96,train,4,dry,0,weak_expert,9.84,0.9297024011611938,2,2,False,top15_margin6_smooth30_gap500_min80_win1500,energy_hysteresis_bounded_merge_nonoverlap_v3,True
e339c45d-998d-4f9b-a8f4-300a63985aa2_seg_0,e339c45d-998d-4f9b-a8f4-300a63985aa2,train,4,dry,0,weak_expert,9.72,0.8600695133209229,1,1,False,top15_margin6_smooth30_gap500_min80_win1500,energy_hysteresis_bounded_merge_nonoverlap_v3,True
e4739ce1-f3e5-4af2-adb5-98f022c50bf7_seg_0,e4739ce1-f3e5-4af2-adb5-98f022c50bf7,train,4,dry,0,weak_expert,2.34,0.5701053142547607,2,2,False,top15_margin6_smooth30_gap500_min80_win1500,energy_hysteresis_bounded_merge_nonoverlap_v3,True
e64c0647-d3b9-47c0-8da6-09c1895ef9f1_seg_0,e64c0647-d3b9-47c0-8da6-09c1895ef9f1,train,4,dry,0,weak_expert,9.9,0.9469295740127563,1,1,False,top15_margin6_smooth30_gap500_min80_win1500,energy_hysteresis_bounded_merge_nonoverlap_v3,True
e7bd9488-4878-404b-bc30-da40ac705462_seg_0,e7bd9488-4878-404b-bc30-da40ac705462,train,4,dry,0,weak_expert,9.06,0.9523980021476746,2,2,False,top15_margin6_smooth30_gap500_min80_win1500,energy_hysteresis_bounded_merge_nonoverlap_v3,True
e80023d9-392a-407a-9580-9c66eb45d7bd_seg_0,e80023d9-392a-407a-9580-9c66eb45d7bd,train,4,dry,0,weak_expert,9.42,0.5885732769966125,2,2,False,top15_margin6_smooth30_gap500_min80_win1500,energy_hysteresis_bounded_merge_nonoverlap_v3,True
e8759970-c5b4-4d2a-a71c-d08ee83f482a_seg_0,e8759970-c5b4-4d2a-a71c-d08ee83f482a,train,4,dry,0,weak_expert,9.66,1.0131250619888306,3,3,False,top15_margin6_smooth30_gap500_min80_win1500,energy_hysteresis_bounded_merge_nonoverlap_v3,True
e8f9178e-30b1-45b8-bde1-b4f00c4b4883_seg_0,e8f9178e-30b1-45b8-bde1-b4f00c4b4883,train,4,dry,0,weak_expert,5.28,0.8716144561767578,1,1,False,top15_margin6_smooth30_gap500_min80_win1500,energy_hysteresis_bounded_merge_nonoverlap_v3,True
e92ed6f0-70a8-425f-8dee-1b0443381224_seg_0,e92ed6f0-70a8-425f-8dee-1b0443381224,train,4,dry,0,weak_expert,7.26,0.901432991027832,1,1,False,top15_margin6_smooth30_gap500_min80_win1500,energy_hysteresis_bounded_merge_nonoverlap_v3,True
e9ac8c20-f223-4225-8e17-bd524ecb0a68_seg_0,e9ac8c20-f223-4225-8e17-bd524ecb0a68,train,4,dry,0,weak_expert,6.72,0.8623896241188049,4,4,False,top15_margin6_smooth30_gap500_min80_win1500,energy_hysteresis_bounded_merge_nonoverlap_v3,True
e9b6c992-e63c-446d-8c92-e7e62209b6a1_seg_0,e9b6c992-e63c-446d-8c92-e7e62209b6a1,train,4,dry,0,weak_expert,9.84,0.8043932914733887,2,2,False,top15_margin6_smooth30_gap500_min80_win1500,energy_hysteresis_bounded_merge_nonoverlap_v3,True
e9bf0a5a-ff96-480b-a54a-f647143e1d6f_seg_0,e9bf0a5a-ff96-480b-a54a-f647143e1d6f,train,4,dry,0,gold_expert,9.9,0.9430626034736633,3,3,False,top15_margin6_smooth30_gap500_min80_win1500,energy_hysteresis_bounded_merge_nonoverlap_v3,True
eaed556e-e896-4e43-baca-a8bd7b127e92_seg_0,eaed556e-e896-4e43-baca-a8bd7b127e92,train,4,dry,0,weak_expert,9.96,0.8796051740646362,4,4,False,top15_margin6_smooth30_gap500_min80_win1500,energy_hysteresis_bounded_merge_nonoverlap_v3,True
ec041149-b613-4b8b-823e-1bed1d6dc6e0_seg_0,ec041149-b613-4b8b-823e-1bed1d6dc6e0,train,4,dry,0,weak_expert,9.3,1.0022389888763428,6,6,False,top15_margin6_smooth30_gap500_min80_win1500,energy_hysteresis_bounded_merge_nonoverlap_v3,True
ee28fdd9-6f0a-4c52-bb38-c8c43f24a669_seg_0,ee28fdd9-6f0a-4c52-bb38-c8c43f24a669,train,4,dry,0,weak_expert,6.66,1.020328164100647,2,2,False,top15_margin6_smooth30_gap500_min80_win1500,energy_hysteresis_bounded_merge_nonoverlap_v3,True
f18bb6f5-90c1-492e-8030-d95acd72b146_seg_0,f18bb6f5-90c1-492e-8030-d95acd72b146,train,4,dry,0,weak_expert,4.98,0.9118719100952148,1,1,False,top15_margin6_smooth30_gap500_min80_win1500,energy_hysteresis_bounded_merge_nonoverlap_v3,True
f3bdd3ab-aac5-42ca-9c3e-36475ee47349_seg_0,f3bdd3ab-aac5-42ca-9c3e-36475ee47349,train,4,dry,0,weak_expert,5.58,0.87156081199646,1,1,False,top15_margin6_smooth30_gap500_min80_win1500,energy_hysteresis_bounded_merge_nonoverlap_v3,True
f4e4e818-c210-4c9e-bdca-c1cf1af1e144_seg_0,f4e4e818-c210-4c9e-bdca-c1cf1af1e144,train,4,dry,0,weak_expert,9.84,0.5058552026748657,2,2,False,top15_margin6_smooth30_gap500_min80_win1500,energy_hysteresis_bounded_merge_nonoverlap_v3,True
f5231767-4f81-4b7a-bace-c6eae80fe56c_seg_0,f5231767-4f81-4b7a-bace-c6eae80fe56c,train,4,dry,0,weak_expert,9.3,0.9689247012138367,3,3,False,top15_margin6_smooth30_gap500_min80_win1500,energy_hysteresis_bounded_merge_nonoverlap_v3,True
f5d1d24e-13ed-46f6-9f68-516ae92414b7_seg_0,f5d1d24e-13ed-46f6-9f68-516ae92414b7,train,4,dry,0,weak_expert,2.88,0.948119044303894,1,1,False,top15_margin6_smooth30_gap500_min80_win1500,energy_hysteresis_bounded_merge_nonoverlap_v3,True
f7c229bd-ed49-40d5-a1bc-837ea7b66bd0_seg_0,f7c229bd-ed49-40d5-a1bc-837ea7b66bd0,train,4,dry,0,weak_expert,9.78,0.9634799957275391,4,4,False,top15_margin6_smooth30_gap500_min80_win1500,energy_hysteresis_bounded_merge_nonoverlap_v3,True
fb6e4eac-fba3-4ab4-95ae-53488da9b68b_seg_0,fb6e4eac-fba3-4ab4-95ae-53488da9b68b,train,4,dry,0,weak_expert,9.84,0.8917282819747925,1,1,False,top15_margin6_smooth30_gap500_min80_win1500,energy_hysteresis_bounded_merge_nonoverlap_v3,True
fbe16432-b3f6-4d2e-b414-ae83660414a8_seg_0,fbe16432-b3f6-4d2e-b414-ae83660414a8,train,4,dry,0,weak_expert,4.68,0.19829659163951874,1,1,False,top15_margin6_smooth30_gap500_min80_win1500,energy_hysteresis_bounded_merge_nonoverlap_v3,True
ffa718e8-da65-4602-8da8-cda7cdc568f2_seg_0,ffa718e8-da65-4602-8da8-cda7cdc568f2,train,4,dry,0,weak_expert,6.84,0.9413509368896484,5,5,False,top15_margin6_smooth30_gap500_min80_win1500,energy_hysteresis_bounded_merge_nonoverlap_v3,True
018b40a1-c109-459a-9e31-86cbd2cb3918_seg_0,018b40a1-c109-459a-9e31-86cbd2cb3918,train,4,wet,1,weak_expert,9.78,0.7271758317947388,4,4,False,top15_margin6_smooth30_gap500_min80_win1500,energy_hysteresis_bounded_merge_nonoverlap_v3,True
0527be95-d7f1-4156-8e37-1587355661ca_seg_0,0527be95-d7f1-4156-8e37-1587355661ca,train,4,wet,1,weak_expert,9.9,0.9926115274429321,4,4,False,top15_margin6_smooth30_gap500_min80_win1500,energy_hysteresis_bounded_merge_nonoverlap_v3,True
0640716b-e287-4181-a653-5b798e8308c8_seg_0,0640716b-e287-4181-a653-5b798e8308c8,train,4,wet,1,weak_expert,9.54,0.886089563369751,3,3,False,top15_margin6_smooth30_gap500_min80_win1500,energy_hysteresis_bounded_merge_nonoverlap_v3,True
06b568b5-b9f8-4334-816c-c16009bb5de7_seg_0,06b568b5-b9f8-4334-816c-c16009bb5de7,train,4,wet,1,weak_expert,4.68,1.0067505836486816,2,2,False,top15_margin6_smooth30_gap500_min80_win1500,energy_hysteresis_bounded_merge_nonoverlap_v3,True
06e989e7-b76d-4a36-8c5c-c59ef0d9d663_seg_0,06e989e7-b76d-4a36-8c5c-c59ef0d9d663,train,4,wet,1,weak_expert,4.62,0.8251670598983765,1,1,False,top15_margin6_smooth30_gap500_min80_win1500,energy_hysteresis_bounded_merge_nonoverlap_v3,True
0b6ea0b5-e036-43ca-8462-d128f6232bdf_seg_0,0b6ea0b5-e036-43ca-8462-d128f6232bdf,train,4,wet,1,weak_expert,5.1,0.8225094079971313,2,2,False,top15_margin6_smooth30_gap500_min80_win1500,energy_hysteresis_bounded_merge_nonoverlap_v3,True
0dcae895-e7c6-4e47-a399-29f22b37e075_seg_0,0dcae895-e7c6-4e47-a399-29f22b37e075,train,4,wet,1,weak_expert,9.84,1.0068280696868896,2,2,False,top15_margin6_smooth30_gap500_min80_win1500,energy_hysteresis_bounded_merge_nonoverlap_v3,True
10aed3ae-9ec1-4041-bac6-90b1d4634aee_seg_0,10aed3ae-9ec1-4041-bac6-90b1d4634aee,train,4,wet,1,weak_expert,9.6,0.8420441150665283,3,3,False,top15_margin6_smooth30_gap500_min80_win1500,energy_hysteresis_bounded_merge_nonoverlap_v3,True
1a324acb-12f7-4eef-8e8c-0c71a47280e2_seg_0,1a324acb-12f7-4eef-8e8c-0c71a47280e2,train,4,wet,1,weak_expert,9.96,0.7958840727806091,3,3,False,top15_margin6_smooth30_gap500_min80_win1500,energy_hysteresis_bounded_merge_nonoverlap_v3,True
1c7f79d6-70bb-4558-b5a9-0c94c9418610_seg_0,1c7f79d6-70bb-4558-b5a9-0c94c9418610,train,4,wet,1,weak_expert,4.38,0.8973339796066284,2,2,False,top15_margin6_smooth30_gap500_min80_win1500,energy_hysteresis_bounded_merge_nonoverlap_v3,True
1c8853d4-5a0b-425e-b211-d20b2d16e35d_seg_0,1c8853d4-5a0b-425e-b211-d20b2d16e35d,train,4,wet,1,weak_expert,9.3,0.8954591751098633,3,3,False,top15_margin6_smooth30_gap500_min80_win1500,energy_hysteresis_bounded_merge_nonoverlap_v3,True
1e4aef1f-a0d0-414b-8f09-b588a455111c_seg_0,1e4aef1f-a0d0-414b-8f09-b588a455111c,train,4,wet,1,weak_expert,9.84,0.874656081199646,1,1,False,top15_margin6_smooth30_gap500_min80_win1500,energy_hysteresis_bounded_merge_nonoverlap_v3,True
1f6a497a-7d48-4db2-be34-c7760e427427_seg_0,1f6a497a-7d48-4db2-be34-c7760e427427,train,4,wet,1,weak_expert,10.0,0.7965642809867859,3,3,False,top15_margin6_smooth30_gap500_min80_win1500,energy_hysteresis_bounded_merge_nonoverlap_v3,True
213aff15-681f-4f36-a001-07dd623161d3_seg_0,213aff15-681f-4f36-a001-07dd623161d3,train,4,wet,1,weak_expert,9.84,0.7716943025588989,4,4,False,top15_margin6_smooth30_gap500_min80_win1500,energy_hysteresis_bounded_merge_nonoverlap_v3,True
22002ad7-3fb5-47d7-8987-e3cdc0931439_seg_0,22002ad7-3fb5-47d7-8987-e3cdc0931439,train,4,wet,1,weak_expert,9.96,1.2966822385787964,3,3,False,top15_margin6_smooth30_gap500_min80_win1500,energy_hysteresis_bounded_merge_nonoverlap_v3,True
244d35b5-565c-4a3b-a1bd-baa8f899f9d2_seg_0,244d35b5-565c-4a3b-a1bd-baa8f899f9d2,train,4,wet,1,weak_expert,9.72,0.7675774097442627,2,2,False,top15_margin6_smooth30_gap500_min80_win1500,energy_hysteresis_bounded_merge_nonoverlap_v3,True
28cb1fbb-ff5a-4ab6-b676-0d3d0e8c9235_seg_0,28cb1fbb-ff5a-4ab6-b676-0d3d0e8c9235,train,4,wet,1,weak_expert,9.96,0.9154871702194214,5,5,False,top15_margin6_smooth30_gap500_min80_win1500,energy_hysteresis_bounded_merge_nonoverlap_v3,True
28de837b-8dbf-43a8-a90f-04e644a04933_seg_0,28de837b-8dbf-43a8-a90f-04e644a04933,train,4,wet,1,weak_expert,9.78,0.9500383734703064,3,3,False,top15_margin6_smooth30_gap500_min80_win1500,energy_hysteresis_bounded_merge_nonoverlap_v3,True
2e349a58-b119-4b15-8b3f-5a5c6416bca4_seg_0,2e349a58-b119-4b15-8b3f-5a5c6416bca4,train,4,wet,1,weak_expert,7.14,1.0120108127593994,3,3,False,top15_margin6_smooth30_gap500_min80_win1500,energy_hysteresis_bounded_merge_nonoverlap_v3,True
35244796-18c5-4825-ac49-90235ff885fc_seg_0,35244796-18c5-4825-ac49-90235ff885fc,train,4,wet,1,weak_expert,9.9,0.7364718914031982,2,2,False,top15_margin6_smooth30_gap500_min80_win1500,energy_hysteresis_bounded_merge_nonoverlap_v3,True
3a3b515b-fde5-4208-bb1c-c24de372c9e7_seg_0,3a3b515b-fde5-4208-bb1c-c24de372c9e7,train,4,wet,1,weak_expert,4.62,0.9831922054290771,3,3,False,top15_margin6_smooth30_gap500_min80_win1500,energy_hysteresis_bounded_merge_nonoverlap_v3,True
42ee475c-2a4b-48f0-b33e-9a5f57000770_seg_0,42ee475c-2a4b-48f0-b33e-9a5f57000770,train,4,wet,1,weak_expert,9.96,0.8786091208457947,2,2,False,top15_margin6_smooth30_gap500_min80_win1500,energy_hysteresis_bounded_merge_nonoverlap_v3,True
478adaaa-cc6a-487d-a842-a30af37aa4d0_seg_0,478adaaa-cc6a-487d-a842-a30af37aa4d0,train,4,wet,1,weak_expert,9.78,0.9975225925445557,3,3,False,top15_margin6_smooth30_gap500_min80_win1500,energy_hysteresis_bounded_merge_nonoverlap_v3,True
47b5e63d-17ff-4f39-a8d6-f1d711992913_seg_0,47b5e63d-17ff-4f39-a8d6-f1d711992913,train,4,wet,1,weak_expert,3.66,0.7968804836273193,2,2,False,top15_margin6_smooth30_gap500_min80_win1500,energy_hysteresis_bounded_merge_nonoverlap_v3,True
47ceafde-45d9-4bb6-881a-5ef866fa908d_seg_0,47ceafde-45d9-4bb6-881a-5ef866fa908d,train,4,wet,1,weak_expert,9.78,0.9836879968643188,3,3,False,top15_margin6_smooth30_gap500_min80_win1500,energy_hysteresis_bounded_merge_nonoverlap_v3,True
49c952bf-0654-4baa-a67f-363745f146de_seg_0,49c952bf-0654-4baa-a67f-363745f146de,train,4,wet,1,weak_expert,5.34,0.9416542053222656,2,2,False,top15_margin6_smooth30_gap500_min80_win1500,energy_hysteresis_bounded_merge_nonoverlap_v3,True
4b22dc75-caee-40a8-84da-d3bc8f4eca69_seg_0,4b22dc75-caee-40a8-84da-d3bc8f4eca69,train,4,wet,1,weak_expert,6.06,0.8111540079116821,1,1,False,top15_margin6_smooth30_gap500_min80_win1500,energy_hysteresis_bounded_merge_nonoverlap_v3,True
4c98548d-6e9e-4832-8b77-b7af79c9e987_seg_0,4c98548d-6e9e-4832-8b77-b7af79c9e987,train,4,wet,1,weak_expert,7.02,0.9919500946998596,2,2,False,top15_margin6_smooth30_gap500_min80_win1500,energy_hysteresis_bounded_merge_nonoverlap_v3,True
51a9ade4-721c-4a75-ab33-57e68f425a42_seg_0,51a9ade4-721c-4a75-ab33-57e68f425a42,train,4,wet,1,weak_expert,9.84,1.017457127571106,2,2,False,top15_margin6_smooth30_gap500_min80_win1500,energy_hysteresis_bounded_merge_nonoverlap_v3,True
53d69964-ae7d-4ccc-a297-91a9b21c772e_seg_0,53d69964-ae7d-4ccc-a297-91a9b21c772e,train,4,wet,1,weak_expert,10.0,0.8674602508544922,3,3,False,top15_margin6_smooth30_gap500_min80_win1500,energy_hysteresis_bounded_merge_nonoverlap_v3,True
58a9d260-53d9-4ba6-b7d4-3e7357412426_seg_0,58a9d260-53d9-4ba6-b7d4-3e7357412426,train,4,wet,1,weak_expert,4.38,0.9579957127571106,2,2,False,top15_margin6_smooth30_gap500_min80_win1500,energy_hysteresis_bounded_merge_nonoverlap_v3,True
62de2524-c400-459b-98a2-746e0ed84eb2_seg_0,62de2524-c400-459b-98a2-746e0ed84eb2,train,4,wet,1,weak_expert,9.96,1.0576071739196777,2,2,False,top15_margin6_smooth30_gap500_min80_win1500,energy_hysteresis_bounded_merge_nonoverlap_v3,True
636c468c-d6db-4a7d-8e0e-31c7f68baa49_seg_0,636c468c-d6db-4a7d-8e0e-31c7f68baa49,train,4,wet,1,weak_expert,9.78,0.8671497106552124,5,5,False,top15_margin6_smooth30_gap500_min80_win1500,energy_hysteresis_bounded_merge_nonoverlap_v3,True
63acc1aa-2087-4c46-b0a8-56d38a3b1b10_seg_0,63acc1aa-2087-4c46-b0a8-56d38a3b1b10,train,4,wet,1,weak_expert,9.96,1.0126011371612549,5,5,False,top15_margin6_smooth30_gap500_min80_win1500,energy_hysteresis_bounded_merge_nonoverlap_v3,True
7240dc44-c2c7-4a09-bb78-e4297d1462ba_seg_0,7240dc44-c2c7-4a09-bb78-e4297d1462ba,train,4,wet,1,weak_expert,5.88,0.8590996265411377,2,2,False,top15_margin6_smooth30_gap500_min80_win1500,energy_hysteresis_bounded_merge_nonoverlap_v3,True
731cbe07-5754-46cf-bb5c-873a670cd5d7_seg_0,731cbe07-5754-46cf-bb5c-873a670cd5d7,train,4,wet,1,weak_expert,9.84,0.9631046652793884,2,2,False,top15_margin6_smooth30_gap500_min80_win1500,energy_hysteresis_bounded_merge_nonoverlap_v3,True
733b0db4-aec3-4afa-a7fc-7e29e0c9403c_seg_0,733b0db4-aec3-4afa-a7fc-7e29e0c9403c,train,4,wet,1,weak_expert,9.96,0.9838626384735107,4,4,False,top15_margin6_smooth30_gap500_min80_win1500,energy_hysteresis_bounded_merge_nonoverlap_v3,True
76095239-daab-4439-84fe-8f869f743eff_seg_0,76095239-daab-4439-84fe-8f869f743eff,train,4,wet,1,weak_expert,9.3,0.9994992017745972,4,4,False,top15_margin6_smooth30_gap500_min80_win1500,energy_hysteresis_bounded_merge_nonoverlap_v3,True
763abc17-c8f2-4e61-899e-4882f2b4e00e_seg_0,763abc17-c8f2-4e61-899e-4882f2b4e00e,train,4,wet,1,weak_expert,9.06,0.842799186706543,5,5,False,top15_margin6_smooth30_gap500_min80_win1500,energy_hysteresis_bounded_merge_nonoverlap_v3,True
76e8a4af-709e-4311-ab93-135b90ffaf49_seg_0,76e8a4af-709e-4311-ab93-135b90ffaf49,train,4,wet,1,weak_expert,9.96,0.9973514080047607,4,4,False,top15_margin6_smooth30_gap500_min80_win1500,energy_hysteresis_bounded_merge_nonoverlap_v3,True
7e307ff5-00ca-4f25-bd20-1c1d2d3b9b47_seg_0,7e307ff5-00ca-4f25-bd20-1c1d2d3b9b47,train,4,wet,1,weak_expert,9.84,0.9770676493644714,2,2,False,top15_margin6_smooth30_gap500_min80_win1500,energy_hysteresis_bounded_merge_nonoverlap_v3,True
7f796fc4-89d2-4858-8994-3c2cc72097b6_seg_0,7f796fc4-89d2-4858-8994-3c2cc72097b6,train,4,wet,1,weak_expert,9.18,0.8588560819625854,4,4,False,top15_margin6_smooth30_gap500_min80_win1500,energy_hysteresis_bounded_merge_nonoverlap_v3,True
80411c72-2727-40a3-a781-0d71f1bb717d_seg_0,80411c72-2727-40a3-a781-0d71f1bb717d,train,4,wet,1,weak_expert,9.84,0.8206534385681152,2,2,False,top15_margin6_smooth30_gap500_min80_win1500,energy_hysteresis_bounded_merge_nonoverlap_v3,True
8200cbb2-14dd-440a-9943-1d9c6ce94768_seg_0,8200cbb2-14dd-440a-9943-1d9c6ce94768,train,4,wet,1,weak_expert,9.96,0.8209341764450073,5,5,False,top15_margin6_smooth30_gap500_min80_win1500,energy_hysteresis_bounded_merge_nonoverlap_v3,True
8588cbcb-a7c2-47fe-bedf-734de9d855c8_seg_0,8588cbcb-a7c2-47fe-bedf-734de9d855c8,train,4,wet,1,weak_expert,9.9,0.6605005264282227,1,1,False,top15_margin6_smooth30_gap500_min80_win1500,energy_hysteresis_bounded_merge_nonoverlap_v3,True
8c9122bd-5601-48aa-865a-63db152a91df_seg_0,8c9122bd-5601-48aa-865a-63db152a91df,train,4,wet,1,weak_expert,4.74,0.859309732913971,2,2,False,top15_margin6_smooth30_gap500_min80_win1500,energy_hysteresis_bounded_merge_nonoverlap_v3,True
8e472a6f-87ea-4c25-af3f-7bda3db7399d_seg_0,8e472a6f-87ea-4c25-af3f-7bda3db7399d,train,4,wet,1,weak_expert,9.9,1.082073450088501,3,3,False,top15_margin6_smooth30_gap500_min80_win1500,energy_hysteresis_bounded_merge_nonoverlap_v3,True
92576934-e7b9-41bd-baee-5c6a9afc962e_seg_0,92576934-e7b9-41bd-baee-5c6a9afc962e,train,4,wet,1,weak_expert,9.78,0.9453960657119751,3,3,False,top15_margin6_smooth30_gap500_min80_win1500,energy_hysteresis_bounded_merge_nonoverlap_v3,True
95c41fec-38ea-4144-a071-22baf4981bdb_seg_0,95c41fec-38ea-4144-a071-22baf4981bdb,train,4,wet,1,weak_expert,7.62,0.7909056544303894,2,2,False,top15_margin6_smooth30_gap500_min80_win1500,energy_hysteresis_bounded_merge_nonoverlap_v3,True
9639193c-1ada-4bc6-a5dc-6ea78064bb72_seg_0,9639193c-1ada-4bc6-a5dc-6ea78064bb72,train,4,wet,1,weak_expert,8.94,0.9863144159317017,3,3,False,top15_margin6_smooth30_gap500_min80_win1500,energy_hysteresis_bounded_merge_nonoverlap_v3,True
983d7e7d-7e21-43a3-8b5b-801374c6b529_seg_0,983d7e7d-7e21-43a3-8b5b-801374c6b529,train,4,wet,1,weak_expert,9.78,0.9345372915267944,2,2,False,top15_margin6_smooth30_gap500_min80_win1500,energy_hysteresis_bounded_merge_nonoverlap_v3,True
994914cd-7e11-4f1e-b2c2-a0111f32307f_seg_0,994914cd-7e11-4f1e-b2c2-a0111f32307f,train,4,wet,1,weak_expert,4.74,0.6729757785797119,2,2,False,top15_margin6_smooth30_gap500_min80_win1500,energy_hysteresis_bounded_merge_nonoverlap_v3,True
9d691598-b7e2-4d3b-a90a-afd4ab47abad_seg_0,9d691598-b7e2-4d3b-a90a-afd4ab47abad,train,4,wet,1,weak_expert,9.9,0.9931666851043701,3,3,False,top15_margin6_smooth30_gap500_min80_win1500,energy_hysteresis_bounded_merge_nonoverlap_v3,True
9e0490ff-2444-488a-8c01-400b958c9875_seg_0,9e0490ff-2444-488a-8c01-400b958c9875,train,4,wet,1,weak_expert,9.6,0.9112346172332764,4,4,False,top15_margin6_smooth30_gap500_min80_win1500,energy_hysteresis_bounded_merge_nonoverlap_v3,True
af511c3d-614c-4b89-abcf-8c9f9d2f9f3f_seg_0,af511c3d-614c-4b89-abcf-8c9f9d2f9f3f,train,4,wet,1,weak_expert,9.9,0.8881356716156006,6,6,False,top15_margin6_smooth30_gap500_min80_win1500,energy_hysteresis_bounded_merge_nonoverlap_v3,True
b4163e6f-5997-4e8b-8966-e70aeecbde91_seg_0,b4163e6f-5997-4e8b-8966-e70aeecbde91,train,4,wet,1,weak_expert,9.96,0.8582245111465454,2,2,False,top15_margin6_smooth30_gap500_min80_win1500,energy_hysteresis_bounded_merge_nonoverlap_v3,True
b4cb0e7d-ee40-4088-8e82-21a910caa86a_seg_0,b4cb0e7d-ee40-4088-8e82-21a910caa86a,train,4,wet,1,weak_expert,3.0,0.8201882839202881,1,1,False,top15_margin6_smooth30_gap500_min80_win1500,energy_hysteresis_bounded_merge_nonoverlap_v3,True
c2e2039a-7bef-4430-907c-276de3fa44bb_seg_0,c2e2039a-7bef-4430-907c-276de3fa44bb,train,4,wet,1,weak_expert,9.9,0.8238051533699036,3,3,False,top15_margin6_smooth30_gap500_min80_win1500,energy_hysteresis_bounded_merge_nonoverlap_v3,True
c4bb2745-d354-46ec-983d-a14a4ff3bd86_seg_0,c4bb2745-d354-46ec-983d-a14a4ff3bd86,train,4,wet,1,weak_expert,9.9,0.9293885231018066,4,4,False,top15_margin6_smooth30_gap500_min80_win1500,energy_hysteresis_bounded_merge_nonoverlap_v3,True
c52f9edf-409b-46dc-8d99-b0b6e0e3a336_seg_0,c52f9edf-409b-46dc-8d99-b0b6e0e3a336,train,4,wet,1,weak_expert,4.74,0.9181238412857056,3,3,False,top15_margin6_smooth30_gap500_min80_win1500,energy_hysteresis_bounded_merge_nonoverlap_v3,True
c7aebd2e-f4d8-4af7-82f5-f0d71f93cae2_seg_0,c7aebd2e-f4d8-4af7-82f5-f0d71f93cae2,train,4,wet,1,weak_expert,6.42,1.0085813999176025,3,3,False,top15_margin6_smooth30_gap500_min80_win1500,energy_hysteresis_bounded_merge_nonoverlap_v3,True
cc3c1f82-0559-4ae6-bcbd-45a61a6178b0_seg_0,cc3c1f82-0559-4ae6-bcbd-45a61a6178b0,train,4,wet,1,weak_expert,9.84,0.8906176090240479,1,1,False,top15_margin6_smooth30_gap500_min80_win1500,energy_hysteresis_bounded_merge_nonoverlap_v3,True
ce02bd1b-5ef9-4840-a9b8-152ba4c8be70_seg_0,ce02bd1b-5ef9-4840-a9b8-152ba4c8be70,train,4,wet,1,weak_expert,9.96,0.9179003238677979,2,2,False,top15_margin6_smooth30_gap500_min80_win1500,energy_hysteresis_bounded_merge_nonoverlap_v3,True
ceedfac8-9acb-4a08-97de-5fead70cd19e_seg_0,ceedfac8-9acb-4a08-97de-5fead70cd19e,train,4,wet,1,weak_expert,8.46,0.6312800645828247,3,3,False,top15_margin6_smooth30_gap500_min80_win1500,energy_hysteresis_bounded_merge_nonoverlap_v3,True
d99023eb-d5f2-4693-95f6-047a6f0142b4_seg_0,d99023eb-d5f2-4693-95f6-047a6f0142b4,train,4,wet,1,weak_expert,9.84,0.8372818827629089,3,3,False,top15_margin6_smooth30_gap500_min80_win1500,energy_hysteresis_bounded_merge_nonoverlap_v3,True
e43f8cad-6593-4258-b428-16671808e8d2_seg_0,e43f8cad-6593-4258-b428-16671808e8d2,train,4,wet,1,weak_expert,9.78,0.9495916366577148,5,5,False,top15_margin6_smooth30_gap500_min80_win1500,energy_hysteresis_bounded_merge_nonoverlap_v3,True
e4729edf-12e5-4ba9-883e-1114c32b90f0_seg_0,e4729edf-12e5-4ba9-883e-1114c32b90f0,train,4,wet,1,weak_expert,4.8,0.778096079826355,2,2,False,top15_margin6_smooth30_gap500_min80_win1500,energy_hysteresis_bounded_merge_nonoverlap_v3,True
ea454263-90d9-43f6-91d3-a82e80a18781_seg_0,ea454263-90d9-43f6-91d3-a82e80a18781,train,4,wet,1,weak_expert,7.98,1.189565896987915,5,5,False,top15_margin6_smooth30_gap500_min80_win1500,energy_hysteresis_bounded_merge_nonoverlap_v3,True
eeae6f7f-bebd-4d8f-9748-d7a59f7628d6_seg_0,eeae6f7f-bebd-4d8f-9748-d7a59f7628d6,train,4,wet,1,weak_expert,9.84,0.8894208073616028,4,4,False,top15_margin6_smooth30_gap500_min80_win1500,energy_hysteresis_bounded_merge_nonoverlap_v3,True
ef4098b8-f694-4b16-89df-c81df3ce4192_seg_0,ef4098b8-f694-4b16-89df-c81df3ce4192,train,4,wet,1,weak_expert,9.78,0.9342823028564453,3,3,False,top15_margin6_smooth30_gap500_min80_win1500,energy_hysteresis_bounded_merge_nonoverlap_v3,True
f0da0dd1-a4d1-47ac-bc31-e9c6ceb05e28_seg_0,f0da0dd1-a4d1-47ac-bc31-e9c6ceb05e28,train,4,wet,1,gold_expert,9.78,0.7926928997039795,3,3,False,top15_margin6_smooth30_gap500_min80_win1500,energy_hysteresis_bounded_merge_nonoverlap_v3,True
f4562a08-6124-4bca-8a0d-0bce0d0877a5_seg_0,f4562a08-6124-4bca-8a0d-0bce0d0877a5,train,4,wet,1,weak_expert,9.84,0.87351393699646,2,2,False,top15_margin6_smooth30_gap500_min80_win1500,energy_hysteresis_bounded_merge_nonoverlap_v3,True
f63fdfe6-071c-480e-bbdb-85cc44accd49_seg_0,f63fdfe6-071c-480e-bbdb-85cc44accd49,train,4,wet,1,weak_expert,9.84,0.9992363452911377,5,5,False,top15_margin6_smooth30_gap500_min80_win1500,energy_hysteresis_bounded_merge_nonoverlap_v3,True
f7f2f111-2861-4eda-a25e-ec6c90b87c2a_seg_0,f7f2f111-2861-4eda-a25e-ec6c90b87c2a,train,4,wet,1,weak_expert,9.12,0.6852931976318359,3,3,False,top15_margin6_smooth30_gap500_min80_win1500,energy_hysteresis_bounded_merge_nonoverlap_v3,True
f99a8315-236c-483b-8222-449dea88604a_seg_0,f99a8315-236c-483b-8222-449dea88604a,train,4,wet,1,weak_expert,4.32,1.04160475730896,2,2,False,top15_margin6_smooth30_gap500_min80_win1500,energy_hysteresis_bounded_merge_nonoverlap_v3,True
