original_uuid,y_true,cough_type,cough_type_consensus,fold,score,sample_count,y_pred,candidate_key
0029d048-898a-4c70-89c7-0815cdcf7391,0,dry,weak_expert,0,-0.22925576932414732,5,0,linear_svm__C0.001__pca64
006d8d1c-2bf6-46a6-8ef2-1823898a4733,0,dry,weak_expert,0,-0.3288802743025582,2,0,linear_svm__C0.001__pca64
00ddf050-6939-4f33-9e54-fcb309b895ec,0,dry,weak_expert,0,-0.07519686460805583,4,0,linear_svm__C0.001__pca64
03c8796e-547e-4158-ae5f-7c613aaeb02f,0,dry,weak_expert,0,-0.03158107908147531,4,0,linear_svm__C0.001__pca64
05458ac9-b4d3-4558-b6b2-b2bf7036f16c,0,dry,weak_expert,0,-0.07988096547703608,2,0,linear_svm__C0.001__pca64
0593e9bf-e162-46c2-b1d5-3bc34ef1fc6f,0,dry,weak_expert,0,-0.05800926697794929,6,0,linear_svm__C0.001__pca64
062c3a7f-a783-4b43-806e-6db83aa0da15,0,dry,weak_expert,0,-0.026082808120930598,6,0,linear_svm__C0.001__pca64
076f59de-0637-4ee1-951c-f2e0784e8a53,0,dry,weak_expert,0,0.3014877159157748,1,1,linear_svm__C0.001__pca64
08024f8a-88fb-4298-9656-04da97112ae6,0,dry,weak_expert,0,-0.1373329956157902,2,0,linear_svm__C0.001__pca64
089f764a-6620-4554-8519-ac64f833a5d5,0,dry,weak_expert,0,-0.10518861532882465,2,0,linear_svm__C0.001__pca64
08d5d346-6219-4e6d-ac06-ef489f2d186c,0,dry,weak_expert,0,-0.12356094692057533,3,0,linear_svm__C0.001__pca64
0b43fe9d-c9d6-4d0d-abf9-52f6b3712325,0,dry,weak_expert,0,-0.1581081608281234,1,0,linear_svm__C0.001__pca64
0e8c849d-9a13-4d43-b6b5-be14a334b77c,0,dry,weak_expert,0,0.05749836901306025,3,0,linear_svm__C0.001__pca64
0ef3c0bc-56c3-44da-bea0-dc31a158414a,0,dry,weak_expert,0,-0.07354699659975694,2,0,linear_svm__C0.001__pca64
0f746594-9aa2-4681-addd-bea6230b9027,0,dry,weak_expert,0,-0.01831338828894269,3,0,linear_svm__C0.001__pca64
11237f1a-3eb2-4cf7-80f7-116df4b1699a,0,dry,weak_expert,0,-0.11466492865209978,3,0,linear_svm__C0.001__pca64
12a7d4c8-1dea-4ba3-a9a9-73fbeca9cc96,0,dry,weak_expert,0,0.11472757993400656,1,1,linear_svm__C0.001__pca64
159c098b-ec97-45cf-aeb7-ff389a98d95c,0,dry,weak_expert,0,-0.21296666456861998,2,0,linear_svm__C0.001__pca64
164ff16d-2af8-4724-9a57-3b3bd7e17839,0,dry,weak_expert,0,0.3315464906774959,2,1,linear_svm__C0.001__pca64
19654d11-2cef-46ec-8007-4a4c7bea60af,0,dry,weak_expert,0,0.04252022359303143,3,0,linear_svm__C0.001__pca64
1adc614f-9f34-451c-ac33-47a411f0a06d,0,dry,weak_expert,0,-0.03199270871707654,4,0,linear_svm__C0.001__pca64
1d1dd53c-0b98-4ebd-a34b-e168bff6b7da,0,dry,weak_expert,0,0.11685679799492842,2,1,linear_svm__C0.001__pca64
1fb47adc-d640-4c2b-a6f2-7e1078caad81,0,dry,weak_expert,0,0.15011593189475694,3,1,linear_svm__C0.001__pca64
24dc7236-522f-4120-b76d-65538ab32b5b,0,dry,weak_expert,0,-0.0007625015860439621,4,0,linear_svm__C0.001__pca64
25a6fb1b-a42c-4728-a2bf-d0613e17d1d7,0,dry,weak_expert,0,-0.04125228428204195,1,0,linear_svm__C0.001__pca64
26abd7b6-569b-41ed-955e-0481ed0368dd,0,dry,weak_expert,0,0.2602619331185926,2,1,linear_svm__C0.001__pca64
271dc530-49dd-4f49-913d-28475b4a150b,0,dry,weak_expert,0,0.04103977986997748,2,0,linear_svm__C0.001__pca64
274fee77-6d89-4b0f-962e-28969658b430,0,dry,weak_expert,0,-0.09936374920816583,2,0,linear_svm__C0.001__pca64
27a23047-925b-4b76-879b-eaeab82e0857,0,dry,weak_expert,0,-0.11441281385473978,3,0,linear_svm__C0.001__pca64
28757e31-b8f6-408c-982e-a016170ab3ef,0,dry,weak_expert,0,0.15815821857088447,1,1,linear_svm__C0.001__pca64
28c76cca-15d8-490a-a785-9bbb5c21fd26,0,dry,weak_expert,0,-0.09394532780202965,3,0,linear_svm__C0.001__pca64
28de464d-b466-45cc-849d-a1c138c96767,0,dry,weak_expert,0,-0.18949729318812622,1,0,linear_svm__C0.001__pca64
29121026-d6b2-4203-8491-227353a60348,0,dry,weak_expert,0,0.06182901603759889,4,1,linear_svm__C0.001__pca64
2b243e9c-37f2-4552-ac69-4cdf0e070b9a,0,dry,weak_expert,0,-0.07629106954298949,1,0,linear_svm__C0.001__pca64
2baa4845-c6e6-44a6-b4f3-f239be93bfa7,0,dry,weak_expert,0,-0.21895996447991328,4,0,linear_svm__C0.001__pca64
2bcd2201-d3ec-466d-a0a1-1305a46aa74a,0,dry,weak_expert,0,0.29942009971264094,1,1,linear_svm__C0.001__pca64
2c148a1a-099b-48dd-97c2-437ecb15d430,0,dry,weak_expert,0,0.023909292007508902,1,0,linear_svm__C0.001__pca64
2d79341b-2ce5-4c6b-82d0-599626f629d6,0,dry,weak_expert,0,0.048891341311056,1,0,linear_svm__C0.001__pca64
2de41de6-fd3d-4948-adca-78ae50b9bb97,0,dry,weak_expert,0,-0.16240911961736365,4,0,linear_svm__C0.001__pca64
2e5be083-a771-4769-99b6-ac9a0473755b,0,dry,weak_expert,0,-0.04571026195358336,3,0,linear_svm__C0.001__pca64
30c7cf4c-a067-4349-99dc-c6fcfea194e0,0,dry,weak_expert,0,-0.2184067208247346,1,0,linear_svm__C0.001__pca64
31a557c8-eaf3-4ab7-b374-5b8b659222c8,0,dry,weak_expert,0,-0.12759424701932248,1,0,linear_svm__C0.001__pca64
31f74e48-2e55-4167-980d-d328138a71a9,0,dry,weak_expert,0,-0.14002767094128019,2,0,linear_svm__C0.001__pca64
332ab58f-9728-4cea-9960-c49151120510,0,dry,weak_expert,0,0.20343730786795,2,1,linear_svm__C0.001__pca64
338ffa66-a7e2-488a-b5a9-d7b808731922,0,dry,weak_expert,0,-0.2605368783074721,5,0,linear_svm__C0.001__pca64
34191fb6-7fb8-4cbf-a5cf-ea458bf4107b,0,dry,weak_expert,0,-0.05983503842584422,5,0,linear_svm__C0.001__pca64
3483aaf8-14e4-44ac-8b20-6f1a05cfa822,0,dry,weak_expert,0,-0.03289215483320941,2,0,linear_svm__C0.001__pca64
349e4ca9-fffa-45ea-95e2-c0843f852555,0,dry,weak_expert,0,0.0469728974843015,4,0,linear_svm__C0.001__pca64
3722d824-c4bc-489d-8a8f-6bb171129e19,0,dry,weak_expert,0,0.1494879454157426,6,1,linear_svm__C0.001__pca64
377c3a4c-b901-49c0-9337-e87560b523d4,0,dry,weak_expert,0,-0.16729249113242836,1,0,linear_svm__C0.001__pca64
37ac823b-4e39-4e85-a6c1-5e1e79979a13,0,dry,gold_expert,0,-0.14491540271376555,4,0,linear_svm__C0.001__pca64
3938fac1-ae70-4148-90ea-59abb26459c1,0,dry,weak_expert,0,-0.13902985660963807,1,0,linear_svm__C0.001__pca64
3960bb7b-56e2-4cad-aa5f-8849b99b5bf5,0,dry,weak_expert,0,-0.14065856014882933,2,0,linear_svm__C0.001__pca64
3aac052c-4344-4350-a877-59f8a5270b02,0,dry,weak_expert,0,-0.29620958761551563,2,0,linear_svm__C0.001__pca64
3be5af36-9e52-465a-81a6-da1c60d350f5,0,dry,weak_expert,0,-0.1565666445684241,5,0,linear_svm__C0.001__pca64
3c3e2950-ff3d-4db5-b079-6db5182f3f92,0,dry,weak_expert,0,0.12579185244195173,4,1,linear_svm__C0.001__pca64
3d74c62a-40cb-4f3f-8851-d3aae9e44b48,0,dry,weak_expert,0,-0.2673579263854095,2,0,linear_svm__C0.001__pca64
3e051a0d-5f5e-4ec6-b0e9-6a97c809cc92,0,dry,weak_expert,0,0.2634475360347809,1,1,linear_svm__C0.001__pca64
3e1be8df-6634-44ef-b0a1-a4ab499f2959,0,dry,weak_expert,0,0.10139107763046051,1,1,linear_svm__C0.001__pca64
3e80334d-1d97-4dc5-a17a-affd1f06011e,0,dry,weak_expert,0,-0.060019054216667644,1,0,linear_svm__C0.001__pca64
41ef8038-b679-44e0-85f2-da3e81e21091,0,dry,weak_expert,0,-0.02860982092188711,1,0,linear_svm__C0.001__pca64
424784ac-85a8-4b14-8447-fce82be45f62,0,dry,weak_expert,0,-0.009458732222269423,2,0,linear_svm__C0.001__pca64
439daf49-ca13-413b-80e8-a8b6928db817,0,dry,weak_expert,0,-0.12610430753832974,4,0,linear_svm__C0.001__pca64
444d9701-cc2f-4dc7-87ff-4f6ada471c3e,0,dry,weak_expert,0,-0.13007263267272717,1,0,linear_svm__C0.001__pca64
456005c3-f550-4770-a091-befce2a7d630,0,dry,weak_expert,0,0.29297272102276545,2,1,linear_svm__C0.001__pca64
4619f7e8-fae5-4477-971c-0568ede350a2,0,dry,weak_expert,0,-0.1839062453796825,6,0,linear_svm__C0.001__pca64
47b47be2-59eb-4ae8-b0ca-e4180f04896c,0,dry,weak_expert,0,-0.02953603085499501,2,0,linear_svm__C0.001__pca64
48ff5e27-832e-4450-9ea5-288a0e6967db,0,dry,weak_expert,0,-0.22348609116823548,2,0,linear_svm__C0.001__pca64
491018d6-fe1e-4b24-9c42-70971ec93615,0,dry,weak_expert,0,0.285891999499829,5,1,linear_svm__C0.001__pca64
49114698-8b5c-40e3-9645-b6a5223658d8,0,dry,weak_expert,0,-0.05316807982553183,2,0,linear_svm__C0.001__pca64
4b9df238-0be3-43bd-aac2-719cf69c853c,0,dry,weak_expert,0,-0.25343496781237684,3,0,linear_svm__C0.001__pca64
4bc5287f-92ae-400e-93b2-037163281e89,0,dry,weak_expert,0,-0.23924248852880386,4,0,linear_svm__C0.001__pca64
4d6cdc78-b5f1-4568-bea9-ae1a49c34ee7,0,dry,weak_expert,0,-0.22571203471930656,2,0,linear_svm__C0.001__pca64
4dba41ae-c9c3-4bf3-a5fb-8d8d2b8809c9,0,dry,gold_expert,0,-0.05068151451029256,1,0,linear_svm__C0.001__pca64
545c655f-89ef-41c5-919a-11b2a09b0e49,0,dry,weak_expert,0,0.0132602309069551,1,0,linear_svm__C0.001__pca64
56db4bed-54ee-4560-b962-cbab7d552621,0,dry,weak_expert,0,0.029948380395262614,4,0,linear_svm__C0.001__pca64
5969183f-bfad-4b72-b11e-5c459b752adc,0,dry,weak_expert,0,-0.06168540369372195,6,0,linear_svm__C0.001__pca64
59ce4d68-d3d6-48c8-9df7-fcd6621899d6,0,dry,weak_expert,0,0.1404786158276482,4,1,linear_svm__C0.001__pca64
5b2342d2-01f8-4ad7-bf13-217601cd3c13,0,dry,weak_expert,0,-0.19035591751288097,5,0,linear_svm__C0.001__pca64
5b306faa-b133-4029-a3b7-26a121ae6a0c,0,dry,weak_expert,0,0.16359997778323024,3,1,linear_svm__C0.001__pca64
5c4b21f1-e8d1-4133-9f78-76b3ef3c5f18,0,dry,weak_expert,0,-0.3963198740427052,2,0,linear_svm__C0.001__pca64
5c4d833f-64ac-4ec0-82d9-3327020c870f,0,dry,weak_expert,0,0.19530074817131057,3,1,linear_svm__C0.001__pca64
5c8604ef-6403-454a-b8ec-0151a37d6ef6,0,dry,weak_expert,0,0.17271759557683564,2,1,linear_svm__C0.001__pca64
5cc60202-8998-426d-8e01-e05fc091f7ed,0,dry,weak_expert,0,0.08972012743664069,3,1,linear_svm__C0.001__pca64
5e0b6e89-d9b6-4cca-984d-cdcae3fdd4c0,0,dry,weak_expert,0,0.12776538441199087,5,1,linear_svm__C0.001__pca64
5f081467-1e54-4162-8cb2-1c2d11a26edf,0,dry,weak_expert,0,0.14178699872097295,1,1,linear_svm__C0.001__pca64
5f0a1915-2cd5-41fb-9887-e17ab27b515e,0,dry,weak_expert,0,0.074276118513178,3,1,linear_svm__C0.001__pca64
5fe2cece-1061-4f53-b4ac-64a07efc6ba1,0,dry,weak_expert,0,0.0157249026331705,5,0,linear_svm__C0.001__pca64
60ab1646-c540-4179-ae54-ca83767edff1,0,dry,weak_expert,0,0.08782464550245735,3,1,linear_svm__C0.001__pca64
611e6287-ba3d-4300-837c-76f185566428,0,dry,weak_expert,0,-0.21651605307971517,1,0,linear_svm__C0.001__pca64
61716d56-8676-4234-8cbc-c2ea724c1405,0,dry,weak_expert,0,0.005629672437129955,3,0,linear_svm__C0.001__pca64
61f98ca8-54c9-4a7f-90f3-82c1c34ca600,0,dry,weak_expert,0,-0.06678626667483772,2,0,linear_svm__C0.001__pca64
6273e21b-563c-46dd-8cd0-ad353463cbbb,0,dry,weak_expert,0,0.2423574964098551,1,1,linear_svm__C0.001__pca64
62a60e4e-eab7-4574-9f04-c6a3cbfdc6f4,0,dry,weak_expert,0,-0.15720577684050005,3,0,linear_svm__C0.001__pca64
62b3a308-0d2b-428c-954c-60fb4a3315a1,0,dry,weak_expert,0,0.06962703950596058,3,1,linear_svm__C0.001__pca64
639c0947-16a5-421a-af60-96ddfa896024,0,dry,weak_expert,0,-0.08646910978548779,2,0,linear_svm__C0.001__pca64
647da923-9dfe-4527-9ec6-473b8fb791ca,0,dry,weak_expert,0,0.02975116298469068,1,0,linear_svm__C0.001__pca64
654a2bab-b45a-4042-bc07-554a59105bbd,0,dry,weak_expert,0,-0.036036401295835074,4,0,linear_svm__C0.001__pca64
658daf16-7fc3-4640-911e-81dac60a2df9,0,dry,weak_expert,0,-0.2571542199169403,1,0,linear_svm__C0.001__pca64
6793221c-3716-4cbb-9eb0-58afe524e8b8,0,dry,weak_expert,0,-0.06214926420263569,4,0,linear_svm__C0.001__pca64
69317fad-cc19-43fe-8537-782fc415ee7c,0,dry,gold_expert,0,-0.06700836092186836,1,0,linear_svm__C0.001__pca64
69e7b5c5-0469-42dd-b68f-9a7f7637425b,0,dry,weak_expert,0,0.11404718611856317,5,1,linear_svm__C0.001__pca64
6a2ffeef-99c5-4765-8dac-92aec8459d79,0,dry,weak_expert,0,0.06489563354069895,4,1,linear_svm__C0.001__pca64
6afffb59-71d0-4a4c-b575-cde463c0a24a,0,dry,weak_expert,0,0.016895224607104936,4,0,linear_svm__C0.001__pca64
6dd2d1e3-e140-489f-905f-007a7f54321c,0,dry,weak_expert,0,0.07215006461095066,4,1,linear_svm__C0.001__pca64
6dfae390-f7b5-467c-9600-3f13c33f0988,0,dry,weak_expert,0,0.03564502215714365,1,0,linear_svm__C0.001__pca64
70199b46-18c6-42f7-8a56-ceaa854a6acf,0,dry,weak_expert,0,-0.08102310007557754,3,0,linear_svm__C0.001__pca64
707d9dbf-1621-4eac-a157-1393de750d7b,0,dry,weak_expert,0,0.054652567921797394,4,0,linear_svm__C0.001__pca64
70b6cbf4-70cd-4f35-874e-9125a59aa0f3,0,dry,weak_expert,0,-0.23119385040493284,1,0,linear_svm__C0.001__pca64
7234b112-4ea3-43ab-89ad-c1fd9aa33a3b,0,dry,weak_expert,0,-0.13786320243964637,3,0,linear_svm__C0.001__pca64
72b95c95-1a95-437c-9d52-86b53461b304,0,dry,weak_expert,0,-0.22207696937986734,3,0,linear_svm__C0.001__pca64
73fc1cdd-e291-46f7-9353-4a7b93cd08de,0,dry,weak_expert,0,-0.0714948570562872,2,0,linear_svm__C0.001__pca64
760cb050-4175-4498-817d-a9976e359c52,0,dry,weak_expert,0,0.040668761185277756,3,0,linear_svm__C0.001__pca64
764d2729-f572-490a-8f22-1397e2e19906,0,dry,weak_expert,0,-0.04835291757731191,3,0,linear_svm__C0.001__pca64
76a03d41-09de-4d00-b1e6-0cedf0b3dbda,0,dry,weak_expert,0,0.07356186382184873,1,1,linear_svm__C0.001__pca64
77f44d08-0f8a-47e1-97ca-7f791704a951,0,dry,weak_expert,0,-0.019924439756987575,2,0,linear_svm__C0.001__pca64
78c1fbe5-0d8a-4747-b238-bdb66e3fceb2,0,dry,weak_expert,0,0.12283996314984365,3,1,linear_svm__C0.001__pca64
796748e0-b012-44f0-9725-dea2bf495f2f,0,dry,weak_expert,0,-0.014007013586459088,2,0,linear_svm__C0.001__pca64
7a963229-e38d-49b0-b5af-15d1721667ca,0,dry,weak_expert,0,0.20041551846921588,3,1,linear_svm__C0.001__pca64
7b423206-e57c-463b-a43b-c82cdb055f26,0,dry,weak_expert,0,-0.015011816916485133,1,0,linear_svm__C0.001__pca64
7bcb0830-15ab-4bbb-9dc4-2f49bd4f2160,0,dry,weak_expert,0,-0.14285517777484116,3,0,linear_svm__C0.001__pca64
7c48edd6-5800-4899-8f0a-c458c1b39e68,0,dry,weak_expert,0,-0.13210951886405112,1,0,linear_svm__C0.001__pca64
7cb4843e-bdf2-4dbc-9956-bf2464cb6c7d,0,dry,weak_expert,0,0.003055124382252033,2,0,linear_svm__C0.001__pca64
7dc52a58-ffa9-450c-b557-99386ae99915,0,dry,weak_expert,0,-0.18144034543757023,7,0,linear_svm__C0.001__pca64
82879368-f357-4032-b87a-5268db64e247,0,dry,weak_expert,0,-0.3271962661591202,7,0,linear_svm__C0.001__pca64
83d26908-f355-426a-b5dc-92dee890482d,0,dry,weak_expert,0,-0.20119225832853804,2,0,linear_svm__C0.001__pca64
83e76c73-4e06-4e49-ae0d-354e2974745f,0,dry,weak_expert,0,-0.08176296111699706,1,0,linear_svm__C0.001__pca64
86b4b29b-2c0f-40e3-9d37-644b492ea570,0,dry,weak_expert,0,-0.13119054742436942,6,0,linear_svm__C0.001__pca64
888f0bc9-1781-494d-9076-a977bc8ae3e1,0,dry,weak_expert,0,0.057035771684504945,1,0,linear_svm__C0.001__pca64
89385120-2b52-4c61-9e36-05e5b032a8ce,0,dry,weak_expert,0,-0.19351101626563005,2,0,linear_svm__C0.001__pca64
8d553d2b-0679-4122-9502-ac2f14c83513,0,dry,weak_expert,0,0.44303693703077895,2,1,linear_svm__C0.001__pca64
8f71d0b4-c179-44a9-afb5-cc85047aca9d,0,dry,weak_expert,0,-0.29895256408281784,2,0,linear_svm__C0.001__pca64
90120a9b-ee30-4bef-b649-c725c986312e,0,dry,weak_expert,0,-0.16609695966831342,1,0,linear_svm__C0.001__pca64
91e91fae-a111-4143-92c1-46b841db99f8,0,dry,weak_expert,0,-0.2186877827947178,1,0,linear_svm__C0.001__pca64
93e121aa-1c8b-4b9a-b446-cbe4ddbcdaf4,0,dry,weak_expert,0,-0.2851645219523383,2,0,linear_svm__C0.001__pca64
942152b1-4a8f-4d9b-a4e6-43f61504e589,0,dry,weak_expert,0,0.09871583212626718,2,1,linear_svm__C0.001__pca64
94ad74ad-5a8c-406c-9c1a-18e281d53b9d,0,dry,weak_expert,0,0.18024195936419188,3,1,linear_svm__C0.001__pca64
94c5e62b-3dd7-4586-9705-3eaaaaa68ec9,0,dry,weak_expert,0,-0.3891936385119253,1,0,linear_svm__C0.001__pca64
952475ba-04d5-4885-8e0b-52fe17a059da,0,dry,weak_expert,0,-0.11378582353986377,3,0,linear_svm__C0.001__pca64
95e40d65-5398-4dd8-bda8-5da98d06ed80,0,dry,weak_expert,0,0.020458079867705755,2,0,linear_svm__C0.001__pca64
96f63bc1-4c6d-4dc9-84c3-43d5b69d4a87,0,dry,weak_expert,0,-0.17115896793992763,2,0,linear_svm__C0.001__pca64
96fd8500-a077-4d0a-bcd4-d6d5f747c2da,0,dry,weak_expert,0,0.10109824037142186,2,1,linear_svm__C0.001__pca64
97c784f1-0322-45e1-9bb3-9a751ce1897b,0,dry,weak_expert,0,0.01760915655331343,1,0,linear_svm__C0.001__pca64
97d266b1-7856-47f3-9273-224e1f27be4c,0,dry,weak_expert,0,-0.03554602774492415,1,0,linear_svm__C0.001__pca64
98f74976-5070-4f9b-bcb9-b706b04da3cb,0,dry,weak_expert,0,0.0023305805252749057,2,0,linear_svm__C0.001__pca64
99b2dc16-7b5f-4d45-99b2-c3768262be3a,0,dry,weak_expert,0,-0.13239292278050968,2,0,linear_svm__C0.001__pca64
9a5b90f0-06d5-4748-a260-e888ace7e53d,0,dry,weak_expert,0,0.3721425302082873,3,1,linear_svm__C0.001__pca64
9b4f0155-35d2-4868-90e7-a61d2fa473a6,0,dry,weak_expert,0,0.1777742292666133,2,1,linear_svm__C0.001__pca64
9c1ac649-8b03-4868-9146-e665daa17d7d,0,dry,weak_expert,0,-0.10289360601180379,3,0,linear_svm__C0.001__pca64
9cb306f5-47a1-441c-888a-34ad29f5983c,0,dry,gold_expert,0,-0.06209325544243912,6,0,linear_svm__C0.001__pca64
9e949ada-abdf-41f2-8d03-bbd3d1ea4754,0,dry,weak_expert,0,0.02420882870412827,1,0,linear_svm__C0.001__pca64
9ecb18ca-483d-400f-a049-1a078a483c50,0,dry,weak_expert,0,-0.012488131854157342,2,0,linear_svm__C0.001__pca64
9f7c176a-ae7d-407a-88a2-b0ee714858d7,0,dry,weak_expert,0,-0.17068761768429513,2,0,linear_svm__C0.001__pca64
a1182546-5e99-4ba4-b941-351c79866173,0,dry,weak_expert,0,0.09652864874529833,3,1,linear_svm__C0.001__pca64
a147e909-0e90-442b-adc4-b8487de75504,0,dry,weak_expert,0,-0.1897491123247374,4,0,linear_svm__C0.001__pca64
a14ac807-5cf3-44d8-acd6-830dd0d086ea,0,dry,weak_expert,0,0.035283773999503026,1,0,linear_svm__C0.001__pca64
a2ae6c67-9ab7-4d42-b4c5-e04d890493b2,0,dry,weak_expert,0,0.034576169007443286,2,0,linear_svm__C0.001__pca64
a2bd77dd-61f9-494d-b6b5-306ada124f30,0,dry,weak_expert,0,-0.01676237720433659,3,0,linear_svm__C0.001__pca64
a30b1432-29fe-4a4d-953a-fb1edec1b468,0,dry,weak_expert,0,-0.38209645562867084,1,0,linear_svm__C0.001__pca64
a55596ff-f478-4f96-8a86-5ba5a50d9c8e,0,dry,weak_expert,0,-0.29432258719647636,2,0,linear_svm__C0.001__pca64
a583d3cc-ab0f-449a-9692-977714b3050e,0,dry,weak_expert,0,-0.08079704198627997,2,0,linear_svm__C0.001__pca64
a75adc66-7f70-4f0f-91f7-7a2a2eac61e9,0,dry,gold_expert,0,0.05979656940015196,2,0,linear_svm__C0.001__pca64
aa27859e-d3a3-4a40-a241-8ebdc849017a,0,dry,weak_expert,0,0.10337351792198234,3,1,linear_svm__C0.001__pca64
aa3632d1-d3e9-4ce4-9d29-d1f056fa3dfe,0,dry,weak_expert,0,-0.3556656174868861,1,0,linear_svm__C0.001__pca64
aa697a0c-34a2-4257-b1d8-1ebf5dee5be8,0,dry,weak_expert,0,-0.1279609070047601,4,0,linear_svm__C0.001__pca64
ab77c2d6-edf7-4368-8cb1-5d8f1b928cef,0,dry,weak_expert,0,-0.38702472434685525,3,0,linear_svm__C0.001__pca64
abb11855-0da7-468d-844b-91a228cd3eed,0,dry,weak_expert,0,-0.23523633321656737,1,0,linear_svm__C0.001__pca64
abf2af4d-9369-40e9-873b-73dca08ae7a1,0,dry,weak_expert,0,0.0971976729649099,3,1,linear_svm__C0.001__pca64
acae37ea-edb8-45fe-9a10-5b7af79c17ec,0,dry,weak_expert,0,0.10993595987826509,2,1,linear_svm__C0.001__pca64
ad627ce9-0279-4e8f-b029-95f5a79f5a0a,0,dry,weak_expert,0,0.09664087896025729,3,1,linear_svm__C0.001__pca64
adddfa9b-c016-4e58-8275-308501fc13d9,0,dry,weak_expert,0,0.008165308481885646,1,0,linear_svm__C0.001__pca64
adf406f5-b1bc-432a-ae5a-78c52fc95292,0,dry,weak_expert,0,-0.2018775542703741,4,0,linear_svm__C0.001__pca64
ae4b17b8-7b3f-434a-a894-d4257c7394f5,0,dry,weak_expert,0,0.06525592379647854,1,1,linear_svm__C0.001__pca64
aeb567c4-529c-43c7-9075-21537e836d4d,0,dry,weak_expert,0,-0.09727789479492858,3,0,linear_svm__C0.001__pca64
aef400f0-6e03-43be-9928-a91660eb3988,0,dry,weak_expert,0,-0.10081802538490876,4,0,linear_svm__C0.001__pca64
b26b3150-4026-442d-b1ac-6b3ab2a991b3,0,dry,weak_expert,0,-0.3495246136961144,3,0,linear_svm__C0.001__pca64
b2b52448-2ff5-4aa3-a43d-a4e3711d85bb,0,dry,weak_expert,0,0.06132882248619658,3,1,linear_svm__C0.001__pca64
b2cb86f2-d182-4a2f-9321-5b19ddadf4f4,0,dry,weak_expert,0,-0.14240402452450696,4,0,linear_svm__C0.001__pca64
b349c0bf-5c56-4ee5-9d0d-d050d8dd9ab6,0,dry,weak_expert,0,-0.15704630825043323,3,0,linear_svm__C0.001__pca64
b374149f-cdc9-4865-9151-e229bb0ab98b,0,dry,weak_expert,0,0.015267507246628018,4,0,linear_svm__C0.001__pca64
b3bc167c-616b-47e4-a4ff-95e1d40dfdfd,0,dry,weak_expert,0,-0.019149308799435424,4,0,linear_svm__C0.001__pca64
b492f127-ee29-4a55-b479-80e5e3a8a66a,0,dry,weak_expert,0,0.3215981847246998,1,1,linear_svm__C0.001__pca64
b4b17de3-ac90-415a-8e2c-393d6cc02618,0,dry,weak_expert,0,-0.08919160470126435,3,0,linear_svm__C0.001__pca64
b50f238c-3493-4782-b1e3-9c76f751d9e5,0,dry,weak_expert,0,-0.052724838605062024,2,0,linear_svm__C0.001__pca64
b618923d-796d-4adb-ae9e-266ab08f1249,0,dry,gold_expert,0,-0.03435650425664151,2,0,linear_svm__C0.001__pca64
b8738fc2-42d8-460e-97aa-ee731e15b21d,0,dry,weak_expert,0,-0.22122714563566465,2,0,linear_svm__C0.001__pca64
b97f011c-062b-4fdd-a65d-4f1d8ab1bd09,0,dry,weak_expert,0,-0.28878714776257064,2,0,linear_svm__C0.001__pca64
ba6f354e-2189-4b93-b037-c07ee2e72f40,0,dry,weak_expert,0,-0.08852985686690429,2,0,linear_svm__C0.001__pca64
bab59cef-c297-42f0-9c47-1371e791ea7b,0,dry,weak_expert,0,0.13695850980224916,1,1,linear_svm__C0.001__pca64
bae0c88f-852c-4f3f-8141-d037c777459e,0,dry,gold_expert,0,0.11253719305561267,2,1,linear_svm__C0.001__pca64
bb9766af-74b9-4533-ac93-e0d75f7bd7ba,0,dry,gold_expert,0,-0.0014769502658734251,2,0,linear_svm__C0.001__pca64
bb9cd351-d75d-4bd6-9140-7f88a8209871,0,dry,weak_expert,0,0.16152063431513775,6,1,linear_svm__C0.001__pca64
bde99a5c-a804-4daf-a4d5-897fb72d5060,0,dry,weak_expert,0,0.12221663894072522,2,1,linear_svm__C0.001__pca64
be482d71-4ab2-453d-abd8-e1a7fdeedb06,0,dry,weak_expert,0,0.11564513911019936,3,1,linear_svm__C0.001__pca64
be808b39-ff71-4d98-99c0-97436d1e198a,0,dry,weak_expert,0,0.1066956486667258,2,1,linear_svm__C0.001__pca64
bf990e0e-bbf6-4233-8578-e77aea74a3b1,0,dry,weak_expert,0,-0.06660665196624567,2,0,linear_svm__C0.001__pca64
bfa6b379-56e3-4144-ac7c-17d7269e9865,0,dry,weak_expert,0,-0.0780967882205835,2,0,linear_svm__C0.001__pca64
c1243982-1f22-433f-b178-a27ebdef63ae,0,dry,weak_expert,0,-0.12125664061950739,4,0,linear_svm__C0.001__pca64
c3382b37-9f19-4379-b488-68f636a6c684,0,dry,gold_expert,0,-0.05695483142229055,2,0,linear_svm__C0.001__pca64
c4a0fa78-e10b-43bc-896a-329bc997ffe8,0,dry,weak_expert,0,-0.2034497959638149,2,0,linear_svm__C0.001__pca64
c4fbbd15-173c-4440-988c-b091e35aa978,0,dry,weak_expert,0,0.2445675711102755,2,1,linear_svm__C0.001__pca64
c591e11e-6fdb-4685-8ae1-44576d877831,0,dry,weak_expert,0,-0.10437538451382507,3,0,linear_svm__C0.001__pca64
c6d2eece-2c2b-4192-939e-0096ad9e3332,0,dry,weak_expert,0,0.1264229665087487,2,1,linear_svm__C0.001__pca64
c7f04242-4649-488a-bf21-72fa488e1c5b,0,dry,weak_expert,0,-0.11995843310484593,3,0,linear_svm__C0.001__pca64
c91f755a-e37e-4106-a90a-bb0672fdfd24,0,dry,weak_expert,0,-0.3945449542511841,2,0,linear_svm__C0.001__pca64
c9c17bea-4fb9-40de-8d10-a45f61420be0,0,dry,weak_expert,0,0.16035445048226166,2,1,linear_svm__C0.001__pca64
c9c4445b-fbd3-4f4d-9ca2-282a669d79c4,0,dry,weak_expert,0,-0.18988872784766334,6,0,linear_svm__C0.001__pca64
ca8d6795-2841-48a0-9d9b-9e00f9e866c3,0,dry,weak_expert,0,-0.08373256022012274,5,0,linear_svm__C0.001__pca64
cbfd3865-b0fe-4f54-86ba-d93c47feeb2f,0,dry,weak_expert,0,-0.17527936333448266,1,0,linear_svm__C0.001__pca64
ccd3279c-e351-4e6b-a142-fd3f48c3b052,0,dry,weak_expert,0,-0.0822267179165381,4,0,linear_svm__C0.001__pca64
ccdfd92d-e6f1-42ce-8781-ff6d04f7f628,0,dry,weak_expert,0,-0.006606425608447791,4,0,linear_svm__C0.001__pca64
cfbda12e-fdc6-4749-a7ec-3a81c3106317,0,dry,weak_expert,0,-0.28668851292462555,7,0,linear_svm__C0.001__pca64
d293ce7d-1898-4c66-bfd2-c3c329e82408,0,dry,weak_expert,0,-0.16967129234256254,6,0,linear_svm__C0.001__pca64
d57e15cf-e837-4e9e-a777-c3ee24fcb72b,0,dry,weak_expert,0,-0.2744755864629757,6,0,linear_svm__C0.001__pca64
d6ee9da5-ff1d-4677-9ab2-da397e3267c4,0,dry,weak_expert,0,-0.042116611200778274,2,0,linear_svm__C0.001__pca64
d70748e6-0e82-4760-a2fc-d63b01d3c65c,0,dry,weak_expert,0,0.22268261788343235,2,1,linear_svm__C0.001__pca64
d70f7518-e3e8-46f3-a4fe-fa43363f16ca,0,dry,weak_expert,0,-0.24211879333146907,2,0,linear_svm__C0.001__pca64
d81a9166-5e95-4654-b0d3-66f14ddbe8ae,0,dry,weak_expert,0,-0.06561533574285276,4,0,linear_svm__C0.001__pca64
d82590cb-e28c-4a04-8406-416a86e15c86,0,dry,weak_expert,0,-0.35803930522312705,3,0,linear_svm__C0.001__pca64
d89c7657-6010-4137-9ec1-c152c46790c9,0,dry,weak_expert,0,0.02334582942158802,4,0,linear_svm__C0.001__pca64
dacc51e7-099f-48b3-9462-d9ef5c8c9d3d,0,dry,weak_expert,0,0.1883254614531986,3,1,linear_svm__C0.001__pca64
db72efa4-78a9-40e7-a450-0affcd4c96b6,0,dry,weak_expert,0,-0.027495272529598005,2,0,linear_svm__C0.001__pca64
dddb1a55-d976-40bc-ad41-cdc713623e03,0,dry,gold_expert,0,-0.000993116343598983,4,0,linear_svm__C0.001__pca64
de7b422a-c5cb-4b9a-9bbd-1c4545ead02c,0,dry,weak_expert,0,0.0801203045696781,4,1,linear_svm__C0.001__pca64
df35b241-5aff-4f49-80f6-4ef5fabc115c,0,dry,weak_expert,0,0.21636720173504476,2,1,linear_svm__C0.001__pca64
e0bd94ad-3476-4149-a368-f13f68f56fbc,0,dry,weak_expert,0,0.12030889416345233,1,1,linear_svm__C0.001__pca64
e0f90aa2-e38a-446a-aade-19b461eb2bf8,0,dry,weak_expert,0,-0.1924078305627127,2,0,linear_svm__C0.001__pca64
e3bc1069-6c55-448f-8d73-8d6b8aaa715a,0,dry,weak_expert,0,-0.03998339228482205,5,0,linear_svm__C0.001__pca64
e5afc038-4511-49d8-9540-07e27a990096,0,dry,weak_expert,0,-0.005908570835929015,4,0,linear_svm__C0.001__pca64
e5e9bc03-88b3-432f-b8d1-ca8891b72912,0,dry,weak_expert,0,0.04201946514706478,2,0,linear_svm__C0.001__pca64
e84454f0-c5a0-4447-a20e-661620e7623d,0,dry,weak_expert,0,0.21116869646842473,3,1,linear_svm__C0.001__pca64
e8527a0e-96c9-4026-96c2-3b3a3508f3ee,0,dry,weak_expert,0,-0.02489798899974578,3,0,linear_svm__C0.001__pca64
ea550a6f-3b55-4beb-9aa3-1325feed86ab,0,dry,weak_expert,0,0.045443604068804405,2,0,linear_svm__C0.001__pca64
ea783521-7fe9-4e65-9dd1-ba4d30126bae,0,dry,weak_expert,0,-0.034892264082174655,3,0,linear_svm__C0.001__pca64
ec53685a-d497-492f-a753-2e0418ee6e1d,0,dry,weak_expert,0,-0.2137215917022666,1,0,linear_svm__C0.001__pca64
ee81db75-dd90-45fc-a2a4-3dfb689f2fbd,0,dry,weak_expert,0,-0.09045024993489464,4,0,linear_svm__C0.001__pca64
f0be2916-492b-4de5-9061-015407dfe010,0,dry,weak_expert,0,0.18014493630072342,2,1,linear_svm__C0.001__pca64
f25876a9-e307-41a9-bd78-7ab345f9925e,0,dry,weak_expert,0,-0.1584013078114018,3,0,linear_svm__C0.001__pca64
f2d57d35-d8f6-480d-bb64-58a5676ed09c,0,dry,weak_expert,0,0.27038899313451115,4,1,linear_svm__C0.001__pca64
f4748a2e-b4b7-4b87-be75-8352db1c9b25,0,dry,weak_expert,0,0.18831409403197558,1,1,linear_svm__C0.001__pca64
f4eaf2ba-b2e3-4755-893e-6ddb786189c9,0,dry,gold_expert,0,-0.1527016014215786,3,0,linear_svm__C0.001__pca64
f5a661dc-8161-4842-b1c3-cd7265896101,0,dry,weak_expert,0,0.020861166584263114,3,0,linear_svm__C0.001__pca64
f6205ed8-a1cc-4685-aadc-c5bf8cc87490,0,dry,weak_expert,0,-0.02327554637672323,3,0,linear_svm__C0.001__pca64
f98206a8-8669-4527-b3c8-7064c9aa929e,0,dry,weak_expert,0,-0.06931416514643997,3,0,linear_svm__C0.001__pca64
f9b7c88c-63c0-489e-80c7-75ac6b11c182,0,dry,weak_expert,0,-0.1518777679802101,6,0,linear_svm__C0.001__pca64
fcc3203a-cc1f-4eb8-a652-39a43311f598,0,dry,weak_expert,0,-0.1786012487780293,5,0,linear_svm__C0.001__pca64
febc1922-0a6f-4667-8f5a-d28efdcd993d,0,dry,weak_expert,0,-0.02425353833031889,4,0,linear_svm__C0.001__pca64
ff8363d2-016d-4738-9499-4c62480886fb,0,dry,weak_expert,0,-0.20811923020926446,3,0,linear_svm__C0.001__pca64
ffedc843-bfc2-4ad6-a749-2bc86bdac84a,0,dry,weak_expert,0,-0.28606721152181697,1,0,linear_svm__C0.001__pca64
034aa6d3-6673-47a1-a319-325aa9be44a2,1,wet,weak_expert,0,-0.1622959184472228,2,0,linear_svm__C0.001__pca64
0a03da19-eb19-4f51-9860-78ad95fa8cb5,1,wet,weak_expert,0,-0.3385703923222251,1,0,linear_svm__C0.001__pca64
0b0d7e10-8353-4124-a16b-bf96e405f63c,1,wet,weak_expert,0,-0.03202685866614263,2,0,linear_svm__C0.001__pca64
0b467189-37bc-488a-bf88-43611762fea8,1,wet,weak_expert,0,0.11385177012709143,2,1,linear_svm__C0.001__pca64
0bbac203-c99f-4895-ad6a-85202f1d93a2,1,wet,weak_expert,0,0.15263038515182403,1,1,linear_svm__C0.001__pca64
0ed0f24e-8e57-4183-9b9f-837a701f87df,1,wet,weak_expert,0,0.1379301616093764,1,1,linear_svm__C0.001__pca64
13bbc1cd-358b-4e90-9a35-31428809eb2a,1,wet,weak_expert,0,0.21167233340887465,1,1,linear_svm__C0.001__pca64
18722fbe-d240-457a-a0fc-2d9d09bfbcc8,1,wet,weak_expert,0,-0.027345821328970468,4,0,linear_svm__C0.001__pca64
191dca0e-7951-4aa3-9764-2761bd511955,1,wet,weak_expert,0,-0.2044588148181243,3,0,linear_svm__C0.001__pca64
1c21cb68-6ea8-4aa1-af22-2e64007554d7,1,wet,weak_expert,0,-0.10583021390693771,4,0,linear_svm__C0.001__pca64
2295a6f8-08d5-467f-8534-8329c9083f28,1,wet,weak_expert,0,0.10049058738981398,5,1,linear_svm__C0.001__pca64
2499bd0e-4221-449a-8184-ee15e1c80b35,1,wet,weak_expert,0,0.12747449865950716,1,1,linear_svm__C0.001__pca64
255387fa-5934-4b9b-8c6d-9de47c3841b0,1,wet,weak_expert,0,-0.2708631067948567,4,0,linear_svm__C0.001__pca64
2af862d9-7cac-4270-97de-ae4b4c293d07,1,wet,weak_expert,0,-0.12624699346536977,6,0,linear_svm__C0.001__pca64
2de3fb8f-20a6-4fa5-8428-11cad3338d37,1,wet,weak_expert,0,-0.17836510785942677,1,0,linear_svm__C0.001__pca64
332d696d-74bf-49ef-998a-764316780ee5,1,wet,weak_expert,0,0.029702990921212487,1,0,linear_svm__C0.001__pca64
338f9eb0-d1eb-4448-b183-15d75afece8c,1,wet,weak_expert,0,0.21100982793690892,1,1,linear_svm__C0.001__pca64
3481b694-34fe-4b03-a529-88ef085815fd,1,wet,weak_expert,0,0.1821753225111272,5,1,linear_svm__C0.001__pca64
34e4c711-fd77-4f76-babf-76437885227e,1,wet,weak_expert,0,-0.18614108512095498,3,0,linear_svm__C0.001__pca64
35647ec0-1566-4df0-ae5d-27b0357ece7c,1,wet,weak_expert,0,0.028420932165585184,3,0,linear_svm__C0.001__pca64
38c23848-68c1-41a6-b8c8-5d0685dc0246,1,wet,weak_expert,0,0.034874630109371696,3,0,linear_svm__C0.001__pca64
3c0efb34-6a14-4b8f-b759-b6e8f2a3c479,1,wet,weak_expert,0,-0.13131071686100523,2,0,linear_svm__C0.001__pca64
3d1a50bb-5d38-459e-91a0-e57c3ac04e45,1,wet,weak_expert,0,-0.008998322717236282,3,0,linear_svm__C0.001__pca64
3ecfa0a9-d972-4958-9e46-44dcf980601f,1,wet,weak_expert,0,0.1678331455945612,3,1,linear_svm__C0.001__pca64
42dcff9d-b2e1-4b9e-bd93-81a0a100d232,1,wet,weak_expert,0,0.4776395627473173,2,1,linear_svm__C0.001__pca64
43d84d62-8837-479b-bcb6-30effd9ecbc3,1,wet,weak_expert,0,-0.010697624101331682,3,0,linear_svm__C0.001__pca64
44e9099f-aac3-4669-a80c-2ee40d65faef,1,wet,weak_expert,0,-0.1860770768679223,2,0,linear_svm__C0.001__pca64
494f9956-42e9-4cbf-803a-796e3bff2844,1,wet,weak_expert,0,-0.21133729464860537,3,0,linear_svm__C0.001__pca64
4b03a48f-c4d7-41c6-9567-678141df90e1,1,wet,weak_expert,0,0.614990364507277,1,1,linear_svm__C0.001__pca64
4c56d691-9cda-499c-8613-59a9c5659003,1,wet,weak_expert,0,0.04830681673780551,1,0,linear_svm__C0.001__pca64
4ca22143-61f2-4f7a-a73e-6304d31a3871,1,wet,weak_expert,0,-0.24356935502673077,1,0,linear_svm__C0.001__pca64
4fcf0262-b38d-438e-8253-c4f45d20071d,1,wet,weak_expert,0,-0.07088780859375117,3,0,linear_svm__C0.001__pca64
4ff8d59c-1714-4de5-bdd0-15e6f5bafb6b,1,wet,weak_expert,0,-0.09765190771391463,3,0,linear_svm__C0.001__pca64
56da1f04-fe81-4928-a1de-0f3b9d333c12,1,wet,weak_expert,0,0.01755239581443302,3,0,linear_svm__C0.001__pca64
5ab08ae7-0124-4a60-a2dc-d4a0845cc55b,1,wet,weak_expert,0,0.26924553417814334,1,1,linear_svm__C0.001__pca64
5b3b1fd8-70c2-4b40-b759-e2cad6fe9a97,1,wet,weak_expert,0,-0.2027717815857873,2,0,linear_svm__C0.001__pca64
6462d540-48bc-410b-b08e-cdf0b45ee118,1,wet,gold_expert,0,-0.20511906066472346,2,0,linear_svm__C0.001__pca64
6ad6d999-71c0-409b-970e-03aee3078306,1,wet,weak_expert,0,0.005706281513456576,2,0,linear_svm__C0.001__pca64
6ea6af0c-0f77-46d6-a65b-8df3a925d231,1,wet,weak_expert,0,0.012747524304669399,3,0,linear_svm__C0.001__pca64
706b1acc-0e61-499e-abb1-43de015eef46,1,wet,weak_expert,0,-0.13088985120991736,3,0,linear_svm__C0.001__pca64
73786652-bf01-4a78-8e04-7c44a77d5108,1,wet,weak_expert,0,-0.014721885425690959,2,0,linear_svm__C0.001__pca64
752cd126-1698-4d9d-9649-a1177196d769,1,wet,weak_expert,0,0.004774789815210877,3,0,linear_svm__C0.001__pca64
7667763a-3a74-4a29-b5f3-67b626922e05,1,wet,weak_expert,0,-0.11427680393077354,4,0,linear_svm__C0.001__pca64
7b5698cb-b713-4f6d-bb5f-6142b6f509a3,1,wet,weak_expert,0,0.17684986387213758,1,1,linear_svm__C0.001__pca64
80cb70ea-369c-44aa-b304-b72b5fe3d07b,1,wet,weak_expert,0,0.26791201251919095,4,1,linear_svm__C0.001__pca64
88e12b5e-5946-4d70-b2e2-20fc2d8d7d0f,1,wet,weak_expert,0,0.16697054600401454,5,1,linear_svm__C0.001__pca64
8960f83e-bc0f-48f9-b913-a905b11378d8,1,wet,weak_expert,0,0.1578044270497577,4,1,linear_svm__C0.001__pca64
8a7a47d9-7bcc-4eb2-9b93-bf2bf0eccba8,1,wet,weak_expert,0,-0.16115153151482492,1,0,linear_svm__C0.001__pca64
8e40d48d-8f5d-4892-8103-451b2679283f,1,wet,weak_expert,0,0.20738695419490077,2,1,linear_svm__C0.001__pca64
906c93d3-6615-478b-a7a1-803a5a15d360,1,wet,weak_expert,0,0.009116577792565703,3,0,linear_svm__C0.001__pca64
93711a18-72ba-4e31-a846-73e3baf84128,1,wet,weak_expert,0,-0.20264550450102992,4,0,linear_svm__C0.001__pca64
980be57b-b54c-4e5e-871f-41ef7785dae5,1,wet,weak_expert,0,-0.2643285205404397,1,0,linear_svm__C0.001__pca64
9aad0bb1-3d4e-430b-964f-2a8b27a20143,1,wet,weak_expert,0,0.04705066075379334,4,0,linear_svm__C0.001__pca64
9f671ce6-784b-4e64-bcd9-086a4f2db274,1,wet,weak_expert,0,0.04555231844104022,4,0,linear_svm__C0.001__pca64
a03baece-440f-4026-9705-4fcb2bc9e065,1,wet,weak_expert,0,0.022249458051431043,3,0,linear_svm__C0.001__pca64
a6645b1d-dadc-4258-b03b-c5b3f05d519d,1,wet,weak_expert,0,0.26349907763565206,3,1,linear_svm__C0.001__pca64
a8b75ca3-e846-415b-809b-5a7c2c9024eb,1,wet,weak_expert,0,0.07424367989592802,5,1,linear_svm__C0.001__pca64
a9910dca-8898-4eed-90ed-1371a22c64e6,1,wet,weak_expert,0,-0.08397987659183179,1,0,linear_svm__C0.001__pca64
b5314535-17c1-407c-9028-f6c63f83e362,1,wet,weak_expert,0,0.06626915805614615,3,1,linear_svm__C0.001__pca64
bb84b88b-acd0-4975-8d43-0d0ebbf071f3,1,wet,weak_expert,0,-0.07863085823648788,3,0,linear_svm__C0.001__pca64
bc74e39c-ab99-475d-932c-289473b9de54,1,wet,weak_expert,0,-0.2849826598973194,2,0,linear_svm__C0.001__pca64
bfb9c86e-eead-44ac-8969-ea42e869a3a3,1,wet,weak_expert,0,0.04092199799215096,4,0,linear_svm__C0.001__pca64
c73c0e08-c880-4f04-a432-150d9c955b0c,1,wet,weak_expert,0,0.17176910500837947,3,1,linear_svm__C0.001__pca64
cafcbee4-cfe7-4bac-8bbe-ba98da2b9179,1,wet,weak_expert,0,-0.2427815416913375,2,0,linear_svm__C0.001__pca64
cbdd4f1b-a67e-46e3-8f1a-a52da5689294,1,wet,weak_expert,0,0.0928780436107109,6,1,linear_svm__C0.001__pca64
d50fb043-08aa-4960-94f7-e9bbc690e70d,1,wet,weak_expert,0,-0.1914367886684537,1,0,linear_svm__C0.001__pca64
d9b4a30f-682d-4889-b65f-b359f4ebc74d,1,wet,gold_expert,0,0.22305397467428967,4,1,linear_svm__C0.001__pca64
dccd10ed-751e-462c-9513-340d89510ea6,1,wet,weak_expert,0,-0.12302250702704831,4,0,linear_svm__C0.001__pca64
dd26e157-4b48-45b4-9d57-90ed5ed1d06b,1,wet,weak_expert,0,0.26404597883309844,1,1,linear_svm__C0.001__pca64
e16268c9-dc19-43d9-b55b-b01258603ae5,1,wet,weak_expert,0,0.14042875875750432,6,1,linear_svm__C0.001__pca64
e35305cb-6b8a-4c37-a216-3857fab648e7,1,wet,weak_expert,0,0.15402244111587832,2,1,linear_svm__C0.001__pca64
ec1c43c9-5043-4735-9f66-905e47e22b48,1,wet,weak_expert,0,0.12557641949088746,4,1,linear_svm__C0.001__pca64
f347e2ac-a8f0-4eb1-8d14-088345ca7a7b,1,wet,weak_expert,0,-0.013618335194154008,3,0,linear_svm__C0.001__pca64
f5608979-5563-4e30-804a-901f50270c60,1,wet,weak_expert,0,-0.07132204832425255,3,0,linear_svm__C0.001__pca64
fbd52f87-029f-4bd9-86ed-4743018722e8,1,wet,weak_expert,0,0.014770440887496183,2,0,linear_svm__C0.001__pca64
fd59bf10-ea8f-4401-a6d9-a9cce4e8303f,1,wet,weak_expert,0,0.016581049369656424,1,0,linear_svm__C0.001__pca64
00ce5b06-c302-4387-bbd7-86355a4a8c12,0,dry,weak_expert,1,0.18057504284875653,5,1,linear_svm__C0.001__pca64
0177b817-0ba3-498a-bc05-48bc66cc91b8,0,dry,weak_expert,1,-0.23173972259203088,2,0,linear_svm__C0.001__pca64
036d875c-d39b-45f1-a17f-7f7badf0aa42,0,dry,weak_expert,1,0.030794936384028318,2,0,linear_svm__C0.001__pca64
0379c586-c500-483c-83a6-95b63afe6931,0,dry,weak_expert,1,0.07808911464153462,3,1,linear_svm__C0.001__pca64
03fca101-9ce7-4eb9-aeae-a6f8d4ee5599,0,dry,weak_expert,1,-0.023864446195363244,2,0,linear_svm__C0.001__pca64
07e33d6b-560d-4c16-8d7e-ecd5ddb3b195,0,dry,weak_expert,1,-0.016902012735264735,3,0,linear_svm__C0.001__pca64
07f95718-2edc-4baa-9e18-3c6e04eb6e39,0,dry,weak_expert,1,-0.09152648046797932,1,0,linear_svm__C0.001__pca64
0c35e382-31cd-42cb-bc87-8a84b9c52a41,0,dry,weak_expert,1,0.11750730926611358,1,1,linear_svm__C0.001__pca64
0eba0c0a-5609-4777-903d-b15292798250,0,dry,weak_expert,1,-0.0678022321465611,5,0,linear_svm__C0.001__pca64
0f38cc71-e212-481e-ad6f-7ab087eb3cdb,0,dry,weak_expert,1,0.1112717795452473,1,1,linear_svm__C0.001__pca64
0f87635c-4a6c-4c84-aaae-34afc236c22b,0,dry,weak_expert,1,0.20328469248267278,3,1,linear_svm__C0.001__pca64
100fa960-30ee-4dfd-9364-38cf878709a0,0,dry,weak_expert,1,-0.014904839918032884,3,0,linear_svm__C0.001__pca64
11e0ed82-8f65-4a71-81cf-20fed63f9e51,0,dry,weak_expert,1,-0.05380443704757685,3,0,linear_svm__C0.001__pca64
13606b20-6081-484b-93e2-dd80648bfe06,0,dry,weak_expert,1,0.05017885097071146,4,0,linear_svm__C0.001__pca64
13db4f04-6a75-4ae6-a8ed-45efb08cd0a3,0,dry,weak_expert,1,-0.2479088003877209,3,0,linear_svm__C0.001__pca64
154161ff-1243-49c0-a377-72992b6954e3,0,dry,weak_expert,1,0.2907795420998329,1,1,linear_svm__C0.001__pca64
15a88a65-a01f-4d31-9cb3-a8b46bb8b780,0,dry,weak_expert,1,-0.049688966117165445,3,0,linear_svm__C0.001__pca64
161d1ac7-7dc1-440e-96e1-fa091f76d828,0,dry,weak_expert,1,0.12051721260023784,1,1,linear_svm__C0.001__pca64
16527cdc-bf15-4805-8f8d-28b11175ff5d,0,dry,weak_expert,1,-0.060823861583629034,3,0,linear_svm__C0.001__pca64
16f9b161-86c6-4af1-99cb-0ab327f10fed,0,dry,weak_expert,1,-0.2282016367179704,5,0,linear_svm__C0.001__pca64
18736769-dad3-4fa6-88d5-6e8dfc951008,0,dry,weak_expert,1,-0.014829791818250984,3,0,linear_svm__C0.001__pca64
1ba36c5a-542c-4164-aa43-b1f01f23f94d,0,dry,weak_expert,1,-0.025211946982221213,2,0,linear_svm__C0.001__pca64
1cc88f3a-3529-4cb8-a167-fc0cb5b0bfb6,0,dry,weak_expert,1,-0.14974411712875146,1,0,linear_svm__C0.001__pca64
1d19775f-175d-4fdd-8dfe-c080a0c8de45,0,dry,weak_expert,1,-0.12176982040121749,3,0,linear_svm__C0.001__pca64
2018bfea-0071-4aca-8d45-18dac4d65199,0,dry,weak_expert,1,0.11258468478687009,2,1,linear_svm__C0.001__pca64
20602da6-a92f-40ad-81d2-1688f5f1fcde,0,dry,weak_expert,1,0.044486398145383785,1,0,linear_svm__C0.001__pca64
2089c2bd-d408-429e-9f15-138343a5cc9c,0,dry,weak_expert,1,0.13663857153782547,3,1,linear_svm__C0.001__pca64
20c748f1-3eba-47dd-84fa-b9160e4a1ac6,0,dry,weak_expert,1,0.0504270364131784,2,0,linear_svm__C0.001__pca64
2137ce12-072a-499e-bf8d-5ef099aa4b6b,0,dry,weak_expert,1,0.03657045693766575,3,0,linear_svm__C0.001__pca64
2519f0bc-6606-4537-acc2-b8fdec0ee15c,0,dry,weak_expert,1,-0.047694824633505974,3,0,linear_svm__C0.001__pca64
25b750e5-8a76-4c13-9fd8-851e45d1b5ed,0,dry,weak_expert,1,-0.27260908252817734,3,0,linear_svm__C0.001__pca64
27c2cc15-dd1e-455a-8bca-59794d2fe98f,0,dry,weak_expert,1,-0.06652814116734705,2,0,linear_svm__C0.001__pca64
296446a3-d81c-4aaa-897f-d80c849b95b0,0,dry,weak_expert,1,0.01243940433203373,5,0,linear_svm__C0.001__pca64
29c56cde-7a9f-44dd-a1d6-f6e4878e33de,0,dry,weak_expert,1,-0.09668600533112591,2,0,linear_svm__C0.001__pca64
2aa1d5be-0191-4540-9159-77ec1faa4094,0,dry,weak_expert,1,0.18133572492578745,3,1,linear_svm__C0.001__pca64
2cc2fd2e-6314-424a-977b-7237f935fb65,0,dry,gold_expert,1,-0.19304779574944678,2,0,linear_svm__C0.001__pca64
2cfd466b-baa2-43f2-be7a-be2fb0e6dd66,0,dry,weak_expert,1,0.004631062503599393,1,0,linear_svm__C0.001__pca64
2d090ab6-346d-4168-a8aa-57296bcaf6e0,0,dry,weak_expert,1,-0.23148481120907966,1,0,linear_svm__C0.001__pca64
2df9d90f-7616-482f-ae5a-e0c8d3ee4289,0,dry,weak_expert,1,0.21688464104507926,1,1,linear_svm__C0.001__pca64
2f9750bf-c157-4326-b12f-b0fd5b6ec229,0,dry,weak_expert,1,0.0518204463568841,1,0,linear_svm__C0.001__pca64
3245eebf-f4d3-4a72-ba74-26a5af5da2d1,0,dry,weak_expert,1,-0.07104165098536103,2,0,linear_svm__C0.001__pca64
39791f26-0507-4862-ada4-369e28225207,0,dry,weak_expert,1,0.0015172707897825877,1,0,linear_svm__C0.001__pca64
3ad08dbf-1d9e-4055-83fa-9a0e0bb45d34,0,dry,weak_expert,1,0.02121120531888118,3,0,linear_svm__C0.001__pca64
3b1db132-ba86-43e2-a35b-9638b5fce854,0,dry,weak_expert,1,0.12986080744494286,3,1,linear_svm__C0.001__pca64
3b8e6988-cee6-4836-8c59-7ea1258b99b5,0,dry,weak_expert,1,-0.1020551465082334,6,0,linear_svm__C0.001__pca64
3bc2b14b-0b81-40bc-b6db-6f8864ede96a,0,dry,weak_expert,1,-0.12188725847409196,1,0,linear_svm__C0.001__pca64
3e6c4fe1-b681-48d7-a576-5c4ddee41c70,0,dry,weak_expert,1,0.12063748540636678,4,1,linear_svm__C0.001__pca64
3eadfa75-5906-4695-91fb-5726a24e02cd,0,dry,weak_expert,1,-0.17493045132084817,1,0,linear_svm__C0.001__pca64
3f2c6f57-c361-4fe7-ada8-5f47b6e8ee60,0,dry,weak_expert,1,-0.08282931453219411,2,0,linear_svm__C0.001__pca64
3f423152-d7aa-4c49-8c24-1fedcd4eb636,0,dry,weak_expert,1,-0.06643434211246595,4,0,linear_svm__C0.001__pca64
3fbe6119-b6d0-4aeb-beb8-19d1751ce190,0,dry,weak_expert,1,-0.02812339152515482,1,0,linear_svm__C0.001__pca64
408817b5-bd76-496d-9997-19cd7d36c45e,0,dry,weak_expert,1,-0.22387171717352855,1,0,linear_svm__C0.001__pca64
41793be3-8eb0-467d-b9a2-f09f6678fc4e,0,dry,weak_expert,1,-0.2272022146025944,3,0,linear_svm__C0.001__pca64
41bb08e9-6d43-41bc-bca2-a465f7dcf2f3,0,dry,weak_expert,1,-0.24957732330024454,1,0,linear_svm__C0.001__pca64
422a71b9-7343-4d2f-9170-8976d2dc532b,0,dry,weak_expert,1,-0.10559852445405271,4,0,linear_svm__C0.001__pca64
43517c5a-e8ee-49a1-9b28-c2d224300996,0,dry,weak_expert,1,0.24238357201542032,5,1,linear_svm__C0.001__pca64
447f49c5-43e7-48a9-9a82-1afefd22725b,0,dry,weak_expert,1,0.015796039525291558,1,0,linear_svm__C0.001__pca64
44d6d275-b422-4338-bda2-2d0cc203f72b,0,dry,weak_expert,1,-0.18902664005185918,2,0,linear_svm__C0.001__pca64
4564ccce-b037-4509-ac0b-a7c59a2a262a,0,dry,weak_expert,1,-0.011100193074082554,3,0,linear_svm__C0.001__pca64
4624e4da-10f1-44b0-855e-a7ac857fbc82,0,dry,weak_expert,1,-0.1149355219837554,2,0,linear_svm__C0.001__pca64
47298691-1737-4d18-b301-b3526e935c1e,0,dry,weak_expert,1,-0.19059073433476903,5,0,linear_svm__C0.001__pca64
49064a01-6e0f-45bd-8b1d-853438414e93,0,dry,weak_expert,1,-0.08526420295077512,2,0,linear_svm__C0.001__pca64
4c9ce6f7-8ca8-41b9-8e18-8cd3de335c48,0,dry,weak_expert,1,-0.200040561163362,2,0,linear_svm__C0.001__pca64
4d230bec-1056-49ca-b274-c0825b924824,0,dry,weak_expert,1,-0.12184686555222098,3,0,linear_svm__C0.001__pca64
4e47612c-6c09-4580-a9b6-2eb6bf2ab40c,0,dry,weak_expert,1,-0.04647148290966982,3,0,linear_svm__C0.001__pca64
4e9f4130-2954-4d29-adf5-d26768d3ead3,0,dry,weak_expert,1,-0.13591672669668858,1,0,linear_svm__C0.001__pca64
4f468032-6c4f-438b-9f19-219859552c5d,0,dry,weak_expert,1,0.07356115489385083,3,1,linear_svm__C0.001__pca64
4f5a4b71-46a6-42d8-aecd-7e0cc23d7d70,0,dry,weak_expert,1,0.15673945687947893,1,1,linear_svm__C0.001__pca64
52f6838a-4033-4a71-84bb-81cbb4e64ab7,0,dry,gold_expert,1,-0.30586764872787253,2,0,linear_svm__C0.001__pca64
53325adb-0ff2-480a-8af0-fd9da2a10322,0,dry,weak_expert,1,0.7746047277421945,1,1,linear_svm__C0.001__pca64
552dda14-3fea-4473-b39a-f409eb6a08f7,0,dry,weak_expert,1,-0.14361882933416786,3,0,linear_svm__C0.001__pca64
5607860e-70fd-4fab-8e93-158ecedabdaa,0,dry,weak_expert,1,0.030349977257166115,5,0,linear_svm__C0.001__pca64
56e28407-7719-45a2-93a3-9dc34f6e2560,0,dry,weak_expert,1,0.024524491233590823,2,0,linear_svm__C0.001__pca64
5729ad12-0130-4b4f-8865-159fbf93018a,0,dry,weak_expert,1,0.0036687358551069707,4,0,linear_svm__C0.001__pca64
5806ea47-6382-4268-bc3b-2be28a600e15,0,dry,weak_expert,1,0.015645234802352567,1,0,linear_svm__C0.001__pca64
5874af96-541d-443c-878d-996bd7bfa1cf,0,dry,weak_expert,1,-0.039756277591445836,2,0,linear_svm__C0.001__pca64
5ab4d303-64be-4ea4-a65e-8681659e8e5f,0,dry,weak_expert,1,0.37761097648153924,2,1,linear_svm__C0.001__pca64
5bcb66a6-ed26-45fc-a0a1-c7286a01de66,0,dry,weak_expert,1,-0.4281774274240108,3,0,linear_svm__C0.001__pca64
5d29532f-943b-4726-aca8-21191eeba327,0,dry,weak_expert,1,-0.0008886934415066466,2,0,linear_svm__C0.001__pca64
5e2dd52b-f9f1-4647-ac69-858dcb6f7611,0,dry,weak_expert,1,-0.12578982289815963,3,0,linear_svm__C0.001__pca64
64522664-f2f7-4141-9b74-ba0b9d181c31,0,dry,weak_expert,1,0.11440137247607411,4,1,linear_svm__C0.001__pca64
64d7d0e6-715c-4fd2-a0e8-334122b61ff2,0,dry,weak_expert,1,-0.10185628572761991,1,0,linear_svm__C0.001__pca64
64e6a399-4aff-4758-a7a1-68f5460bd320,0,dry,weak_expert,1,-0.13660759130045216,2,0,linear_svm__C0.001__pca64
65be7822-e7c7-4fdc-9549-bf3fac30f919,0,dry,weak_expert,1,-0.08221196837323677,4,0,linear_svm__C0.001__pca64
6604cf63-454a-4b13-9fc9-95eb74566e8e,0,dry,weak_expert,1,-0.11121374692607008,7,0,linear_svm__C0.001__pca64
662fb840-9285-4fed-a114-633a324dc49f,0,dry,weak_expert,1,-0.16975791476845925,3,0,linear_svm__C0.001__pca64
67b0eab5-c09a-406b-9d1f-17562da9a7dd,0,dry,weak_expert,1,-0.11003889741066666,2,0,linear_svm__C0.001__pca64
68d5215b-afdb-4b7a-81d3-fbd5677de7b4,0,dry,weak_expert,1,0.12193066963343469,1,1,linear_svm__C0.001__pca64
69101dc9-dfd5-43b5-b063-54a2e634e021,0,dry,weak_expert,1,-0.09610761837154466,5,0,linear_svm__C0.001__pca64
6a15ea48-771c-4a7f-bab6-d348dcc6aabd,0,dry,weak_expert,1,0.025644664794049733,5,0,linear_svm__C0.001__pca64
6aa04a12-6e9a-4b9c-80da-a9fa01fc1757,0,dry,weak_expert,1,-0.22757213487994185,1,0,linear_svm__C0.001__pca64
6d194cdc-ba5a-40ba-8232-5bf150026c67,0,dry,weak_expert,1,0.04197441696838526,1,0,linear_svm__C0.001__pca64
6d528de2-cf20-4caa-a22e-ffc588c0bacb,0,dry,weak_expert,1,0.048894395639036185,4,0,linear_svm__C0.001__pca64
6e348474-0779-49fa-afdf-49420f8ad6b2,0,dry,weak_expert,1,-0.1385004473631297,1,0,linear_svm__C0.001__pca64
7023acad-4e24-444b-b0a6-a3aa54bd321b,0,dry,weak_expert,1,0.15477751659037864,3,1,linear_svm__C0.001__pca64
7117304a-e59b-42c9-bea9-3c6f17b0d30e,0,dry,weak_expert,1,0.08621758005308613,2,1,linear_svm__C0.001__pca64
72418df9-2a0a-4da5-922d-7a1d5d12ab80,0,dry,weak_expert,1,-0.14021825844856595,4,0,linear_svm__C0.001__pca64
74048b34-b37a-46c1-bd4c-ccd169c37784,0,dry,weak_expert,1,-0.24119274894419124,2,0,linear_svm__C0.001__pca64
75135933-89b0-4d43-9d75-688453353f56,0,dry,weak_expert,1,0.12384866198352609,2,1,linear_svm__C0.001__pca64
7630638c-1d22-4852-be07-5a27af3c1e49,0,dry,weak_expert,1,0.13912505613060747,1,1,linear_svm__C0.001__pca64
76f9d2cf-0ee1-4c38-9f49-02e59b8d6fb3,0,dry,weak_expert,1,-0.02916796382895166,3,0,linear_svm__C0.001__pca64
7717442d-d687-4821-a55f-a89b524ff17b,0,dry,weak_expert,1,-0.2320077668187171,2,0,linear_svm__C0.001__pca64
79a12ab8-7497-4a70-871f-5486c6699f45,0,dry,weak_expert,1,0.0576724779954394,3,0,linear_svm__C0.001__pca64
7a20fe3e-5701-451c-b5c9-b8daf5b328e3,0,dry,weak_expert,1,0.12691092741789858,3,1,linear_svm__C0.001__pca64
7ae1ffe1-2259-411f-8ead-6c107e01e824,0,dry,gold_expert,1,0.13872232375927251,3,1,linear_svm__C0.001__pca64
7bc3c521-b422-45dd-bafc-0282abe03030,0,dry,weak_expert,1,0.3223090412500773,1,1,linear_svm__C0.001__pca64
7d0f7c10-c2fb-4a0b-8917-00c1bbfa9ba9,0,dry,weak_expert,1,-0.0278470675655774,2,0,linear_svm__C0.001__pca64
7f58cd54-3414-4b3d-a418-8438d549df31,0,dry,weak_expert,1,-0.040884754869994856,1,0,linear_svm__C0.001__pca64
7fc329ed-814a-44da-823c-ec2dc47a8228,0,dry,weak_expert,1,0.14339276337270873,1,1,linear_svm__C0.001__pca64
81a75de7-dc30-4c6b-9722-c238feebf447,0,dry,weak_expert,1,-0.014168451586144387,5,0,linear_svm__C0.001__pca64
81ddff28-05de-4669-bb99-8408895de7ab,0,dry,weak_expert,1,-0.14328939060135645,3,0,linear_svm__C0.001__pca64
824a8cf9-1199-48bf-aad5-65539d6d2011,0,dry,gold_expert,1,-0.18869476313734065,2,0,linear_svm__C0.001__pca64
836a340f-3e5c-4ea7-8817-1586d27a7f7a,0,dry,weak_expert,1,0.1615133760762116,3,1,linear_svm__C0.001__pca64
839ad7ed-cc68-4689-b29e-7c8af17d3067,0,dry,weak_expert,1,-0.06792056344860314,3,0,linear_svm__C0.001__pca64
851d3141-589e-4a63-a81f-837b85585ee7,0,dry,weak_expert,1,-0.29397732750209743,3,0,linear_svm__C0.001__pca64
861d08d1-8b10-40e3-afa0-710451936f11,0,dry,weak_expert,1,-0.12868584500451002,2,0,linear_svm__C0.001__pca64
88df2ab1-8056-48de-a7a8-f2649d9cab4a,0,dry,weak_expert,1,-0.3324482860392252,1,0,linear_svm__C0.001__pca64
8a37026e-32a9-4505-85f9-3c9dabccc284,0,dry,weak_expert,1,-0.17107284940929554,2,0,linear_svm__C0.001__pca64
8b04c1fa-4fbe-45f3-9b4a-5cc6a450c43c,0,dry,weak_expert,1,0.19546259380605074,1,1,linear_svm__C0.001__pca64
8b197bc0-2f11-4971-b643-1524cf030a2b,0,dry,weak_expert,1,0.2653342284780055,1,1,linear_svm__C0.001__pca64
8b427718-43ee-418f-b8f1-6807b3d6ed0e,0,dry,weak_expert,1,-0.07099268145443602,2,0,linear_svm__C0.001__pca64
8c631f0e-6973-4d8e-a42d-b1d0bf1ffe1d,0,dry,weak_expert,1,-0.13295427164467555,1,0,linear_svm__C0.001__pca64
8e72293b-1ab4-44d4-b5be-0b51038d2304,0,dry,weak_expert,1,-0.005716021061307817,3,0,linear_svm__C0.001__pca64
8fafcc7b-1d75-4172-a93b-dfc06ac33b10,0,dry,weak_expert,1,-0.10916741574786828,4,0,linear_svm__C0.001__pca64
914cd0fc-3623-4424-bc67-759743a0c593,0,dry,weak_expert,1,-0.3126706604023095,2,0,linear_svm__C0.001__pca64
91d9c321-7371-4a0c-af3d-398542cb9c4c,0,dry,weak_expert,1,-0.06653952557339644,4,0,linear_svm__C0.001__pca64
922fd4da-e8ce-4ef5-b9a8-56921dfa9328,0,dry,gold_expert,1,-0.03306833140264016,4,0,linear_svm__C0.001__pca64
928ce384-ca55-4419-acab-516b2647a77d,0,dry,weak_expert,1,0.02009052739949844,3,0,linear_svm__C0.001__pca64
93d51cf7-6dee-49e5-b434-fa81a7595132,0,dry,weak_expert,1,0.04698411124529976,2,0,linear_svm__C0.001__pca64
94a33ac9-c166-4795-9665-f7dd4f0caace,0,dry,weak_expert,1,-0.23847878648974435,2,0,linear_svm__C0.001__pca64
952eafc4-38d9-468b-b46d-c9a5f6b3d620,0,dry,weak_expert,1,0.02195656848926857,3,0,linear_svm__C0.001__pca64
96678e97-6a39-4932-9c5d-13981167bbd8,0,dry,weak_expert,1,-0.1623976527708656,4,0,linear_svm__C0.001__pca64
9810b72b-79ca-474b-9b66-41079f892c79,0,dry,weak_expert,1,0.028289496152802136,4,0,linear_svm__C0.001__pca64
981441a4-89d8-43c5-8e43-3768968fa614,0,dry,weak_expert,1,-0.2343499468450922,2,0,linear_svm__C0.001__pca64
98fb6294-d339-4c83-8ff5-2bbcf82e35e0,0,dry,gold_expert,1,-0.1956561305719653,3,0,linear_svm__C0.001__pca64
99ca2bde-0950-4e1d-8e9a-cbd0d70981bd,0,dry,weak_expert,1,0.09994001255590242,3,1,linear_svm__C0.001__pca64
9cefcba6-bea1-4131-a905-3d28e567344b,0,dry,weak_expert,1,-0.19335698300005089,2,0,linear_svm__C0.001__pca64
9eb1894a-8201-431d-a923-79dc88945ebb,0,dry,weak_expert,1,-0.10806860315555973,2,0,linear_svm__C0.001__pca64
a02e0fa5-1a29-4e3f-817e-15047e79e744,0,dry,weak_expert,1,-0.30223507051211224,3,0,linear_svm__C0.001__pca64
a084b953-189d-422d-a40a-b545b4f01618,0,dry,weak_expert,1,0.029398235179694938,3,0,linear_svm__C0.001__pca64
a08b86d5-4573-4a42-9a84-f75f5e50351a,0,dry,weak_expert,1,0.07710770926609756,3,1,linear_svm__C0.001__pca64
a20c7e61-024c-491f-807c-fd01dc856bbd,0,dry,weak_expert,1,-0.07310962107455969,3,0,linear_svm__C0.001__pca64
a2c4999f-df6f-42a7-b733-3d10536b6d03,0,dry,weak_expert,1,-0.226998600480813,6,0,linear_svm__C0.001__pca64
a46654b3-b91b-4f95-8a69-3dcd1d428ea0,0,dry,weak_expert,1,0.1916696755310286,2,1,linear_svm__C0.001__pca64
a5aeaa95-ed25-452b-b112-62c042c21b33,0,dry,weak_expert,1,-0.1365122924572582,3,0,linear_svm__C0.001__pca64
a6417792-0dfe-46da-b820-3c047f15ad9a,0,dry,weak_expert,1,0.14709841113384253,2,1,linear_svm__C0.001__pca64
a6b7aeb5-6b58-4bea-9e2d-6ee573cd1aab,0,dry,weak_expert,1,0.08324694184149928,2,1,linear_svm__C0.001__pca64
a9108704-75af-4d2c-afb2-5c8ca33cb9e0,0,dry,weak_expert,1,0.0004999130693311704,1,0,linear_svm__C0.001__pca64
adc24bde-023b-457e-9be7-9fadbad0b155,0,dry,weak_expert,1,-0.1970706470257339,2,0,linear_svm__C0.001__pca64
ae7f3e27-5c50-48bd-ba50-4b52ddfc6b8f,0,dry,weak_expert,1,-0.06744051553558478,1,0,linear_svm__C0.001__pca64
aeb63eba-7261-4d5a-9cf5-4f31357bcd57,0,dry,weak_expert,1,-0.08977632786925217,1,0,linear_svm__C0.001__pca64
af89b4c6-a942-4dbd-9efb-cc0ae79a9acf,0,dry,weak_expert,1,-0.2890888768143838,2,0,linear_svm__C0.001__pca64
afdcc1b1-befc-4eac-bf4b-328a7a21261e,0,dry,weak_expert,1,0.002352783546470817,1,0,linear_svm__C0.001__pca64
b08bd7a4-a123-4f28-b659-bbb5ea70fb6f,0,dry,weak_expert,1,0.009708460086948277,2,0,linear_svm__C0.001__pca64
b2cb680f-2b1f-4daf-824c-c83952cd639c,0,dry,weak_expert,1,-0.02527793591908231,1,0,linear_svm__C0.001__pca64
b35c9f6c-4e1d-4c3f-a733-5905c3ee387d,0,dry,weak_expert,1,0.14687290962641109,1,1,linear_svm__C0.001__pca64
b38e69f2-01f9-47ac-b94f-cf7b5eb764b3,0,dry,weak_expert,1,-0.056229941196927244,2,0,linear_svm__C0.001__pca64
b5808d67-b898-4d8b-b74c-6d3ef7085be4,0,dry,weak_expert,1,-0.29776594653395805,2,0,linear_svm__C0.001__pca64
b6165d05-e841-44cc-bb13-a59d6ceed6ed,0,dry,weak_expert,1,-0.15293481521780664,3,0,linear_svm__C0.001__pca64
b61f41d5-8a12-44de-a8c7-f7ab67f35ab7,0,dry,weak_expert,1,0.34852136559661395,1,1,linear_svm__C0.001__pca64
b7825dc8-a17f-4171-863b-2c0b346cfcd0,0,dry,weak_expert,1,-0.08662890302791106,3,0,linear_svm__C0.001__pca64
b95b4d94-e665-41d0-bd0e-4fb9d4684e65,0,dry,weak_expert,1,0.033505963210992654,1,0,linear_svm__C0.001__pca64
ba21cefd-7209-47e8-87ff-e12e3d0ed4dc,0,dry,weak_expert,1,-0.39311847805395994,2,0,linear_svm__C0.001__pca64
ba5ade2c-45fc-41e5-b111-86c08ea8609b,0,dry,weak_expert,1,-0.45884167886312693,3,0,linear_svm__C0.001__pca64
bb5fd4d8-a36d-4918-931f-c6bd2adcc20d,0,dry,weak_expert,1,-0.08621880644745093,3,0,linear_svm__C0.001__pca64
bb94e3f4-831c-4c04-b528-617cf04ab8c7,0,dry,weak_expert,1,0.1734838840699032,2,1,linear_svm__C0.001__pca64
bc24d4d9-b66b-4429-8228-6645de25622f,0,dry,weak_expert,1,0.06868390131915052,3,1,linear_svm__C0.001__pca64
bc27b4fb-a820-4296-a776-0f0943ba1455,0,dry,weak_expert,1,0.20670882466310092,3,1,linear_svm__C0.001__pca64
bcb90b43-185a-4420-a4ca-dafe8f914682,0,dry,weak_expert,1,0.0040057647037455985,2,0,linear_svm__C0.001__pca64
bd11b513-12a1-44be-82f6-4fbeea1fbda0,0,dry,weak_expert,1,-0.004547236386198343,3,0,linear_svm__C0.001__pca64
bd205be0-24a4-4a28-8262-30bc14bf1faa,0,dry,weak_expert,1,0.10590178223886959,1,1,linear_svm__C0.001__pca64
be0fe831-c469-4a13-961f-e3bd6dda0633,0,dry,weak_expert,1,-0.04293389461609449,4,0,linear_svm__C0.001__pca64
be2d9024-401a-42a0-91fd-194567b1d4c1,0,dry,weak_expert,1,-0.06127934957914036,1,0,linear_svm__C0.001__pca64
be5f63f3-2be9-448b-b57e-fa118eddc2e2,0,dry,weak_expert,1,0.05035963545424679,3,0,linear_svm__C0.001__pca64
be920126-b1e2-4117-84e2-461b2230e46e,0,dry,weak_expert,1,-0.07978113854482038,3,0,linear_svm__C0.001__pca64
beb9eff3-e2c7-4f53-981b-0abc09158dec,0,dry,weak_expert,1,0.1366141962286652,5,1,linear_svm__C0.001__pca64
bf4ca169-aab4-466f-8e14-63631e0b3ea0,0,dry,weak_expert,1,-0.045074564064168064,8,0,linear_svm__C0.001__pca64
bf5901da-d580-4034-88b0-19bd18778f5a,0,dry,weak_expert,1,0.02577219715635705,1,0,linear_svm__C0.001__pca64
bf7f0dd3-eaef-4912-8edc-c919fd98df62,0,dry,weak_expert,1,-0.09646764465247966,3,0,linear_svm__C0.001__pca64
c0643c65-15f1-4f25-9f4e-d42541cca1b8,0,dry,weak_expert,1,-0.2884761285994356,2,0,linear_svm__C0.001__pca64
c16f96bf-dc05-445b-aed6-5758aa0ec5c8,0,dry,weak_expert,1,-0.22551689884459702,2,0,linear_svm__C0.001__pca64
c2795c09-691f-421d-87eb-60d11ef0a776,0,dry,weak_expert,1,0.22847854262631512,1,1,linear_svm__C0.001__pca64
c2d24716-5e15-4066-855a-2a0c0b7566f6,0,dry,weak_expert,1,-0.04969047133080223,2,0,linear_svm__C0.001__pca64
c2e033f0-5e2f-4793-be75-afa9ae7d3f8f,0,dry,weak_expert,1,0.10662156351921317,1,1,linear_svm__C0.001__pca64
c34d6285-a7d7-4357-9036-cb4a5caec6f6,0,dry,weak_expert,1,0.18112030850081204,4,1,linear_svm__C0.001__pca64
c3b9dca7-67eb-4438-b6aa-dd6b2aca1432,0,dry,gold_expert,1,-0.2942250000034052,2,0,linear_svm__C0.001__pca64
c3d0135b-83ef-4aba-b98c-2c8fe50ffeff,0,dry,weak_expert,1,-0.07579940020947926,4,0,linear_svm__C0.001__pca64
c4961eda-91f5-4fbc-bd90-92f56f7f4deb,0,dry,weak_expert,1,-0.06706171870073906,3,0,linear_svm__C0.001__pca64
c8983507-264a-4bbb-8926-8a06afb36bff,0,dry,weak_expert,1,0.14113846301645958,4,1,linear_svm__C0.001__pca64
c961a082-77cf-412a-ba8a-66fff0b7bc82,0,dry,weak_expert,1,-0.04509120738131247,3,0,linear_svm__C0.001__pca64
c9fa0d4d-76d1-41c4-863c-b83bb8908140,0,dry,gold_expert,1,0.039093953567595235,1,0,linear_svm__C0.001__pca64
cb5c6410-8b55-4c33-932d-fc72e5cac22c,0,dry,weak_expert,1,0.16217982839128817,1,1,linear_svm__C0.001__pca64
cbbbe2c4-51c4-48e3-807d-5ad37ad220e4,0,dry,weak_expert,1,0.00603473428953126,1,0,linear_svm__C0.001__pca64
ce3f9e37-b553-4c23-b341-8da601f7468e,0,dry,weak_expert,1,-0.31553302700794317,2,0,linear_svm__C0.001__pca64
cefb99ae-7dda-4397-8b65-77e3fc0c7739,0,dry,weak_expert,1,0.03801726075409484,1,0,linear_svm__C0.001__pca64
d0d4e84a-3692-46e2-a168-463896fb9d31,0,dry,weak_expert,1,-0.15802641882374552,2,0,linear_svm__C0.001__pca64
d101742f-52a3-4ed3-a4bb-46f65d02fc2a,0,dry,weak_expert,1,-0.029314337281641376,2,0,linear_svm__C0.001__pca64
d1c3a8a6-742e-4677-aa79-92b9b217be75,0,dry,weak_expert,1,-0.07933236376831586,1,0,linear_svm__C0.001__pca64
d2a55629-24e2-4460-8a0a-b7065927ee07,0,dry,weak_expert,1,0.046615549384545325,2,0,linear_svm__C0.001__pca64
d3ea88bd-d578-44dd-aadd-391f8559bdc5,0,dry,weak_expert,1,0.049757831505869696,2,0,linear_svm__C0.001__pca64
d505b939-4d86-4713-8bba-987cde761118,0,dry,weak_expert,1,0.12972533137443903,1,1,linear_svm__C0.001__pca64
d551a262-676b-4856-ae36-5b6334c6b586,0,dry,weak_expert,1,-0.11674874800001575,1,0,linear_svm__C0.001__pca64
d57d4c31-4f34-41cd-9fdf-84e4df3f2dcc,0,dry,weak_expert,1,0.10999136194041588,3,1,linear_svm__C0.001__pca64
d5e56f55-97a1-417d-a724-04d6ef10830e,0,dry,weak_expert,1,0.04224410993117225,1,0,linear_svm__C0.001__pca64
d6d50155-5eb2-421e-9da1-8ad5faa275a1,0,dry,weak_expert,1,-0.1373795456086415,3,0,linear_svm__C0.001__pca64
d789e459-6db1-4481-af44-db7427304108,0,dry,weak_expert,1,-0.08149358581405218,3,0,linear_svm__C0.001__pca64
db234c88-9a58-4947-a852-d7f2584128ef,0,dry,weak_expert,1,-0.10682027502585474,3,0,linear_svm__C0.001__pca64
dbc6f669-469e-4306-acdc-f46039006148,0,dry,weak_expert,1,-0.09839337560779375,3,0,linear_svm__C0.001__pca64
dc17e768-40f6-462e-99ad-80292586ac3a,0,dry,weak_expert,1,0.08851630971736289,4,1,linear_svm__C0.001__pca64
dcd6359c-4fbc-44ea-93b0-f1da55eb3a75,0,dry,weak_expert,1,-0.12150807846364564,3,0,linear_svm__C0.001__pca64
dd235b59-b0df-4eb7-9024-3b11e1515888,0,dry,weak_expert,1,-0.1186025677205095,1,0,linear_svm__C0.001__pca64
dd489c88-affc-4142-ac56-752c3a433991,0,dry,weak_expert,1,0.20084522619931883,2,1,linear_svm__C0.001__pca64
dd7e32e6-a949-4c92-a5b1-628edbb65144,0,dry,weak_expert,1,-0.06767893487998616,1,0,linear_svm__C0.001__pca64
dd80d0c6-76ec-43b1-9611-23ea269cec57,0,dry,weak_expert,1,0.21208682897955042,3,1,linear_svm__C0.001__pca64
de67d064-eff4-40c4-ab46-b115d0691e1f,0,dry,weak_expert,1,-0.3559201255642173,4,0,linear_svm__C0.001__pca64
dec024bb-bb3f-49ba-8a42-b1420d56a2e0,0,dry,weak_expert,1,0.05636559760319419,1,0,linear_svm__C0.001__pca64
df6cf29a-fcf8-4b96-ab4f-19e018c3b297,0,dry,weak_expert,1,-0.23515749250141393,5,0,linear_svm__C0.001__pca64
dfb0a442-3453-4d42-b355-b68eda2a9865,0,dry,weak_expert,1,-0.1836931305650602,5,0,linear_svm__C0.001__pca64
dfe7b783-c80f-4357-b72e-63e875bf9ec3,0,dry,weak_expert,1,0.007957755013535281,3,0,linear_svm__C0.001__pca64
e0107451-503c-48b0-9a9e-675a3a0c834e,0,dry,weak_expert,1,0.30802227300641993,3,1,linear_svm__C0.001__pca64
e23b7ef4-c268-4179-b234-c45702001252,0,dry,weak_expert,1,-0.48038066882251257,6,0,linear_svm__C0.001__pca64
e4242c29-1213-4960-b792-565fae299403,0,dry,weak_expert,1,0.22477292269655164,2,1,linear_svm__C0.001__pca64
e4bbd7fa-3767-48e3-97cf-c5e14881314f,0,dry,weak_expert,1,-0.26302323865284805,1,0,linear_svm__C0.001__pca64
e56ea219-e97c-45c4-8222-5ecf168445b5,0,dry,gold_expert,1,-0.19809312855790664,4,0,linear_svm__C0.001__pca64
e5a8a140-d910-47da-b3d6-96941e084028,0,dry,weak_expert,1,0.4833181329586185,2,1,linear_svm__C0.001__pca64
e6448323-4be3-4fac-ba98-33aee0de0817,0,dry,gold_expert,1,-0.236391916482707,3,0,linear_svm__C0.001__pca64
e667faac-9ba9-472e-8a97-ad47887d5108,0,dry,weak_expert,1,0.0545197520595761,2,0,linear_svm__C0.001__pca64
e6a6d19c-2ff0-4c1a-aa5f-f432c9a8b55e,0,dry,weak_expert,1,0.047401693717096516,3,0,linear_svm__C0.001__pca64
e6d07d7b-cd63-4f81-8dbd-3ab87104fbf0,0,dry,weak_expert,1,-0.14284822559978783,2,0,linear_svm__C0.001__pca64
e9650512-35f6-4872-acca-c8aca7cd228b,0,dry,weak_expert,1,0.12447652967654017,6,1,linear_svm__C0.001__pca64
e9cc9a65-15c2-4acf-8412-4cffc98eb56f,0,dry,weak_expert,1,0.16895399335937814,4,1,linear_svm__C0.001__pca64
eb74838f-26b9-457e-a4f6-3fff63ebc270,0,dry,weak_expert,1,-0.006654631869462024,3,0,linear_svm__C0.001__pca64
ec86b666-9979-4799-a06f-9773eba8927f,0,dry,weak_expert,1,-0.30545192268593563,3,0,linear_svm__C0.001__pca64
ecc957af-3001-4a29-935a-32db98540746,0,dry,weak_expert,1,-0.036896862430453835,2,0,linear_svm__C0.001__pca64
edcadaac-51d0-44d1-99c6-efbbc41dd4bd,0,dry,weak_expert,1,0.27137331496821204,2,1,linear_svm__C0.001__pca64
eeaa9780-b73a-4e0f-b075-4dc5fbb54080,0,dry,weak_expert,1,-0.1791484147039419,2,0,linear_svm__C0.001__pca64
ef458365-a016-45ff-842a-7388a89ed774,0,dry,weak_expert,1,-0.14082284421502136,7,0,linear_svm__C0.001__pca64
ef6d35f9-347a-4aad-9e4d-e37bd0f417f9,0,dry,weak_expert,1,0.3271607728082289,3,1,linear_svm__C0.001__pca64
f0bcf37a-4766-4cc0-a4d3-13a6e1343103,0,dry,weak_expert,1,-0.09212370356539093,4,0,linear_svm__C0.001__pca64
f18097f1-d7d5-4566-a7f1-dce0f2e8da87,0,dry,weak_expert,1,-0.0479132309323989,1,0,linear_svm__C0.001__pca64
f3ef7d3e-56e1-496b-8a46-b593e33d25d6,0,dry,weak_expert,1,-0.09010750789040793,3,0,linear_svm__C0.001__pca64
f5531d66-e612-41c3-b7c1-658fe7922f34,0,dry,weak_expert,1,0.10233658377316053,2,1,linear_svm__C0.001__pca64
f64f33a5-b6e1-4d5c-ab1b-8d48dd826440,0,dry,weak_expert,1,-0.023052016533503143,3,0,linear_svm__C0.001__pca64
f66386d5-f2e2-4b9b-8f00-35e51858446b,0,dry,weak_expert,1,0.025220413111170327,4,0,linear_svm__C0.001__pca64
f6fd67d0-eb9d-47b4-9fc7-1e4af068d05b,0,dry,weak_expert,1,-0.07553335500588365,3,0,linear_svm__C0.001__pca64
f9f521ef-bcba-461f-8dcc-b4df6f6beb2f,0,dry,weak_expert,1,0.20615399774495136,3,1,linear_svm__C0.001__pca64
fafbe64d-8da4-4901-95a2-e0025771f446,0,dry,weak_expert,1,-0.1805820309593923,1,0,linear_svm__C0.001__pca64
fe3ddef6-cf4c-4adf-b12d-bf5c5b79a5f4,0,dry,weak_expert,1,-0.009690435435442207,3,0,linear_svm__C0.001__pca64
fed255ec-4829-4f4a-b22d-9bb23f2dd89f,0,dry,gold_expert,1,0.01608053749946886,4,0,linear_svm__C0.001__pca64
ff8435f6-76b5-42c1-8f4c-7479710e71bf,0,dry,weak_expert,1,-0.19169460971402474,3,0,linear_svm__C0.001__pca64
01614a4a-947f-43ca-a609-fc2787509f6f,1,wet,weak_expert,1,-0.09897280573595316,5,0,linear_svm__C0.001__pca64
0837bd59-09c5-4098-afe3-4bcbfb0fb0e2,1,wet,weak_expert,1,0.046926623840390425,3,0,linear_svm__C0.001__pca64
08f05aa0-7c3d-40be-a8ae-ab6bc6d41be3,1,wet,weak_expert,1,0.04576486076994682,4,0,linear_svm__C0.001__pca64
0b6f8543-c5e3-414c-a4f3-020e56e8ec60,1,wet,weak_expert,1,0.003821818611349434,4,0,linear_svm__C0.001__pca64
0b72bbdf-fe74-4c76-8c9a-9e4a60a7b9f9,1,wet,weak_expert,1,0.38157497819041286,1,1,linear_svm__C0.001__pca64
0f8d80f9-700e-4069-924d-e15f29d7c19a,1,wet,gold_expert,1,0.11949595500476677,3,1,linear_svm__C0.001__pca64
13cc16ff-2b44-4740-b7f4-e80cf7404d30,1,wet,weak_expert,1,0.21582550524300556,2,1,linear_svm__C0.001__pca64
16af8331-f890-4f2e-bf49-2b42985d379e,1,wet,weak_expert,1,-0.17233326431133703,2,0,linear_svm__C0.001__pca64
16b16ff5-e875-4f0f-ad76-bd7ba27faca6,1,wet,weak_expert,1,-0.09618100455411964,3,0,linear_svm__C0.001__pca64
182246b0-9f77-4c40-976e-3c9342619819,1,wet,weak_expert,1,0.12569666779524918,4,1,linear_svm__C0.001__pca64
1b1f2c9b-7cfa-4eb5-837d-36ae3d647c92,1,wet,weak_expert,1,0.10128830289079283,3,1,linear_svm__C0.001__pca64
1de44182-c6f6-4059-bb54-1e8552999e03,1,wet,weak_expert,1,-0.1367177863957503,4,0,linear_svm__C0.001__pca64
1e3025cb-d921-485b-a08c-c2966fc4f730,1,wet,weak_expert,1,0.02471000326409293,2,0,linear_svm__C0.001__pca64
20638b85-0ab9-45cc-b257-9ce9986946de,1,wet,weak_expert,1,-0.13885320189044884,6,0,linear_svm__C0.001__pca64
21c16c1c-46fc-4b80-b941-65d7c6e87555,1,wet,weak_expert,1,0.06385227669481403,6,1,linear_svm__C0.001__pca64
25e59482-9d33-4a0c-bfbf-5438b9c0c9ea,1,wet,weak_expert,1,-0.010699251943782517,3,0,linear_svm__C0.001__pca64
28b30c43-8b77-436a-a181-9b36ec9f0553,1,wet,weak_expert,1,0.1617854897535321,3,1,linear_svm__C0.001__pca64
2e41a2bd-6462-407d-8078-9f7b86a54f52,1,wet,weak_expert,1,0.031516948500139016,4,0,linear_svm__C0.001__pca64
32eea255-502c-4bb2-9160-12aa16912ea9,1,wet,weak_expert,1,-0.10673330093760666,2,0,linear_svm__C0.001__pca64
380bc7f0-d950-450c-9f5e-43c7c3f4c132,1,wet,weak_expert,1,-0.03470553093964536,2,0,linear_svm__C0.001__pca64
3c903e81-9634-4d62-90f0-f09b95f382f7,1,wet,weak_expert,1,0.18646521224532311,3,1,linear_svm__C0.001__pca64
4122c8f7-07e5-4c74-8993-c17157bd6c1b,1,wet,weak_expert,1,-0.1374387896549069,4,0,linear_svm__C0.001__pca64
4a19eff2-8302-4aa6-9164-ae5a9d2d824f,1,wet,weak_expert,1,-0.07622279051679365,5,0,linear_svm__C0.001__pca64
4eab6d7e-32c1-4a7f-be8c-b1cbcffe2420,1,wet,weak_expert,1,0.124474485831461,3,1,linear_svm__C0.001__pca64
4f95a31d-9302-47bb-a0b6-cdd8b13c0aab,1,wet,weak_expert,1,-0.3093678182517304,3,0,linear_svm__C0.001__pca64
5322ecad-3152-4fab-8f66-8552c0ebd4c2,1,wet,weak_expert,1,-0.07612491782496592,4,0,linear_svm__C0.001__pca64
55534e14-5e4e-4102-8bb0-2011ca1c371a,1,wet,weak_expert,1,0.026413220382164898,2,0,linear_svm__C0.001__pca64
5790906b-44f0-4b59-8052-1f3d7927decd,1,wet,weak_expert,1,0.13098466978568268,1,1,linear_svm__C0.001__pca64
618fc43a-4d9d-4dad-8b68-2714b584ccc4,1,wet,weak_expert,1,-0.003185298619234292,4,0,linear_svm__C0.001__pca64
641a25a8-413c-4a45-b74f-a46edc276724,1,wet,weak_expert,1,-0.041166439566782176,1,0,linear_svm__C0.001__pca64
6647b629-2246-48c9-83ad-c3ad4795c891,1,wet,weak_expert,1,0.17086834076878346,1,1,linear_svm__C0.001__pca64
66636b7b-3e0e-4613-9f1f-4ec16fb313c3,1,wet,weak_expert,1,0.07292963251184881,3,1,linear_svm__C0.001__pca64
66bd4211-2034-4cde-82ad-59aeff6e7eb8,1,wet,weak_expert,1,-0.05135337676463911,3,0,linear_svm__C0.001__pca64
6fbee7bd-2530-404b-80e2-bb2d1317d7c5,1,wet,weak_expert,1,0.06346227144096561,2,1,linear_svm__C0.001__pca64
78637ec8-6570-4b6a-b8fd-a1610022c413,1,wet,weak_expert,1,0.0874523135406162,1,1,linear_svm__C0.001__pca64
7872c598-46e9-4bc5-804b-47c71b4be1ac,1,wet,weak_expert,1,0.03734196632987384,1,0,linear_svm__C0.001__pca64
811d96a7-e63f-4a8e-afc8-d8cef7bec7aa,1,wet,weak_expert,1,0.3969800850040691,1,1,linear_svm__C0.001__pca64
821f8448-26e5-4f74-acbf-e5d5058eaa93,1,wet,weak_expert,1,-0.0922604978117095,2,0,linear_svm__C0.001__pca64
8475da17-5c32-415c-ba77-6dfad5ee5f9b,1,wet,weak_expert,1,0.07072418014881172,2,1,linear_svm__C0.001__pca64
868d1ace-2365-4f81-bc7e-0fbe8214f5d7,1,wet,weak_expert,1,0.30148521593824584,1,1,linear_svm__C0.001__pca64
8b96d238-8053-4b15-86b6-a31f448dda73,1,wet,weak_expert,1,0.0884174245269656,2,1,linear_svm__C0.001__pca64
8cdd0367-1661-4524-830d-2bd69aa6dee7,1,wet,weak_expert,1,-0.14229528255629553,2,0,linear_svm__C0.001__pca64
91678983-1d96-4390-8f09-55df6a75bb36,1,wet,weak_expert,1,0.04574609402288286,2,0,linear_svm__C0.001__pca64
9420ab0f-61bd-4567-a229-e93ff115785b,1,wet,weak_expert,1,-0.09374473143881253,6,0,linear_svm__C0.001__pca64
99de245e-7797-4b68-8b4e-7be2c3600f49,1,wet,weak_expert,1,0.06651768394604907,5,1,linear_svm__C0.001__pca64
9c121206-2d76-40b1-bbd0-4b1f483adada,1,wet,weak_expert,1,0.09658648024744679,5,1,linear_svm__C0.001__pca64
9e41c672-ffbd-4a9b-919b-3fdfd4771f63,1,wet,weak_expert,1,-0.03986304343599475,4,0,linear_svm__C0.001__pca64
a1f69db9-81f4-4a07-9808-dd1c99053125,1,wet,weak_expert,1,0.051427665626205134,3,0,linear_svm__C0.001__pca64
a5115a55-1187-4983-b9d6-4e423d92f981,1,wet,weak_expert,1,-0.03166362321060113,3,0,linear_svm__C0.001__pca64
aa78817e-f5e3-470b-b516-6006c59fb1fa,1,wet,weak_expert,1,-0.004662110213492568,2,0,linear_svm__C0.001__pca64
b392ae80-f91a-4a78-bad3-2e8a8c8130d2,1,wet,weak_expert,1,0.2080532923714336,2,1,linear_svm__C0.001__pca64
b689a94c-70d7-4fec-a237-b5ded63ca518,1,wet,weak_expert,1,-0.23310119116896327,2,0,linear_svm__C0.001__pca64
b7f60904-a2e1-4068-9854-523ebe8d8c04,1,wet,weak_expert,1,0.216124812583806,4,1,linear_svm__C0.001__pca64
bcc118e3-39f2-45f9-8dae-46650d962729,1,wet,weak_expert,1,0.1030657206616563,4,1,linear_svm__C0.001__pca64
bd14922a-f88e-4b99-a338-360789a40b69,1,wet,weak_expert,1,0.16632830144912458,2,1,linear_svm__C0.001__pca64
c34dae42-797d-41cd-815d-b10d23d8844d,1,wet,weak_expert,1,-0.19155756229842252,5,0,linear_svm__C0.001__pca64
c3c69ce2-8617-4329-8f39-7f7b16daafed,1,wet,weak_expert,1,0.10047687401123528,2,1,linear_svm__C0.001__pca64
c9d68f80-c9ee-4cb3-885b-f4f46fa1c8bd,1,wet,weak_expert,1,0.11070967075307384,1,1,linear_svm__C0.001__pca64
cc5b8aa6-355a-4f4c-bc88-4f1d5bafc5ad,1,wet,weak_expert,1,0.04736109499655553,3,0,linear_svm__C0.001__pca64
dc994f21-ea5e-4236-bc48-2fd980feb2f8,1,wet,weak_expert,1,0.21736662372288318,3,1,linear_svm__C0.001__pca64
dff83863-6ceb-416a-9846-26b13bab1bfa,1,wet,weak_expert,1,-0.1287122931807485,3,0,linear_svm__C0.001__pca64
e048aa97-7313-48f8-99f7-0f2795bf4a48,1,wet,weak_expert,1,0.2743391726626539,3,1,linear_svm__C0.001__pca64
e272246a-5c0e-4549-83b0-8330cfce867e,1,wet,weak_expert,1,0.02446520378924885,2,0,linear_svm__C0.001__pca64
e292ff84-85b8-486e-984a-91ecceef4b90,1,wet,weak_expert,1,0.2815726468530714,2,1,linear_svm__C0.001__pca64
e39dac66-46e0-4d6f-b09c-58026674c71f,1,wet,weak_expert,1,-0.218875738643561,1,0,linear_svm__C0.001__pca64
e6788288-778c-46d3-9d83-c4c2eb6f707d,1,wet,weak_expert,1,-0.10811233431518812,3,0,linear_svm__C0.001__pca64
e89a2e55-e5ad-4774-950c-ae4e84b444f8,1,wet,weak_expert,1,0.06267877192350263,4,1,linear_svm__C0.001__pca64
ea3553b7-8fc4-4889-bc48-9318dfc1c9f5,1,wet,weak_expert,1,-0.1265211303167635,3,0,linear_svm__C0.001__pca64
ed5f5776-506b-42ac-85f6-021619d319b9,1,wet,weak_expert,1,-0.18974967640850693,5,0,linear_svm__C0.001__pca64
ee82b8a5-39ed-41da-a927-7be42bb86ec7,1,wet,weak_expert,1,0.2940712460346841,3,1,linear_svm__C0.001__pca64
f33560fd-1e3f-4117-b759-b2151dfb7eab,1,wet,weak_expert,1,-0.050279257022197835,2,0,linear_svm__C0.001__pca64
f3a3af59-0ebf-4644-a38b-32e36a70b876,1,wet,weak_expert,1,-0.1996487131544021,1,0,linear_svm__C0.001__pca64
f8c27e97-5b6b-4437-a8ae-236074a31b98,1,wet,weak_expert,1,0.08057506088780614,1,1,linear_svm__C0.001__pca64
f9144621-a450-411a-b4f6-9a29e617358f,1,wet,weak_expert,1,-0.18928245711047806,4,0,linear_svm__C0.001__pca64
fd0859a7-9b11-405f-b151-6f21048f50bd,1,wet,weak_expert,1,0.25775476003678355,3,1,linear_svm__C0.001__pca64
059ae242-fffd-44c7-b821-9d73f93449aa,0,dry,weak_expert,2,-0.16056388740507815,4,0,linear_svm__C0.001__pca64
06ad9cc8-27ff-4d9e-bfec-f88a660d9253,0,dry,weak_expert,2,0.018009543879889862,3,0,linear_svm__C0.001__pca64
06b49798-22b7-4570-85b9-1390947ff34d,0,dry,weak_expert,2,-0.056919921412580926,2,0,linear_svm__C0.001__pca64
0b35d226-9927-4ddc-b5ea-cca273d43f66,0,dry,weak_expert,2,-0.003766248689827806,3,0,linear_svm__C0.001__pca64
0b60a771-1dde-49b8-a46d-d049b1791ca4,0,dry,weak_expert,2,0.14514687378442562,3,1,linear_svm__C0.001__pca64
0ebcd337-e754-4955-a935-f7b3f04ec5ff,0,dry,weak_expert,2,-0.23565831306423335,2,0,linear_svm__C0.001__pca64
12a1f8a8-d986-477c-a186-501247d38869,0,dry,weak_expert,2,-0.05109903645810357,2,0,linear_svm__C0.001__pca64
139d0f69-4c1c-416c-933e-ab45ea42ff93,0,dry,weak_expert,2,-0.12526365497085168,3,0,linear_svm__C0.001__pca64
13ec7c23-9c3d-42a7-90e7-ca621e8e2c33,0,dry,weak_expert,2,0.03588283117319292,2,0,linear_svm__C0.001__pca64
15a0a034-354e-4637-b74c-9653763e0862,0,dry,weak_expert,2,0.035453936849331735,2,0,linear_svm__C0.001__pca64
1645e119-c9ee-4cf8-9a87-31bcc8b025bb,0,dry,weak_expert,2,-0.25175432231181993,1,0,linear_svm__C0.001__pca64
167b1c65-40e6-4330-8dc7-d51d735ccdab,0,dry,weak_expert,2,0.2772377076426013,3,1,linear_svm__C0.001__pca64
1853c64d-a058-471d-8409-84fd2afb5edd,0,dry,weak_expert,2,-0.20489803867971584,4,0,linear_svm__C0.001__pca64
1add9b29-ef49-4a03-b38f-c9391161e7bf,0,dry,weak_expert,2,-0.04025778631516976,2,0,linear_svm__C0.001__pca64
1c13288a-9ef9-4027-9ca6-06472a106fb1,0,dry,weak_expert,2,0.02524912932867894,4,0,linear_svm__C0.001__pca64
1c4c4928-4a83-4fae-be54-48a557fb7739,0,dry,weak_expert,2,-0.19295045780616218,3,0,linear_svm__C0.001__pca64
1cef13ee-037d-49cb-bbd3-bbb44328cd91,0,dry,weak_expert,2,-0.11205291062261437,1,0,linear_svm__C0.001__pca64
1e2fb96c-cc9c-450d-9474-b363b22adfe8,0,dry,weak_expert,2,-0.20650722670712532,3,0,linear_svm__C0.001__pca64
1e35ccdb-4d0c-4a40-884d-500fa21dae26,0,dry,weak_expert,2,-0.17859862184076808,1,0,linear_svm__C0.001__pca64
1f02c230-3a22-4ee1-81e4-7e7237b36c03,0,dry,weak_expert,2,-0.024262334022395894,4,0,linear_svm__C0.001__pca64
21601275-9606-4574-869d-1cec6120d3e1,0,dry,weak_expert,2,0.03778519280558362,2,0,linear_svm__C0.001__pca64
218f522f-d3b0-4370-a93f-e8a70d958950,0,dry,gold_expert,2,0.01589411838832286,4,0,linear_svm__C0.001__pca64
21d95211-da92-44a9-83c7-30f8d4c6d670,0,dry,weak_expert,2,-0.04124717102056332,3,0,linear_svm__C0.001__pca64
22cb791b-2eba-480f-9eb3-69018bd25a04,0,dry,weak_expert,2,0.19860185716660506,1,1,linear_svm__C0.001__pca64
23757c39-1cc1-4c17-bdda-b8b44c42a68e,0,dry,weak_expert,2,-0.002636001895210148,2,0,linear_svm__C0.001__pca64
23b27f73-bbcc-4856-a5bd-8a9719e471db,0,dry,weak_expert,2,-0.02613571303102711,4,0,linear_svm__C0.001__pca64
24526b28-3377-4f1e-942f-8e3f6d38e44b,0,dry,weak_expert,2,-0.3973624059121537,2,0,linear_svm__C0.001__pca64
26194021-bc50-4a4f-b49e-e36a01041b49,0,dry,weak_expert,2,-0.047115267619519605,1,0,linear_svm__C0.001__pca64
26b079a2-0954-4ca4-a494-1ef64e7d93f9,0,dry,weak_expert,2,-0.09581131858652626,1,0,linear_svm__C0.001__pca64
27bfbb49-3141-4d9e-9746-0e830e859907,0,dry,weak_expert,2,-0.17977974191750618,1,0,linear_svm__C0.001__pca64
28ccfa17-8a60-43b1-b0b0-2db7042c088e,0,dry,weak_expert,2,0.11562186309118617,1,1,linear_svm__C0.001__pca64
2c38b55e-7a52-4b23-a4a5-f0da83cd2cba,0,dry,weak_expert,2,0.13571733966130411,3,1,linear_svm__C0.001__pca64
2e4456dd-bb47-45f7-b2ef-7b2d2f2859c6,0,dry,gold_expert,2,-0.17245418944319804,2,0,linear_svm__C0.001__pca64
30f89651-4d57-4de3-8575-ab68725eccef,0,dry,weak_expert,2,-0.24039857973109308,1,0,linear_svm__C0.001__pca64
32233260-588c-4431-a326-4a0ea6c669c5,0,dry,weak_expert,2,-0.13406602479807284,3,0,linear_svm__C0.001__pca64
32ba514c-b6e5-45a5-a62d-a4555084e3ed,0,dry,weak_expert,2,-0.0813229408250894,4,0,linear_svm__C0.001__pca64
335a56cc-66bf-4dd0-a60b-f7a596e43c08,0,dry,weak_expert,2,0.09655111191154195,2,1,linear_svm__C0.001__pca64
33ed7ec5-c28f-4397-90ac-f64af5d0393e,0,dry,weak_expert,2,0.12057984378302863,2,1,linear_svm__C0.001__pca64
341ff20f-b75f-4d5a-8ee9-38ba198ed6ec,0,dry,weak_expert,2,0.17057880397669023,4,1,linear_svm__C0.001__pca64
34fa8ed4-a911-4def-9272-d26e56dd05d2,0,dry,weak_expert,2,-0.2821602769912377,1,0,linear_svm__C0.001__pca64
353bb06f-a51c-4646-b890-d7fd3529e0e2,0,dry,weak_expert,2,-0.02147482230451369,5,0,linear_svm__C0.001__pca64
35ee826c-b4e1-40ae-9873-7df156071b7b,0,dry,weak_expert,2,-0.05842586509563845,4,0,linear_svm__C0.001__pca64
362c55e4-0bb0-4295-9dc3-be1e1e7e95a4,0,dry,weak_expert,2,-0.07172777731965244,2,0,linear_svm__C0.001__pca64
37347587-048a-4a1c-a100-7cf820711428,0,dry,weak_expert,2,-0.013437983585398744,2,0,linear_svm__C0.001__pca64
38578eb5-eef4-4c69-9e08-cbda1065b9d0,0,dry,weak_expert,2,-0.10048227397702672,2,0,linear_svm__C0.001__pca64
3a3e7613-0749-40ca-bec3-fbe8070a9719,0,dry,weak_expert,2,0.05560314243697229,2,0,linear_svm__C0.001__pca64
3a6d3a21-4c29-47a9-9146-913edb738bca,0,dry,weak_expert,2,0.13158823625732477,4,1,linear_svm__C0.001__pca64
3b6a0157-04a2-46cd-b5a7-299595293a2d,0,dry,weak_expert,2,-0.10033113120509073,3,0,linear_svm__C0.001__pca64
3b917045-a264-4e3c-9a70-491e49448c36,0,dry,weak_expert,2,-0.08120427717872966,3,0,linear_svm__C0.001__pca64
3cb4dbb6-d191-4331-bcdb-eec0f100484a,0,dry,weak_expert,2,-0.060517819045293235,2,0,linear_svm__C0.001__pca64
3d8a71a7-e94f-425c-8b92-09aceddcd063,0,dry,weak_expert,2,-0.2257990729756369,1,0,linear_svm__C0.001__pca64
3e231461-a679-4e96-8fcc-07480b6309c1,0,dry,weak_expert,2,-0.3057204003525271,3,0,linear_svm__C0.001__pca64
3ef8a638-8f4c-4018-8e25-dfd817979599,0,dry,weak_expert,2,0.03560429575387401,2,0,linear_svm__C0.001__pca64
41c95439-7a27-4f01-8aba-4a0640b4683e,0,dry,weak_expert,2,0.1816199654487055,3,1,linear_svm__C0.001__pca64
4260e6fd-0a12-48de-9bfd-1b8644c2186b,0,dry,gold_expert,2,0.3580953270930787,1,1,linear_svm__C0.001__pca64
4376cf7a-db13-4730-b2bd-890bd5e5cb8b,0,dry,weak_expert,2,-0.052491301441748996,3,0,linear_svm__C0.001__pca64
43e83454-4324-4f0d-8ff5-02c53b4781c8,0,dry,weak_expert,2,0.25201260705958006,4,1,linear_svm__C0.001__pca64
449b3a31-6ec1-4e6a-bb90-4cf63b07c8be,0,dry,weak_expert,2,0.2198015380244374,3,1,linear_svm__C0.001__pca64
44c16fe2-1d25-4964-b32d-61ce832599c1,0,dry,weak_expert,2,-0.17075855402240625,2,0,linear_svm__C0.001__pca64
47041a03-16e8-4a03-b343-8d5e69afcd5c,0,dry,weak_expert,2,0.6313059135522023,1,1,linear_svm__C0.001__pca64
4763797e-e24f-4af4-a449-d60bbc9079cb,0,dry,weak_expert,2,-0.18135393668837518,2,0,linear_svm__C0.001__pca64
47edb277-7f3c-426d-8e14-a0385f3c1b77,0,dry,weak_expert,2,-0.26587015144947085,3,0,linear_svm__C0.001__pca64
486dd43d-63a6-4ad6-8a00-2787b31c245e,0,dry,weak_expert,2,-0.20285583479183578,2,0,linear_svm__C0.001__pca64
48d28621-e417-47ae-ab2b-54e659e9df04,0,dry,weak_expert,2,0.05970453130584439,3,0,linear_svm__C0.001__pca64
48f84033-8615-4805-b2a5-d84050d3951b,0,dry,weak_expert,2,-0.3501725424197469,1,0,linear_svm__C0.001__pca64
49f7f1de-5199-4291-b906-f058a8dc74d9,0,dry,weak_expert,2,-0.26797677346407384,1,0,linear_svm__C0.001__pca64
4a39216d-fdac-4a28-b2cc-367e39d098aa,0,dry,weak_expert,2,-0.0848651425919009,2,0,linear_svm__C0.001__pca64
4afa3822-6de3-4877-b5ee-2e4e7ffb9081,0,dry,weak_expert,2,0.05819626306741886,2,0,linear_svm__C0.001__pca64
4e052563-ff5b-47b1-92c2-dc4ba0ac8fbc,0,dry,weak_expert,2,-0.17136401747343807,4,0,linear_svm__C0.001__pca64
4f51059b-0e34-4ae8-8ea8-66630d9b147b,0,dry,weak_expert,2,0.232717040708621,4,1,linear_svm__C0.001__pca64
4fa3ac8d-f252-40d6-bccd-24aa5e35556c,0,dry,weak_expert,2,-0.10624410584270068,1,0,linear_svm__C0.001__pca64
506b5606-cecb-4fba-8723-c4a2bfb8b038,0,dry,weak_expert,2,-0.08935897211783031,5,0,linear_svm__C0.001__pca64
510640bb-d6db-483f-a754-c5fa1eaaa388,0,dry,gold_expert,2,0.04812092902914633,4,0,linear_svm__C0.001__pca64
5132cf1f-33ea-489a-83c4-9e428f1646a7,0,dry,weak_expert,2,0.010052133893327014,2,0,linear_svm__C0.001__pca64
51e2e40b-f1cd-45ba-ad05-8219c595235c,0,dry,weak_expert,2,0.025105398370049326,2,0,linear_svm__C0.001__pca64
52047339-5625-493f-903a-e0c1950353b3,0,dry,weak_expert,2,-0.0977027060439882,1,0,linear_svm__C0.001__pca64
522a43ec-3d80-43e4-97c9-c21ceb8b7a63,0,dry,weak_expert,2,-0.19814893685256493,3,0,linear_svm__C0.001__pca64
539a8ff2-b70e-4d5d-9799-53bf23cf3acf,0,dry,weak_expert,2,-0.0135301786865306,1,0,linear_svm__C0.001__pca64
5402221a-1b2a-4472-ba3e-f5cfc04f18f0,0,dry,weak_expert,2,0.09237442073785604,1,1,linear_svm__C0.001__pca64
55cb1a15-6513-4602-8f59-ecdb5681248c,0,dry,weak_expert,2,0.14125485330387627,1,1,linear_svm__C0.001__pca64
55d0ed26-a7a2-418d-b326-d0bd29a3f19c,0,dry,weak_expert,2,-0.18482943106215488,2,0,linear_svm__C0.001__pca64
5683cd42-347e-4fbf-8cd5-aa60c3e5b6cc,0,dry,weak_expert,2,0.15041570719414546,3,1,linear_svm__C0.001__pca64
57c25c39-f510-44e3-9ca0-0f694c81a440,0,dry,weak_expert,2,-0.08182711030712875,1,0,linear_svm__C0.001__pca64
57e1df06-5e7a-451e-8ffa-6aeaeb732192,0,dry,weak_expert,2,-0.11255271712383694,5,0,linear_svm__C0.001__pca64
583bcee8-db16-4027-b767-cd74e9433cba,0,dry,weak_expert,2,0.02572132134632445,3,0,linear_svm__C0.001__pca64
58970bd3-2993-4762-8b21-0c5a2937c16b,0,dry,weak_expert,2,-0.09506572460373786,2,0,linear_svm__C0.001__pca64
5ac1a9c3-b135-4589-95dc-cf2a222265f8,0,dry,weak_expert,2,-0.09632563428763376,1,0,linear_svm__C0.001__pca64
5be10c89-4c9a-495e-8671-f445f51a3fe0,0,dry,gold_expert,2,0.09275807896544591,3,1,linear_svm__C0.001__pca64
5e232ea7-d639-4ec9-99b2-1829528cdf1c,0,dry,weak_expert,2,0.1757218794484081,1,1,linear_svm__C0.001__pca64
5e6d9fe2-f660-49d8-8258-96fc6518187d,0,dry,weak_expert,2,-0.021827642981189218,3,0,linear_svm__C0.001__pca64
5ef9fa57-cf7d-4964-a001-05fd72063add,0,dry,weak_expert,2,0.0779524875206327,2,1,linear_svm__C0.001__pca64
60c3afcc-fe9b-4d91-b713-0ab357d5c825,0,dry,weak_expert,2,0.21719381945962585,1,1,linear_svm__C0.001__pca64
6208f70a-1cd0-4428-a68e-b3db1bc8abf7,0,dry,weak_expert,2,-0.08594724531835236,3,0,linear_svm__C0.001__pca64
6308a83f-58f0-4cd8-be25-5c75b8883126,0,dry,weak_expert,2,-0.30080598741893994,4,0,linear_svm__C0.001__pca64
639c6225-edd2-4f9c-8c7f-5fedd57ef73f,0,dry,weak_expert,2,-0.226718239758124,3,0,linear_svm__C0.001__pca64
668c6e03-edc6-45aa-98d1-429fe5bd92fa,0,dry,weak_expert,2,0.1250779996873735,1,1,linear_svm__C0.001__pca64
67b68c39-caf5-46b1-b8da-7f2fd9068a5a,0,dry,weak_expert,2,0.014928632076511766,3,0,linear_svm__C0.001__pca64
6868da77-a36a-4fb4-afa5-aba26bd2bbd5,0,dry,weak_expert,2,-0.06946620823647279,5,0,linear_svm__C0.001__pca64
70bd76c5-bfc6-4a4d-9942-47588699c714,0,dry,weak_expert,2,0.011677863760239632,3,0,linear_svm__C0.001__pca64
724ff070-52ab-48e8-8e85-f6431a9d2869,0,dry,weak_expert,2,0.23488058214304175,1,1,linear_svm__C0.001__pca64
729d23d1-9abd-44df-8b05-22217b1ffbdf,0,dry,weak_expert,2,-0.17717762886757277,5,0,linear_svm__C0.001__pca64
7336b77f-6873-4e2c-837d-2ef925a3d33e,0,dry,weak_expert,2,-0.04135253109274978,4,0,linear_svm__C0.001__pca64
74c47154-dc42-4f14-8285-b5a507ef9463,0,dry,weak_expert,2,-0.4335010361823425,2,0,linear_svm__C0.001__pca64
751c4649-2d74-46f1-a873-b0d40946e145,0,dry,weak_expert,2,0.22716989688988487,2,1,linear_svm__C0.001__pca64
756d7aa4-e12a-4eb3-b119-2b8a7db0abb6,0,dry,weak_expert,2,-0.17865024416556147,1,0,linear_svm__C0.001__pca64
76521f70-dec6-4d64-8378-a0dbb1f5c724,0,dry,weak_expert,2,-0.11871799915130371,3,0,linear_svm__C0.001__pca64
7668e116-b279-4ee0-90f6-dff5be2df938,0,dry,weak_expert,2,0.11268193387780005,1,1,linear_svm__C0.001__pca64
7672fa5b-277c-40e4-98e7-bca978acfe9e,0,dry,weak_expert,2,0.02034943209579298,2,0,linear_svm__C0.001__pca64
76779311-1f9c-40b5-845d-bde19b0d9c0e,0,dry,weak_expert,2,0.15600268846826437,2,1,linear_svm__C0.001__pca64
78bba857-d1c8-4a56-86d5-650911bad154,0,dry,weak_expert,2,-0.17889119696203956,2,0,linear_svm__C0.001__pca64
7a92755e-90c8-4491-a7ec-36b3d9a74ceb,0,dry,weak_expert,2,-0.18518293539870775,3,0,linear_svm__C0.001__pca64
7a94b3ae-2fd8-48f3-b15d-34c157c21e8f,0,dry,weak_expert,2,0.3292686589811571,2,1,linear_svm__C0.001__pca64
7e4cf3ef-9c9a-43ff-8e0e-527eddeff067,0,dry,weak_expert,2,0.379297501374473,4,1,linear_svm__C0.001__pca64
7ec311f3-c48a-4b46-81dd-de4ffca3610c,0,dry,weak_expert,2,0.16211764977665338,4,1,linear_svm__C0.001__pca64
7f64a4ba-035c-41e1-a7d0-34f60d160648,0,dry,weak_expert,2,0.24845980206948368,2,1,linear_svm__C0.001__pca64
80ef7fb3-fa42-4539-8109-bac59586b80d,0,dry,weak_expert,2,-0.04446607209629812,1,0,linear_svm__C0.001__pca64
818197ee-acaf-48e1-8776-1c70942a4ced,0,dry,gold_expert,2,0.10119435796545424,2,1,linear_svm__C0.001__pca64
82a7bdf0-56fb-426c-9dc6-7811ee82ece2,0,dry,weak_expert,2,-0.18438085638020485,6,0,linear_svm__C0.001__pca64
8395f784-e828-4c74-a856-e49cdb1074ef,0,dry,weak_expert,2,0.015726001012682553,4,0,linear_svm__C0.001__pca64
84f7f9eb-ce07-4ace-8c02-d83360a25db4,0,dry,weak_expert,2,-0.06700305533812152,5,0,linear_svm__C0.001__pca64
86154e17-8089-4f5a-9dfb-427f4e5a9583,0,dry,weak_expert,2,0.08806756142153001,1,1,linear_svm__C0.001__pca64
880d7516-b583-45c9-9012-949148905250,0,dry,weak_expert,2,-0.08135614875765945,2,0,linear_svm__C0.001__pca64
885278b4-30ed-4dd7-a813-f0e2706a12ba,0,dry,weak_expert,2,-0.17587662060553214,4,0,linear_svm__C0.001__pca64
88571a5b-7d25-4373-86f8-f784dbceabec,0,dry,gold_expert,2,-0.10550367497513774,4,0,linear_svm__C0.001__pca64
89a9d33a-38ac-4927-914b-79d448519c72,0,dry,weak_expert,2,0.0028070783657881612,2,0,linear_svm__C0.001__pca64
8a4486c3-9d2f-47cf-82ec-998b7f59e8f2,0,dry,weak_expert,2,0.16399272226823514,1,1,linear_svm__C0.001__pca64
8b50115d-5e51-4fa0-9521-f6ecc0b6527d,0,dry,weak_expert,2,0.07177605551329125,3,1,linear_svm__C0.001__pca64
8c509a42-be60-4f6c-b5a8-5f304d5caff7,0,dry,weak_expert,2,0.02178799888758313,3,0,linear_svm__C0.001__pca64
8e381f25-6bc9-4b5e-b221-f92e340e71b9,0,dry,weak_expert,2,0.1350236001886518,2,1,linear_svm__C0.001__pca64
8e9e20cd-78c6-414d-91fb-c99092255bd6,0,dry,weak_expert,2,-0.12054347555383997,5,0,linear_svm__C0.001__pca64
8ef63129-6889-4095-8e2f-562ddee8069e,0,dry,weak_expert,2,-0.17176541138307794,1,0,linear_svm__C0.001__pca64
8f71aa36-4f94-4726-9def-b98b63f03a27,0,dry,weak_expert,2,0.035876430768559675,2,0,linear_svm__C0.001__pca64
900e0342-6ad8-48f0-8cbc-e8f1950541df,0,dry,weak_expert,2,-0.009877072974166519,3,0,linear_svm__C0.001__pca64
90df4728-8750-4646-a0a4-027f2c9cd544,0,dry,weak_expert,2,-0.183637232110965,4,0,linear_svm__C0.001__pca64
9255b8a3-43a2-4c4d-a858-9ddc45bb506b,0,dry,weak_expert,2,-0.19904415550592713,3,0,linear_svm__C0.001__pca64
92d33463-e1bd-490e-8a8d-adb7bfb0b24e,0,dry,weak_expert,2,-0.18267146175487023,3,0,linear_svm__C0.001__pca64
9333c624-ef59-44f6-9643-fa9b2485c173,0,dry,gold_expert,2,-0.21666286768437407,4,0,linear_svm__C0.001__pca64
93d85777-43fb-4fbf-a63b-95434133437b,0,dry,weak_expert,2,-0.11899069156093511,2,0,linear_svm__C0.001__pca64
977592cb-c1f2-4b5e-bad1-6132b5cd2ad0,0,dry,weak_expert,2,-0.017335989432790244,2,0,linear_svm__C0.001__pca64
9b1454f3-7e95-4b04-9369-ba923145c84c,0,dry,weak_expert,2,0.045852317104233466,2,0,linear_svm__C0.001__pca64
9cc8c2de-8733-4e5b-a18d-5bf9a5166c85,0,dry,weak_expert,2,-0.13226994680980164,2,0,linear_svm__C0.001__pca64
9d03d2b0-dde8-4a31-b4a8-7bb87e98750f,0,dry,weak_expert,2,-0.10741551906542392,1,0,linear_svm__C0.001__pca64
9dc66677-d2a0-4c56-8a4d-74177f49ba1e,0,dry,weak_expert,2,-0.02253004652279136,4,0,linear_svm__C0.001__pca64
9e4f4e7b-541e-4e88-80c8-458f62c12825,0,dry,weak_expert,2,0.029580099608630298,3,0,linear_svm__C0.001__pca64
9f2e5d96-7ac5-4b6b-8d67-afebd051d2e1,0,dry,weak_expert,2,-0.07579228603730553,3,0,linear_svm__C0.001__pca64
9f4dfad5-c175-4a75-b3ac-cdc08e72b98c,0,dry,weak_expert,2,-0.21459669632101072,6,0,linear_svm__C0.001__pca64
a08ada1f-32e6-40cf-9513-57cf411cf97d,0,dry,weak_expert,2,0.23775466193233383,3,1,linear_svm__C0.001__pca64
a0bd7465-ae76-40cd-903b-3591ed9595db,0,dry,weak_expert,2,-0.18067378448391064,2,0,linear_svm__C0.001__pca64
a1ffec02-864d-4739-8725-1f7487fee29c,0,dry,weak_expert,2,-0.15097130974099546,4,0,linear_svm__C0.001__pca64
a286fb10-67fa-432e-80b1-e3f3992f4f95,0,dry,weak_expert,2,0.04394265734280437,3,0,linear_svm__C0.001__pca64
a28776b5-b876-47ac-8973-9ca280156608,0,dry,weak_expert,2,-0.11623605494448327,2,0,linear_svm__C0.001__pca64
a2f3af55-0c64-4b6a-af94-35566bbdcf74,0,dry,weak_expert,2,0.12621977725821534,4,1,linear_svm__C0.001__pca64
a3a67ea5-43d5-4b74-8176-0230d2281efb,0,dry,weak_expert,2,-0.33349784061187226,3,0,linear_svm__C0.001__pca64
a3f71947-b7ec-4fd4-a091-987a2859d5e1,0,dry,weak_expert,2,-0.011381042854812604,4,0,linear_svm__C0.001__pca64
a426cca7-528f-41d3-aba4-b717699e45d5,0,dry,weak_expert,2,-0.07479195263186092,1,0,linear_svm__C0.001__pca64
a523b86d-a88a-450b-a778-bb131e1e0865,0,dry,weak_expert,2,0.2527426964166329,1,1,linear_svm__C0.001__pca64
a5e352b6-3f84-4374-9551-15e14383c27b,0,dry,weak_expert,2,-0.027897549932132452,4,0,linear_svm__C0.001__pca64
a684a1c0-e2de-4ae2-b1a1-cca613005bd5,0,dry,weak_expert,2,-0.3482260262446845,1,0,linear_svm__C0.001__pca64
a6c4aa4b-eaa9-457f-a077-98eba5b8ad0e,0,dry,weak_expert,2,-0.29427826678344116,4,0,linear_svm__C0.001__pca64
a8eeb6e9-2034-4c15-8fea-525fdfb3ef3c,0,dry,weak_expert,2,0.09560923867441239,2,1,linear_svm__C0.001__pca64
aa0d68d2-690e-4341-9a83-c041c6abfcea,0,dry,weak_expert,2,0.07195998567717059,1,1,linear_svm__C0.001__pca64
aa4877b2-4820-422b-affe-c3d31c1fc70a,0,dry,weak_expert,2,-0.17319276299178185,3,0,linear_svm__C0.001__pca64
abb1586c-6a06-4667-8407-5574b4cc78e3,0,dry,weak_expert,2,-0.26211474375775756,2,0,linear_svm__C0.001__pca64
acaf0afa-64f0-4c09-b764-24f8b3f5dff0,0,dry,weak_expert,2,0.03286138240660543,3,0,linear_svm__C0.001__pca64
acd3adc4-4f5c-4144-8dd6-3ea2063845db,0,dry,weak_expert,2,-0.09707957382124474,2,0,linear_svm__C0.001__pca64
ae24d283-6e7d-4677-a6c0-c8de2fc87422,0,dry,weak_expert,2,-0.040095145090025694,6,0,linear_svm__C0.001__pca64
ae5dcf74-bf11-47a3-b0d6-c668a0794d8a,0,dry,weak_expert,2,0.2835555857312538,1,1,linear_svm__C0.001__pca64
b010f28f-e601-49de-9293-fb65fdad2dd4,0,dry,gold_expert,2,0.22183005802610362,1,1,linear_svm__C0.001__pca64
b05935c3-68d7-4a28-aea9-f92fbe295c6c,0,dry,gold_expert,2,-0.40592481589074914,1,0,linear_svm__C0.001__pca64
b0f208f9-2bb8-4de3-b144-ecc04a5e10d3,0,dry,weak_expert,2,-0.07133912474283295,3,0,linear_svm__C0.001__pca64
b2880c03-b9df-4fab-b2cf-a82eb3ab97f8,0,dry,weak_expert,2,0.025218817505282976,5,0,linear_svm__C0.001__pca64
b3889822-bf4c-4655-8d72-69593a4abda4,0,dry,weak_expert,2,-0.08929653430142102,3,0,linear_svm__C0.001__pca64
b4538358-d704-49f4-81a6-2888dfc4b309,0,dry,weak_expert,2,-0.061485390538898885,1,0,linear_svm__C0.001__pca64
b4d64d96-8bf9-413d-a165-e6deed6c4dba,0,dry,weak_expert,2,-0.00636166761933965,2,0,linear_svm__C0.001__pca64
b5880de4-b63e-4b27-9a51-35a5a6667af3,0,dry,weak_expert,2,-0.2767624744261515,3,0,linear_svm__C0.001__pca64
b5ec57dd-28bb-428d-a420-6617f7749a9a,0,dry,weak_expert,2,-0.036674772772695825,2,0,linear_svm__C0.001__pca64
b694763f-70c6-4f29-bb00-0e8d7d7c9a0f,0,dry,weak_expert,2,0.023187536661536404,4,0,linear_svm__C0.001__pca64
b6ad6b8e-d647-4a31-a414-3c79a1006e80,0,dry,weak_expert,2,0.17568103145110103,1,1,linear_svm__C0.001__pca64
b74176fe-cc78-4daa-8541-10ba8968439d,0,dry,weak_expert,2,0.4041148423808374,1,1,linear_svm__C0.001__pca64
b8d76cc3-378a-4ac6-9aef-0640c8473e7e,0,dry,weak_expert,2,-0.025906763443092937,1,0,linear_svm__C0.001__pca64
b986fda8-71e3-4de9-8702-5cc2c82b5faa,0,dry,weak_expert,2,0.013696562889958649,5,0,linear_svm__C0.001__pca64
bb6ce694-ca5a-4b1a-9460-8c4cbae05826,0,dry,weak_expert,2,0.09252595837716689,2,1,linear_svm__C0.001__pca64
bbb221cc-8c5c-407d-9ae1-ae8ebd842504,0,dry,weak_expert,2,0.448537089047377,1,1,linear_svm__C0.001__pca64
bbd87814-fc8c-493a-907c-aeb18acf8e44,0,dry,weak_expert,2,0.2356627353598566,1,1,linear_svm__C0.001__pca64
be9d7901-a0ae-4ef1-83f6-d58c5263cd96,0,dry,weak_expert,2,0.13124577336994248,1,1,linear_svm__C0.001__pca64
bed17bfe-d49d-44a1-a3d1-40ae3249ec52,0,dry,weak_expert,2,0.16674432949494022,1,1,linear_svm__C0.001__pca64
c07875ca-5e1a-4263-9a47-4c06f2b0fbe3,0,dry,weak_expert,2,0.14102429956298498,2,1,linear_svm__C0.001__pca64
c1281451-b74b-4659-beb7-11669297e022,0,dry,weak_expert,2,-0.09512150891739053,3,0,linear_svm__C0.001__pca64
c29f01d2-870f-4aac-94ec-3699fc0ee32a,0,dry,weak_expert,2,-0.01182686460377423,3,0,linear_svm__C0.001__pca64
c5470e5f-81fd-4586-bfdb-7e94e7cce348,0,dry,weak_expert,2,-0.07038209934035858,5,0,linear_svm__C0.001__pca64
c5868d6c-a411-4f12-b563-0a418224c376,0,dry,weak_expert,2,-0.03402995911797666,6,0,linear_svm__C0.001__pca64
c587c70a-7489-4c3b-9696-ce1b715168ec,0,dry,weak_expert,2,-0.2488517115208706,1,0,linear_svm__C0.001__pca64
c5f4b9fe-04cd-441b-801f-ae24db6b2fc7,0,dry,weak_expert,2,0.24494283666523467,2,1,linear_svm__C0.001__pca64
c66b8483-8310-437c-9e6d-ab3fc0aa5e98,0,dry,weak_expert,2,0.02446684717184263,1,0,linear_svm__C0.001__pca64
c903ddd6-d205-411d-923a-60550e6aab1e,0,dry,weak_expert,2,0.20482830176421352,1,1,linear_svm__C0.001__pca64
c91f0ba5-6d0e-415a-a27f-b9753d758533,0,dry,weak_expert,2,-0.08616054555419159,2,0,linear_svm__C0.001__pca64
ca4c3587-d044-4242-81e1-7a51e68db6a7,0,dry,weak_expert,2,0.25996343324425863,2,1,linear_svm__C0.001__pca64
cbbef439-96c8-4dca-b3ff-f8491b7c8653,0,dry,weak_expert,2,-0.30230157263438395,3,0,linear_svm__C0.001__pca64
cd05d1d9-ed06-4fa7-b0d7-3e43c89eb45b,0,dry,weak_expert,2,-0.1696629701281625,2,0,linear_svm__C0.001__pca64
ce2634a4-1ad5-4e79-bb90-905c03e52afb,0,dry,weak_expert,2,-0.14230333898601166,3,0,linear_svm__C0.001__pca64
ce29aef9-0a86-42e6-ab49-258b8a6b1a5e,0,dry,weak_expert,2,0.04417745216262632,1,0,linear_svm__C0.001__pca64
ce468c06-5a71-4498-8b0d-4d75551094b3,0,dry,weak_expert,2,0.40725343303196027,2,1,linear_svm__C0.001__pca64
ce8ccb5f-c7a3-48e1-839a-a9c4cd71ab3a,0,dry,weak_expert,2,0.033789200346411925,6,0,linear_svm__C0.001__pca64
d037aca5-7fce-402a-871e-d25601a69a8c,0,dry,weak_expert,2,-0.03780469375783664,5,0,linear_svm__C0.001__pca64
d2c91dbb-f9d3-4d93-ac4d-1b0245631c82,0,dry,weak_expert,2,-0.011023781486296708,2,0,linear_svm__C0.001__pca64
d7e71034-14a0-4ebb-870c-11bffb7d80d4,0,dry,gold_expert,2,0.07410039921752506,4,1,linear_svm__C0.001__pca64
d801aaa2-a086-4213-a552-7dd6fbf53943,0,dry,weak_expert,2,0.21683825566234965,4,1,linear_svm__C0.001__pca64
d86c823a-3599-4b67-8ec5-85546f1abb16,0,dry,weak_expert,2,0.0986634070567484,3,1,linear_svm__C0.001__pca64
d92e70af-5bec-4d14-a60e-5a3806e24e75,0,dry,weak_expert,2,0.056018053131671505,2,0,linear_svm__C0.001__pca64
d9bbd789-3516-4bd1-982f-040ffd01eddf,0,dry,weak_expert,2,-0.028722860983875623,3,0,linear_svm__C0.001__pca64
da46c7ee-5342-4f0f-8326-fae957cdfcdf,0,dry,weak_expert,2,0.04618361243738056,2,0,linear_svm__C0.001__pca64
dc245a1e-cce1-47f4-914f-e4fa8dbd9917,0,dry,weak_expert,2,0.21712181568438269,3,1,linear_svm__C0.001__pca64
dc2d0ff1-8f06-4deb-a95f-bdac66488319,0,dry,weak_expert,2,-0.010833560930024792,2,0,linear_svm__C0.001__pca64
dc82a3d2-e9bb-40d2-8451-16ad60e188f2,0,dry,weak_expert,2,0.043623272364273304,5,0,linear_svm__C0.001__pca64
deca9f96-463f-4198-baf0-19c42446ec19,0,dry,weak_expert,2,-0.12656132447104085,3,0,linear_svm__C0.001__pca64
dee8c009-e2f7-4258-9c17-98f8ef49345d,0,dry,weak_expert,2,-0.05258152925327659,3,0,linear_svm__C0.001__pca64
e0c631a6-5e7e-4f5a-8a07-d27f0ecbfb65,0,dry,weak_expert,2,0.04545366598720819,3,0,linear_svm__C0.001__pca64
e1259ecf-0b60-4106-9852-61c945065ab1,0,dry,weak_expert,2,-0.04333293411615415,5,0,linear_svm__C0.001__pca64
e2719794-cda2-484d-9147-7d526bd86148,0,dry,weak_expert,2,-0.06808014921148325,2,0,linear_svm__C0.001__pca64
e4740bf9-f9ea-47f9-9fbd-1a285654a9de,0,dry,weak_expert,2,0.3003811554075423,1,1,linear_svm__C0.001__pca64
e5309e82-43fc-4aac-9bd7-200c3b4e926d,0,dry,weak_expert,2,-0.05852097444278583,6,0,linear_svm__C0.001__pca64
e586aff4-968f-4299-b092-3e9a59472689,0,dry,weak_expert,2,-0.047561716495098355,1,0,linear_svm__C0.001__pca64
e614bfdf-0264-4094-8585-a1cd4068f503,0,dry,weak_expert,2,0.050305306564578545,3,0,linear_svm__C0.001__pca64
e695a385-83cf-48d7-9595-ab9cf8923359,0,dry,weak_expert,2,-0.018378394511234446,3,0,linear_svm__C0.001__pca64
e6aa50ad-6ca4-4187-aca1-6e5915e1d691,0,dry,weak_expert,2,-0.14561034831627537,3,0,linear_svm__C0.001__pca64
e83d9943-0a3b-4492-a260-25dffff666b2,0,dry,weak_expert,2,0.06030945065858491,4,1,linear_svm__C0.001__pca64
e8fe6b8b-a7be-404d-95a5-5da7f4efe0e8,0,dry,weak_expert,2,-0.028330830963798598,2,0,linear_svm__C0.001__pca64
e9d0b8ba-4bb5-46c6-a1a6-3d3f68fc0c19,0,dry,weak_expert,2,0.07454693129004535,3,1,linear_svm__C0.001__pca64
eb8828a2-ec95-4e4d-883d-7795322a0079,0,dry,weak_expert,2,0.039528729152350325,4,0,linear_svm__C0.001__pca64
ed19d797-397f-4218-8412-14d7f5c25780,0,dry,weak_expert,2,0.05186063604187867,4,0,linear_svm__C0.001__pca64
ed988dfa-0bc8-409d-adea-4b44350ad946,0,dry,weak_expert,2,-0.17866192993331106,3,0,linear_svm__C0.001__pca64
edd0f863-340f-4e5b-b4ce-a0ef86db8d9a,0,dry,weak_expert,2,-0.11964593539968323,2,0,linear_svm__C0.001__pca64
ee675fea-3d85-4c06-acec-3c69d26986e7,0,dry,weak_expert,2,-0.05797068820999633,4,0,linear_svm__C0.001__pca64
efe41fcb-0a86-4fd3-ad6c-e85f4cde8550,0,dry,weak_expert,2,0.11788806815111265,1,1,linear_svm__C0.001__pca64
f028405b-2f4f-4379-ba3e-acc7a69f90be,0,dry,weak_expert,2,0.22826159565531146,3,1,linear_svm__C0.001__pca64
f06dc4f4-26ec-4743-940c-505fb4dea0cb,0,dry,weak_expert,2,-0.13583803738510863,1,0,linear_svm__C0.001__pca64
f3032d2e-cfa8-4725-88dd-1e3ca0b563f8,0,dry,weak_expert,2,0.13418660027993823,4,1,linear_svm__C0.001__pca64
f3f25a4e-536f-4fe4-b038-7428fc916411,0,dry,weak_expert,2,0.1064347366368691,3,1,linear_svm__C0.001__pca64
f4e86ede-7444-4325-bcf8-bfd540e8ce43,0,dry,weak_expert,2,-0.22127234495815562,2,0,linear_svm__C0.001__pca64
f4ea2005-309b-4c9a-84b2-6ed938532d05,0,dry,weak_expert,2,-0.2224330089005726,4,0,linear_svm__C0.001__pca64
f6dc47c2-d5f1-4153-b9a9-7ee1419cbae5,0,dry,weak_expert,2,0.19167981189228048,4,1,linear_svm__C0.001__pca64
f7d1f28a-e3a8-4dd9-b7ec-93e04ee023a0,0,dry,weak_expert,2,0.05328889937890771,2,0,linear_svm__C0.001__pca64
f9dd0931-616e-426c-85cb-c431ddf06e7d,0,dry,weak_expert,2,0.05894900054218341,1,0,linear_svm__C0.001__pca64
fa3cbbd0-dcbb-4ce7-a658-d87644a69946,0,dry,weak_expert,2,0.11097527077011946,2,1,linear_svm__C0.001__pca64
fb0971e2-8ebf-459c-972d-b09d28ae0ca6,0,dry,weak_expert,2,-0.1362762466041819,5,0,linear_svm__C0.001__pca64
fb8f5c0b-93e0-4403-baea-26673d650b42,0,dry,weak_expert,2,-0.16462298414807325,3,0,linear_svm__C0.001__pca64
fd849b72-f4bf-4852-9bc2-fd9becc9571e,0,dry,weak_expert,2,-0.16628214446643502,1,0,linear_svm__C0.001__pca64
fd9c0574-c559-4301-bab9-bbf45e64ed40,0,dry,weak_expert,2,0.13587903162840237,2,1,linear_svm__C0.001__pca64
ffd18a56-096d-40fc-9862-e5c5a8ca1fcd,0,dry,weak_expert,2,-0.12161667586323975,4,0,linear_svm__C0.001__pca64
008ba489-31ad-44d8-856b-fcf72369dc46,1,wet,weak_expert,2,0.09133252164085012,2,1,linear_svm__C0.001__pca64
00bf9f83-2e8f-47cf-a4f2-97f2beceebc1,1,wet,weak_expert,2,0.04597435356920479,1,0,linear_svm__C0.001__pca64
14a3c119-bee8-435a-9193-d2ce7cb84a03,1,wet,weak_expert,2,0.02197420171795858,4,0,linear_svm__C0.001__pca64
1510dd92-a632-48ad-b5e7-1853a9e8e61d,1,wet,weak_expert,2,-0.03846593322461362,3,0,linear_svm__C0.001__pca64
1d120109-bee0-4597-8fc6-c8eaf97cab5c,1,wet,weak_expert,2,0.09085338215583363,2,1,linear_svm__C0.001__pca64
21aee478-6d13-45ea-be4d-4f29fd244798,1,wet,weak_expert,2,-0.1418936179939161,2,0,linear_svm__C0.001__pca64
224ee66d-7c74-474d-8123-360b75ed739c,1,wet,weak_expert,2,0.11482791600072907,3,1,linear_svm__C0.001__pca64
22975528-762e-4bd7-9f73-a3da0b485cb4,1,wet,weak_expert,2,-0.07499468546002383,6,0,linear_svm__C0.001__pca64
28d4e487-0d9d-4911-951d-5de7fcb5c986,1,wet,weak_expert,2,0.1233776189370505,4,1,linear_svm__C0.001__pca64
30a6ca1c-0b72-4ad2-9226-e9bb06add48d,1,wet,weak_expert,2,0.31626974647100725,2,1,linear_svm__C0.001__pca64
3278e364-afdd-4c39-9126-b8b4a4caf1c5,1,wet,gold_expert,2,-0.051117657828895435,5,0,linear_svm__C0.001__pca64
36d918eb-8f0c-4ab2-a7de-7aa27f58800c,1,wet,weak_expert,2,-0.008086515168406944,4,0,linear_svm__C0.001__pca64
3bd63a44-a443-4a3f-a1ec-ffc2540f7ed0,1,wet,weak_expert,2,0.11236328517904251,5,1,linear_svm__C0.001__pca64
3f9a82e6-93b5-4d80-b8ae-09d36929d437,1,wet,weak_expert,2,0.014958860176269554,3,0,linear_svm__C0.001__pca64
44276123-82cf-4aa0-abb6-a483c83b9852,1,wet,weak_expert,2,0.15638845639562926,1,1,linear_svm__C0.001__pca64
459c949d-1074-4687-a911-e1b61753643c,1,wet,weak_expert,2,-0.0337140565916095,1,0,linear_svm__C0.001__pca64
4811b9fb-5369-478e-91ac-a6eb9a72005e,1,wet,weak_expert,2,-0.22826453636371316,3,0,linear_svm__C0.001__pca64
48834369-72f5-4bbb-847c-5636af5a6882,1,wet,weak_expert,2,0.06041545039350481,1,1,linear_svm__C0.001__pca64
48bcd9fe-f974-46cc-910a-1b0307eaa336,1,wet,weak_expert,2,-0.06454683280245263,5,0,linear_svm__C0.001__pca64
48d078a6-6e5c-4e34-a562-3bd57d7688d6,1,wet,weak_expert,2,0.028361967276832628,3,0,linear_svm__C0.001__pca64
4e8a8b2b-3437-4358-a1fc-407c04c51a0d,1,wet,weak_expert,2,0.11691260210989686,2,1,linear_svm__C0.001__pca64
52339446-0c26-4d66-a776-9894b8bd196f,1,wet,weak_expert,2,-0.003983796674423519,3,0,linear_svm__C0.001__pca64
5ac60a58-ed8d-4b77-8338-fbefe993ad6e,1,wet,weak_expert,2,-0.23525612023263975,2,0,linear_svm__C0.001__pca64
5c434e8c-d6cc-4011-b4e8-013fc8183324,1,wet,weak_expert,2,0.031151059511956097,4,0,linear_svm__C0.001__pca64
5e5bbcfe-9901-4fd8-9be7-d51ea7251cbe,1,wet,weak_expert,2,0.003682723789672812,4,0,linear_svm__C0.001__pca64
5fdfbf5f-b4db-42ad-8971-275b616bcc72,1,wet,weak_expert,2,-0.08527859601212587,5,0,linear_svm__C0.001__pca64
616464a2-ee80-48e0-a96b-cd4464445162,1,wet,weak_expert,2,-0.08969773019099195,2,0,linear_svm__C0.001__pca64
64da4ad6-4280-49a1-bd37-e35efd7837c6,1,wet,weak_expert,2,0.12377583723260636,1,1,linear_svm__C0.001__pca64
6a4726f8-f69e-423c-86be-f8d0c4975d4f,1,wet,weak_expert,2,-0.006996175474751121,1,0,linear_svm__C0.001__pca64
6d485342-6c82-4d58-8a54-d8777ceeca9b,1,wet,weak_expert,2,0.3454895057799596,1,1,linear_svm__C0.001__pca64
71e56426-e99f-4c1a-b39a-55d7c687704c,1,wet,weak_expert,2,-0.06353435154988947,4,0,linear_svm__C0.001__pca64
72af1dd5-618e-47f2-a11f-f3a61d9b396f,1,wet,weak_expert,2,0.10601298148394472,4,1,linear_svm__C0.001__pca64
77f4b676-9d1f-49d4-b694-49f2edb225bd,1,wet,weak_expert,2,0.28118775422068276,1,1,linear_svm__C0.001__pca64
7b4e2b37-d42a-4184-a06a-d824c89fe264,1,wet,weak_expert,2,0.42874143923612684,1,1,linear_svm__C0.001__pca64
7e5e71f2-c060-4f4c-9d80-1524981eadc5,1,wet,weak_expert,2,-0.0803016524696099,2,0,linear_svm__C0.001__pca64
805d5c82-a503-44a6-b69d-41532ebb859c,1,wet,weak_expert,2,-0.085486484918986,1,0,linear_svm__C0.001__pca64
826697aa-c314-45d2-9a09-b726571ca407,1,wet,weak_expert,2,0.2225574494364372,4,1,linear_svm__C0.001__pca64
864b3b33-c30b-4215-a6ad-66be69c07197,1,wet,weak_expert,2,-0.13233625150267345,3,0,linear_svm__C0.001__pca64
86bd5780-9af3-4e33-86ba-c0105ecd408e,1,wet,weak_expert,2,-0.011763800147718051,2,0,linear_svm__C0.001__pca64
88a9b00f-205e-4fbc-9cda-1793f2c7600b,1,wet,weak_expert,2,-0.02641588108144738,3,0,linear_svm__C0.001__pca64
8905d5ea-2412-4222-93f8-95cd4455f8e4,1,wet,weak_expert,2,0.07139996768406548,2,1,linear_svm__C0.001__pca64
8ac2ef46-05fb-4f68-bb2d-ca5b1e51ed7f,1,wet,weak_expert,2,0.08999542065657858,3,1,linear_svm__C0.001__pca64
8bb8315c-9afe-4205-911f-222c912f980e,1,wet,weak_expert,2,-0.2440197401196011,1,0,linear_svm__C0.001__pca64
8c48edec-8c1f-4e36-b8a4-10576bf6f301,1,wet,weak_expert,2,0.272168999581457,2,1,linear_svm__C0.001__pca64
912af762-44df-4648-b48d-beba3435a401,1,wet,weak_expert,2,-0.0028200864283662933,2,0,linear_svm__C0.001__pca64
9535fedb-ad1d-4d0d-969f-63b6400ebcb3,1,wet,weak_expert,2,-0.06241329275860996,4,0,linear_svm__C0.001__pca64
9caf2c7a-bc24-48c1-abbf-6a371dfc8d18,1,wet,weak_expert,2,0.30723515491642595,2,1,linear_svm__C0.001__pca64
9ea4d87d-e60f-4a02-94be-20d345222a84,1,wet,weak_expert,2,0.060063445904966026,1,1,linear_svm__C0.001__pca64
9fa0f414-5e2c-4ae7-bbbc-0330decc929e,1,wet,weak_expert,2,0.10073787505825159,1,1,linear_svm__C0.001__pca64
9fc30462-4e90-4b05-a9d4-f25b775d1794,1,wet,weak_expert,2,0.053647889249609435,1,0,linear_svm__C0.001__pca64
ae0381a3-914d-42a2-8d3c-58a45db1be36,1,wet,weak_expert,2,0.12937158438790958,2,1,linear_svm__C0.001__pca64
b9579f63-24fd-4e2f-8444-c087556984ea,1,wet,weak_expert,2,0.19317207144458282,1,1,linear_svm__C0.001__pca64
bd132860-47c0-4ada-ab34-fa8b6b551685,1,wet,weak_expert,2,-0.012572932170062247,5,0,linear_svm__C0.001__pca64
bd64a8e8-ad6e-4062-8e99-99ef5caab05b,1,wet,weak_expert,2,0.025283822359577587,2,0,linear_svm__C0.001__pca64
c3bcea97-1dfc-4978-88a2-654bd8303244,1,wet,weak_expert,2,0.008755494077425888,1,0,linear_svm__C0.001__pca64
cf59244a-576d-471e-b853-9871be627fa8,1,wet,weak_expert,2,0.05628258417076481,3,0,linear_svm__C0.001__pca64
d014a758-b70b-4474-9de5-63f7061f95a6,1,wet,weak_expert,2,-0.04393016444016947,3,0,linear_svm__C0.001__pca64
d11e501c-6f48-4028-8198-9075c67ce238,1,wet,weak_expert,2,0.13195398516532203,4,1,linear_svm__C0.001__pca64
d4e4b900-939e-48e9-ad9f-bf9eee425303,1,wet,weak_expert,2,0.231369904224062,1,1,linear_svm__C0.001__pca64
d5b05c83-3dab-4fc9-8db7-9f46bcb06cac,1,wet,weak_expert,2,0.1230431095256449,4,1,linear_svm__C0.001__pca64
df17949b-3eb0-45a5-801b-7a7f3985031e,1,wet,weak_expert,2,-0.11257546824196568,3,0,linear_svm__C0.001__pca64
dfa97006-e494-4c73-ba46-2fe805aec1cd,1,wet,weak_expert,2,0.11135957047719454,1,1,linear_svm__C0.001__pca64
e23dd9bb-9e34-4cc8-b3ba-cfa5222d9fd8,1,wet,weak_expert,2,0.3130332342729375,1,1,linear_svm__C0.001__pca64
e247085a-cf34-45be-b3c1-3c609c7d2bf1,1,wet,weak_expert,2,-0.5472188260814235,3,0,linear_svm__C0.001__pca64
e2a72896-8aac-4254-81f4-97812b05d4d4,1,wet,weak_expert,2,0.014264495838774927,2,0,linear_svm__C0.001__pca64
e31a34d6-2e8f-42b1-b633-7569897a8dc8,1,wet,weak_expert,2,-0.35450879517087697,2,0,linear_svm__C0.001__pca64
e3a0e232-dc03-478b-9f8c-b6d928cd01ab,1,wet,weak_expert,2,0.25327719963706596,2,1,linear_svm__C0.001__pca64
e95fa8ec-64e5-4fb1-afdc-b70bac309dec,1,wet,weak_expert,2,-0.394452914031613,2,0,linear_svm__C0.001__pca64
f19c0f7f-037c-4fbf-8f3a-5426894b232d,1,wet,weak_expert,2,0.24917230325525713,1,1,linear_svm__C0.001__pca64
f23ee4be-d96c-43ff-a06c-99e1050b7ffe,1,wet,weak_expert,2,-0.04233380931861285,6,0,linear_svm__C0.001__pca64
f46c5215-8097-4891-bbd4-d4ac017c224c,1,wet,weak_expert,2,-0.0494164775506103,2,0,linear_svm__C0.001__pca64
f6171954-10f5-4991-9278-c54776d937ef,1,wet,weak_expert,2,0.13408966990062696,3,1,linear_svm__C0.001__pca64
fe40afee-154b-4092-8626-baf91e2860ff,1,wet,weak_expert,2,0.5124858753536895,1,1,linear_svm__C0.001__pca64
fed03a5c-6329-488c-a031-213ccdceabcf,1,wet,weak_expert,2,0.049687552907768176,1,0,linear_svm__C0.001__pca64
ff49f6b7-fa54-4780-a4be-b0594e628aae,1,wet,weak_expert,2,0.12178321759042905,3,1,linear_svm__C0.001__pca64
01820f7c-b953-4faf-aa13-978cfda6b08e,0,dry,weak_expert,3,0.004390557977485413,5,0,linear_svm__C0.001__pca64
02805b36-5361-41f5-b41e-583ec496eff6,0,dry,weak_expert,3,-0.11375599858112313,3,0,linear_svm__C0.001__pca64
03430d6b-4554-4ffe-8c82-507832dc1d52,0,dry,weak_expert,3,0.10133376654621963,1,1,linear_svm__C0.001__pca64
03cfc75c-88a0-4ca9-8ca4-4aa61e2dec37,0,dry,weak_expert,3,-0.15452644523892461,2,0,linear_svm__C0.001__pca64
06e9197b-9b40-4bde-bde8-9e78242a60ac,0,dry,weak_expert,3,-0.06556864089331209,3,0,linear_svm__C0.001__pca64
07c16495-d19c-47ad-ba39-d2e24f31d6e4,0,dry,weak_expert,3,-0.05907303037017638,2,0,linear_svm__C0.001__pca64
0aec66e3-47a5-4f3f-bec6-ad38d090b219,0,dry,weak_expert,3,0.07321389167835483,4,1,linear_svm__C0.001__pca64
0b14b4fa-edf0-4595-89af-d4a69208205b,0,dry,weak_expert,3,0.05402876037665848,1,0,linear_svm__C0.001__pca64
0b618a49-9562-4fa5-afb7-fce583b5a444,0,dry,weak_expert,3,-0.20367874040310263,5,0,linear_svm__C0.001__pca64
0c01c4ac-cfbf-45b9-80db-492f334aaf30,0,dry,weak_expert,3,0.16810341401270879,1,1,linear_svm__C0.001__pca64
0f04746a-08e0-40a2-9431-2f57f9166720,0,dry,weak_expert,3,0.06741354526274504,4,1,linear_svm__C0.001__pca64
0f1d05f5-1d1f-452c-be28-fb0c7b8085c4,0,dry,weak_expert,3,-0.10572539878160715,3,0,linear_svm__C0.001__pca64
0f79324e-9dc6-4f6c-8c13-2a3041f044d1,0,dry,weak_expert,3,-0.0457291756275164,1,0,linear_svm__C0.001__pca64
1080b72c-f243-4e5d-96e5-a9c12c0eaed0,0,dry,weak_expert,3,-0.03378361487283134,1,0,linear_svm__C0.001__pca64
125243ce-cda2-4412-a38c-474dd3875d1f,0,dry,weak_expert,3,-0.04771997533793007,4,0,linear_svm__C0.001__pca64
13b55d58-ad6d-4cb4-933e-80622a4ff240,0,dry,weak_expert,3,0.06812705331764606,1,1,linear_svm__C0.001__pca64
13ddcdda-6ec1-458f-938c-9f0515a9b642,0,dry,weak_expert,3,-0.12297798934204811,2,0,linear_svm__C0.001__pca64
178f39e2-a261-4ec6-a8fb-3f89c3c795bb,0,dry,weak_expert,3,0.12137030902984974,1,1,linear_svm__C0.001__pca64
195f9381-cf35-45da-b0ae-cc4ed04e9283,0,dry,weak_expert,3,-0.09804451258550986,5,0,linear_svm__C0.001__pca64
1adbbc78-5322-4410-aa61-4048e5578325,0,dry,weak_expert,3,0.16883634258714095,5,1,linear_svm__C0.001__pca64
1c34e7b6-708b-412c-b934-4af1e2990f67,0,dry,weak_expert,3,-0.0667233620184258,7,0,linear_svm__C0.001__pca64
1c5bbc80-5166-427b-8204-298b5ef8a0f9,0,dry,weak_expert,3,0.04868454000578875,3,0,linear_svm__C0.001__pca64
1ca49e1b-7b7a-4442-8603-a41083fc49e3,0,dry,weak_expert,3,-0.17786765674744723,3,0,linear_svm__C0.001__pca64
1cd13fe6-9d35-4a86-82ff-a9af6b90d70b,0,dry,weak_expert,3,-0.06731182972932787,4,0,linear_svm__C0.001__pca64
1d1b2daf-5b26-4176-b826-c521d25ee5c5,0,dry,weak_expert,3,-0.012617836110648623,3,0,linear_svm__C0.001__pca64
1dd3b212-e969-4ede-a9d9-f24b711e2028,0,dry,gold_expert,3,-0.18430915126505099,6,0,linear_svm__C0.001__pca64
1e13bf2c-1de7-4855-99a3-ec339694b7f2,0,dry,weak_expert,3,0.03464754313523058,1,0,linear_svm__C0.001__pca64
1ed2eced-cfd7-4f12-917d-a59b7b024d01,0,dry,weak_expert,3,0.06546631188909714,1,1,linear_svm__C0.001__pca64
21519b33-26a1-48ab-95e9-290188d9d7ed,0,dry,weak_expert,3,-0.14163955288394844,1,0,linear_svm__C0.001__pca64
21582038-eca3-4517-a16f-c34db540341b,0,dry,weak_expert,3,-0.15557456035495373,3,0,linear_svm__C0.001__pca64
217f4053-74b3-4e1b-92f3-24004064066b,0,dry,weak_expert,3,-0.03545420034232518,2,0,linear_svm__C0.001__pca64
22ac9dc4-858e-4db5-886e-792d7553e67f,0,dry,weak_expert,3,-0.18908207406750213,2,0,linear_svm__C0.001__pca64
23180623-c32f-4fa7-85db-2aaf72438824,0,dry,weak_expert,3,0.3157079075183884,2,1,linear_svm__C0.001__pca64
239862c9-653a-46c7-ba74-2511aab54340,0,dry,weak_expert,3,-0.21087982380215836,1,0,linear_svm__C0.001__pca64
2532b7ae-20da-4dde-ab4e-46ffe1fdbe77,0,dry,weak_expert,3,0.019308737345184842,1,0,linear_svm__C0.001__pca64
2561c0c9-c4d4-4d63-8c8a-610d6eafe593,0,dry,weak_expert,3,0.06863796608623281,4,1,linear_svm__C0.001__pca64
25d5e8bc-0203-4909-aebb-00df700417b9,0,dry,weak_expert,3,0.33480940859540054,1,1,linear_svm__C0.001__pca64
2989f5c7-1b1c-42aa-9f44-05e8d6fea729,0,dry,weak_expert,3,0.07918537484738775,4,1,linear_svm__C0.001__pca64
29b6542b-6a40-474c-9eb1-787ebfbab90d,0,dry,weak_expert,3,-0.3425962195585501,2,0,linear_svm__C0.001__pca64
2a7328f9-4c7b-461e-8975-0809d0c49de9,0,dry,weak_expert,3,0.1413954625826653,1,1,linear_svm__C0.001__pca64
2b22a1b8-5dc4-4674-9ebc-99d6a06e999c,0,dry,weak_expert,3,-0.216179358472385,3,0,linear_svm__C0.001__pca64
2bb66cf8-ae01-4f8d-93d2-3bc4b08c08f8,0,dry,weak_expert,3,-0.16167014047038022,3,0,linear_svm__C0.001__pca64
2c333872-8c6f-4818-a011-7a5efb063509,0,dry,weak_expert,3,-0.14968162096479026,7,0,linear_svm__C0.001__pca64
2c802186-571e-41ff-8d7e-a273a68329da,0,dry,weak_expert,3,-0.2002291731666521,2,0,linear_svm__C0.001__pca64
2ca9e925-859f-417e-838b-681d77639839,0,dry,weak_expert,3,0.13750597630367933,2,1,linear_svm__C0.001__pca64
2d945d23-990e-4f00-91a6-b4de59fcb2a6,0,dry,weak_expert,3,-0.024447819603100773,2,0,linear_svm__C0.001__pca64
2dd7dcf1-1065-4779-98ae-7e152ca3b1d5,0,dry,weak_expert,3,0.04089043952731141,3,0,linear_svm__C0.001__pca64
2e0e732f-3cf5-4fb6-9762-aae4ab603d4d,0,dry,weak_expert,3,0.06902680070976623,3,1,linear_svm__C0.001__pca64
2e687a52-6e9b-4343-9688-b96132f52f87,0,dry,weak_expert,3,-0.08883599687814905,2,0,linear_svm__C0.001__pca64
2e704c72-6b85-4241-b680-f74c2ab70ca7,0,dry,weak_expert,3,0.011204564746520079,2,0,linear_svm__C0.001__pca64
2ee095c2-4dee-4696-9f85-5452bf9fc28f,0,dry,weak_expert,3,0.07318682489304133,4,1,linear_svm__C0.001__pca64
2ef79bd0-5d88-4583-a45d-a6570dfbd4c7,0,dry,weak_expert,3,-0.2172525324010338,3,0,linear_svm__C0.001__pca64
2f7f0c1b-782b-4b90-9f0b-ed60edfeab89,0,dry,weak_expert,3,-0.05179971998846465,1,0,linear_svm__C0.001__pca64
30d927be-7a71-4e50-b8cf-ed9ff6f8dca4,0,dry,weak_expert,3,-0.06285907763321766,1,0,linear_svm__C0.001__pca64
30f275f4-7248-4909-9753-f9d7b294d3bd,0,dry,weak_expert,3,-0.0791746009099045,4,0,linear_svm__C0.001__pca64
30fa4631-eba2-44d7-ba44-4ef930092d45,0,dry,weak_expert,3,-0.1417536605573961,3,0,linear_svm__C0.001__pca64
3169ae75-df07-48b3-a04c-b33cd3b10b30,0,dry,weak_expert,3,-0.13648629439752305,1,0,linear_svm__C0.001__pca64
333ca4a1-557a-4be5-b2e3-9e572b3132ff,0,dry,weak_expert,3,-0.0887613783327747,3,0,linear_svm__C0.001__pca64
33dd938d-7654-4238-a207-cbc3fad63349,0,dry,weak_expert,3,0.0005648843524948509,1,0,linear_svm__C0.001__pca64
344f10c7-9219-421e-8d2a-906111988422,0,dry,weak_expert,3,-0.14902598907194847,5,0,linear_svm__C0.001__pca64
34b77763-a4a4-4beb-aeaa-02ef8298ef31,0,dry,weak_expert,3,-0.1477115752274785,3,0,linear_svm__C0.001__pca64
34fd00ad-788a-433c-a0b8-b603b33a589c,0,dry,weak_expert,3,-0.030242360365135525,3,0,linear_svm__C0.001__pca64
35811251-f9e5-49e9-8ee9-d4ca1afa08f8,0,dry,weak_expert,3,-0.06481580267105456,1,0,linear_svm__C0.001__pca64
3714de53-8471-4b14-be82-58c918b7fb1b,0,dry,weak_expert,3,-0.05348702516221765,1,0,linear_svm__C0.001__pca64
39460774-2d87-4c17-9015-5ca9d6328744,0,dry,weak_expert,3,0.0893404876308144,2,1,linear_svm__C0.001__pca64
3bc13005-f63f-4ca4-9ee7-92b40b511eb8,0,dry,weak_expert,3,-0.131104508786088,2,0,linear_svm__C0.001__pca64
3f582004-aa52-4a2b-bba8-cb76352ddf44,0,dry,weak_expert,3,-0.0027655945765045534,3,0,linear_svm__C0.001__pca64
41fc7925-0b48-4555-b55e-49ce9290addf,0,dry,weak_expert,3,-0.23494126170484178,6,0,linear_svm__C0.001__pca64
43795e89-f72e-4d3e-877d-a157fb169949,0,dry,weak_expert,3,0.1684668457455405,1,1,linear_svm__C0.001__pca64
43cfe07c-cf76-4d97-914a-b1a1ec2c9759,0,dry,weak_expert,3,-0.14713220679841532,2,0,linear_svm__C0.001__pca64
462c8d00-d349-40b3-ad60-440fc5746b6d,0,dry,weak_expert,3,-0.1572867465488918,2,0,linear_svm__C0.001__pca64
47566b56-c2aa-48d5-a0be-92506fc53eab,0,dry,weak_expert,3,0.0052090060761146775,2,0,linear_svm__C0.001__pca64
477d5eb0-f5a4-4c97-9f00-03ace4fbf876,0,dry,weak_expert,3,-0.13799309349760566,2,0,linear_svm__C0.001__pca64
478090b5-f194-46a2-96be-4a0ba30ad3b0,0,dry,weak_expert,3,-0.3137365420259702,1,0,linear_svm__C0.001__pca64
4a54513d-cdcf-4ea6-8139-b0f1d33d41d8,0,dry,weak_expert,3,-0.10910192183461861,5,0,linear_svm__C0.001__pca64
4c40ace0-7967-4090-9d2c-51248d38bdda,0,dry,weak_expert,3,0.07224056713785623,1,1,linear_svm__C0.001__pca64
4c86e76d-0476-4016-b26d-00e3b8a0dc01,0,dry,weak_expert,3,0.21640950194193956,1,1,linear_svm__C0.001__pca64
4d35b416-d0b0-4fca-bd40-420da86ab4e2,0,dry,weak_expert,3,-0.012425125678982829,6,0,linear_svm__C0.001__pca64
4d72142f-9932-47f4-8d86-29757ea3f78d,0,dry,weak_expert,3,-0.2263799804296527,4,0,linear_svm__C0.001__pca64
4e39ad3e-5257-4356-b854-7fb48c6cd1f0,0,dry,weak_expert,3,0.0320092059225684,3,0,linear_svm__C0.001__pca64
4fb2ef80-dd57-4be0-afa6-866a8a5297bf,0,dry,weak_expert,3,0.05793123328031545,2,0,linear_svm__C0.001__pca64
5131b118-88df-4d26-90bb-85b726fe0b5a,0,dry,weak_expert,3,-0.12069670512563403,4,0,linear_svm__C0.001__pca64
522b0923-a528-47d9-8905-ececf13c65e0,0,dry,weak_expert,3,-0.02460734714759981,2,0,linear_svm__C0.001__pca64
5287e036-c41e-4527-93de-c6cdbf1a8461,0,dry,weak_expert,3,-0.2882150115348966,1,0,linear_svm__C0.001__pca64
56279ffd-3f56-4fd2-9ebd-94ec5b6825e5,0,dry,weak_expert,3,-0.038175100815707935,1,0,linear_svm__C0.001__pca64
589c25e2-58b8-4cd2-a2aa-47819f71181e,0,dry,weak_expert,3,-0.2983490677763838,5,0,linear_svm__C0.001__pca64
58a3d924-98cd-426f-9b58-cb6240b7d044,0,dry,weak_expert,3,-0.05178417333899889,1,0,linear_svm__C0.001__pca64
59868a93-765b-4ff4-a58e-f7aa9c811206,0,dry,weak_expert,3,0.062171460509560406,4,1,linear_svm__C0.001__pca64
5b32c2c2-fb33-47e7-93da-86968876ce02,0,dry,weak_expert,3,-0.17895555304820246,2,0,linear_svm__C0.001__pca64
5c53c446-4d42-4dcf-9a2a-3c8c4a7682e1,0,dry,gold_expert,3,-0.00526005719228813,2,0,linear_svm__C0.001__pca64
5db9f54b-8f92-4a15-bc2e-862dcd6d375b,0,dry,weak_expert,3,0.014269480873914078,1,0,linear_svm__C0.001__pca64
5f5f4027-45d4-4867-a9e2-ecc500eaf21d,0,dry,gold_expert,3,0.050928475745257135,1,0,linear_svm__C0.001__pca64
61ca0d5f-b27e-43fa-85d9-1fb58d2d1746,0,dry,weak_expert,3,0.037917251474300875,1,0,linear_svm__C0.001__pca64
637d6498-1d52-4860-9976-5a7a94f2a0c3,0,dry,gold_expert,3,0.04281289443060063,3,0,linear_svm__C0.001__pca64
65ba1f8c-b528-425e-b55f-2e132638fa39,0,dry,weak_expert,3,-0.1241013625831544,1,0,linear_svm__C0.001__pca64
6648cb81-abf5-476b-81e2-0abe5be299e4,0,dry,weak_expert,3,-0.1748057569483799,1,0,linear_svm__C0.001__pca64
66fcdc41-6150-4037-9842-0417375a4d14,0,dry,weak_expert,3,-0.14078896771921684,4,0,linear_svm__C0.001__pca64
67090bb0-377e-492c-9c49-8a608f50345d,0,dry,weak_expert,3,-0.05115249250256856,3,0,linear_svm__C0.001__pca64
6811fc15-6ffc-4623-85aa-bf477c4d0082,0,dry,weak_expert,3,0.026675797889198438,3,0,linear_svm__C0.001__pca64
6816fa8c-2bd4-4be4-bbb0-d18a397f99e5,0,dry,weak_expert,3,-0.00879634544523857,2,0,linear_svm__C0.001__pca64
68be5313-193c-42ca-acdc-f6f93c9c1126,0,dry,weak_expert,3,-0.29635023533077015,1,0,linear_svm__C0.001__pca64
697d000f-b7ab-4bb8-bee7-2c9983976300,0,dry,weak_expert,3,0.14354632464986702,3,1,linear_svm__C0.001__pca64
6a577002-17a0-44a5-87bf-14ba2a225616,0,dry,weak_expert,3,-0.0753078017792509,3,0,linear_svm__C0.001__pca64
6c7893ac-4ca9-47af-8a91-fd0926dd7f39,0,dry,weak_expert,3,-0.03330246367142037,2,0,linear_svm__C0.001__pca64
6d25354c-712b-4d24-831a-e99a95dd597b,0,dry,weak_expert,3,-0.16042639581316265,5,0,linear_svm__C0.001__pca64
6d45e866-26cd-4c90-b538-8e3d74639f93,0,dry,weak_expert,3,0.056587977358447006,4,0,linear_svm__C0.001__pca64
6d73708f-f815-410f-b6a1-76cec2a7754c,0,dry,weak_expert,3,0.13175789916051137,2,1,linear_svm__C0.001__pca64
6d8729b7-cc9b-4ae3-a3ee-99a5a909e32f,0,dry,weak_expert,3,-0.3613422549193601,1,0,linear_svm__C0.001__pca64
6d941efe-43f9-4a64-8172-58cbb20400ab,0,dry,weak_expert,3,-0.12316471700822525,2,0,linear_svm__C0.001__pca64
6e777752-cb40-47dd-ae97-50bc73da4550,0,dry,weak_expert,3,0.019748769887132374,2,0,linear_svm__C0.001__pca64
6f0a2344-8d8b-4db5-b4c3-cf569ca4f7b9,0,dry,weak_expert,3,-0.04782172136113466,3,0,linear_svm__C0.001__pca64
6fc243bf-14f0-42ab-97e3-f1fe3fdfe3ce,0,dry,weak_expert,3,0.18749831712855108,1,1,linear_svm__C0.001__pca64
705e111b-1e41-4831-97e2-7990771c9fe4,0,dry,weak_expert,3,-0.20943600588408978,1,0,linear_svm__C0.001__pca64
7376afac-2a76-408c-9bee-7b7ed2555692,0,dry,weak_expert,3,-0.10524568468489955,1,0,linear_svm__C0.001__pca64
7465377a-8963-4a0e-bd1b-92a8924b1ccb,0,dry,weak_expert,3,0.07227590336814486,4,1,linear_svm__C0.001__pca64
748142b3-0e0b-4975-b795-78267dbe4547,0,dry,weak_expert,3,-0.06754564529200607,6,0,linear_svm__C0.001__pca64
76183e29-22c1-4d51-aafa-6b96e93b3aa2,0,dry,weak_expert,3,-0.15376412366360304,1,0,linear_svm__C0.001__pca64
76682a59-1c14-44e8-93b9-f9f5f774e897,0,dry,weak_expert,3,0.2365696265117725,1,1,linear_svm__C0.001__pca64
7ad89fd2-56cb-43cd-84ea-4d3eb7b30e00,0,dry,weak_expert,3,-0.08355788625432871,3,0,linear_svm__C0.001__pca64
7b7e11b1-0f2b-4531-b071-54b7889c4771,0,dry,weak_expert,3,0.21879283944805733,1,1,linear_svm__C0.001__pca64
7bd5996c-f98d-46bc-be93-ca6e1139d838,0,dry,weak_expert,3,-0.16312583194836494,1,0,linear_svm__C0.001__pca64
7de30485-428f-402e-8402-54747fd97420,0,dry,weak_expert,3,0.027874036898767968,2,0,linear_svm__C0.001__pca64
7e2f4bb0-a4a1-4e62-a26f-f4174ab4954b,0,dry,weak_expert,3,-0.16283004446040591,4,0,linear_svm__C0.001__pca64
7f8e60f4-5cbd-4ec6-bc73-e8ab2b6c3abd,0,dry,weak_expert,3,0.06643769276599845,2,1,linear_svm__C0.001__pca64
83443b73-5740-4b3e-85ba-77e372fea63d,0,dry,weak_expert,3,-0.06707966941634676,1,0,linear_svm__C0.001__pca64
85eef4ec-c8e8-4635-a6c3-2d194057f7f2,0,dry,weak_expert,3,-0.1301372909063829,2,0,linear_svm__C0.001__pca64
87c60871-f7f6-48cb-94b0-c22b2158d49f,0,dry,weak_expert,3,0.08762807872431114,2,1,linear_svm__C0.001__pca64
87f52d87-03d1-469b-b8fb-247da4504f90,0,dry,weak_expert,3,-0.10978577391875263,1,0,linear_svm__C0.001__pca64
88024607-e701-4a54-adeb-c4c1ecc282f4,0,dry,weak_expert,3,0.05272928268151527,2,0,linear_svm__C0.001__pca64
88f6aa4d-d9e3-4d51-b803-5736e92762e4,0,dry,weak_expert,3,0.11118466232223806,3,1,linear_svm__C0.001__pca64
89bad459-b4f0-48ab-9907-28fe8f895800,0,dry,weak_expert,3,-0.07775410226047223,1,0,linear_svm__C0.001__pca64
8a5feabb-3b0a-49b5-900c-6d3d31e96794,0,dry,weak_expert,3,-0.12653650196040286,5,0,linear_svm__C0.001__pca64
8ada36ff-a9fb-4623-a97c-cab077d4bf99,0,dry,weak_expert,3,-0.25653692798526345,3,0,linear_svm__C0.001__pca64
8b0c699b-dca8-4ed0-bf4b-319774d31c54,0,dry,weak_expert,3,-0.0950014794028621,2,0,linear_svm__C0.001__pca64
8b65a198-2b0f-452c-ac15-47d892676fc3,0,dry,weak_expert,3,-0.11668117451678449,4,0,linear_svm__C0.001__pca64
8b733837-961a-4f17-a18c-13b89b54ef69,0,dry,gold_expert,3,-0.17240425012108437,3,0,linear_svm__C0.001__pca64
8be589c2-c09a-442d-a0a0-50094a73f0d5,0,dry,weak_expert,3,-0.286173730371537,1,0,linear_svm__C0.001__pca64
8ca4463e-23a3-4a16-9d46-7b28b968e6af,0,dry,weak_expert,3,-0.07577621302180453,2,0,linear_svm__C0.001__pca64
8cd6b5c0-96b9-4572-9b3d-2caf91996483,0,dry,weak_expert,3,0.19982995884721966,3,1,linear_svm__C0.001__pca64
8d33620a-f041-4c6c-b55d-78c1ac9eb8e5,0,dry,weak_expert,3,-0.02381328166918802,1,0,linear_svm__C0.001__pca64
8eac4375-f279-468e-853d-c83c73a62077,0,dry,weak_expert,3,-0.1579126291196826,2,0,linear_svm__C0.001__pca64
8f0052b4-731b-4822-8e4b-1393a473d35e,0,dry,weak_expert,3,-0.15014728790437432,2,0,linear_svm__C0.001__pca64
8f20ec81-e8f6-4a72-ba04-42e5b1f3d522,0,dry,weak_expert,3,-0.010568219499095609,2,0,linear_svm__C0.001__pca64
90912b99-0e92-4dad-b223-3c96a6967316,0,dry,weak_expert,3,-0.2664714150502933,2,0,linear_svm__C0.001__pca64
91c59a04-aeda-4233-adce-ac2f3d2212df,0,dry,weak_expert,3,0.06008939974053496,2,1,linear_svm__C0.001__pca64
9235c603-3817-4c3e-b0a5-4624f1293282,0,dry,weak_expert,3,-0.06269999613595728,3,0,linear_svm__C0.001__pca64
9254bd84-4c4e-40cf-94d0-47a0bdf550ce,0,dry,weak_expert,3,-0.08405055405381576,1,0,linear_svm__C0.001__pca64
927ae69c-d4b6-484e-b651-7b76c9c1d9d5,0,dry,weak_expert,3,-0.16195601191542738,3,0,linear_svm__C0.001__pca64
92b22064-50ef-4244-b5fd-aa348ceb7371,0,dry,gold_expert,3,-0.14986097981070767,1,0,linear_svm__C0.001__pca64
92bfada9-7b1c-4fcf-82d1-64ad74ad92a6,0,dry,weak_expert,3,0.2225118241394353,3,1,linear_svm__C0.001__pca64
936268f0-41a3-421d-bd18-8e69e597e84c,0,dry,weak_expert,3,0.02727193353735646,4,0,linear_svm__C0.001__pca64
93dfe86e-d139-4b0e-b959-3b210701bab1,0,dry,weak_expert,3,-0.0378957594517437,2,0,linear_svm__C0.001__pca64
94bfcb37-906f-4862-9c4e-69b5550e320e,0,dry,weak_expert,3,-0.21728329354361928,2,0,linear_svm__C0.001__pca64
95dee56b-2ebb-48ec-acd7-2bb4ad631679,0,dry,weak_expert,3,-0.28713091836495686,3,0,linear_svm__C0.001__pca64
9736398b-2034-43a8-88e1-affa632772c9,0,dry,weak_expert,3,-0.03846064850950974,2,0,linear_svm__C0.001__pca64
97b6a1d6-2c18-458e-bc05-3fe48136902d,0,dry,weak_expert,3,-0.35599155477490807,1,0,linear_svm__C0.001__pca64
98cf4fc3-ac20-4007-a227-3b89dc43a52c,0,dry,weak_expert,3,-0.09879546322854964,2,0,linear_svm__C0.001__pca64
99eb251e-8aa9-4307-b77c-3864dc15a789,0,dry,weak_expert,3,-0.1842634235958902,2,0,linear_svm__C0.001__pca64
9ab84f0f-1c83-4042-9497-474af8816350,0,dry,weak_expert,3,0.2513656645980568,1,1,linear_svm__C0.001__pca64
9b8791f6-9c76-41a6-b8bf-3090c8b4609f,0,dry,weak_expert,3,-0.08402805588942021,1,0,linear_svm__C0.001__pca64
9bbc6186-f18d-4a96-b92b-37d25b390bdf,0,dry,weak_expert,3,-0.18776360657267652,2,0,linear_svm__C0.001__pca64
9eb5f87f-3f16-423d-bd11-bb15a6b11a9d,0,dry,weak_expert,3,-0.29110436165520404,1,0,linear_svm__C0.001__pca64
9eb6506a-17f8-40b7-968d-ee511818d50b,0,dry,weak_expert,3,-0.01612769973496646,4,0,linear_svm__C0.001__pca64
a0e0ce03-2778-46f2-8b5f-aa46c503f392,0,dry,weak_expert,3,-0.3061929681309273,2,0,linear_svm__C0.001__pca64
a1092580-10f6-4176-8862-3a8cc0784f4a,0,dry,weak_expert,3,0.09084698605605751,2,1,linear_svm__C0.001__pca64
a27768df-a3bc-4ac9-9d45-76cc25508478,0,dry,weak_expert,3,-0.15245908188084323,3,0,linear_svm__C0.001__pca64
a3529398-f357-4c11-bec3-c2e30088df2e,0,dry,weak_expert,3,0.012455105198155065,5,0,linear_svm__C0.001__pca64
a60e1682-1dda-4bc7-ab05-8e881a8b867a,0,dry,weak_expert,3,-0.02460986541561046,6,0,linear_svm__C0.001__pca64
a97f2838-d416-4267-b41a-26f9cae46c62,0,dry,weak_expert,3,0.0729559365051216,1,1,linear_svm__C0.001__pca64
aa059172-1850-4afe-8809-2fe79603286a,0,dry,gold_expert,3,-0.07635258574416101,2,0,linear_svm__C0.001__pca64
ab5f623d-dda2-4a26-ae6e-33e517e145a5,0,dry,weak_expert,3,-0.17311844523642578,4,0,linear_svm__C0.001__pca64
ac4ea2db-4fff-4a7f-a5fe-3a9ade2f1020,0,dry,weak_expert,3,-0.174604538628242,2,0,linear_svm__C0.001__pca64
ad19a44f-e512-46ec-980a-2eead07d68c1,0,dry,weak_expert,3,0.16442024933943805,2,1,linear_svm__C0.001__pca64
ae0ff134-0218-4d7e-804d-c48f57946de9,0,dry,weak_expert,3,0.08854064514152085,4,1,linear_svm__C0.001__pca64
aeded0cd-89ff-43d3-86f2-4ae7bc4fbb56,0,dry,weak_expert,3,-0.05191979145947043,3,0,linear_svm__C0.001__pca64
b2caeb04-59dd-4f72-9bd1-b3f7e4b93c39,0,dry,weak_expert,3,-0.06732283502441189,1,0,linear_svm__C0.001__pca64
b2e9cb14-17c6-42ca-8503-5a0a3ff80b3c,0,dry,weak_expert,3,0.017563748364503654,2,0,linear_svm__C0.001__pca64
b37a051e-c2b0-4f38-9b12-51652c511d03,0,dry,weak_expert,3,0.08714967354239375,1,1,linear_svm__C0.001__pca64
b38dbe54-b3c1-448e-bf03-92cdf214932d,0,dry,weak_expert,3,0.03388812032398747,4,0,linear_svm__C0.001__pca64
bc474477-4762-4308-835e-733da92d712e,0,dry,weak_expert,3,0.03764355957798198,2,0,linear_svm__C0.001__pca64
bcb69f37-df84-485a-af43-4ff8b9de570c,0,dry,weak_expert,3,0.15801689226671517,2,1,linear_svm__C0.001__pca64
be53aed3-5771-4cb6-af3b-1c95dfed2ae5,0,dry,weak_expert,3,-0.09548857727246571,2,0,linear_svm__C0.001__pca64
c01b9572-1fbf-463a-9d03-e3857ab5d55a,0,dry,weak_expert,3,0.031143911723241696,3,0,linear_svm__C0.001__pca64
c18be4ba-eaa8-487a-9343-2c45af6c60aa,0,dry,weak_expert,3,-0.022751577291298005,3,0,linear_svm__C0.001__pca64
c2356246-454a-42ac-ae33-967e5feabcb7,0,dry,weak_expert,3,0.07912029763686255,2,1,linear_svm__C0.001__pca64
c494d05a-a6fa-462e-9d3e-28e91b82147d,0,dry,weak_expert,3,0.07735995857058031,2,1,linear_svm__C0.001__pca64
c926f81f-17c8-4446-9c0c-1ea92c76834d,0,dry,weak_expert,3,-0.04411591485627596,2,0,linear_svm__C0.001__pca64
cc0bc8c7-eb1b-4290-8f64-58c4fe25c58e,0,dry,weak_expert,3,0.02664589638539136,2,0,linear_svm__C0.001__pca64
cd9de27d-87fa-43e6-a452-8cdaba3eae4c,0,dry,weak_expert,3,-0.09718253654339132,1,0,linear_svm__C0.001__pca64
ce047b79-fd52-4ac5-a451-f27d8a368985,0,dry,weak_expert,3,-0.04730475761003111,2,0,linear_svm__C0.001__pca64
ce40512b-6a1f-4a2f-9b74-4bcf246d0edb,0,dry,weak_expert,3,-0.004771278242956506,2,0,linear_svm__C0.001__pca64
d0eec145-0080-4dab-b0bb-a22656bb81ed,0,dry,weak_expert,3,-0.10305505716569453,3,0,linear_svm__C0.001__pca64
d1a21158-7a3b-4313-8fc3-0472b257b4c7,0,dry,weak_expert,3,-0.14213706010590377,6,0,linear_svm__C0.001__pca64
d5e9a1af-2571-40f7-99c7-77cfe71657c5,0,dry,weak_expert,3,0.08699285903199219,1,1,linear_svm__C0.001__pca64
d66c93d7-6aac-4876-9252-66d9bf26323f,0,dry,weak_expert,3,0.03290253173088309,1,0,linear_svm__C0.001__pca64
d6de71ae-5b92-4a91-a656-bd0d33fa6189,0,dry,weak_expert,3,0.05666788208982409,3,0,linear_svm__C0.001__pca64
d6f624cb-757b-441c-bf5f-e22dc914277b,0,dry,weak_expert,3,0.09316825905882282,4,1,linear_svm__C0.001__pca64
d769f90f-8183-4c42-8ea6-cf992ee40a64,0,dry,gold_expert,3,-0.28563704079814595,2,0,linear_svm__C0.001__pca64
d7abd3ca-33d1-498b-9928-41e316047998,0,dry,weak_expert,3,-0.11784446094149854,3,0,linear_svm__C0.001__pca64
d844a814-c17d-4398-b536-9963f6ded940,0,dry,weak_expert,3,-0.020955144732072176,2,0,linear_svm__C0.001__pca64
d85118e0-5f00-4ca3-b56b-94a7b7cd01ee,0,dry,weak_expert,3,-0.03930729126968313,4,0,linear_svm__C0.001__pca64
d8dd429e-db29-4389-96a3-e68e6d8a6b77,0,dry,weak_expert,3,-0.16570952179052087,3,0,linear_svm__C0.001__pca64
d93b74aa-faed-4737-9d5e-540e0fbdb961,0,dry,weak_expert,3,-0.07920055550500635,2,0,linear_svm__C0.001__pca64
dc12b624-aeea-47d3-988e-d875a14bdc34,0,dry,weak_expert,3,0.07840724015644689,3,1,linear_svm__C0.001__pca64
dc52c21c-6602-44ef-b982-9771f4fb76c1,0,dry,weak_expert,3,-0.1930075285910286,2,0,linear_svm__C0.001__pca64
dcb7cded-c3bf-4835-9f1f-efac118a40c1,0,dry,weak_expert,3,0.028034495067330675,2,0,linear_svm__C0.001__pca64
dcd085b9-d8d4-4c6f-8082-0214e523cdba,0,dry,weak_expert,3,0.0305594655842208,1,0,linear_svm__C0.001__pca64
dd774ccf-3980-4eda-90d9-aa2fa57bde32,0,dry,weak_expert,3,0.10756860959615105,2,1,linear_svm__C0.001__pca64
deaddfa6-ac89-461c-ab08-c531e2a296cd,0,dry,weak_expert,3,-0.07768400133601551,3,0,linear_svm__C0.001__pca64
e024dc48-fbdd-4845-ac13-cbe67c60446a,0,dry,weak_expert,3,-0.05232400469556185,1,0,linear_svm__C0.001__pca64
e36c0dda-a5cb-4398-ae8f-235320a729e4,0,dry,weak_expert,3,-0.18178468569818926,1,0,linear_svm__C0.001__pca64
e4714f0e-c191-42dc-9928-78da49129e16,0,dry,weak_expert,3,0.24328975907326605,2,1,linear_svm__C0.001__pca64
e4996edb-842c-4bda-b5f4-ffb6ec8cc8fe,0,dry,weak_expert,3,-0.0777062859039701,3,0,linear_svm__C0.001__pca64
e4ec845a-b80b-409b-afa0-81abc3ae3dc7,0,dry,weak_expert,3,-0.11955250500104866,2,0,linear_svm__C0.001__pca64
e539d599-6d07-4174-9f29-a562ced58b68,0,dry,weak_expert,3,-0.013293824074137513,2,0,linear_svm__C0.001__pca64
e659824f-fb7b-4b6b-86da-5c629e1ce0fd,0,dry,weak_expert,3,-0.1483835492403764,5,0,linear_svm__C0.001__pca64
e7b94eb1-f37d-4bfe-bc67-e8e13a8870f6,0,dry,weak_expert,3,-0.0332056993764519,1,0,linear_svm__C0.001__pca64
e88932d8-8869-4fa2-b4a5-1d4a3ddce94d,0,dry,weak_expert,3,-0.1383705238033678,5,0,linear_svm__C0.001__pca64
e8a4c9ee-66e8-473c-9f1b-40918a92a928,0,dry,weak_expert,3,-0.07396392673874519,1,0,linear_svm__C0.001__pca64
e9708094-2ece-478f-9dc4-ab951c42034b,0,dry,weak_expert,3,0.003338523281550056,5,0,linear_svm__C0.001__pca64
ea15c9f5-e77d-4b3f-803d-443a69d63eed,0,dry,weak_expert,3,0.1750820476029531,3,1,linear_svm__C0.001__pca64
ea3848e3-886a-428a-a918-4d01f32e38d8,0,dry,weak_expert,3,-0.11494190198154267,4,0,linear_svm__C0.001__pca64
ea8b1411-bcc8-47f3-8ba7-9b3585b83319,0,dry,weak_expert,3,-0.17453255672890408,3,0,linear_svm__C0.001__pca64
ea975f7b-e57a-4e47-9133-ec421fb193c5,0,dry,weak_expert,3,0.23004199350858845,1,1,linear_svm__C0.001__pca64
ecb53985-efae-451c-9bf5-3e10f6b61e41,0,dry,weak_expert,3,-0.10610793156314778,4,0,linear_svm__C0.001__pca64
eceaa3a9-f850-4ba9-82ee-1bcd2575b99c,0,dry,gold_expert,3,0.1111583725454281,3,1,linear_svm__C0.001__pca64
ed7daba8-a8bc-473f-b159-55d16ea59eb1,0,dry,weak_expert,3,0.002098770592889782,4,0,linear_svm__C0.001__pca64
ee899936-5701-4a8f-a3ab-f3292554a148,0,dry,weak_expert,3,-0.11849553328114801,5,0,linear_svm__C0.001__pca64
efdc1fe6-2c52-438e-8943-aaf97a387cae,0,dry,weak_expert,3,0.0005951456237127083,1,0,linear_svm__C0.001__pca64
f09f7e2a-f173-4423-92a6-dea210147179,0,dry,weak_expert,3,-0.16735774251360802,2,0,linear_svm__C0.001__pca64
f0bc6079-5c16-4c95-91be-ddffc7bb37b0,0,dry,weak_expert,3,-0.17276084794358412,5,0,linear_svm__C0.001__pca64
f1b271ee-6902-4cff-b260-cfdf9bc3fa1f,0,dry,weak_expert,3,0.11316802877279115,2,1,linear_svm__C0.001__pca64
f1e02616-7b84-4e35-8d7f-1961b27c1c7a,0,dry,weak_expert,3,-0.09596870584073897,5,0,linear_svm__C0.001__pca64
f23fac18-75a0-45fb-8099-a789d9597776,0,dry,weak_expert,3,0.009718832669689061,2,0,linear_svm__C0.001__pca64
f2574f9d-beae-4a85-ad18-289a400e1b6a,0,dry,weak_expert,3,-0.121035165185259,9,0,linear_svm__C0.001__pca64
f2b8d4c0-b7ba-49a6-8e91-9f20be33520a,0,dry,weak_expert,3,-0.07802793176491038,5,0,linear_svm__C0.001__pca64
f45082d4-f205-483f-8d0b-427470db2ffc,0,dry,weak_expert,3,0.031289270613537236,2,0,linear_svm__C0.001__pca64
f4d06640-6eaf-40e8-a96e-3ffd924cd7ef,0,dry,weak_expert,3,-0.0461528350918473,5,0,linear_svm__C0.001__pca64
f5a36e3a-28f9-461d-970e-c95ff38f4740,0,dry,weak_expert,3,-0.0795339864776146,1,0,linear_svm__C0.001__pca64
f5e3c403-1588-49ad-8984-47f123f941f8,0,dry,weak_expert,3,-0.12296588326343039,3,0,linear_svm__C0.001__pca64
f5e8d8ec-e234-4117-a4ab-2f7dba0066ef,0,dry,gold_expert,3,0.013836100556491024,2,0,linear_svm__C0.001__pca64
f7a10fb3-b805-4ed0-8a93-9b0851efe78e,0,dry,weak_expert,3,-0.006944751503402565,4,0,linear_svm__C0.001__pca64
f7be812e-ffcb-421f-8cef-bb39702ea909,0,dry,weak_expert,3,0.0069699106447667965,5,0,linear_svm__C0.001__pca64
f8ca1e1d-4660-4739-ae76-cf0b10de2540,0,dry,weak_expert,3,-0.10233284421462556,1,0,linear_svm__C0.001__pca64
f8d8b216-d17d-40ce-8de6-6a889adcf016,0,dry,weak_expert,3,-0.15760744574508037,3,0,linear_svm__C0.001__pca64
fd7d172d-4106-427a-870b-0384c88f147f,0,dry,gold_expert,3,0.01593375997184614,1,0,linear_svm__C0.001__pca64
feecacb2-52ce-4454-9dcf-267ea138fa63,0,dry,weak_expert,3,0.11828123245130878,1,1,linear_svm__C0.001__pca64
ff1234d7-7837-4ba7-842f-99fdc916baa9,0,dry,gold_expert,3,-0.06826680965579301,2,0,linear_svm__C0.001__pca64
ff5f97db-9b64-4e35-afe8-af463d5c2c60,0,dry,weak_expert,3,-0.03818804305641275,3,0,linear_svm__C0.001__pca64
ff8bfcc9-3df2-4752-8280-63f023fba31c,0,dry,weak_expert,3,0.0856904372264373,1,1,linear_svm__C0.001__pca64
01bf156f-a8ff-48f6-9335-8a1f5bb4c1b7,1,wet,weak_expert,3,0.02571395287493594,3,0,linear_svm__C0.001__pca64
031fd54a-87b5-4223-9af6-60985127fb7a,1,wet,weak_expert,3,0.16202561914507635,2,1,linear_svm__C0.001__pca64
03d30b8b-03f8-4089-bda8-0e14deec7d82,1,wet,weak_expert,3,-0.14113704765490073,2,0,linear_svm__C0.001__pca64
0569d979-384b-4a30-b0ca-2b19e8c8650b,1,wet,weak_expert,3,0.16940414393788925,3,1,linear_svm__C0.001__pca64
092d10af-b848-473c-8dfd-19376b7c587a,1,wet,weak_expert,3,0.2167106869513075,3,1,linear_svm__C0.001__pca64
0abc55f4-83bb-4284-87d2-65044bf06200,1,wet,weak_expert,3,-0.03393675584458851,1,0,linear_svm__C0.001__pca64
0b03673a-28db-4e1c-aeb0-4fec88d977a1,1,wet,weak_expert,3,0.10063772158274174,3,1,linear_svm__C0.001__pca64
0cb72725-4166-475d-99a2-5e4e269c1eea,1,wet,weak_expert,3,0.1757499536659713,1,1,linear_svm__C0.001__pca64
0e2f8fe3-12aa-464f-a4cc-312efa425b98,1,wet,weak_expert,3,0.12540885231958165,5,1,linear_svm__C0.001__pca64
198c88cb-8f41-4a79-9c4b-be606361e80b,1,wet,weak_expert,3,-0.157429748404587,2,0,linear_svm__C0.001__pca64
2143ebda-26f8-4cf7-9d99-471f11c3c584,1,wet,weak_expert,3,-0.08464292293706165,1,0,linear_svm__C0.001__pca64
22fd67e4-0911-45f9-8625-1fe8ba4323cf,1,wet,weak_expert,3,0.148889464164886,3,1,linear_svm__C0.001__pca64
2aa8f538-07ca-41f3-b20a-8d9e5ef24cfe,1,wet,weak_expert,3,-0.0014842924200293983,2,0,linear_svm__C0.001__pca64
2cc30bb4-6e0f-4cb5-a7a5-f7fa03c203ba,1,wet,weak_expert,3,0.03558439938815962,1,0,linear_svm__C0.001__pca64
2e9f905a-697c-48db-883e-7e905873172f,1,wet,weak_expert,3,0.11872988570912268,2,1,linear_svm__C0.001__pca64
34bcd0cb-bbfb-4947-84c9-79a07c28a7c1,1,wet,weak_expert,3,0.06833582426888947,3,1,linear_svm__C0.001__pca64
372846d2-d0b1-435b-bd1c-2580506dc502,1,wet,weak_expert,3,0.05518901808849334,2,0,linear_svm__C0.001__pca64
376bc849-fcad-41ed-b28e-b4aa128eb1d9,1,wet,weak_expert,3,-0.12390322985773361,5,0,linear_svm__C0.001__pca64
3951f2b6-88a3-4419-a191-774fb50b918f,1,wet,weak_expert,3,-0.08548446852137803,4,0,linear_svm__C0.001__pca64
3ad61f08-80f1-4576-ae32-f383e46dbe53,1,wet,weak_expert,3,0.13705327423375097,2,1,linear_svm__C0.001__pca64
431c4a7e-06d9-4fed-9aca-2de718d66f29,1,wet,weak_expert,3,-0.1406351491462669,4,0,linear_svm__C0.001__pca64
45468c10-083b-4fea-9883-29a552edd30d,1,wet,weak_expert,3,0.0627457822745586,1,1,linear_svm__C0.001__pca64
46a06a18-2b08-49b1-8c22-40b5a23089ff,1,wet,weak_expert,3,0.01754638701484794,4,0,linear_svm__C0.001__pca64
4735aed3-46f9-44c5-91f0-ca772c541fff,1,wet,weak_expert,3,0.1000276618789682,4,1,linear_svm__C0.001__pca64
49f6f0db-97dc-4da4-848e-69bd536b5283,1,wet,weak_expert,3,-0.10696029539801347,2,0,linear_svm__C0.001__pca64
4e63830d-679b-480c-a420-0540b0689c16,1,wet,weak_expert,3,0.09031512009281054,5,1,linear_svm__C0.001__pca64
5280c666-4f3e-4d7c-a283-19041fc4cb2b,1,wet,weak_expert,3,0.05662169020401131,2,0,linear_svm__C0.001__pca64
6990ad8f-0acd-44f1-86e5-adbb0bbfcab0,1,wet,weak_expert,3,0.13214407463756234,2,1,linear_svm__C0.001__pca64
6ce9c771-2d64-4e26-9fe1-e0950221b59d,1,wet,weak_expert,3,-0.10413036270066768,2,0,linear_svm__C0.001__pca64
70ea204c-0ac3-494c-a998-ac38df39b2ac,1,wet,weak_expert,3,0.0511914501601395,2,0,linear_svm__C0.001__pca64
70ea9638-f7e3-4f16-bb97-7d066a0e6cdf,1,wet,weak_expert,3,-0.1999290124571394,4,0,linear_svm__C0.001__pca64
71d4e0e2-99b1-49bc-990f-1f7b4b5de826,1,wet,weak_expert,3,0.054482959604575845,2,0,linear_svm__C0.001__pca64
72eb0edc-42e6-40b5-b788-39d8dae7f353,1,wet,weak_expert,3,0.19578070125347605,2,1,linear_svm__C0.001__pca64
75be8a70-37fd-42ea-8daf-9ee78d1018a1,1,wet,weak_expert,3,-0.04912231840223434,5,0,linear_svm__C0.001__pca64
77cd79c9-1154-4da6-b9d4-6befbbc2754e,1,wet,weak_expert,3,0.07870642001881194,3,1,linear_svm__C0.001__pca64
7876c549-066a-4ea1-a82e-45772114f964,1,wet,gold_expert,3,0.15254660739318984,2,1,linear_svm__C0.001__pca64
799627e0-3cc6-4e23-b0ab-45a0fc2fb606,1,wet,weak_expert,3,0.12979027085346578,5,1,linear_svm__C0.001__pca64
7d1428e9-7241-482b-8dbd-95f43a57c694,1,wet,weak_expert,3,-0.17592325707848852,3,0,linear_svm__C0.001__pca64
80a05566-ac42-4c5c-82a5-4e21cb3ed772,1,wet,weak_expert,3,0.18973326606067167,2,1,linear_svm__C0.001__pca64
80b89e0e-8ae8-4c2a-9f7d-29f85e539ca3,1,wet,weak_expert,3,0.014395850536622744,1,0,linear_svm__C0.001__pca64
8469a131-4174-4d7b-b588-00c9c0f91a28,1,wet,weak_expert,3,0.029197092871944264,3,0,linear_svm__C0.001__pca64
85950027-a5fd-4cd4-ad38-46202aa61172,1,wet,weak_expert,3,-0.03887556678697063,2,0,linear_svm__C0.001__pca64
85f7130c-2c56-4dff-8ff8-a99527170fec,1,wet,weak_expert,3,0.45108764202552876,2,1,linear_svm__C0.001__pca64
87d4e292-7e94-49b4-9e11-c944e3ae63f8,1,wet,weak_expert,3,0.018140911689418903,3,0,linear_svm__C0.001__pca64
88498dd4-82ce-4430-9f7d-ca005a7c989e,1,wet,weak_expert,3,0.344495227765083,1,1,linear_svm__C0.001__pca64
909f7f8b-d304-4238-83b0-de0e4114d3e2,1,wet,weak_expert,3,-0.22636817523088787,4,0,linear_svm__C0.001__pca64
93833a6e-c67c-4c5f-9570-6f36ac22b9e6,1,wet,weak_expert,3,-0.05707352856683039,5,0,linear_svm__C0.001__pca64
956a3b1f-1961-40cf-ad48-fb36090f7331,1,wet,weak_expert,3,0.20806247942256284,3,1,linear_svm__C0.001__pca64
967a1fee-a7df-4644-9693-498626b618cc,1,wet,weak_expert,3,0.06880231855209551,3,1,linear_svm__C0.001__pca64
9a80a95e-6d74-4d45-bfd0-62c3eb40471a,1,wet,weak_expert,3,-0.04065485872179717,3,0,linear_svm__C0.001__pca64
9c9d5f33-e8e4-4483-a9ba-992fe633e486,1,wet,weak_expert,3,0.09263817452999766,2,1,linear_svm__C0.001__pca64
9ebf6f35-91a8-4c33-84cb-fbeec8f2f557,1,wet,weak_expert,3,0.2519287656253938,4,1,linear_svm__C0.001__pca64
a22706e7-e1bb-40a9-a95a-2dd1f9fcbadb,1,wet,weak_expert,3,-0.027962331605440077,5,0,linear_svm__C0.001__pca64
a3e8863e-e604-4d56-8dc5-9d26a198b699,1,wet,weak_expert,3,-0.04717489180217946,1,0,linear_svm__C0.001__pca64
a5025365-abca-4ff4-a335-a692389b7553,1,wet,weak_expert,3,0.15181107383009007,3,1,linear_svm__C0.001__pca64
a521beb8-4e79-4d26-8a6a-7570afc0d8cb,1,wet,weak_expert,3,0.14957632234184615,2,1,linear_svm__C0.001__pca64
a649bd89-6584-41e5-a251-033caa07d08a,1,wet,weak_expert,3,0.0739652389213131,1,1,linear_svm__C0.001__pca64
ae05888f-fab3-4754-a98c-c3e76c82504d,1,wet,weak_expert,3,-0.011730549955937808,4,0,linear_svm__C0.001__pca64
ae7d06f1-2f0e-4fee-a080-76084ab5bb86,1,wet,weak_expert,3,-0.04516645650251549,4,0,linear_svm__C0.001__pca64
b54df7b6-c651-40e7-a80d-c0955f1abaa9,1,wet,weak_expert,3,-0.20589821612520728,3,0,linear_svm__C0.001__pca64
bb825a76-02ce-4a02-a001-7ae1a05d5bb8,1,wet,weak_expert,3,0.0650624523935946,4,1,linear_svm__C0.001__pca64
bc048378-1d7f-44ed-a8a8-e2ce7d0a56ae,1,wet,weak_expert,3,-0.19582518341463456,2,0,linear_svm__C0.001__pca64
bce328d8-acfe-4cc9-bc60-e7934f3e6e5f,1,wet,weak_expert,3,0.22064144008146358,1,1,linear_svm__C0.001__pca64
bf8e9236-0d63-46ed-9855-38a1074c2121,1,wet,weak_expert,3,0.2133954699599023,4,1,linear_svm__C0.001__pca64
c3174535-aaef-4c26-b0b5-a38996e54763,1,wet,weak_expert,3,-0.11023959512910465,2,0,linear_svm__C0.001__pca64
cc7421cf-a094-4a17-a4cb-cecdd43b8095,1,wet,weak_expert,3,-0.028427131908640282,4,0,linear_svm__C0.001__pca64
cf756ffb-9f1f-4579-8f67-d00bf4a2330b,1,wet,weak_expert,3,-0.2069466800924816,3,0,linear_svm__C0.001__pca64
d0a4cbf7-263d-49f1-978d-8cf767546e3c,1,wet,weak_expert,3,-0.19511999574058939,3,0,linear_svm__C0.001__pca64
dabd8101-b56b-40cd-84c6-169b7f8c6fbc,1,wet,weak_expert,3,-0.12759432732453285,4,0,linear_svm__C0.001__pca64
deec748e-a51e-4a37-a7fb-47df7b035292,1,wet,weak_expert,3,-0.10564090615667662,2,0,linear_svm__C0.001__pca64
e34e8cb1-f615-4542-849a-d6e6f7e7f6e2,1,wet,weak_expert,3,0.04469138256994321,3,0,linear_svm__C0.001__pca64
e971aab1-03f6-47c1-b826-ce9004ac7698,1,wet,weak_expert,3,0.30860176490845687,3,1,linear_svm__C0.001__pca64
eb43c33d-b6a1-476a-a135-40b872e8221b,1,wet,weak_expert,3,0.0004919144924229457,2,0,linear_svm__C0.001__pca64
fcd7caa2-6034-457c-a8ab-6b838bf60d2b,1,wet,weak_expert,3,0.3023919839527742,1,1,linear_svm__C0.001__pca64
ff201807-134a-4a38-92e3-4eaab9219681,1,wet,weak_expert,3,-0.06365428712754202,3,0,linear_svm__C0.001__pca64
005b8518-03ba-4bf5-86d2-005541442357,0,dry,weak_expert,4,-0.025030264092091033,2,0,linear_svm__C0.001__pca64
01208e5c-5338-4f1b-b8c6-41c049e40d90,0,dry,weak_expert,4,-0.11302716605651415,3,0,linear_svm__C0.001__pca64
01ff40e8-63e6-4570-a463-9778ea30cad7,0,dry,gold_expert,4,-0.20031535352835314,3,0,linear_svm__C0.001__pca64
033da4e3-7365-4adc-9252-7347816e4e77,0,dry,weak_expert,4,-0.1881111920412633,4,0,linear_svm__C0.001__pca64
0512e4fa-684b-4d81-8dda-a38ffd0b67a9,0,dry,weak_expert,4,-0.4110797073990289,1,0,linear_svm__C0.001__pca64
06b58ff7-42e9-49d8-8b56-dd82e7b18ace,0,dry,weak_expert,4,-0.054504903879146964,2,0,linear_svm__C0.001__pca64
080b6119-f1ab-4337-93dd-aaccf73b4ee1,0,dry,weak_expert,4,-0.1426623382500241,2,0,linear_svm__C0.001__pca64
0f8fb3e0-1a30-4bd3-982a-24342a0bdc70,0,dry,gold_expert,4,0.05142352237248142,1,0,linear_svm__C0.001__pca64
1005ef8a-7d26-441e-bf06-8849165038d0,0,dry,weak_expert,4,-0.22342311740784082,2,0,linear_svm__C0.001__pca64
11f2a916-e3d5-4c8a-a339-d1d3e1c5f4d3,0,dry,weak_expert,4,0.0525580352938288,1,0,linear_svm__C0.001__pca64
134e5ac2-706b-4098-969e-18c24f0f0002,0,dry,weak_expert,4,0.2715716814249316,1,1,linear_svm__C0.001__pca64
1351a8e1-f5e5-4a05-a6a9-4bac18393022,0,dry,weak_expert,4,0.2503066221817634,2,1,linear_svm__C0.001__pca64
14b9f356-c3dd-456f-9875-5125040d0c83,0,dry,weak_expert,4,-0.1505217271419027,2,0,linear_svm__C0.001__pca64
150de1d1-3e1c-4319-8575-cc8b89f775f3,0,dry,weak_expert,4,-0.14266751668134464,2,0,linear_svm__C0.001__pca64
17e623e8-7179-4805-889b-83ba37063d21,0,dry,weak_expert,4,-0.12809134673900383,5,0,linear_svm__C0.001__pca64
198f3500-da31-4e16-aa93-05e56a62eea2,0,dry,weak_expert,4,-0.15552418056007836,3,0,linear_svm__C0.001__pca64
1b7a8173-80be-4905-bdaa-b471b228b1ed,0,dry,weak_expert,4,-0.3264573198108683,2,0,linear_svm__C0.001__pca64
1d8101a3-75b0-4ba8-840d-965eb76ab547,0,dry,weak_expert,4,0.08083738057463105,2,1,linear_svm__C0.001__pca64
1dca9938-00dd-469a-a476-da7d21e90027,0,dry,weak_expert,4,-0.1658037819289769,1,0,linear_svm__C0.001__pca64
1e4a8472-c9f7-4677-a92a-0e1ff412ab5b,0,dry,weak_expert,4,0.10541520512773091,5,1,linear_svm__C0.001__pca64
1fcd577a-af2b-4352-a735-a1d1a7e7d0b1,0,dry,weak_expert,4,-0.025434777978588896,2,0,linear_svm__C0.001__pca64
22dcfcdd-52a8-4b42-9c50-c0a3696382a9,0,dry,weak_expert,4,-0.088164560561979,2,0,linear_svm__C0.001__pca64
240021ec-048e-431d-9548-11d7c234389e,0,dry,weak_expert,4,-0.20021885793578612,1,0,linear_svm__C0.001__pca64
2457c496-0a45-4c4c-942f-5598c39c9b89,0,dry,weak_expert,4,0.05872469025428595,3,0,linear_svm__C0.001__pca64
24f20435-bf37-4ba8-b5e3-47c492e8f52b,0,dry,weak_expert,4,0.17690796249512827,2,1,linear_svm__C0.001__pca64
259ecdd2-5641-4b33-966d-7cf0b3af87a5,0,dry,weak_expert,4,0.25462814193008604,3,1,linear_svm__C0.001__pca64
2716f7c1-a47d-4634-9f97-e2d8c59b3bbf,0,dry,weak_expert,4,-0.14334364631917168,4,0,linear_svm__C0.001__pca64
2a49d183-60b0-4ccf-8147-876cc291670f,0,dry,weak_expert,4,-0.14732107463753696,1,0,linear_svm__C0.001__pca64
2c16ec6e-321d-4d18-82f4-9e5f59e32449,0,dry,weak_expert,4,0.09923966099275672,3,1,linear_svm__C0.001__pca64
2c2e3dea-3a4d-47f3-9c14-3058cc44db47,0,dry,weak_expert,4,-0.2623745086131859,2,0,linear_svm__C0.001__pca64
2cba06c6-a2af-4307-b53b-cdde40ee9492,0,dry,weak_expert,4,-0.07092073601016757,2,0,linear_svm__C0.001__pca64
2d9cb119-d985-4dc8-8b8e-8f0ac488f2ad,0,dry,weak_expert,4,0.013422240557450876,1,0,linear_svm__C0.001__pca64
2daf940f-6253-4edb-b801-f3db88255d22,0,dry,weak_expert,4,-0.09389137470479156,1,0,linear_svm__C0.001__pca64
3050a1e2-d70b-4f86-9e57-f33220b8f990,0,dry,weak_expert,4,-0.07077743277338695,2,0,linear_svm__C0.001__pca64
30b9a320-705b-452a-9ff9-daa6f5639085,0,dry,weak_expert,4,-0.02896202681555374,1,0,linear_svm__C0.001__pca64
318642a7-90a0-484e-b40c-30286ae88037,0,dry,weak_expert,4,-0.18533376940977353,2,0,linear_svm__C0.001__pca64
31874a9d-4405-40c4-b088-b0b16fa94690,0,dry,weak_expert,4,0.04683318373493857,1,0,linear_svm__C0.001__pca64
33b688eb-cae8-40cb-9d71-694f5d2f417f,0,dry,weak_expert,4,-0.2393611225086788,2,0,linear_svm__C0.001__pca64
35a40835-dc69-4e0d-b833-6b58df25c8cc,0,dry,weak_expert,4,-0.3355436066410195,4,0,linear_svm__C0.001__pca64
36d1c7ee-0e4f-4d25-8e0c-e38bd76143eb,0,dry,weak_expert,4,0.01865518290655245,2,0,linear_svm__C0.001__pca64
37b27ce5-a134-431d-ae71-8c3c6fe273af,0,dry,weak_expert,4,-0.23352637196720433,1,0,linear_svm__C0.001__pca64
380e3cbd-961d-42ff-9553-e902926e6740,0,dry,weak_expert,4,-0.08680040026209328,4,0,linear_svm__C0.001__pca64
38cd2f39-edad-4c95-a338-c127c6ae3517,0,dry,weak_expert,4,-0.04284870602248562,3,0,linear_svm__C0.001__pca64
3987cfec-1d63-4362-9d51-0f98b1fa67fd,0,dry,weak_expert,4,0.04856463503969896,2,0,linear_svm__C0.001__pca64
3ac4c15d-fadd-430f-8866-399b9bd19adc,0,dry,weak_expert,4,-0.17658890138284025,3,0,linear_svm__C0.001__pca64
3b1cd361-b8b0-47ae-a02a-d2b0f2d40807,0,dry,weak_expert,4,-0.19377338604215366,5,0,linear_svm__C0.001__pca64
3cbb5093-53f6-45a7-8bbc-ea87c51dc88c,0,dry,weak_expert,4,0.0775445438485699,2,1,linear_svm__C0.001__pca64
3daa3dd0-e920-46a8-bca5-2a7f728998d7,0,dry,weak_expert,4,-0.27538721457063103,5,0,linear_svm__C0.001__pca64
3deed1f8-085b-4531-92f1-c03ec500802a,0,dry,weak_expert,4,0.15685134943251525,1,1,linear_svm__C0.001__pca64
3f80b816-c688-478a-a5da-85ed19581b1e,0,dry,weak_expert,4,-0.1512142154666374,1,0,linear_svm__C0.001__pca64
40c8a6bc-b676-4678-8987-1db07f5923c4,0,dry,weak_expert,4,0.04654041669140104,3,0,linear_svm__C0.001__pca64
41b99768-ae1b-4038-b831-d7c7d225f369,0,dry,weak_expert,4,-0.216940117996162,1,0,linear_svm__C0.001__pca64
421d9f99-9d55-40e6-8d30-0d9891605994,0,dry,weak_expert,4,-0.25895651570953837,4,0,linear_svm__C0.001__pca64
424f1c61-5421-4da9-b3de-70e2d706867e,0,dry,weak_expert,4,0.08140894745861044,2,1,linear_svm__C0.001__pca64
4283550e-8fe9-4495-9b3e-11ab3020d254,0,dry,weak_expert,4,0.10331989177850674,1,1,linear_svm__C0.001__pca64
433a37a6-02c8-4ff3-b71b-67d4c9968919,0,dry,weak_expert,4,0.14760772388899931,4,1,linear_svm__C0.001__pca64
43d6034a-6751-4023-9ee7-6510dd3e157d,0,dry,weak_expert,4,-0.26234048328201404,3,0,linear_svm__C0.001__pca64
43df4f16-fb75-43bb-a866-5231a9243e21,0,dry,weak_expert,4,-0.04842050115218713,1,0,linear_svm__C0.001__pca64
4493e997-621f-4fa5-8c0d-84d6b245b75a,0,dry,weak_expert,4,-0.001209682120045047,4,0,linear_svm__C0.001__pca64
44c295f9-5176-41ce-a1e2-f94633b9b57b,0,dry,weak_expert,4,0.03161867247847598,1,0,linear_svm__C0.001__pca64
450dbdc0-e479-43a2-b3d2-8e51b8253649,0,dry,weak_expert,4,0.08290946832313013,1,1,linear_svm__C0.001__pca64
460a8717-0a50-4e1f-b399-86e27cc31579,0,dry,weak_expert,4,-0.11144393832690921,1,0,linear_svm__C0.001__pca64
46a647cb-8f90-4020-affb-775bf931e775,0,dry,weak_expert,4,0.0974909185376179,1,1,linear_svm__C0.001__pca64
48b287c0-5c2b-44ef-b469-3808b3b287ea,0,dry,gold_expert,4,-0.114056933009366,2,0,linear_svm__C0.001__pca64
49bc7b95-fbe5-4933-886e-8752b8acf842,0,dry,weak_expert,4,-0.015275382118715819,3,0,linear_svm__C0.001__pca64
4c2840ed-fd4b-4a86-b976-5cc040d6ea4e,0,dry,gold_expert,4,-0.323171100859029,2,0,linear_svm__C0.001__pca64
4ced00fc-ff57-4a83-bc12-fc5876503c6f,0,dry,weak_expert,4,0.1632880420337922,2,1,linear_svm__C0.001__pca64
4eec3002-43f3-477b-bd24-bc2ba1fd920e,0,dry,weak_expert,4,-0.14570311758533022,1,0,linear_svm__C0.001__pca64
4fa482c1-e2c7-402f-b383-343c18be4ccd,0,dry,weak_expert,4,0.14789607790492482,4,1,linear_svm__C0.001__pca64
50e4574d-0fa7-4fa0-977d-394644797b1b,0,dry,weak_expert,4,-0.1901769559055497,5,0,linear_svm__C0.001__pca64
51d4bc80-1f02-4ffa-8e2e-1dc3527a0979,0,dry,gold_expert,4,0.20372445745129333,2,1,linear_svm__C0.001__pca64
56ff4794-4d52-4b89-8e9c-68ab3d8d1a48,0,dry,weak_expert,4,0.02856189697946235,1,0,linear_svm__C0.001__pca64
583240d0-4e6f-4456-8894-be5a74010add,0,dry,weak_expert,4,0.057904869093281346,4,0,linear_svm__C0.001__pca64
59285a69-a0c0-40fb-92ee-c4a771b292b4,0,dry,weak_expert,4,-0.15158572026674025,3,0,linear_svm__C0.001__pca64
5998a733-5790-4918-adff-cef8e7b12a73,0,dry,weak_expert,4,0.06432414099528862,2,1,linear_svm__C0.001__pca64
5a0fe430-5054-4fe4-b2da-29824128b3a4,0,dry,weak_expert,4,0.006629521796799112,2,0,linear_svm__C0.001__pca64
5a229a4b-e0ae-478c-97d5-1963cb0ac690,0,dry,weak_expert,4,-0.10824364803116418,2,0,linear_svm__C0.001__pca64
5a783d35-fd85-43d7-9ae7-22db4f523269,0,dry,weak_expert,4,0.032304750086215264,1,0,linear_svm__C0.001__pca64
5b0be374-28d0-4a16-b010-0c18a460a7d4,0,dry,weak_expert,4,-0.1261175634321838,3,0,linear_svm__C0.001__pca64
5bbd361a-f7ab-4397-9eec-e76a4758489d,0,dry,weak_expert,4,-0.11005512419002796,2,0,linear_svm__C0.001__pca64
5c3d8573-8193-4501-8a27-d5e2f881c7b4,0,dry,weak_expert,4,0.01748372689876591,2,0,linear_svm__C0.001__pca64
5d4cb7a7-b4e4-4eed-828d-e5c46829da09,0,dry,weak_expert,4,-0.35175465638122866,2,0,linear_svm__C0.001__pca64
5d5c5271-5a75-49ed-99fb-dc62d85071ff,0,dry,weak_expert,4,-0.24957721920003975,8,0,linear_svm__C0.001__pca64
5d7f356e-f0bf-4cee-896d-9341e81ddaaf,0,dry,weak_expert,4,-0.1812537385956656,4,0,linear_svm__C0.001__pca64
5fb358c3-76bc-4adc-93ac-02f367e38739,0,dry,weak_expert,4,-0.168063267699845,2,0,linear_svm__C0.001__pca64
617658ed-22f1-4286-9da8-ae3410da15ed,0,dry,weak_expert,4,-0.13801359136070923,3,0,linear_svm__C0.001__pca64
61924ecf-e529-41de-b3a8-626bc58e044d,0,dry,weak_expert,4,0.0729696053314046,3,1,linear_svm__C0.001__pca64
64565fdb-05f4-4ee8-abe3-13b2a6bde887,0,dry,weak_expert,4,0.22225444749724904,1,1,linear_svm__C0.001__pca64
64c52b39-ae24-4423-bb47-81772a444bfe,0,dry,weak_expert,4,0.15123397752433904,1,1,linear_svm__C0.001__pca64
64ff0a57-3000-465e-b47c-82f326b28368,0,dry,weak_expert,4,0.008346269861402597,3,0,linear_svm__C0.001__pca64
65f8a73e-9cf4-480f-8f4f-c31e67753ea7,0,dry,weak_expert,4,-0.09643260633165474,3,0,linear_svm__C0.001__pca64
664efc01-b7d3-4dfd-a1c8-dbbcba0780ce,0,dry,weak_expert,4,-0.23165380764074198,4,0,linear_svm__C0.001__pca64
671d5452-c6a5-456b-aac5-48ef5278f773,0,dry,weak_expert,4,-0.039157963363279126,2,0,linear_svm__C0.001__pca64
6864ecfc-c540-4e0d-a9cb-933dd9b77e05,0,dry,weak_expert,4,-0.07825278838213362,2,0,linear_svm__C0.001__pca64
69443da8-7868-4020-8eb6-af768b893a21,0,dry,weak_expert,4,0.3521071123478028,1,1,linear_svm__C0.001__pca64
6ae99e6f-623c-45e5-aa98-cf00914f1974,0,dry,weak_expert,4,-0.17364064505304208,2,0,linear_svm__C0.001__pca64
6cbc0d07-c436-48c5-a13f-e1c0e9334550,0,dry,weak_expert,4,0.058945548425692884,2,0,linear_svm__C0.001__pca64
6cd0a8d6-8e94-4ff2-8ad6-ed18ae2b207c,0,dry,weak_expert,4,-0.042522137839702455,2,0,linear_svm__C0.001__pca64
6ecde34e-2767-47b0-aef3-2828d4b181c7,0,dry,weak_expert,4,0.0673734163862315,3,1,linear_svm__C0.001__pca64
6f2e1f59-6d57-499a-8c26-978d80255271,0,dry,weak_expert,4,0.035793502926249304,3,0,linear_svm__C0.001__pca64
6f2e82d2-a307-43d7-b3a9-b50cb1a04d9e,0,dry,weak_expert,4,0.02459890614077744,3,0,linear_svm__C0.001__pca64
70049bd1-5f1b-42fe-8d8e-2ebf384cfca3,0,dry,weak_expert,4,-0.1342505439421838,2,0,linear_svm__C0.001__pca64
71b26116-62cd-46ca-89a4-0642e0f2bc52,0,dry,weak_expert,4,0.1736918050944927,5,1,linear_svm__C0.001__pca64
727349f2-4730-45f6-99fe-8cf1ae1f2004,0,dry,weak_expert,4,-0.12732296551359473,4,0,linear_svm__C0.001__pca64
72bf1cb5-9f60-40db-9666-470d6d02f02c,0,dry,weak_expert,4,0.0424731146482856,1,0,linear_svm__C0.001__pca64
74d33247-658a-45ea-a641-5b736ee5498f,0,dry,weak_expert,4,-0.19638557672820048,5,0,linear_svm__C0.001__pca64
760194db-a651-4a06-b7b8-bffd126364cf,0,dry,weak_expert,4,0.0682307146666081,3,1,linear_svm__C0.001__pca64
76f0dea9-2043-4984-b515-7a0d03d31035,0,dry,weak_expert,4,-0.010884106455542825,3,0,linear_svm__C0.001__pca64
778c38b9-431e-467c-85b0-468e79deacd8,0,dry,weak_expert,4,-0.12448841073273716,5,0,linear_svm__C0.001__pca64
7869b66e-5c53-42b8-8741-8e7398f78137,0,dry,weak_expert,4,0.15251401144342136,1,1,linear_svm__C0.001__pca64
79221f97-e57f-476c-a8b1-57c65ff4e01c,0,dry,weak_expert,4,-0.13568558990435006,5,0,linear_svm__C0.001__pca64
7981abda-eba4-4508-925d-596aa1da5497,0,dry,weak_expert,4,-0.12301488035074026,1,0,linear_svm__C0.001__pca64
79e8672c-fcd7-49ad-bbd7-1ad4a50d07e6,0,dry,weak_expert,4,-0.1590999642982687,3,0,linear_svm__C0.001__pca64
7a985f89-ed5d-41e2-9f5d-8d8982508665,0,dry,weak_expert,4,-0.2576492450015542,4,0,linear_svm__C0.001__pca64
7ad010ba-c400-43bc-b5c6-6d5df815d1f7,0,dry,weak_expert,4,-0.01977331684976479,1,0,linear_svm__C0.001__pca64
7b3f90c2-9236-4bdc-abf9-375698074f5e,0,dry,weak_expert,4,0.2622132277488967,3,1,linear_svm__C0.001__pca64
7b7f6998-7f52-475f-8bbd-e76d80eafd91,0,dry,weak_expert,4,0.009004278302100313,6,0,linear_svm__C0.001__pca64
7b962d6a-50fa-48ef-80f0-9d8b23747e90,0,dry,weak_expert,4,-0.0017279530220593632,3,0,linear_svm__C0.001__pca64
7cd1efb7-e973-492d-8a2c-e00a42ef0d78,0,dry,weak_expert,4,-0.037015267062081685,3,0,linear_svm__C0.001__pca64
7d2e208f-4b40-43c8-8f85-e05f9671db2c,0,dry,weak_expert,4,-0.17117507827861433,1,0,linear_svm__C0.001__pca64
7dc5b3de-2746-46b1-80c4-a73288f37773,0,dry,weak_expert,4,0.3434678361446545,1,1,linear_svm__C0.001__pca64
7e782166-6aa4-451c-9b01-afc57c43c3a1,0,dry,weak_expert,4,-0.09922143228805003,3,0,linear_svm__C0.001__pca64
7e7dc35c-f4a3-4988-a5af-4b9cf730aa4f,0,dry,weak_expert,4,0.05991792815378885,2,0,linear_svm__C0.001__pca64
7f1f564a-55eb-4357-b411-e0bf9818e56c,0,dry,weak_expert,4,0.10199105263277172,4,1,linear_svm__C0.001__pca64
7fe58bc1-6f08-4eee-801c-0c8bf9287fd5,0,dry,weak_expert,4,-0.3068190938082783,2,0,linear_svm__C0.001__pca64
814a5c9e-6174-4efa-a378-a990ac566ae2,0,dry,weak_expert,4,-0.2937958695815648,2,0,linear_svm__C0.001__pca64
83f5d563-5e0c-4f09-b967-d66ade3ad885,0,dry,weak_expert,4,-0.006682269552426003,6,0,linear_svm__C0.001__pca64
84d8364a-bce5-4e2d-89ca-af05d62b4709,0,dry,weak_expert,4,0.06587664600857898,3,1,linear_svm__C0.001__pca64
8815d555-76ba-4803-b536-22df34e872dc,0,dry,weak_expert,4,-0.1736173217733492,1,0,linear_svm__C0.001__pca64
88bec0f2-8dbd-44d5-a6c2-de1cf0646737,0,dry,weak_expert,4,0.16835091079357056,3,1,linear_svm__C0.001__pca64
89bb7d99-45fd-4199-90d1-ac000fa68a65,0,dry,weak_expert,4,0.08127908532627472,1,1,linear_svm__C0.001__pca64
8a3058b7-c1ec-43d8-ae17-f1c72da07a21,0,dry,weak_expert,4,-0.015164007275428321,3,0,linear_svm__C0.001__pca64
8aa95c58-4f0f-4df6-89a2-4b3b5d7841bb,0,dry,weak_expert,4,-0.06068745109807812,2,0,linear_svm__C0.001__pca64
8d870fda-3cb4-4d17-8650-c52596963ff3,0,dry,weak_expert,4,0.1359482462735634,4,1,linear_svm__C0.001__pca64
8e4d3ab1-5e08-424f-9146-054314535ad5,0,dry,weak_expert,4,-0.2469593307987156,2,0,linear_svm__C0.001__pca64
8ec67d70-2a82-45ea-a646-ab8a5bc4bf4f,0,dry,weak_expert,4,0.10242398653376397,2,1,linear_svm__C0.001__pca64
8f5531fb-5c2a-450b-b14c-4321085887d8,0,dry,gold_expert,4,0.035103091655631656,3,0,linear_svm__C0.001__pca64
92307087-a106-4fd5-919a-a92b57ffd316,0,dry,weak_expert,4,-0.2807184775694299,2,0,linear_svm__C0.001__pca64
92580ab5-bc25-48ee-b844-16e2084cf14b,0,dry,weak_expert,4,-0.07299792462116408,5,0,linear_svm__C0.001__pca64
92a40891-fb6b-41ad-b005-bd84c48d12ef,0,dry,weak_expert,4,0.005238545048262618,3,0,linear_svm__C0.001__pca64
93d36f3e-2008-44cc-af6f-adb012cef434,0,dry,weak_expert,4,-0.41885049720353834,2,0,linear_svm__C0.001__pca64
95677325-1a53-4792-bc6d-f2f707cfcb24,0,dry,weak_expert,4,0.0912420465202249,3,1,linear_svm__C0.001__pca64
95c2af6d-4ed8-4626-88d0-27515a452ffe,0,dry,weak_expert,4,0.46703860092183713,1,1,linear_svm__C0.001__pca64
96684bb9-596c-4886-80e3-ccb2238e41d2,0,dry,weak_expert,4,-0.16111261099797772,4,0,linear_svm__C0.001__pca64
9668aedd-1d7b-48e7-86d1-7c00c67211ae,0,dry,weak_expert,4,0.011954487189180074,2,0,linear_svm__C0.001__pca64
96898934-8f8e-4af6-b351-24039794ea57,0,dry,weak_expert,4,0.03363264150616352,3,0,linear_svm__C0.001__pca64
9a4d243e-4ac6-4c34-9b73-7ef188a02ed0,0,dry,weak_expert,4,-0.1586259602538368,2,0,linear_svm__C0.001__pca64
9a70cfcf-2df1-4bbc-aed8-aa9afa094a9f,0,dry,weak_expert,4,-0.20910671754105778,3,0,linear_svm__C0.001__pca64
9a8ced91-6c7b-4eee-beb2-252ab3d9554d,0,dry,weak_expert,4,-0.11613200624794733,2,0,linear_svm__C0.001__pca64
9ad9631c-6910-4f4e-ada7-319db3a165c4,0,dry,weak_expert,4,0.0769583343360568,3,1,linear_svm__C0.001__pca64
9aea1b03-9fc0-48c9-9e62-a6ac15633c03,0,dry,weak_expert,4,-0.053512884884111725,1,0,linear_svm__C0.001__pca64
9bdef567-3097-4553-8dab-beed4036d779,0,dry,weak_expert,4,-0.01604193120192328,4,0,linear_svm__C0.001__pca64
9d389c55-da76-4670-b950-f5c03742d905,0,dry,weak_expert,4,0.10718778195030558,1,1,linear_svm__C0.001__pca64
9d4a6e36-fb08-4ef4-a309-7905212f67b0,0,dry,weak_expert,4,-0.21582170216984736,2,0,linear_svm__C0.001__pca64
9d72542d-65e3-430c-910b-fd34a2527812,0,dry,weak_expert,4,-0.13518000075903322,3,0,linear_svm__C0.001__pca64
9e1a07c9-37a4-441a-a5a3-834b2283ae01,0,dry,weak_expert,4,0.13457373660303235,2,1,linear_svm__C0.001__pca64
9e5738c6-7649-42d5-be58-1e289796f189,0,dry,weak_expert,4,-0.2100402053472301,3,0,linear_svm__C0.001__pca64
9e6d88da-2a85-4c86-a606-e66d83bf7550,0,dry,weak_expert,4,-0.35848171910066456,4,0,linear_svm__C0.001__pca64
9fe0d71a-e946-467e-aac2-767ae85ed884,0,dry,weak_expert,4,-0.35783423237338635,2,0,linear_svm__C0.001__pca64
a0b2c39c-8a24-4984-aa0f-009f13a700c5,0,dry,weak_expert,4,-0.14920360138283487,2,0,linear_svm__C0.001__pca64
a13b9da9-a901-4622-9898-71f76097b98c,0,dry,weak_expert,4,-0.0826162074157353,2,0,linear_svm__C0.001__pca64
a3652154-abdd-4d52-98cf-cddfc1c75447,0,dry,weak_expert,4,0.09049760924069686,2,1,linear_svm__C0.001__pca64
a41a84b6-f192-4b79-bb08-e47285cf8a4e,0,dry,weak_expert,4,0.001413308476548844,2,0,linear_svm__C0.001__pca64
a4cc4680-8bb6-4646-b9cf-d77a4e8ada21,0,dry,weak_expert,4,-0.012354909013527052,3,0,linear_svm__C0.001__pca64
a4e4dc63-969f-4b6d-889a-b8f9d20028f7,0,dry,weak_expert,4,-0.02165448373814246,2,0,linear_svm__C0.001__pca64
a664172f-6df4-44db-bfd4-c735f1edc3e6,0,dry,weak_expert,4,0.2248070131352779,1,1,linear_svm__C0.001__pca64
a69d7fc8-6cac-417e-9008-89bef72f1fa7,0,dry,weak_expert,4,0.17885855729496072,6,1,linear_svm__C0.001__pca64
a7a5c702-df32-41e5-a129-a43ec576a480,0,dry,weak_expert,4,-0.14606516751763826,1,0,linear_svm__C0.001__pca64
aa577908-e7cd-485b-adfa-51c6d7828201,0,dry,weak_expert,4,0.428064623259381,2,1,linear_svm__C0.001__pca64
aa5a073e-9319-477b-b2ad-7465765d6340,0,dry,weak_expert,4,0.21082884773110835,3,1,linear_svm__C0.001__pca64
ada1def9-7e36-4d4e-8e3e-e678afee4185,0,dry,gold_expert,4,-0.13748056215038673,4,0,linear_svm__C0.001__pca64
ae18328e-da30-4137-a717-a718ffe2412e,0,dry,gold_expert,4,0.06250893125795977,3,1,linear_svm__C0.001__pca64
ae9ae0a2-f646-4f2d-a8d2-050d71fc3a29,0,dry,weak_expert,4,-0.1786547406499946,2,0,linear_svm__C0.001__pca64
b07782ac-d2f7-4c46-bd5a-045e715d20a3,0,dry,weak_expert,4,0.013773934187881767,2,0,linear_svm__C0.001__pca64
b0aa16a7-ed93-4a11-88bf-031ea505282c,0,dry,weak_expert,4,-0.16969340651537226,1,0,linear_svm__C0.001__pca64
b0f187db-9026-4791-90dd-f845cdb3f90e,0,dry,weak_expert,4,-0.04808162509687994,2,0,linear_svm__C0.001__pca64
b1bdaeee-ffa3-4a1e-a213-7a74e3a863c3,0,dry,weak_expert,4,0.12550357262642575,2,1,linear_svm__C0.001__pca64
b1e56350-eef1-4dd1-8d7a-446c15eff785,0,dry,weak_expert,4,0.05182684775953859,3,0,linear_svm__C0.001__pca64
b273b74b-a227-43c9-be4b-3e8cf959fa44,0,dry,weak_expert,4,0.15982454083339007,1,1,linear_svm__C0.001__pca64
b300ba99-adb0-4005-8292-e3ee5134a5a6,0,dry,weak_expert,4,0.11195005475083436,2,1,linear_svm__C0.001__pca64
b46dc541-8b50-4f9b-b22a-761e144f88d9,0,dry,weak_expert,4,-0.14207531179469968,2,0,linear_svm__C0.001__pca64
b551c936-7f27-40a4-bf3b-2d8c4edfbae8,0,dry,weak_expert,4,-0.22213633295705795,6,0,linear_svm__C0.001__pca64
b66ea1a8-a46f-4890-8b1f-91c5841bfc99,0,dry,weak_expert,4,-0.15788624388147462,2,0,linear_svm__C0.001__pca64
bac8326b-2652-443d-8b58-af96cdf5284d,0,dry,weak_expert,4,0.0048083560069820995,6,0,linear_svm__C0.001__pca64
bb17ca61-9aa8-45d2-9b3e-52c53965641f,0,dry,weak_expert,4,-0.03991705257234703,2,0,linear_svm__C0.001__pca64
be265d6b-9bc3-4499-a099-940ad4479dde,0,dry,weak_expert,4,0.25775798623185264,2,1,linear_svm__C0.001__pca64
beb10920-1bf0-42af-ada7-b73e73919bfa,0,dry,weak_expert,4,-0.2072991239918102,3,0,linear_svm__C0.001__pca64
bfeb3880-a9bc-438e-b171-f467ba93087d,0,dry,weak_expert,4,-0.05446618312462698,2,0,linear_svm__C0.001__pca64
c0687f80-4d3b-473e-9cd5-7ade1b43f528,0,dry,weak_expert,4,-0.3117002764845441,2,0,linear_svm__C0.001__pca64
c07264af-0bcb-41b6-9322-cdd1fb2d654f,0,dry,weak_expert,4,-0.03712694286579137,2,0,linear_svm__C0.001__pca64
c233a7a1-c6d8-4f5f-8f87-bfd180c6d32e,0,dry,weak_expert,4,0.02374292704316236,2,0,linear_svm__C0.001__pca64
c2925320-df66-4a25-8309-3f1cca3dc37e,0,dry,weak_expert,4,-0.11152030953979661,2,0,linear_svm__C0.001__pca64
c36e8c36-3dfb-4ffd-98e2-118b6d58febf,0,dry,weak_expert,4,-0.13995254529507548,3,0,linear_svm__C0.001__pca64
c3cec81d-ff60-4b2b-a3ba-9ff86f268ea2,0,dry,weak_expert,4,-0.09450075251904616,5,0,linear_svm__C0.001__pca64
c5260e7e-c927-464a-8946-bf1559afa0cf,0,dry,weak_expert,4,0.11464864455077096,1,1,linear_svm__C0.001__pca64
c52cae2c-3250-45e4-9c3a-4cfb08ef9c98,0,dry,weak_expert,4,0.24662802020705746,1,1,linear_svm__C0.001__pca64
c54e2543-7e25-4a57-83fe-6b227220d00c,0,dry,weak_expert,4,0.029738904355739892,3,0,linear_svm__C0.001__pca64
c55e4ac5-03f1-4432-ada6-be2c30e76bcb,0,dry,weak_expert,4,-0.07880578589710369,2,0,linear_svm__C0.001__pca64
c6fb2de6-86a6-4704-b267-11c0031431f2,0,dry,weak_expert,4,0.06793536003779015,3,1,linear_svm__C0.001__pca64
c99bf408-50b8-48ba-984f-18fe7da1b484,0,dry,weak_expert,4,-0.30280337632113724,1,0,linear_svm__C0.001__pca64
ca4579a8-d65b-42aa-8fdf-1108e3b0323e,0,dry,weak_expert,4,0.2823534329278131,1,1,linear_svm__C0.001__pca64
ca4c72fb-627d-4cd4-9120-ce93f05dcb56,0,dry,weak_expert,4,0.022481477740312103,2,0,linear_svm__C0.001__pca64
ca81325c-1dc0-49ad-94cf-0b7d5b7f3a4a,0,dry,weak_expert,4,0.18844212504248953,2,1,linear_svm__C0.001__pca64
caf07708-037e-44b8-b4f9-abeb76b237f2,0,dry,weak_expert,4,-0.11293419846830455,2,0,linear_svm__C0.001__pca64
caf4e7ea-513a-4f81-941a-56e28c49fb6d,0,dry,weak_expert,4,0.22301054739671808,2,1,linear_svm__C0.001__pca64
cbe792ac-397c-4b38-91d3-043fef882f90,0,dry,weak_expert,4,-0.012621310669638355,4,0,linear_svm__C0.001__pca64
ce0c319b-da2c-4f90-9050-108a8156acb5,0,dry,weak_expert,4,-0.09293941304964133,5,0,linear_svm__C0.001__pca64
cf701e11-d828-45d4-ad04-ceceb7920886,0,dry,weak_expert,4,0.16323199623487267,2,1,linear_svm__C0.001__pca64
cfecb0d8-defc-4875-afad-427f964ce2f3,0,dry,weak_expert,4,-0.03902865987001476,4,0,linear_svm__C0.001__pca64
d085181f-cd24-464a-9bd2-b8fe313d2321,0,dry,weak_expert,4,0.03141035464838751,2,0,linear_svm__C0.001__pca64
d297b163-1de9-42b1-abf5-ee9ca659377f,0,dry,weak_expert,4,-0.055707288194706175,2,0,linear_svm__C0.001__pca64
d446bc98-e79e-41a7-9311-010b43c3f943,0,dry,weak_expert,4,-0.08747297860868451,5,0,linear_svm__C0.001__pca64
d474b19c-bc88-4c58-8cfc-5bca2308077c,0,dry,weak_expert,4,-0.23848104369642253,3,0,linear_svm__C0.001__pca64
d5a1411d-d312-44b1-a37d-a387ec13df1a,0,dry,gold_expert,4,0.15113634788260033,2,1,linear_svm__C0.001__pca64
d5c506d9-9b17-4886-b5b3-999f8ee8060a,0,dry,weak_expert,4,0.10654679612498096,1,1,linear_svm__C0.001__pca64
d64010f8-4dd5-45ce-8f3e-07335b3c4143,0,dry,weak_expert,4,-0.12366471018465966,2,0,linear_svm__C0.001__pca64
d6d428e1-3829-41e9-aa09-5f05e5eb058b,0,dry,weak_expert,4,-0.14781326024907493,3,0,linear_svm__C0.001__pca64
d9936aee-41cf-4917-a02e-99b76db504c9,0,dry,gold_expert,4,-0.18390137892138053,1,0,linear_svm__C0.001__pca64
d9fb1d7c-a659-4194-831e-1a0110f57215,0,dry,weak_expert,4,0.21744513701079732,2,1,linear_svm__C0.001__pca64
da1fad02-0141-4cbb-96bd-408bad5641b0,0,dry,weak_expert,4,-0.18706321215363653,1,0,linear_svm__C0.001__pca64
de39c600-5209-4974-954b-0a07f2ed4b6e,0,dry,weak_expert,4,0.03905692863931895,3,0,linear_svm__C0.001__pca64
dea47426-a6cb-4ab4-a3aa-8dad29db8183,0,dry,weak_expert,4,-0.2052394204183928,2,0,linear_svm__C0.001__pca64
deb2972a-cee8-42f2-8cde-0639c71dda23,0,dry,weak_expert,4,-0.23099947550946912,1,0,linear_svm__C0.001__pca64
df09794b-095c-4ae9-8968-945ccc7b5668,0,dry,weak_expert,4,0.0009944556135199172,1,0,linear_svm__C0.001__pca64
df9cd86e-9e40-4da9-8291-3bc7f86b33f2,0,dry,weak_expert,4,-0.04087483704691432,1,0,linear_svm__C0.001__pca64
e206e88e-4a9e-4eab-b9c3-f1d5ed807c96,0,dry,weak_expert,4,0.0036820938328057246,2,0,linear_svm__C0.001__pca64
e339c45d-998d-4f9b-a8f4-300a63985aa2,0,dry,weak_expert,4,-0.12955201616693035,1,0,linear_svm__C0.001__pca64
e4739ce1-f3e5-4af2-adb5-98f022c50bf7,0,dry,weak_expert,4,-0.01911424159305851,2,0,linear_svm__C0.001__pca64
e64c0647-d3b9-47c0-8da6-09c1895ef9f1,0,dry,weak_expert,4,-0.11916856994857793,1,0,linear_svm__C0.001__pca64
e7bd9488-4878-404b-bc30-da40ac705462,0,dry,weak_expert,4,-0.053745847743110545,2,0,linear_svm__C0.001__pca64
e80023d9-392a-407a-9580-9c66eb45d7bd,0,dry,weak_expert,4,0.10360588822872012,2,1,linear_svm__C0.001__pca64
e8759970-c5b4-4d2a-a71c-d08ee83f482a,0,dry,weak_expert,4,0.026172274381137423,3,0,linear_svm__C0.001__pca64
e8f9178e-30b1-45b8-bde1-b4f00c4b4883,0,dry,weak_expert,4,0.09105657209628379,1,1,linear_svm__C0.001__pca64
e92ed6f0-70a8-425f-8dee-1b0443381224,0,dry,weak_expert,4,-0.04025438776371261,1,0,linear_svm__C0.001__pca64
e9ac8c20-f223-4225-8e17-bd524ecb0a68,0,dry,weak_expert,4,0.24845831223333253,4,1,linear_svm__C0.001__pca64
e9b6c992-e63c-446d-8c92-e7e62209b6a1,0,dry,weak_expert,4,-0.09387288331900437,2,0,linear_svm__C0.001__pca64
e9bf0a5a-ff96-480b-a54a-f647143e1d6f,0,dry,gold_expert,4,-0.09312159976212725,3,0,linear_svm__C0.001__pca64
eaed556e-e896-4e43-baca-a8bd7b127e92,0,dry,weak_expert,4,-0.2514555292510968,4,0,linear_svm__C0.001__pca64
ec041149-b613-4b8b-823e-1bed1d6dc6e0,0,dry,weak_expert,4,-0.03320554403728759,6,0,linear_svm__C0.001__pca64
ee28fdd9-6f0a-4c52-bb38-c8c43f24a669,0,dry,weak_expert,4,0.035336016540240024,2,0,linear_svm__C0.001__pca64
f18bb6f5-90c1-492e-8030-d95acd72b146,0,dry,weak_expert,4,0.09628165837403338,1,1,linear_svm__C0.001__pca64
f3bdd3ab-aac5-42ca-9c3e-36475ee47349,0,dry,weak_expert,4,-0.2906703313964226,1,0,linear_svm__C0.001__pca64
f4e4e818-c210-4c9e-bdca-c1cf1af1e144,0,dry,weak_expert,4,-0.08768338281404313,2,0,linear_svm__C0.001__pca64
f5231767-4f81-4b7a-bace-c6eae80fe56c,0,dry,weak_expert,4,-0.0966638517677768,3,0,linear_svm__C0.001__pca64
f5d1d24e-13ed-46f6-9f68-516ae92414b7,0,dry,weak_expert,4,-0.0833565868793822,1,0,linear_svm__C0.001__pca64
f7c229bd-ed49-40d5-a1bc-837ea7b66bd0,0,dry,weak_expert,4,-0.0602276215773207,4,0,linear_svm__C0.001__pca64
fb6e4eac-fba3-4ab4-95ae-53488da9b68b,0,dry,weak_expert,4,-0.13542887095724807,1,0,linear_svm__C0.001__pca64
fbe16432-b3f6-4d2e-b414-ae83660414a8,0,dry,weak_expert,4,-0.007669582198915458,1,0,linear_svm__C0.001__pca64
ffa718e8-da65-4602-8da8-cda7cdc568f2,0,dry,weak_expert,4,0.000881271770220704,5,0,linear_svm__C0.001__pca64
018b40a1-c109-459a-9e31-86cbd2cb3918,1,wet,weak_expert,4,0.06595981024800157,4,1,linear_svm__C0.001__pca64
0527be95-d7f1-4156-8e37-1587355661ca,1,wet,weak_expert,4,-0.02950986097912424,4,0,linear_svm__C0.001__pca64
0640716b-e287-4181-a653-5b798e8308c8,1,wet,weak_expert,4,0.05913423183637212,3,0,linear_svm__C0.001__pca64
06b568b5-b9f8-4334-816c-c16009bb5de7,1,wet,weak_expert,4,-0.01500608727686055,2,0,linear_svm__C0.001__pca64
06e989e7-b76d-4a36-8c5c-c59ef0d9d663,1,wet,weak_expert,4,-0.09305242079169027,1,0,linear_svm__C0.001__pca64
0b6ea0b5-e036-43ca-8462-d128f6232bdf,1,wet,weak_expert,4,0.12166845986781616,2,1,linear_svm__C0.001__pca64
0dcae895-e7c6-4e47-a399-29f22b37e075,1,wet,weak_expert,4,-0.06208371783474429,2,0,linear_svm__C0.001__pca64
10aed3ae-9ec1-4041-bac6-90b1d4634aee,1,wet,weak_expert,4,0.22575909356326462,3,1,linear_svm__C0.001__pca64
1a324acb-12f7-4eef-8e8c-0c71a47280e2,1,wet,weak_expert,4,-0.12106683799550107,3,0,linear_svm__C0.001__pca64
1c7f79d6-70bb-4558-b5a9-0c94c9418610,1,wet,weak_expert,4,-0.020978568750925464,2,0,linear_svm__C0.001__pca64
1c8853d4-5a0b-425e-b211-d20b2d16e35d,1,wet,weak_expert,4,0.10778872394830645,3,1,linear_svm__C0.001__pca64
1e4aef1f-a0d0-414b-8f09-b588a455111c,1,wet,weak_expert,4,-0.044639821451735937,1,0,linear_svm__C0.001__pca64
1f6a497a-7d48-4db2-be34-c7760e427427,1,wet,weak_expert,4,-0.00035168643504006336,3,0,linear_svm__C0.001__pca64
213aff15-681f-4f36-a001-07dd623161d3,1,wet,weak_expert,4,0.06137203606915176,4,1,linear_svm__C0.001__pca64
22002ad7-3fb5-47d7-8987-e3cdc0931439,1,wet,weak_expert,4,0.14086468176427344,3,1,linear_svm__C0.001__pca64
244d35b5-565c-4a3b-a1bd-baa8f899f9d2,1,wet,weak_expert,4,0.12508206647801565,2,1,linear_svm__C0.001__pca64
28cb1fbb-ff5a-4ab6-b676-0d3d0e8c9235,1,wet,weak_expert,4,0.027258926344374546,5,0,linear_svm__C0.001__pca64
28de837b-8dbf-43a8-a90f-04e644a04933,1,wet,weak_expert,4,-0.0018842298919110416,3,0,linear_svm__C0.001__pca64
2e349a58-b119-4b15-8b3f-5a5c6416bca4,1,wet,weak_expert,4,-0.008911744576768013,3,0,linear_svm__C0.001__pca64
35244796-18c5-4825-ac49-90235ff885fc,1,wet,weak_expert,4,-0.11386601960148707,2,0,linear_svm__C0.001__pca64
3a3b515b-fde5-4208-bb1c-c24de372c9e7,1,wet,weak_expert,4,0.006578983976213777,3,0,linear_svm__C0.001__pca64
42ee475c-2a4b-48f0-b33e-9a5f57000770,1,wet,weak_expert,4,0.015149438725983067,2,0,linear_svm__C0.001__pca64
478adaaa-cc6a-487d-a842-a30af37aa4d0,1,wet,weak_expert,4,0.16725116669291062,3,1,linear_svm__C0.001__pca64
47b5e63d-17ff-4f39-a8d6-f1d711992913,1,wet,weak_expert,4,-0.008209642948092646,2,0,linear_svm__C0.001__pca64
47ceafde-45d9-4bb6-881a-5ef866fa908d,1,wet,weak_expert,4,-0.24983041222902003,3,0,linear_svm__C0.001__pca64
49c952bf-0654-4baa-a67f-363745f146de,1,wet,weak_expert,4,0.03331668060187628,2,0,linear_svm__C0.001__pca64
4b22dc75-caee-40a8-84da-d3bc8f4eca69,1,wet,weak_expert,4,-0.18180483725413973,1,0,linear_svm__C0.001__pca64
4c98548d-6e9e-4832-8b77-b7af79c9e987,1,wet,weak_expert,4,0.07781072497983105,2,1,linear_svm__C0.001__pca64
51a9ade4-721c-4a75-ab33-57e68f425a42,1,wet,weak_expert,4,-0.1315936287902707,2,0,linear_svm__C0.001__pca64
53d69964-ae7d-4ccc-a297-91a9b21c772e,1,wet,weak_expert,4,-0.08699164112993259,3,0,linear_svm__C0.001__pca64
58a9d260-53d9-4ba6-b7d4-3e7357412426,1,wet,weak_expert,4,-0.0368698619769527,2,0,linear_svm__C0.001__pca64
62de2524-c400-459b-98a2-746e0ed84eb2,1,wet,weak_expert,4,0.4106580074681116,2,1,linear_svm__C0.001__pca64
636c468c-d6db-4a7d-8e0e-31c7f68baa49,1,wet,weak_expert,4,0.06587362573633179,5,1,linear_svm__C0.001__pca64
63acc1aa-2087-4c46-b0a8-56d38a3b1b10,1,wet,weak_expert,4,-0.24385374303894744,5,0,linear_svm__C0.001__pca64
7240dc44-c2c7-4a09-bb78-e4297d1462ba,1,wet,weak_expert,4,-0.1394259295609731,2,0,linear_svm__C0.001__pca64
731cbe07-5754-46cf-bb5c-873a670cd5d7,1,wet,weak_expert,4,0.45014509128182645,2,1,linear_svm__C0.001__pca64
733b0db4-aec3-4afa-a7fc-7e29e0c9403c,1,wet,weak_expert,4,0.04327329611561262,4,0,linear_svm__C0.001__pca64
76095239-daab-4439-84fe-8f869f743eff,1,wet,weak_expert,4,0.08187749050469911,4,1,linear_svm__C0.001__pca64
763abc17-c8f2-4e61-899e-4882f2b4e00e,1,wet,weak_expert,4,-0.09407004715901428,5,0,linear_svm__C0.001__pca64
76e8a4af-709e-4311-ab93-135b90ffaf49,1,wet,weak_expert,4,0.15626640532379016,4,1,linear_svm__C0.001__pca64
7e307ff5-00ca-4f25-bd20-1c1d2d3b9b47,1,wet,weak_expert,4,0.18637887524054433,2,1,linear_svm__C0.001__pca64
7f796fc4-89d2-4858-8994-3c2cc72097b6,1,wet,weak_expert,4,0.060657929435670825,4,1,linear_svm__C0.001__pca64
80411c72-2727-40a3-a781-0d71f1bb717d,1,wet,weak_expert,4,0.33197168125141385,2,1,linear_svm__C0.001__pca64
8200cbb2-14dd-440a-9943-1d9c6ce94768,1,wet,weak_expert,4,0.045237148107149086,5,0,linear_svm__C0.001__pca64
8588cbcb-a7c2-47fe-bedf-734de9d855c8,1,wet,weak_expert,4,-0.17910556165471972,1,0,linear_svm__C0.001__pca64
8c9122bd-5601-48aa-865a-63db152a91df,1,wet,weak_expert,4,0.12977370651416087,2,1,linear_svm__C0.001__pca64
8e472a6f-87ea-4c25-af3f-7bda3db7399d,1,wet,weak_expert,4,-0.05950272681649447,3,0,linear_svm__C0.001__pca64
92576934-e7b9-41bd-baee-5c6a9afc962e,1,wet,weak_expert,4,0.1378386309231079,3,1,linear_svm__C0.001__pca64
95c41fec-38ea-4144-a071-22baf4981bdb,1,wet,weak_expert,4,0.0023191216441976747,2,0,linear_svm__C0.001__pca64
9639193c-1ada-4bc6-a5dc-6ea78064bb72,1,wet,weak_expert,4,-0.10222142447825695,3,0,linear_svm__C0.001__pca64
983d7e7d-7e21-43a3-8b5b-801374c6b529,1,wet,weak_expert,4,0.17195032033819985,2,1,linear_svm__C0.001__pca64
994914cd-7e11-4f1e-b2c2-a0111f32307f,1,wet,weak_expert,4,-0.06043615871475734,2,0,linear_svm__C0.001__pca64
9d691598-b7e2-4d3b-a90a-afd4ab47abad,1,wet,weak_expert,4,0.12404727049759216,3,1,linear_svm__C0.001__pca64
9e0490ff-2444-488a-8c01-400b958c9875,1,wet,weak_expert,4,-0.09472497824733427,4,0,linear_svm__C0.001__pca64
af511c3d-614c-4b89-abcf-8c9f9d2f9f3f,1,wet,weak_expert,4,-0.04006100839420301,6,0,linear_svm__C0.001__pca64
b4163e6f-5997-4e8b-8966-e70aeecbde91,1,wet,weak_expert,4,0.24750290316387202,2,1,linear_svm__C0.001__pca64
b4cb0e7d-ee40-4088-8e82-21a910caa86a,1,wet,weak_expert,4,0.1397564219319686,1,1,linear_svm__C0.001__pca64
c2e2039a-7bef-4430-907c-276de3fa44bb,1,wet,weak_expert,4,0.06236761887119371,3,1,linear_svm__C0.001__pca64
c4bb2745-d354-46ec-983d-a14a4ff3bd86,1,wet,weak_expert,4,0.08911006524946989,4,1,linear_svm__C0.001__pca64
c52f9edf-409b-46dc-8d99-b0b6e0e3a336,1,wet,weak_expert,4,-0.10732301668912753,3,0,linear_svm__C0.001__pca64
c7aebd2e-f4d8-4af7-82f5-f0d71f93cae2,1,wet,weak_expert,4,0.11652734591043505,3,1,linear_svm__C0.001__pca64
cc3c1f82-0559-4ae6-bcbd-45a61a6178b0,1,wet,weak_expert,4,0.3024230930043009,1,1,linear_svm__C0.001__pca64
ce02bd1b-5ef9-4840-a9b8-152ba4c8be70,1,wet,weak_expert,4,0.18298915576126729,2,1,linear_svm__C0.001__pca64
ceedfac8-9acb-4a08-97de-5fead70cd19e,1,wet,weak_expert,4,-0.07657454473362814,3,0,linear_svm__C0.001__pca64
d99023eb-d5f2-4693-95f6-047a6f0142b4,1,wet,weak_expert,4,0.07718715030219402,3,1,linear_svm__C0.001__pca64
e43f8cad-6593-4258-b428-16671808e8d2,1,wet,weak_expert,4,-0.05908042856129645,5,0,linear_svm__C0.001__pca64
e4729edf-12e5-4ba9-883e-1114c32b90f0,1,wet,weak_expert,4,0.20018961223006548,2,1,linear_svm__C0.001__pca64
ea454263-90d9-43f6-91d3-a82e80a18781,1,wet,weak_expert,4,-0.1372865542939241,5,0,linear_svm__C0.001__pca64
eeae6f7f-bebd-4d8f-9748-d7a59f7628d6,1,wet,weak_expert,4,-0.07060465366086369,4,0,linear_svm__C0.001__pca64
ef4098b8-f694-4b16-89df-c81df3ce4192,1,wet,weak_expert,4,0.023425985004628152,3,0,linear_svm__C0.001__pca64
f0da0dd1-a4d1-47ac-bc31-e9c6ceb05e28,1,wet,gold_expert,4,0.24167046961511418,3,1,linear_svm__C0.001__pca64
f4562a08-6124-4bca-8a0d-0bce0d0877a5,1,wet,weak_expert,4,-0.14274047231956,2,0,linear_svm__C0.001__pca64
f63fdfe6-071c-480e-bbdb-85cc44accd49,1,wet,weak_expert,4,-0.26866842357030135,5,0,linear_svm__C0.001__pca64
f7f2f111-2861-4eda-a25e-ec6c90b87c2a,1,wet,weak_expert,4,0.2230158304284804,3,1,linear_svm__C0.001__pca64
f99a8315-236c-483b-8222-449dea88604a,1,wet,weak_expert,4,0.003431639481162832,2,0,linear_svm__C0.001__pca64
