rank,path_index,path_name,order,scattering_order,j_1,j_2,xi_1,xi_2,acoustic_frequency_hz,modulation_frequency_hz,dry_mean,wet_mean,dry_median,wet_median,mean_difference_wet_minus_dry,median_difference_wet_minus_dry,auc,auc_separation,cliffs_delta,abs_cliffs_delta,direction,n_dry,n_wet,temporal_pooling,parent_s1_path_index,parent_s1_path_name,parent_s1_j_1,parent_s1_xi_1,parent_s1_frequency_hz,normalization,epsilon
1,485,wst_order2_path0485,2,2,5.0,8.0,0.0104913920078585,0.000341796875,167.862272125736,5.46875,0.0017991989265585017,0.0015529269564486165,0.001797655011762667,0.0014957320033365344,-0.00024627197010988516,-0.00030192300842613257,0.3314038799501783,0.16859612004982172,-0.33719224009964344,0.33719224009964344,dry_higher,1247,376,none,44,wst_order1_path0044,5.0,0.0104913920078585,167.862272125736,S2_recording_mean/S1_parent_recording_mean,1e-08
2,491,wst_order2_path0491,2,2,5.0,8.0,0.0096206488900514,0.000341796875,153.93038224082238,5.46875,0.0017296157568909302,0.0014986129638032467,0.0017122316961342005,0.0014646490593462908,-0.00023100279308768353,-0.0002475826367879096,0.333649695439267,0.16635030456073302,-0.33270060912146604,0.33270060912146604,dry_higher,1247,376,none,45,wst_order1_path0045,5.0,0.0096206488900514,153.93038224082238,S2_recording_mean/S1_parent_recording_mean,1e-08
3,479,wst_order2_path0479,2,2,5.0,8.0,0.0114409441109922,0.000341796875,183.0551057758752,5.46875,0.0018290939195044187,0.0015773495100410836,0.0018221404870363198,0.0015452198953477918,-0.0002517444094633351,-0.000276920591688528,0.33629007490317187,0.16370992509682813,-0.32741985019365627,0.32741985019365627,dry_higher,1247,376,none,43,wst_order1_path0043,5.0,0.0114409441109922,183.0551057758752,S2_recording_mean/S1_parent_recording_mean,1e-08
4,417,wst_order2_path0417,2,2,3.0,8.0,0.0249528760440561,0.000341796875,399.2460167048976,5.46875,0.0018473472161014304,0.0015879355675007642,0.0018387615938045246,0.0015544542149951626,-0.0002594116486006662,-0.00028430737880936205,0.3380730775136924,0.16192692248630758,-0.32385384497261516,0.32385384497261516,dry_higher,1247,376,none,34,wst_order1_path0034,3.0,0.0249528760440561,399.2460167048976,S2_recording_mean/S1_parent_recording_mean,1e-08
5,438,wst_order2_path0438,2,2,4.0,8.0,0.0192412977801029,0.000341796875,307.8607644816464,5.46875,0.0019259227209017212,0.001667491607381722,0.0019243219084189194,0.0016157989149442732,-0.0002584311135199991,-0.0003085229934746462,0.3385998737395281,0.1614001262604719,-0.3228002525209439,0.3228002525209439,dry_higher,1247,376,none,37,wst_order1_path0037,4.0,0.0192412977801029,307.8607644816464,S2_recording_mean/S1_parent_recording_mean,1e-08
6,497,wst_order2_path0497,2,2,5.0,8.0,0.0088221739304297,0.000341796875,141.15478288687518,5.46875,0.0016627468889731213,0.001453689431786953,0.001638966898413905,0.0014300253164308315,-0.0002090574571861684,-0.00020894158198307353,0.338898462693443,0.16110153730655702,-0.32220307461311404,0.32220307461311404,dry_higher,1247,376,none,46,wst_order1_path0046,5.0,0.0088221739304297,141.15478288687518,S2_recording_mean/S1_parent_recording_mean,1e-08
7,424,wst_order2_path0424,2,2,4.0,8.0,0.0228818882219845,0.000341796875,366.110211551752,5.46875,0.0018850851700026984,0.0016280459511446158,0.001864603313137038,0.0015913268749658286,-0.0002570392188580826,-0.0002732764381712094,0.3402463785425447,0.1597536214574553,-0.3195072429149107,0.3195072429149107,dry_higher,1247,376,none,35,wst_order1_path0035,4.0,0.0228818882219845,366.110211551752,S2_recording_mean/S1_parent_recording_mean,1e-08
8,459,wst_order2_path0459,2,2,4.0,8.0,0.0148370688656862,0.000341796875,237.3931018509792,5.46875,0.0019142441620559616,0.0016546926682835985,0.0019075442214026481,0.0016209803934987125,-0.00025955149377236307,-0.0002865638279039356,0.34160069272637306,0.15839930727362694,-0.3167986145472539,0.3167986145472539,dry_higher,1247,376,none,40,wst_order1_path0040,4.0,0.0148370688656862,237.3931018509792,S2_recording_mean/S1_parent_recording_mean,1e-08
9,473,wst_order2_path0473,2,2,4.0,8.0,0.012476438022028,0.000341796875,199.623008352448,5.46875,0.0018505793993051872,0.0016018455826737562,0.0018465824934808096,0.0015624728410547832,-0.000248733816631431,-0.00028410965242602645,0.3423599617806139,0.1576400382193861,-0.3152800764387722,0.3152800764387722,dry_higher,1247,376,none,42,wst_order1_path0042,4.0,0.012476438022028,199.623008352448,S2_recording_mean/S1_parent_recording_mean,1e-08
10,466,wst_order2_path0466,2,2,4.0,8.0,0.0136056521391404,0.000341796875,217.6904342262464,5.46875,0.0018793304081477062,0.0016262680477665665,0.0018677245133021916,0.0015742757761834868,-0.0002530623603811397,-0.0002934487371187048,0.34385503932843076,0.15614496067156924,-0.3122899213431384,0.3122899213431384,dry_higher,1247,376,none,41,wst_order1_path0041,4.0,0.0136056521391404,217.6904342262464,S2_recording_mean/S1_parent_recording_mean,1e-08
11,445,wst_order2_path0445,2,2,4.0,8.0,0.0176443478608594,0.000341796875,282.30956577375036,5.46875,0.0019293944394792833,0.0016662252858165982,0.0019357200435423175,0.0016302345699569336,-0.00026316915366268517,-0.0003054854735853839,0.3444095616714157,0.15559043832858432,-0.31118087665716865,0.31118087665716865,dry_higher,1247,376,none,38,wst_order1_path0038,4.0,0.0176443478608594,282.30956577375036,S2_recording_mean/S1_parent_recording_mean,1e-08
12,409,wst_order2_path0409,2,2,3.0,8.0,0.0272113042782809,0.000341796875,435.3808684524944,5.46875,0.0018075341612473629,0.0015657149563914547,0.0017816683943844686,0.0015187470707821284,-0.00024181920485590817,-0.0002629213236023402,0.3446654950604856,0.1553345049395144,-0.3106690098790288,0.3106690098790288,dry_higher,1247,376,none,33,wst_order1_path0033,3.0,0.0272113042782809,435.3808684524944,S2_recording_mean/S1_parent_recording_mean,1e-08
13,416,wst_order2_path0416,2,2,3.0,7.0,0.0249528760440561,0.00068359375,399.2460167048976,10.9375,0.003052470899260087,0.0026660390180918737,0.0030194609573984095,0.002586081139058761,-0.00038643188116821306,-0.00043337981833964844,0.34517736183862546,0.15482263816137454,-0.3096452763227491,0.3096452763227491,dry_higher,1247,376,none,34,wst_order1_path0034,3.0,0.0249528760440561,399.2460167048976,S2_recording_mean/S1_parent_recording_mean,1e-08
14,431,wst_order2_path0431,2,2,4.0,8.0,0.0209827840157171,0.000341796875,335.72454425147356,5.46875,0.001910971616152572,0.0016623885064903923,0.0018954727627046653,0.0016338829646099658,-0.00024858310966217965,-0.0002615897980946995,0.3457254858468836,0.15427451415311638,-0.3085490283062329,0.3085490283062329,dry_higher,1247,376,none,36,wst_order1_path0036,4.0,0.0209827840157171,335.72454425147356,S2_recording_mean/S1_parent_recording_mean,1e-08
15,484,wst_order2_path0484,2,2,5.0,7.0,0.0104913920078585,0.00068359375,167.862272125736,10.9375,0.0024332829530750895,0.0021852472332978333,0.0024261759158767456,0.00215633886621058,-0.0002480357197772562,-0.0002698370496661655,0.3476748451602997,0.15232515483970033,-0.30465030967940077,0.30465030967940077,dry_higher,1247,376,none,44,wst_order1_path0044,5.0,0.0104913920078585,167.862272125736,S2_recording_mean/S1_parent_recording_mean,1e-08
16,401,wst_order2_path0401,2,2,3.0,8.0,0.0296741377313725,0.000341796875,474.78620370196,5.46875,0.0017580653021035451,0.0015269247546572785,0.0017198134108147873,0.0014593055985934883,-0.0002311405474462666,-0.000260507812221299,0.34983108396321383,0.15016891603678617,-0.30033783207357234,0.30033783207357234,dry_higher,1247,376,none,32,wst_order1_path0032,3.0,0.0296741377313725,474.78620370196,S2_recording_mean/S1_parent_recording_mean,1e-08
17,472,wst_order2_path0472,2,2,4.0,7.0,0.012476438022028,0.00068359375,199.623008352448,10.9375,0.002685725763456334,0.0023898821139038966,0.002683580891897134,0.0023359061367306355,-0.0002958436495524375,-0.0003476747551664984,0.3509102697537921,0.14908973024620792,-0.29817946049241584,0.29817946049241584,dry_higher,1247,376,none,42,wst_order1_path0042,4.0,0.012476438022028,199.623008352448,S2_recording_mean/S1_parent_recording_mean,1e-08
18,408,wst_order2_path0408,2,2,3.0,7.0,0.0272113042782809,0.00068359375,435.3808684524944,10.9375,0.0030319589936493624,0.0026758090027843707,0.0029965113160043996,0.00261461087830231,-0.00035614999086499167,-0.00038190043770208954,0.3550691873261786,0.1449308126738214,-0.2898616253476428,0.2898616253476428,dry_higher,1247,376,none,33,wst_order1_path0033,3.0,0.0272113042782809,435.3808684524944,S2_recording_mean/S1_parent_recording_mean,1e-08
19,503,wst_order2_path0503,2,2,5.0,8.0,0.0080899691640589,0.000341796875,129.43950662494242,5.46875,0.001596020626701651,0.0014168836181014974,0.0015674099852979444,0.0013836258821232524,-0.00017913700860015358,-0.00018378410317469208,0.35596708696616564,0.14403291303383436,-0.28806582606766884,0.28806582606766884,dry_higher,1247,376,none,47,wst_order1_path0047,5.0,0.0080899691640589,129.43950662494242,S2_recording_mean/S1_parent_recording_mean,1e-08
20,465,wst_order2_path0465,2,2,4.0,7.0,0.0136056521391404,0.00068359375,217.6904342262464,10.9375,0.0028089452634651514,0.002492094863830644,0.0028062976318612405,0.0024904289186534947,-0.0003168503996345074,-0.00031586871320774586,0.3569865549659609,0.14301344503403912,-0.28602689006807824,0.28602689006807824,dry_higher,1247,376,none,41,wst_order1_path0041,4.0,0.0136056521391404,217.6904342262464,S2_recording_mean/S1_parent_recording_mean,1e-08
21,452,wst_order2_path0452,2,2,4.0,8.0,0.0161799383281178,0.000341796875,258.87901324988485,5.46875,0.0019259633253191056,0.0016853664014589303,0.0019115757735521843,0.0016538211780487092,-0.00024059692386017525,-0.0002577545955034751,0.3577266290160214,0.14227337098397858,-0.28454674196795715,0.28454674196795715,dry_higher,1247,376,none,39,wst_order1_path0039,4.0,0.0161799383281178,258.87901324988485,S2_recording_mean/S1_parent_recording_mean,1e-08
22,400,wst_order2_path0400,2,2,3.0,7.0,0.0296741377313725,0.00068359375,474.78620370196,10.9375,0.0029879297128122323,0.0026361708778743966,0.00295239911689632,0.0025674402810823786,-0.00035175883493783564,-0.0003849588358139414,0.3583494002627583,0.1416505997372417,-0.2833011994744834,0.2833011994744834,dry_higher,1247,376,none,32,wst_order1_path0032,3.0,0.0296741377313725,474.78620370196,S2_recording_mean/S1_parent_recording_mean,1e-08
23,478,wst_order2_path0478,2,2,5.0,7.0,0.0114409441109922,0.00068359375,183.0551057758752,10.9375,0.002541104534418326,0.002284984807497088,0.0025243340266333835,0.002268441724034927,-0.000256119726921238,-0.00025589230259845646,0.3589423126141036,0.1410576873858964,-0.2821153747717927,0.2821153747717927,dry_higher,1247,376,none,43,wst_order1_path0043,5.0,0.0114409441109922,183.0551057758752,S2_recording_mean/S1_parent_recording_mean,1e-08
24,490,wst_order2_path0490,2,2,5.0,7.0,0.0096206488900514,0.00068359375,153.93038224082238,10.9375,0.002258297898838807,0.0020603923901652034,0.0022413139589984787,0.002022117475504833,-0.00019790550867360363,-0.0002191964834936458,0.3620838949649371,0.1379161050350629,-0.2758322100701257,0.2758322100701257,dry_higher,1247,376,none,45,wst_order1_path0045,5.0,0.0096206488900514,153.93038224082238,S2_recording_mean/S1_parent_recording_mean,1e-08
25,393,wst_order2_path0393,2,2,3.0,8.0,0.0323598766562356,0.000341796875,517.7580264997697,5.46875,0.0017157811033435347,0.0015091894160743872,0.001677528783822487,0.0014353618589129154,-0.00020659168726914752,-0.0002421669249095715,0.3642188059854289,0.13578119401457112,-0.27156238802914223,0.27156238802914223,dry_higher,1247,376,none,31,wst_order1_path0031,3.0,0.0323598766562356,517.7580264997697,S2_recording_mean/S1_parent_recording_mean,1e-08
26,458,wst_order2_path0458,2,2,4.0,7.0,0.0148370688656862,0.00068359375,237.3931018509792,10.9375,0.0029182661334235666,0.0026012708127686832,0.0028888069263535094,0.0025847574850040352,-0.0003169953206548833,-0.00030404944134947414,0.36447900493098334,0.13552099506901666,-0.27104199013803343,0.27104199013803343,dry_higher,1247,376,none,40,wst_order1_path0040,4.0,0.0148370688656862,237.3931018509792,S2_recording_mean/S1_parent_recording_mean,1e-08
27,423,wst_order2_path0423,2,2,4.0,7.0,0.0228818882219845,0.00068359375,366.110211551752,10.9375,0.003056647700831145,0.002727247314202312,0.003028346279626022,0.002636849839886721,-0.0003294003866288328,-0.0003914964397393008,0.36517429063795664,0.13482570936204336,-0.2696514187240867,0.2696514187240867,dry_higher,1247,376,none,35,wst_order1_path0035,4.0,0.0228818882219845,366.110211551752,S2_recording_mean/S1_parent_recording_mean,1e-08
28,430,wst_order2_path0430,2,2,4.0,7.0,0.0209827840157171,0.00068359375,335.72454425147356,10.9375,0.0030858340667442486,0.002752866489200676,0.0030558881499140943,0.002682058940115639,-0.0003329675775435724,-0.0003738292097984551,0.3664923475916668,0.13350765240833318,-0.26701530481666635,0.26701530481666635,dry_higher,1247,376,none,36,wst_order1_path0036,4.0,0.0209827840157171,335.72454425147356,S2_recording_mean/S1_parent_recording_mean,1e-08
29,437,wst_order2_path0437,2,2,4.0,7.0,0.0192412977801029,0.00068359375,307.8607644816464,10.9375,0.0030832053123126327,0.002756670337870839,0.003076353602364125,0.0026843630083448365,-0.0003265349744417936,-0.00039199059401928867,0.36689544267945196,0.13310455732054804,-0.2662091146410961,0.2662091146410961,dry_higher,1247,376,none,37,wst_order1_path0037,4.0,0.0192412977801029,307.8607644816464,S2_recording_mean/S1_parent_recording_mean,1e-08
30,451,wst_order2_path0451,2,2,4.0,7.0,0.0161799383281178,0.00068359375,258.87901324988485,10.9375,0.0029842521054075986,0.002670730411033513,0.002950875108187588,0.002633966472368002,-0.00031352169437408577,-0.0003169086358195861,0.37156835980822056,0.12843164019177944,-0.2568632803835589,0.2568632803835589,dry_higher,1247,376,none,39,wst_order1_path0039,4.0,0.0161799383281178,258.87901324988485,S2_recording_mean/S1_parent_recording_mean,1e-08
31,335,wst_order2_path0335,2,2,2.0,8.0,0.0593482754627451,0.000341796875,949.5724074039216,5.46875,0.0014516952496877718,0.0012860592375784706,0.0013892729926150613,0.0012486272866434342,-0.00016563601210930123,-0.00014064570597162708,0.37168139705505976,0.12831860294494024,-0.25663720588988037,0.25663720588988037,dry_higher,1247,376,none,24,wst_order1_path0024,2.0,0.0593482754627451,949.5724074039216,S2_recording_mean/S1_parent_recording_mean,1e-08
32,385,wst_order2_path0385,2,2,3.0,8.0,0.0352886957217189,0.000341796875,564.6191315475024,5.46875,0.0016750007914035326,0.0014901865050814564,0.0016265704925107515,0.001402668289339202,-0.00018481428632207623,-0.00022390220317154946,0.3717837704106878,0.12821622958931223,-0.25643245917862445,0.25643245917862445,dry_higher,1247,376,none,30,wst_order1_path0030,3.0,0.0352886957217189,564.6191315475024,S2_recording_mean/S1_parent_recording_mean,1e-08
33,444,wst_order2_path0444,2,2,4.0,7.0,0.0176443478608594,0.00068359375,282.30956577375036,10.9375,0.003046134759665454,0.002732378730227357,0.0030299279202377245,0.002657264530113715,-0.00031375602943809703,-0.00037266339012400956,0.3728245661929055,0.1271754338070945,-0.2543508676141889,0.2543508676141889,dry_higher,1247,376,none,38,wst_order1_path0038,4.0,0.0176443478608594,282.30956577375036,S2_recording_mean/S1_parent_recording_mean,1e-08
34,343,wst_order2_path0343,2,2,2.0,7.0,0.0544226085565619,0.00068359375,870.7617369049904,10.9375,0.0024233829615229264,0.0021395237344725817,0.002297449757800418,0.002034640270203586,-0.0002838592270503447,-0.00026280948759683197,0.37335776075346794,0.12664223924653206,-0.25328447849306424,0.25328447849306424,dry_higher,1247,376,none,25,wst_order1_path0025,2.0,0.0544226085565619,870.7617369049904,S2_recording_mean/S1_parent_recording_mean,1e-08
35,325,wst_order2_path0325,2,2,2.0,7.0,0.0647197533124713,0.00068359375,1035.5160529995408,10.9375,0.0021659794059476906,0.0019174261476466344,0.002055295055307522,0.0018317452243781771,-0.0002485532583010562,-0.00022354983092934483,0.374008258117354,0.125991741882646,-0.251983483765292,0.251983483765292,dry_higher,1247,376,none,23,wst_order1_path0023,2.0,0.0647197533124713,1035.5160529995408,S2_recording_mean/S1_parent_recording_mean,1e-08
36,326,wst_order2_path0326,2,2,2.0,8.0,0.0647197533124713,0.000341796875,1035.5160529995408,5.46875,0.0013832492299704117,0.001225948463398565,0.0013240181966322699,0.0011721858081789592,-0.00015730076657184656,-0.00015183238845331072,0.37422366871982116,0.12577633128017884,-0.2515526625603576,0.2515526625603576,dry_higher,1247,376,none,23,wst_order1_path0023,2.0,0.0647197533124713,1035.5160529995408,S2_recording_mean/S1_parent_recording_mean,1e-08
37,418,wst_order2_path0418,2,2,3.0,9.0,0.0249528760440561,0.0001708984375,399.2460167048976,2.734375,0.0009134282234126553,0.0008225694332425205,0.0009003858931721365,0.0008116733567392789,-9.085879017013481e-05,-8.871253643285757e-05,0.3749893361087887,0.1250106638912113,-0.2500213277824225,0.2500213277824225,dry_higher,1247,376,none,34,wst_order1_path0034,3.0,0.0249528760440561,399.2460167048976,S2_recording_mean/S1_parent_recording_mean,1e-08
38,352,wst_order2_path0352,2,2,2.0,7.0,0.0499057520881124,0.00068359375,798.4920334097983,10.9375,0.0025057815298082818,0.002224107752077207,0.002389065511286176,0.0020835408167675703,-0.00028167377773107493,-0.00030552469451860555,0.37537323619239366,0.12462676380760634,-0.2492535276152127,0.2492535276152127,dry_higher,1247,376,none,26,wst_order1_path0026,2.0,0.0499057520881124,798.4920334097983,S2_recording_mean/S1_parent_recording_mean,1e-08
39,515,wst_order2_path0515,2,2,5.0,8.0,0.0068028260695702,0.000341796875,108.8452171131232,5.46875,0.0014840852910583918,0.0013493858501478504,0.0014600635763470232,0.0013144535455837168,-0.00013469944091054143,-0.0001456100307633064,0.3762370113805047,0.1237629886194953,-0.2475259772389906,0.2475259772389906,dry_higher,1247,376,none,49,wst_order1_path0049,5.0,0.0068028260695702,108.8452171131232,S2_recording_mean/S1_parent_recording_mean,1e-08
40,344,wst_order2_path0344,2,2,2.0,8.0,0.0544226085565619,0.000341796875,870.7617369049904,5.46875,0.00150781740927882,0.0013367888279162549,0.0014543598172980798,0.0013005805990811488,-0.00017102858136256523,-0.000153779218216931,0.37730340050162947,0.12269659949837053,-0.24539319899674117,0.24539319899674117,dry_higher,1247,376,none,25,wst_order1_path0025,2.0,0.0544226085565619,870.7617369049904,S2_recording_mean/S1_parent_recording_mean,1e-08
41,384,wst_order2_path0384,2,2,3.0,7.0,0.0352886957217189,0.00068359375,564.6191315475024,10.9375,0.002814678799350746,0.0025302685644519388,0.0027303884342121045,0.00243822597582784,-0.00028441023489880713,-0.00029216245838426446,0.3775380061082769,0.12246199389172308,-0.24492398778344626,0.24492398778344626,dry_higher,1247,376,none,30,wst_order1_path0030,3.0,0.0352886957217189,564.6191315475024,S2_recording_mean/S1_parent_recording_mean,1e-08
42,368,wst_order2_path0368,2,2,3.0,7.0,0.0419655680314342,0.00068359375,671.4490885029471,10.9375,0.0026670346994212574,0.0023910418304229904,0.0025590913435226143,0.002245430071518624,-0.0002759928689982671,-0.0003136612720039903,0.37758492722960635,0.12241507277039365,-0.2448301455407873,0.2448301455407873,dry_higher,1247,376,none,28,wst_order1_path0028,3.0,0.0419655680314342,671.4490885029471,S2_recording_mean/S1_parent_recording_mean,1e-08
43,360,wst_order2_path0360,2,2,3.0,7.0,0.045763776443969,0.00068359375,732.220423103504,10.9375,0.0025950859512683514,0.0023188769939945005,0.002485847673243903,0.002196264627942133,-0.0002762089572738509,-0.0002895830453017701,0.3800589499906158,0.11994105000938421,-0.23988210001876842,0.23988210001876842,dry_higher,1247,376,none,27,wst_order1_path0027,3.0,0.045763776443969,732.220423103504,S2_recording_mean/S1_parent_recording_mean,1e-08
44,521,wst_order2_path0521,2,2,5.0,8.0,0.006238219011014,0.000341796875,99.811504176224,5.46875,0.0014124410502937242,0.0012905944375355735,0.0013883986400957333,0.0012727020282241,-0.00012184661275815075,-0.0001156966118716332,0.38159028476855095,0.11840971523144905,-0.23681943046289822,0.23681943046289822,dry_higher,1247,376,none,50,wst_order1_path0050,5.0,0.006238219011014,99.811504176224,S2_recording_mean/S1_parent_recording_mean,1e-08
45,392,wst_order2_path0392,2,2,3.0,7.0,0.0323598766562356,0.00068359375,517.7580264997697,10.9375,0.0029046477342399932,0.0026183486703574006,0.0028476847600682528,0.002508126700107338,-0.00028629906388259263,-0.0003395580599609149,0.38193366206555307,0.11806633793444693,-0.23613267586889386,0.23613267586889386,dry_higher,1247,376,none,31,wst_order1_path0031,3.0,0.0323598766562356,517.7580264997697,S2_recording_mean/S1_parent_recording_mean,1e-08
46,252,wst_order2_path0252,2,2,1.0,9.0,0.1294395066249428,0.0001708984375,2071.0321059990847,2.734375,0.0009176931523902229,0.000824863540697737,0.0009036210883204883,0.0007908920046068608,-9.282961169248584e-05,-0.0001127290837136275,0.3819485915132488,0.11805140848675122,-0.23610281697350233,0.23610281697350233,dry_higher,1247,376,none,15,wst_order1_path0015,1.0,0.1294395066249428,2071.0321059990847,S2_recording_mean/S1_parent_recording_mean,1e-08
47,261,wst_order2_path0261,2,2,1.0,8.0,0.1186965509254903,0.000341796875,1899.1448148078448,5.46875,0.0013334835586721275,0.001186345381609998,0.0012842485138162669,0.001141924943082007,-0.0001471381770621295,-0.00014232357073425995,0.3828208978143289,0.11717910218567112,-0.23435820437134225,0.23435820437134225,dry_higher,1247,376,none,16,wst_order1_path0016,1.0,0.1186965509254903,1899.1448148078448,S2_recording_mean/S1_parent_recording_mean,1e-08
48,262,wst_order2_path0262,2,2,1.0,9.0,0.1186965509254903,0.0001708984375,1899.1448148078448,2.734375,0.0009135412574516827,0.0008195721358814817,0.0009107143921240111,0.0008104312924247091,-9.396912157020102e-05,-0.00010028309969930193,0.3840685730860448,0.1159314269139552,-0.2318628538279104,0.2318628538279104,dry_higher,1247,376,none,16,wst_order1_path0016,1.0,0.1186965509254903,1899.1448148078448,S2_recording_mean/S1_parent_recording_mean,1e-08
49,410,wst_order2_path0410,2,2,3.0,9.0,0.0272113042782809,0.0001708984375,435.3808684524944,2.734375,0.0008932101942031823,0.0008118735501614378,0.0008768100987921051,0.0007957836745589855,-8.133664404174441e-05,-8.102642423311966e-05,0.38441834871777375,0.11558165128222625,-0.2311633025644526,0.2311633025644526,dry_higher,1247,376,none,33,wst_order1_path0033,3.0,0.0272113042782809,435.3808684524944,S2_recording_mean/S1_parent_recording_mean,1e-08
50,376,wst_order2_path0376,2,2,3.0,7.0,0.0384825955602059,0.00068359375,615.7215289632943,10.9375,0.002717615231450511,0.0024467655963842155,0.0026096807379495054,0.002333228989761605,-0.00027084963506629565,-0.00027645174818790056,0.38459750209012267,0.11540249790987733,-0.23080499581975467,0.23080499581975467,dry_higher,1247,376,none,29,wst_order1_path0029,3.0,0.0384825955602059,615.7215289632943,S2_recording_mean/S1_parent_recording_mean,1e-08
51,334,wst_order2_path0334,2,2,2.0,7.0,0.0593482754627451,0.00068359375,949.5724074039216,10.9375,0.0023005298306041414,0.002052343134021241,0.0021769264902061366,0.001979664358048099,-0.00024818669658290037,-0.00019726213215803768,0.38484063880973907,0.11515936119026093,-0.23031872238052176,0.23031872238052176,dry_higher,1247,376,none,24,wst_order1_path0024,2.0,0.0593482754627451,949.5724074039216,S2_recording_mean/S1_parent_recording_mean,1e-08
52,157,wst_order2_path0157,2,2,0.0,8.0,0.2823095657737521,0.000341796875,4516.953052380034,5.46875,0.0014090486224328164,0.001249422167249088,0.0013468650545519604,0.0011665748123981354,-0.00015962645518372834,-0.00018029024215382504,0.3852479994540088,0.11475200054599122,-0.22950400109198243,0.22950400109198243,dry_higher,1247,376,none,6,wst_order1_path0006,0.0,0.2823095657737521,4516.953052380034,S2_recording_mean/S1_parent_recording_mean,1e-08
53,509,wst_order2_path0509,2,2,5.0,8.0,0.0074185344328431,0.000341796875,118.6965509254896,5.46875,0.0015301266570307167,0.0013941535572913404,0.0015104941021477892,0.0013528044478155932,-0.00013597309973937622,-0.00015768965433219598,0.3852479994540088,0.11475200054599122,-0.22950400109198243,0.22950400109198243,dry_higher,1247,376,none,48,wst_order1_path0048,5.0,0.0074185344328431,118.6965509254896,S2_recording_mean/S1_parent_recording_mean,1e-08
54,308,wst_order2_path0308,2,2,2.0,8.0,0.0769651911204119,0.000341796875,1231.4430579265904,5.46875,0.0012938840398467374,0.0011612311875390578,0.0012543098293803293,0.0011117543655876938,-0.00013265285230767954,-0.00014255546379263553,0.385326912248972,0.11467308775102802,-0.22934617550205605,0.22934617550205605,dry_higher,1247,376,none,21,wst_order1_path0021,2.0,0.0769651911204119,1231.4430579265904,S2_recording_mean/S1_parent_recording_mean,1e-08
55,425,wst_order2_path0425,2,2,4.0,9.0,0.0228818882219845,0.0001708984375,366.110211551752,2.734375,0.0009319241583992182,0.0008445502217122962,0.0009139770458538445,0.000831831184326679,-8.7373936686922e-05,-8.214586152716552e-05,0.3855935095292532,0.1144064904707468,-0.2288129809414936,0.2288129809414936,dry_higher,1247,376,none,35,wst_order1_path0035,4.0,0.0228818882219845,366.110211551752,S2_recording_mean/S1_parent_recording_mean,1e-08
56,168,wst_order2_path0168,2,2,0.0,8.0,0.2588790132498857,0.000341796875,4142.064211998171,5.46875,0.0014336539178707033,0.001266898884061952,0.0013650623700757964,0.0011928290947339911,-0.00016675503380875136,-0.00017223327534180528,0.385676687880701,0.11432331211929903,-0.22864662423859816,0.22864662423859816,dry_higher,1247,376,none,7,wst_order1_path0007,0.0,0.2588790132498857,4142.064211998171,S2_recording_mean/S1_parent_recording_mean,1e-08
57,546,wst_order2_path0546,2,2,6.0,8.0,0.0040449845820294,0.000341796875,64.7197533124704,5.46875,0.0010616820527845534,0.0009954351951264966,0.001069545301648648,0.0009867536493289334,-6.624685765805683e-05,-8.279165231971455e-05,0.3856830862154277,0.11431691378457232,-0.22863382756914463,0.22863382756914463,dry_higher,1247,376,none,55,wst_order1_path0055,6.0,0.0040449845820294,64.7197533124704,S2_recording_mean/S1_parent_recording_mean,1e-08
58,394,wst_order2_path0394,2,2,3.0,9.0,0.0323598766562356,0.0001708984375,517.7580264997697,2.734375,0.0008746583376549831,0.0007938102968669883,0.0008633885110963592,0.0007704987968800059,-8.084804078799484e-05,-9.288971421635335e-05,0.3872528110017233,0.11274718899827668,-0.22549437799655347,0.22549437799655347,dry_higher,1247,376,none,31,wst_order1_path0031,3.0,0.0323598766562356,517.7580264997697,S2_recording_mean/S1_parent_recording_mean,1e-08
59,251,wst_order2_path0251,2,2,1.0,8.0,0.1294395066249428,0.000341796875,2071.0321059990847,5.46875,0.0013599059629863036,0.0012116398419962436,0.001300676157469943,0.0011546914821902456,-0.00014826612099005996,-0.00014598467527969744,0.38754926717739596,0.11245073282260404,-0.22490146564520808,0.22490146564520808,dry_higher,1247,376,none,15,wst_order1_path0015,1.0,0.1294395066249428,2071.0321059990847,S2_recording_mean/S1_parent_recording_mean,1e-08
60,496,wst_order2_path0496,2,2,5.0,7.0,0.0088221739304297,0.00068359375,141.15478288687518,10.9375,0.0020920071762169272,0.0019481027997379123,0.002098253089682995,0.0019244661483046209,-0.00014390437647901488,-0.00017378694137837412,0.3877348188844717,0.1122651811155283,-0.2245303622310567,0.2245303622310567,dry_higher,1247,376,none,46,wst_order1_path0046,5.0,0.0088221739304297,141.15478288687518,S2_recording_mean/S1_parent_recording_mean,1e-08
61,242,wst_order2_path0242,2,2,1.0,9.0,0.1411547828868759,0.0001708984375,2258.4765261900147,2.734375,0.0009327087696833134,0.0008377197685304483,0.0009262874551751954,0.0008084663020557204,-9.49890011528651e-05,-0.00011782115311947505,0.38800568172123734,0.11199431827876266,-0.22398863655752532,0.22398863655752532,dry_higher,1247,376,none,14,wst_order1_path0014,1.0,0.1411547828868759,2258.4765261900147,S2_recording_mean/S1_parent_recording_mean,1e-08
62,317,wst_order2_path0317,2,2,2.0,8.0,0.0705773914434379,0.000341796875,1129.2382630950065,5.46875,0.0013210030453337791,0.0011847615770515364,0.0012663377768886502,0.0011390011905006423,-0.00013624146828224268,-0.00012733658638800784,0.3880931256291696,0.11190687437083041,-0.22381374874166082,0.22381374874166082,dry_higher,1247,376,none,22,wst_order1_path0022,2.0,0.0705773914434379,1129.2382630950065,S2_recording_mean/S1_parent_recording_mean,1e-08
63,369,wst_order2_path0369,2,2,3.0,8.0,0.0419655680314342,0.000341796875,671.4490885029471,5.46875,0.0016107902275795311,0.0014516332190860424,0.0015620326561972449,0.0013993109872218017,-0.00015915700849348873,-0.00016272166897544319,0.38852607961234625,0.11147392038765375,-0.2229478407753075,0.2229478407753075,dry_higher,1247,376,none,28,wst_order1_path0028,3.0,0.0419655680314342,671.4490885029471,S2_recording_mean/S1_parent_recording_mean,1e-08
64,272,wst_order2_path0272,2,2,1.0,9.0,0.1088452171131238,0.0001708984375,1741.5234738099807,2.734375,0.0008997114929293021,0.0008117627980206139,0.0008943485612832276,0.0007981092229577734,-8.794869490868812e-05,-9.623933832545416e-05,0.3885772662901602,0.1114227337098398,-0.2228454674196796,0.2228454674196796,dry_higher,1247,376,none,17,wst_order1_path0017,1.0,0.1088452171131238,1741.5234738099807,S2_recording_mean/S1_parent_recording_mean,1e-08
65,432,wst_order2_path0432,2,2,4.0,9.0,0.0209827840157171,0.0001708984375,335.72454425147356,2.734375,0.0009452995604085797,0.0008624931397342096,0.0009379800934737849,0.0008440242449674262,-8.280642067437006e-05,-9.395584850635866e-05,0.39112167073316384,0.10887832926683616,-0.21775665853367232,0.21775665853367232,dry_higher,1247,376,none,36,wst_order1_path0036,4.0,0.0209827840157171,335.72454425147356,S2_recording_mean/S1_parent_recording_mean,1e-08
66,526,wst_order2_path0526,2,2,6.0,8.0,0.0057204720554961,0.000341796875,91.5275528879376,5.46875,0.0013452411058079696,0.0012405826167639455,0.0013339221299402675,0.0012256802819268194,-0.00010465848904402412,-0.00010824184801344811,0.3914693135866505,0.10853068641334951,-0.21706137282669902,0.21706137282669902,dry_higher,1247,376,none,51,wst_order1_path0051,6.0,0.0057204720554961,91.5275528879376,S2_recording_mean/S1_parent_recording_mean,1e-08
67,402,wst_order2_path0402,2,2,3.0,9.0,0.0296741377313725,0.0001708984375,474.78620370196,2.734375,0.00087776429744446,0.000801170053691879,0.0008670697632373545,0.0007801151340995998,-7.659424375258098e-05,-8.695462913775479e-05,0.39155675749458274,0.10844324250541726,-0.21688648501083452,0.21688648501083452,dry_higher,1247,376,none,32,wst_order1_path0032,3.0,0.0296741377313725,474.78620370196,S2_recording_mean/S1_parent_recording_mean,1e-08
68,353,wst_order2_path0353,2,2,2.0,8.0,0.0499057520881124,0.000341796875,798.4920334097983,5.46875,0.0015435334526247464,0.001390410127689158,0.0014932077119948228,0.001330619200035953,-0.00015312332493558844,-0.0001625885119588698,0.39168259141087547,0.10831740858912453,-0.21663481717824906,0.21663481717824906,dry_higher,1247,376,none,26,wst_order1_path0026,2.0,0.0499057520881124,798.4920334097983,S2_recording_mean/S1_parent_recording_mean,1e-08
69,407,wst_order2_path0407,2,2,3.0,6.0,0.0272113042782809,0.0013671875,435.3808684524944,21.875,0.0043752365039389975,0.004097411033687035,0.004352631663908505,0.003995688601763404,-0.00027782547025196214,-0.0003569430621451009,0.39208142094217613,0.10791857905782387,-0.21583715811564774,0.21583715811564774,dry_higher,1247,376,none,33,wst_order1_path0033,3.0,0.0272113042782809,435.3808684524944,S2_recording_mean/S1_parent_recording_mean,1e-08
70,212,wst_order2_path0212,2,2,1.0,9.0,0.1830551057758762,0.0001708984375,2928.881692414019,2.734375,0.000934253642202601,0.0008413283418818274,0.0009282316034420076,0.0008262949005857518,-9.292530032077356e-05,-0.00010193670285625579,0.39244399324335855,0.10755600675664145,-0.2151120135132829,0.2151120135132829,dry_higher,1247,376,none,11,wst_order1_path0011,1.0,0.1830551057758762,2928.881692414019,S2_recording_mean/S1_parent_recording_mean,1e-08
71,436,wst_order2_path0436,2,2,4.0,6.0,0.0192412977801029,0.0013671875,307.8607644816464,21.875,0.004012088286073262,0.0037714366910106033,0.003998965814782826,0.0037470024491817033,-0.00024065159506265858,-0.0002519633656011223,0.3925015782558993,0.10749842174410068,-0.21499684348820147,0.21499684348820147,dry_higher,1247,376,none,37,wst_order1_path0037,4.0,0.0192412977801029,307.8607644816464,S2_recording_mean/S1_parent_recording_mean,1e-08
72,316,wst_order2_path0316,2,2,2.0,7.0,0.0705773914434379,0.00068359375,1129.2382630950065,10.9375,0.002090377595158431,0.001866710297049087,0.0019708828554690413,0.0017995636639050383,-0.00022366729810934373,-0.00017131919156400301,0.39250797659062603,0.10749202340937397,-0.21498404681874794,0.21498404681874794,dry_higher,1247,376,none,22,wst_order1_path0022,2.0,0.0705773914434379,1129.2382630950065,S2_recording_mean/S1_parent_recording_mean,1e-08
73,439,wst_order2_path0439,2,2,4.0,9.0,0.0192412977801029,0.0001708984375,307.8607644816464,2.734375,0.000950082074995068,0.0008675359368146784,0.0009333993699971085,0.0008466308499123285,-8.254613818038962e-05,-8.676852008478002e-05,0.39262954495043423,0.10737045504956577,-0.21474091009913154,0.21474091009913154,dry_higher,1247,376,none,37,wst_order1_path0037,4.0,0.0192412977801029,307.8607644816464,S2_recording_mean/S1_parent_recording_mean,1e-08
74,531,wst_order2_path0531,2,2,6.0,8.0,0.0052456960039292,0.000341796875,83.9311360628672,5.46875,0.0012809354595251267,0.0011880255226316865,0.0012713786387748664,0.0011647222440327111,-9.290993689344018e-05,-0.00010665639474215531,0.39304330392943065,0.10695669607056935,-0.2139133921411387,0.2139133921411387,dry_higher,1247,376,none,52,wst_order1_path0052,6.0,0.0052456960039292,83.9311360628672,S2_recording_mean/S1_parent_recording_mean,1e-08
75,377,wst_order2_path0377,2,2,3.0,8.0,0.0384825955602059,0.000341796875,615.7215289632943,5.46875,0.0016342758537729568,0.0014782703664445427,0.0015734403823577294,0.001427941018334291,-0.00015600548732841403,-0.00014549936402343845,0.3933099012097118,0.10669009879028818,-0.21338019758057636,0.21338019758057636,dry_higher,1247,376,none,29,wst_order1_path0029,3.0,0.0384825955602059,615.7215289632943,S2_recording_mean/S1_parent_recording_mean,1e-08
76,211,wst_order2_path0211,2,2,1.0,8.0,0.1830551057758762,0.000341796875,2928.881692414019,5.46875,0.0013868623832922907,0.001232754050152416,0.0013274545404423112,0.0011950666923906594,-0.00015410833313987465,-0.00013238784805165178,0.3934741251343651,0.10652587486563492,-0.21305174973126995,0.21305174973126995,dry_higher,1247,376,none,11,wst_order1_path0011,1.0,0.1830551057758762,2928.881692414019,S2_recording_mean/S1_parent_recording_mean,1e-08
77,502,wst_order2_path0502,2,2,5.0,7.0,0.0080899691640589,0.00068359375,129.43950662494242,10.9375,0.0019238128756255495,0.0018112364142157764,0.0019218053915035754,0.0017903142889560077,-0.0001125764614097731,-0.00013149110254756773,0.3935701001552663,0.10642989984473372,-0.21285979968946744,0.21285979968946744,dry_higher,1247,376,none,47,wst_order1_path0047,5.0,0.0080899691640589,129.43950662494242,S2_recording_mean/S1_parent_recording_mean,1e-08
78,541,wst_order2_path0541,2,2,6.0,8.0,0.0044110869652148,0.000341796875,70.57739144343681,5.46875,0.0011432497435996576,0.0010721363251728262,0.0011350375201547509,0.0010577253734373338,-7.111341842683141e-05,-7.731214671741703e-05,0.39400731969492736,0.10599268030507264,-0.21198536061014517,0.21198536061014517,dry_higher,1247,376,none,54,wst_order1_path0054,6.0,0.0044110869652148,70.57739144343681,S2_recording_mean/S1_parent_recording_mean,1e-08
79,486,wst_order2_path0486,2,2,5.0,9.0,0.0104913920078585,0.0001708984375,167.862272125736,2.734375,0.0009872326825097796,0.0009050109727619386,0.0009771309379494623,0.0008926914825810501,-8.222170974784095e-05,-8.44394553684122e-05,0.3940713030421949,0.1059286969578051,-0.2118573939156102,0.2118573939156102,dry_higher,1247,376,none,44,wst_order1_path0044,5.0,0.0104913920078585,167.862272125736,S2_recording_mean/S1_parent_recording_mean,1e-08
80,241,wst_order2_path0241,2,2,1.0,8.0,0.1411547828868759,0.000341796875,2258.4765261900147,5.46875,0.0014092442420869668,0.0012547466292886851,0.001344098854588942,0.0011991569011029386,-0.0001544976127982817,-0.00014494195348600347,0.3942696514187241,0.10573034858127589,-0.21146069716255178,0.21146069716255178,dry_higher,1247,376,none,14,wst_order1_path0014,1.0,0.1411547828868759,2258.4765261900147,S2_recording_mean/S1_parent_recording_mean,1e-08
81,361,wst_order2_path0361,2,2,3.0,8.0,0.045763776443969,0.000341796875,732.220423103504,5.46875,0.0015814295939306166,0.0014288569522408715,0.001525421423654012,0.0013800571171490206,-0.00015257264168974508,-0.00014536430650499135,0.3947196676278387,0.10528033237216128,-0.21056066474432256,0.21056066474432256,dry_higher,1247,376,none,27,wst_order1_path0027,3.0,0.045763776443969,732.220423103504,S2_recording_mean/S1_parent_recording_mean,1e-08
82,415,wst_order2_path0415,2,2,3.0,6.0,0.0249528760440561,0.0013671875,399.2460167048976,21.875,0.00431773508983423,0.004047245341731978,0.004258425498640795,0.003997389602500175,-0.00027048974810225165,-0.0002610358961406198,0.39482843931819345,0.10517156068180655,-0.2103431213636131,0.2103431213636131,dry_higher,1247,376,none,34,wst_order1_path0034,3.0,0.0249528760440561,399.2460167048976,S2_recording_mean/S1_parent_recording_mean,1e-08
83,480,wst_order2_path0480,2,2,5.0,9.0,0.0114409441109922,0.0001708984375,183.0551057758752,2.734375,0.0009790204827736847,0.0008954910675760304,0.000964323647400483,0.0008978506893423103,-8.35294151976543e-05,-6.647295805817276e-05,0.3948604309918272,0.10513956900817278,-0.21027913801634557,0.21027913801634557,dry_higher,1247,376,none,43,wst_order1_path0043,5.0,0.0114409441109922,183.0551057758752,S2_recording_mean/S1_parent_recording_mean,1e-08
84,135,wst_order2_path0135,2,2,0.0,8.0,0.3357245442514747,0.000341796875,5371.592708023595,5.46875,0.0013276801515616128,0.00118200041821612,0.0012580884359413916,0.0011126643778441442,-0.00014567973334549274,-0.0001454240580972474,0.394892422665461,0.10510757733453902,-0.21021515466907814,0.21021515466907814,dry_higher,1247,376,none,4,wst_order1_path0004,0.0,0.3357245442514747,5371.592708023595,S2_recording_mean/S1_parent_recording_mean,1e-08
85,446,wst_order2_path0446,2,2,4.0,9.0,0.0176443478608594,0.0001708984375,282.30956577375036,2.734375,0.0009518450623847601,0.0008676070505228893,0.0009327429021127659,0.0008575686074746305,-8.42380118618708e-05,-7.51742946381354e-05,0.3949436093432749,0.10505639065672512,-0.21011278131345013,0.21011278131345013,dry_higher,1247,376,none,38,wst_order1_path0038,4.0,0.0176443478608594,282.30956577375036,S2_recording_mean/S1_parent_recording_mean,1e-08
86,492,wst_order2_path0492,2,2,5.0,9.0,0.0096206488900514,0.0001708984375,153.93038224082238,2.734375,0.0009812723016936102,0.0009023043279671194,0.0009689102704029944,0.0008851183734853376,-7.896797372649081e-05,-8.379189691765684e-05,0.39529765053148835,0.10470234946851165,-0.2094046989370233,0.2094046989370233,dry_higher,1247,376,none,45,wst_order1_path0045,5.0,0.0096206488900514,153.93038224082238,S2_recording_mean/S1_parent_recording_mean,1e-08
87,222,wst_order2_path0222,2,2,1.0,9.0,0.1678622721257372,0.0001708984375,2685.7963540117953,2.734375,0.0009363042571256171,0.0008463850184531301,0.0009268549871343656,0.0008244901075098964,-8.991923867248698e-05,-0.00010236487962446926,0.3958479073179887,0.10415209268201131,-0.20830418536402262,0.20830418536402262,dry_higher,1247,376,none,12,wst_order1_path0012,1.0,0.1678622721257372,2685.7963540117953,S2_recording_mean/S1_parent_recording_mean,1e-08
88,460,wst_order2_path0460,2,2,4.0,9.0,0.0148370688656862,0.0001708984375,237.3931018509792,2.734375,0.0009547451386521013,0.0008777051707545468,0.0009382296372620099,0.0008586875714664122,-7.703996789755452e-05,-7.954206579559775e-05,0.39590335955228717,0.10409664044771283,-0.20819328089542566,0.20819328089542566,dry_higher,1247,376,none,40,wst_order1_path0040,4.0,0.0148370688656862,237.3931018509792,S2_recording_mean/S1_parent_recording_mean,1e-08
89,453,wst_order2_path0453,2,2,4.0,9.0,0.0161799383281178,0.0001708984375,258.87901324988485,2.734375,0.0009514749685107481,0.0008739249782086545,0.0009351220299474736,0.0008506337190488286,-7.754999030209358e-05,-8.448831089864501e-05,0.3962168779538979,0.10378312204610213,-0.20756624409220426,0.20756624409220426,dry_higher,1247,376,none,39,wst_order1_path0039,4.0,0.0161799383281178,258.87901324988485,S2_recording_mean/S1_parent_recording_mean,1e-08
90,179,wst_order2_path0179,2,2,0.0,8.0,0.2373931018509808,0.000341796875,3798.289629615693,5.46875,0.0014358139322434467,0.0012791370029188642,0.001378330520402579,0.0012240382139024207,-0.00015667692932458247,-0.00015429230650015825,0.39651120135132834,0.10348879864867166,-0.20697759729734344,0.20697759729734344,dry_higher,1247,376,none,8,wst_order1_path0008,0.0,0.2373931018509808,3798.289629615693,S2_recording_mean/S1_parent_recording_mean,1e-08
91,202,wst_order2_path0202,2,2,0.0,9.0,0.1996230083524497,0.0001708984375,3193.968133639195,2.734375,0.0009394660437056673,0.0008501834976673116,0.0009288881408277999,0.0008304374681862719,-8.928254603835569e-05,-9.845067264152802e-05,0.3967095497278575,0.10329045027214251,-0.20658090054428502,0.20658090054428502,dry_higher,1247,376,none,10,wst_order1_path0010,0.0,0.1996230083524497,3193.968133639195,S2_recording_mean/S1_parent_recording_mean,1e-08
92,536,wst_order2_path0536,2,2,6.0,8.0,0.0048103244450257,0.000341796875,76.96519112041119,5.46875,0.0012153900415900246,0.0011357404573462992,0.0012112895991629815,0.0011241879974012558,-7.964958424372544e-05,-8.710160176172575e-05,0.39735364875701684,0.10264635124298316,-0.20529270248596632,0.20529270248596632,dry_higher,1247,376,none,53,wst_order1_path0053,6.0,0.0048103244450257,76.96519112041119,S2_recording_mean/S1_parent_recording_mean,1e-08
93,474,wst_order2_path0474,2,2,4.0,9.0,0.012476438022028,0.0001708984375,199.623008352448,2.734375,0.0009657039753377785,0.0008860436662297203,0.0009484088131320674,0.0008762596539613316,-7.966030910805822e-05,-7.214915917073581e-05,0.397824992748554,0.10217500725144602,-0.20435001450289203,0.20435001450289203,dry_higher,1247,376,none,42,wst_order1_path0042,4.0,0.012476438022028,199.623008352448,S2_recording_mean/S1_parent_recording_mean,1e-08
94,136,wst_order2_path0136,2,2,0.0,9.0,0.3357245442514747,0.0001708984375,5371.592708023595,2.734375,0.0009623703758206713,0.0008797014483170917,0.0009639353404716043,0.0008707592488353584,-8.266892750357962e-05,-9.317609163624594e-05,0.3980318722380522,0.1019681277619478,-0.2039362555238956,0.2039362555238956,dry_higher,1247,376,none,4,wst_order1_path0004,0.0,0.3357245442514747,5371.592708023595,S2_recording_mean/S1_parent_recording_mean,1e-08
95,180,wst_order2_path0180,2,2,0.0,9.0,0.2373931018509808,0.0001708984375,3798.289629615693,2.734375,0.0009571681158723863,0.0008701386113456672,0.0009526891716777305,0.0008535726579475527,-8.702950452671909e-05,-9.911651373017776e-05,0.39870369738436073,0.10129630261563927,-0.20259260523127842,0.20259260523127842,dry_higher,1247,376,none,8,wst_order1_path0008,0.0,0.2373931018509808,3798.289629615693,S2_recording_mean/S1_parent_recording_mean,1e-08
96,450,wst_order2_path0450,2,2,4.0,6.0,0.0161799383281178,0.0013671875,258.87901324988485,21.875,0.003577438264382521,0.003377794010748033,0.003578177185375298,0.0033787653978689736,-0.0001996442536344881,-0.0001994117875063245,0.39873355627975227,0.10126644372024773,-0.20253288744049547,0.20253288744049547,dry_higher,1247,376,none,39,wst_order1_path0039,4.0,0.0161799383281178,258.87901324988485,S2_recording_mean/S1_parent_recording_mean,1e-08
97,201,wst_order2_path0201,2,2,0.0,8.0,0.1996230083524497,0.000341796875,3193.968133639195,5.46875,0.0013912867687269016,0.001246076031941747,0.001338823184888567,0.001207261402201224,-0.0001452107367851546,-0.00013156178268734298,0.39885085908307594,0.10114914091692406,-0.20229828183384801,0.20229828183384801,dry_higher,1247,376,none,10,wst_order1_path0010,0.0,0.1996230083524497,3193.968133639195,S2_recording_mean/S1_parent_recording_mean,1e-08
98,190,wst_order2_path0190,2,2,0.0,8.0,0.2176904342262477,0.000341796875,3483.0469476199632,5.46875,0.001419451188523537,0.00126910537496361,0.0013665218306276872,0.0012225091427582502,-0.00015034581355992697,-0.00014401268786943698,0.3989319046562815,0.10106809534371852,-0.20213619068743705,0.20213619068743705,dry_higher,1247,376,none,9,wst_order1_path0009,0.0,0.2176904342262477,3483.0469476199632,S2_recording_mean/S1_parent_recording_mean,1e-08
99,191,wst_order2_path0191,2,2,0.0,9.0,0.2176904342262477,0.0001708984375,3483.0469476199632,2.734375,0.0009460134814577929,0.0008604604733633975,0.0009491279076897454,0.0008419471197351962,-8.555300809439542e-05,-0.00010718078795454928,0.40008573768533845,0.09991426231466155,-0.1998285246293231,0.1998285246293231,dry_higher,1247,376,none,9,wst_order1_path0009,0.0,0.2176904342262477,3483.0469476199632,S2_recording_mean/S1_parent_recording_mean,1e-08
100,556,wst_order2_path0556,2,2,6.0,8.0,0.0034014130347851,0.000341796875,54.4226085565616,5.46875,0.0008876096091941553,0.0008446752936440583,0.0008923663402161166,0.0008432457654907813,-4.293431555009702e-05,-4.912057472533529e-05,0.4005720111245713,0.0994279888754287,-0.1988559777508574,0.1988559777508574,dry_higher,1247,376,none,57,wst_order1_path0057,6.0,0.0034014130347851,54.4226085565616,S2_recording_mean/S1_parent_recording_mean,1e-08
101,282,wst_order2_path0282,2,2,1.0,9.0,0.0998115041762248,0.0001708984375,1596.9840668195966,2.734375,0.0008674041231675786,0.0007930351879129263,0.0008492408907445549,0.0007759039858973091,-7.436893525465226e-05,-7.333690484724576e-05,0.4005997372417206,0.0994002627582794,-0.1988005255165589,0.1988005255165589,dry_higher,1247,376,none,18,wst_order1_path0018,1.0,0.0998115041762248,1596.9840668195966,S2_recording_mean/S1_parent_recording_mean,1e-08
102,551,wst_order2_path0551,2,2,6.0,8.0,0.0037092672164215,0.000341796875,59.348275462744,5.46875,0.0009745506704667105,0.0009222809370771792,0.000974491651888672,0.0009196554539852187,-5.226973338953126e-05,-5.483619790345334e-05,0.40069784504086403,0.09930215495913597,-0.19860430991827194,0.19860430991827194,dry_higher,1247,376,none,56,wst_order1_path0056,6.0,0.0037092672164215,59.348275462744,S2_recording_mean/S1_parent_recording_mean,1e-08
103,146,wst_order2_path0146,2,2,0.0,8.0,0.3078607644816478,0.000341796875,4925.772231706364,5.46875,0.0013578644802393985,0.001211218915146202,0.0012855656775239695,0.001135246879720385,-0.00014664556509319635,-0.00015031879780358446,0.40073836782746675,0.09926163217253325,-0.1985232643450665,0.1985232643450665,dry_higher,1247,376,none,5,wst_order1_path0005,0.0,0.3078607644816478,4925.772231706364,S2_recording_mean/S1_parent_recording_mean,1e-08
104,467,wst_order2_path0467,2,2,4.0,9.0,0.0136056521391404,0.0001708984375,217.6904342262464,2.734375,0.0009569670297333422,0.0008825467178088369,0.0009404804852237882,0.000858791771659492,-7.442031192450528e-05,-8.16887135642962e-05,0.4024189970823594,0.0975810029176406,-0.19516200583528132,0.19516200583528132,dry_higher,1247,376,none,41,wst_order1_path0041,4.0,0.0136056521391404,217.6904342262464,S2_recording_mean/S1_parent_recording_mean,1e-08
105,429,wst_order2_path0429,2,2,4.0,6.0,0.0209827840157171,0.0013671875,335.72454425147356,21.875,0.004132095703730447,0.0038947982539829806,0.004103192720491477,0.0038549809588014515,-0.0002372974497474663,-0.0002482117616900252,0.4024573870907199,0.09754261290928012,-0.19508522581856025,0.19508522581856025,dry_higher,1247,376,none,36,wst_order1_path0036,4.0,0.0209827840157171,335.72454425147356,S2_recording_mean/S1_parent_recording_mean,1e-08
106,169,wst_order2_path0169,2,2,0.0,9.0,0.2588790132498857,0.0001708984375,4142.064211998171,2.734375,0.0009692816404236961,0.0008858785835479204,0.0009664322541273267,0.0008786748266305618,-8.34030568757757e-05,-8.775742749676492e-05,0.4027367810404546,0.09726321895954543,-0.19452643791909097,0.19452643791909097,dry_higher,1247,376,none,7,wst_order1_path0007,0.0,0.2588790132498857,4142.064211998171,S2_recording_mean/S1_parent_recording_mean,1e-08
107,307,wst_order2_path0307,2,2,2.0,7.0,0.0769651911204119,0.00068359375,1231.4430579265904,10.9375,0.0020630554820463094,0.001863917631313783,0.0019522597821189066,0.0017774428455018258,-0.00019913785073252636,-0.00017481693661708072,0.40302044054667374,0.09697955945332626,-0.19395911890665252,0.19395911890665252,dry_higher,1247,376,none,21,wst_order1_path0021,2.0,0.0769651911204119,1231.4430579265904,S2_recording_mean/S1_parent_recording_mean,1e-08
108,299,wst_order2_path0299,2,2,2.0,8.0,0.0839311360628686,0.000341796875,1342.8981770058977,5.46875,0.0012875071732356513,0.0011716394956401929,0.0012332231679687412,0.0011208431480422857,-0.00011586767759545844,-0.00011238001992645548,0.4034576600863349,0.09654233991366512,-0.19308467982733024,0.19308467982733024,dry_higher,1247,376,none,20,wst_order1_path0020,2.0,0.0839311360628686,1342.8981770058977,S2_recording_mean/S1_parent_recording_mean,1e-08
109,525,wst_order2_path0525,2,2,6.0,7.0,0.0057204720554961,0.00068359375,91.5275528879376,10.9375,0.0013724679514498944,0.0013089477356129416,0.0013781044375499917,0.0013166329626601424,-6.352021583695276e-05,-6.147147488984924e-05,0.40380103738333706,0.09619896261666294,-0.192397925233326,0.192397925233326,dry_higher,1247,376,none,51,wst_order1_path0051,6.0,0.0057204720554961,91.5275528879376,S2_recording_mean/S1_parent_recording_mean,1e-08
110,232,wst_order2_path0232,2,2,1.0,9.0,0.1539303822408238,0.0001708984375,2462.886115853181,2.734375,0.0009426180948100124,0.0008599627203719434,0.0009387719164701172,0.0008424853026694121,-8.265537443806893e-05,-9.628661380070504e-05,0.4043896841781979,0.09561031582180213,-0.19122063164360426,0.19122063164360426,dry_higher,1247,376,none,13,wst_order1_path0013,1.0,0.1539303822408238,2462.886115853181,S2_recording_mean/S1_parent_recording_mean,1e-08
111,221,wst_order2_path0221,2,2,1.0,8.0,0.1678622721257372,0.000341796875,2685.7963540117953,5.46875,0.0014200109876569395,0.0012758524665760274,0.0013606536617128972,0.0012278928341793755,-0.00014415852108091206,-0.00013276082753352174,0.4046456175672678,0.0953543824327322,-0.1907087648654644,0.1907087648654644,dry_higher,1247,376,none,12,wst_order1_path0012,1.0,0.1678622721257372,2685.7963540117953,S2_recording_mean/S1_parent_recording_mean,1e-08
112,271,wst_order2_path0271,2,2,1.0,8.0,0.1088452171131238,0.000341796875,1741.5234738099807,5.46875,0.00131997345773014,0.0011982842975850076,0.001273105128764192,0.0011534533720447835,-0.00012168916014513231,-0.00011965175671940862,0.40469040591035504,0.09530959408964496,-0.1906191881792899,0.1906191881792899,dry_higher,1247,376,none,17,wst_order1_path0017,1.0,0.1088452171131238,1741.5234738099807,S2_recording_mean/S1_parent_recording_mean,1e-08
113,124,wst_order2_path0124,2,2,0.0,8.0,0.3661102115517526,0.000341796875,5857.763384828042,5.46875,0.0012991207054696256,0.0011679830275335328,0.0012328022931895576,0.0010994913033286952,-0.00013113767793609282,-0.0001333109898608623,0.4054304799604156,0.09456952003958441,-0.1891390400791687,0.1891390400791687,dry_higher,1247,376,none,3,wst_order1_path0003,0.0,0.3661102115517526,5857.763384828042,S2_recording_mean/S1_parent_recording_mean,1e-08
114,498,wst_order2_path0498,2,2,5.0,9.0,0.0088221739304297,0.0001708984375,141.15478288687518,2.734375,0.0009744541705014784,0.0009012565097095786,0.0009712311510273079,0.0008912085669012021,-7.319766079189982e-05,-8.002258412610579e-05,0.40545394052108036,0.09454605947891964,-0.18909211895783928,0.18909211895783928,dry_higher,1247,376,none,46,wst_order1_path0046,5.0,0.0088221739304297,141.15478288687518,S2_recording_mean/S1_parent_recording_mean,1e-08
115,125,wst_order2_path0125,2,2,0.0,9.0,0.3661102115517526,0.0001708984375,5857.763384828042,2.734375,0.0009484344286315237,0.0008710997587947396,0.0009437382321712827,0.0008663109017603427,-7.73346698367841e-05,-7.742733041093996e-05,0.40557124332440414,0.09442875667559586,-0.18885751335119183,0.18885751335119183,dry_higher,1247,376,none,3,wst_order1_path0003,0.0,0.3661102115517526,5857.763384828042,S2_recording_mean/S1_parent_recording_mean,1e-08
116,395,wst_order2_path0395,2,2,3.0,10.0,0.0323598766562356,8.544921875e-05,517.7580264997697,1.3671875,0.00044756534136808823,0.0004068656520736393,0.00043073802646759494,0.00039264605940022754,-4.0699689294448936e-05,-3.80919670673674e-05,0.40583570782644307,0.09416429217355693,-0.18832858434711397,0.18832858434711397,dry_higher,1247,376,none,31,wst_order1_path0031,3.0,0.0323598766562356,517.7580264997697,S2_recording_mean/S1_parent_recording_mean,1e-08
117,464,wst_order2_path0464,2,2,4.0,6.0,0.0136056521391404,0.0013671875,217.6904342262464,21.875,0.003066431504362617,0.0029117002422567534,0.0030638774347640507,0.0029210974163445874,-0.00015473126210586345,-0.00014278001841946334,0.40624946680543944,0.09375053319456056,-0.18750106638912112,0.18750106638912112,dry_higher,1247,376,none,41,wst_order1_path0041,4.0,0.0136056521391404,217.6904342262464,S2_recording_mean/S1_parent_recording_mean,1e-08
118,147,wst_order2_path0147,2,2,0.0,9.0,0.3078607644816478,0.0001708984375,4925.772231706364,2.734375,0.0009714914898817211,0.0008923742956285705,0.0009755620762750139,0.000897900020641185,-7.911719425315064e-05,-7.766205563382886e-05,0.4067186780187343,0.09328132198126571,-0.1865626439625313,0.1865626439625313,dry_higher,1247,376,none,5,wst_order1_path0005,0.0,0.3078607644816478,4925.772231706364,S2_recording_mean/S1_parent_recording_mean,1e-08
119,260,wst_order2_path0260,2,2,1.0,7.0,0.1186965509254903,0.00068359375,1899.1448148078448,10.9375,0.0020782600623727387,0.0018844578690347467,0.0019711944313152677,0.001791724744928962,-0.00019380219333799196,-0.00017946968638630567,0.4070023375249535,0.09299766247504648,-0.18599532495009297,0.18599532495009297,dry_higher,1247,376,none,16,wst_order1_path0016,1.0,0.1186965509254903,1899.1448148078448,S2_recording_mean/S1_parent_recording_mean,1e-08
120,457,wst_order2_path0457,2,2,4.0,6.0,0.0148370688656862,0.0013671875,237.3931018509792,21.875,0.0033380169636313363,0.0031735118325861497,0.003367733629007873,0.0031992634773315458,-0.00016450513104518654,-0.0001684701516763273,0.4074992748553976,0.09250072514460239,-0.18500145028920478,0.18500145028920478,dry_higher,1247,376,none,40,wst_order1_path0040,4.0,0.0148370688656862,237.3931018509792,S2_recording_mean/S1_parent_recording_mean,1e-08
121,298,wst_order2_path0298,2,2,2.0,7.0,0.0839311360628686,0.00068359375,1342.8981770058977,10.9375,0.002079215289184593,0.001883924043317675,0.001957581614720393,0.0017839407268567119,-0.00019529124586691819,-0.0001736408878636811,0.4075525943114539,0.09244740568854609,-0.1848948113770923,0.1848948113770923,dry_higher,1247,376,none,20,wst_order1_path0020,2.0,0.0839311360628686,1342.8981770058977,S2_recording_mean/S1_parent_recording_mean,1e-08
122,231,wst_order2_path0231,2,2,1.0,8.0,0.1539303822408238,0.000341796875,2462.886115853181,5.46875,0.0014393080784906658,0.001303502903636586,0.0013758440070372386,0.0012428580576343664,-0.0001358051748540799,-0.00013298594940287225,0.40874908290535583,0.09125091709464417,-0.18250183418928834,0.18250183418928834,dry_higher,1247,376,none,13,wst_order1_path0013,1.0,0.1539303822408238,2462.886115853181,S2_recording_mean/S1_parent_recording_mean,1e-08
123,359,wst_order2_path0359,2,2,3.0,6.0,0.045763776443969,0.0013671875,732.220423103504,21.875,0.00400674018751617,0.0037505420446505653,0.003897557729118561,0.0036533581251300146,-0.0002561981428656048,-0.0002441996039885463,0.40878320735723184,0.09121679264276816,-0.18243358528553633,0.18243358528553633,dry_higher,1247,376,none,27,wst_order1_path0027,3.0,0.045763776443969,732.220423103504,S2_recording_mean/S1_parent_recording_mean,1e-08
124,210,wst_order2_path0210,2,2,1.0,7.0,0.1830551057758762,0.00068359375,2928.881692414019,10.9375,0.002140144875582653,0.0019255268352016204,0.002039247653683261,0.0018036013455149892,-0.00021461804038103247,-0.00023564630816827166,0.409126584654234,0.09087341534576598,-0.18174683069153197,0.18174683069153197,dry_higher,1247,376,none,11,wst_order1_path0011,1.0,0.1830551057758762,2928.881692414019,S2_recording_mean/S1_parent_recording_mean,1e-08
125,403,wst_order2_path0403,2,2,3.0,10.0,0.0296741377313725,8.544921875e-05,474.78620370196,1.3671875,0.000446062836520003,0.00040483931773704354,0.00042929108614596535,0.00039604082690180133,-4.122351878295947e-05,-3.325025924416403e-05,0.4092460202357999,0.09075397976420008,-0.18150795952840004,0.18150795952840004,dry_higher,1247,376,none,32,wst_order1_path0032,3.0,0.0296741377313725,474.78620370196,S2_recording_mean/S1_parent_recording_mean,1e-08
126,178,wst_order2_path0178,2,2,0.0,7.0,0.2373931018509808,0.00068359375,3798.289629615693,10.9375,0.002200697435094147,0.0019714451422834906,0.002065864890802693,0.001859377229658943,-0.00022925229281065647,-0.00020648766114374998,0.40931640191779417,0.09068359808220583,-0.18136719616441166,0.18136719616441166,dry_higher,1247,376,none,8,wst_order1_path0008,0.0,0.2373931018509808,3798.289629615693,S2_recording_mean/S1_parent_recording_mean,1e-08
127,158,wst_order2_path0158,2,2,0.0,9.0,0.2823095657737521,0.0001708984375,4516.953052380034,2.734375,0.0009781128888543015,0.000901781626236555,0.0009749316323494234,0.0009064069600053569,-7.633126261774657e-05,-6.852467234406653e-05,0.4093761197085772,0.09062388029142282,-0.18124776058284564,0.18124776058284564,dry_higher,1247,376,none,6,wst_order1_path0006,0.0,0.2823095657737521,4516.953052380034,S2_recording_mean/S1_parent_recording_mean,1e-08
128,240,wst_order2_path0240,2,2,1.0,7.0,0.1411547828868759,0.00068359375,2258.4765261900147,10.9375,0.0021698538283787937,0.0019603652098869823,0.0020382842338860477,0.0018627527597734255,-0.00020948861849181145,-0.00017553147411262225,0.4094358374993602,0.09056416250063981,-0.18112832500127962,0.18112832500127962,dry_higher,1247,376,none,14,wst_order1_path0014,1.0,0.1411547828868759,2258.4765261900147,S2_recording_mean/S1_parent_recording_mean,1e-08
129,300,wst_order2_path0300,2,2,2.0,9.0,0.0839311360628686,0.0001708984375,1342.8981770058977,2.734375,0.000850561344285395,0.0007827405556536305,0.000833000168871994,0.0007630087835116683,-6.78207886317645e-05,-6.999138536032572e-05,0.4096811069972189,0.09031889300278112,-0.18063778600556224,0.18063778600556224,dry_higher,1247,376,none,20,wst_order1_path0020,2.0,0.0839311360628686,1342.8981770058977,S2_recording_mean/S1_parent_recording_mean,1e-08
130,510,wst_order2_path0510,2,2,5.0,9.0,0.0074185344328431,0.0001708984375,118.6965509254896,2.734375,0.0009603529671796297,0.0008898753082421978,0.0009537945537488547,0.0008750826327002728,-7.047765893743196e-05,-7.871192104858188e-05,0.4099434387210155,0.09005656127898448,-0.18011312255796896,0.18011312255796896,dry_higher,1247,376,none,48,wst_order1_path0048,5.0,0.0074185344328431,118.6965509254896,S2_recording_mean/S1_parent_recording_mean,1e-08
131,250,wst_order2_path0250,2,2,1.0,7.0,0.1294395066249428,0.00068359375,2071.0321059990847,10.9375,0.0021125521359968845,0.0019221938281843692,0.0019873253186848696,0.0018112793654048902,-0.00019035830781251534,-0.00017604595327997937,0.41018017710590526,0.08981982289409474,-0.17963964578818947,0.17963964578818947,dry_higher,1247,376,none,15,wst_order1_path0015,1.0,0.1294395066249428,2071.0321059990847,S2_recording_mean/S1_parent_recording_mean,1e-08
132,145,wst_order2_path0145,2,2,0.0,7.0,0.3078607644816478,0.00068359375,4925.772231706364,10.9375,0.002042303775744055,0.001822546615972181,0.001893136672718179,0.001704960179659172,-0.000219757159771874,-0.000188176493059007,0.4101823098841475,0.0898176901158525,-0.179635380231705,0.179635380231705,dry_higher,1247,376,none,5,wst_order1_path0005,0.0,0.3078607644816478,4925.772231706364,S2_recording_mean/S1_parent_recording_mean,1e-08
133,134,wst_order2_path0134,2,2,0.0,7.0,0.3357245442514747,0.00068359375,5371.592708023595,10.9375,0.00198230008109325,0.0017675285451817155,0.001826449243304766,0.0016265502538056822,-0.00021477153591153444,-0.0001998989894990838,0.41020790322305445,0.08979209677694555,-0.179584193553891,0.179584193553891,dry_higher,1247,376,none,4,wst_order1_path0004,0.0,0.3357245442514747,5371.592708023595,S2_recording_mean/S1_parent_recording_mean,1e-08
134,291,wst_order2_path0291,2,2,2.0,9.0,0.0915275528879381,0.0001708984375,1464.4408462070096,2.734375,0.0008464951923926119,0.0007794141089525091,0.0008296272231556377,0.0007544793015488809,-6.708108344010279e-05,-7.514792160675686e-05,0.4104275793820062,0.08957242061799381,-0.17914484123598762,0.17914484123598762,dry_higher,1247,376,none,19,wst_order1_path0019,2.0,0.0915275528879381,1464.4408462070096,S2_recording_mean/S1_parent_recording_mean,1e-08
135,483,wst_order2_path0483,2,2,5.0,6.0,0.0104913920078585,0.0013671875,167.862272125736,21.875,0.0023109098132845156,0.0022104080597213772,0.002316173639346656,0.0022034100506529235,-0.00010050175356313834,-0.00011276358869373232,0.41057474108072145,0.08942525891927855,-0.1788505178385572,0.1788505178385572,dry_higher,1247,376,none,44,wst_order1_path0044,5.0,0.0104913920078585,167.862272125736,S2_recording_mean/S1_parent_recording_mean,1e-08
136,327,wst_order2_path0327,2,2,2.0,9.0,0.0647197533124713,0.0001708984375,1035.5160529995408,2.734375,0.0008899203654403549,0.0008188389094846113,0.0008699005971002175,0.0008144048050298229,-7.108145595574361e-05,-5.549579207039465e-05,0.4108136122438534,0.08918638775614662,-0.17837277551229336,0.17837277551229336,dry_higher,1247,376,none,23,wst_order1_path0023,2.0,0.0647197533124713,1035.5160529995408,S2_recording_mean/S1_parent_recording_mean,1e-08
137,167,wst_order2_path0167,2,2,0.0,7.0,0.2588790132498857,0.00068359375,4142.064211998171,10.9375,0.002161884043734537,0.0019296531961519208,0.002013150079794807,0.0018326094359991303,-0.00023223084758261623,-0.0001805406437956768,0.4109181183777236,0.08908188162227643,-0.17816376324455285,0.17816376324455285,dry_higher,1247,376,none,7,wst_order1_path0007,0.0,0.2588790132498857,4142.064211998171,S2_recording_mean/S1_parent_recording_mean,1e-08
138,520,wst_order2_path0520,2,2,5.0,7.0,0.006238219011014,0.00068359375,99.811504176224,10.9375,0.0015067910781924867,0.0014380108840730255,0.0015105175827300815,0.0014481356229914717,-6.878019411946123e-05,-6.238195973860979e-05,0.4113979934822297,0.08860200651777028,-0.17720401303554056,0.17720401303554056,dry_higher,1247,376,none,50,wst_order1_path0050,5.0,0.006238219011014,99.811504176224,S2_recording_mean/S1_parent_recording_mean,1e-08
139,336,wst_order2_path0336,2,2,2.0,9.0,0.0593482754627451,0.0001708984375,949.5724074039216,2.734375,0.0008863067481379766,0.0008161106540920827,0.0008674114483188853,0.0008003984469204706,-7.019609404589392e-05,-6.701300139841469e-05,0.41154302240270263,0.08845697759729737,-0.17691395519459474,0.17691395519459474,dry_higher,1247,376,none,24,wst_order1_path0024,2.0,0.0593482754627451,949.5724074039216,S2_recording_mean/S1_parent_recording_mean,1e-08
140,422,wst_order2_path0422,2,2,4.0,6.0,0.0228818882219845,0.0013671875,366.110211551752,21.875,0.004229828649271407,0.004017087402369984,0.004203237090317431,0.003946589741106168,-0.00021274124690142358,-0.0002566473492112628,0.41199090583357506,0.08800909416642494,-0.17601818833284988,0.17601818833284988,dry_higher,1247,376,none,35,wst_order1_path0035,4.0,0.0228818882219845,366.110211551752,S2_recording_mean/S1_parent_recording_mean,1e-08
141,514,wst_order2_path0514,2,2,5.0,7.0,0.0068028260695702,0.00068359375,108.8452171131232,10.9375,0.001666024990594175,0.0015875700198488669,0.0016761104641678513,0.0015868030479905143,-7.845497074530808e-05,-8.930741617733701e-05,0.4120996775239298,0.08790032247607021,-0.17580064495214043,0.17580064495214043,dry_higher,1247,376,none,49,wst_order1_path0049,5.0,0.0068028260695702,108.8452171131232,S2_recording_mean/S1_parent_recording_mean,1e-08
142,189,wst_order2_path0189,2,2,0.0,7.0,0.2176904342262477,0.00068359375,3483.0469476199632,10.9375,0.0021969859404192397,0.0019821713550738367,0.002063738537826927,0.0018916596051020964,-0.00021481458534540303,-0.00017207893272483052,0.4121785903188929,0.08782140968110708,-0.17564281936221404,0.17564281936221404,dry_higher,1247,376,none,9,wst_order1_path0009,0.0,0.2176904342262477,3483.0469476199632,S2_recording_mean/S1_parent_recording_mean,1e-08
143,386,wst_order2_path0386,2,2,3.0,9.0,0.0352886957217189,0.0001708984375,564.6191315475024,2.734375,0.0008769102172060773,0.0008133607564164714,0.0008609988157123567,0.0007878085209965844,-6.354946078960589e-05,-7.319029471577229e-05,0.41238333703014896,0.08761666296985104,-0.1752333259397021,0.1752333259397021,dry_higher,1247,376,none,30,wst_order1_path0030,3.0,0.0352886957217189,564.6191315475024,S2_recording_mean/S1_parent_recording_mean,1e-08
144,113,wst_order2_path0113,2,2,0.0,8.0,0.3992460167048995,0.000341796875,6387.936267278392,5.46875,0.0012628755509601598,0.001153441796842753,0.0012007747300623974,0.0010844828580549458,-0.00010943375411740668,-0.00011629187200745163,0.4126200754150386,0.08737992458496141,-0.1747598491699227,0.1747598491699227,dry_higher,1247,376,none,2,wst_order1_path0002,0.0,0.3992460167048995,6387.936267278392,S2_recording_mean/S1_parent_recording_mean,1e-08
145,289,wst_order2_path0289,2,2,2.0,7.0,0.0915275528879381,0.00068359375,1464.4408462070096,10.9375,0.002084078836036862,0.0019218724283366255,0.00196934737405254,0.0018000085906215064,-0.00016220640770023666,-0.00016933878343103359,0.4128930710300465,0.08710692896995348,-0.17421385793990685,0.17421385793990685,dry_higher,1247,376,none,19,wst_order1_path0019,2.0,0.0915275528879381,1464.4408462070096,S2_recording_mean/S1_parent_recording_mean,1e-08
146,345,wst_order2_path0345,2,2,2.0,9.0,0.0544226085565619,0.0001708984375,870.7617369049904,2.734375,0.0008792815330861885,0.0008093202795471377,0.0008599928014495154,0.0007952008715437111,-6.996125353905076e-05,-6.479192990580429e-05,0.413340954460919,0.08665904553908099,-0.1733180910781621,0.1733180910781621,dry_higher,1247,376,none,25,wst_order1_path0025,2.0,0.0544226085565619,870.7617369049904,S2_recording_mean/S1_parent_recording_mean,1e-08
147,375,wst_order2_path0375,2,2,3.0,6.0,0.0384825955602059,0.0013671875,615.7215289632943,21.875,0.004184335772445754,0.003940896188685205,0.0040617411819414365,0.003815437364016218,-0.00024343958376054926,-0.0002463038179252187,0.41339427391697525,0.08660572608302475,-0.1732114521660496,0.1732114521660496,dry_higher,1247,376,none,29,wst_order1_path0029,3.0,0.0384825955602059,615.7215289632943,S2_recording_mean/S1_parent_recording_mean,1e-08
148,411,wst_order2_path0411,2,2,3.0,10.0,0.0272113042782809,8.544921875e-05,435.3808684524944,1.3671875,0.00044496048133839996,0.00040563194179427597,0.00042963971634218175,0.00038935635011975767,-3.932853954412399e-05,-4.0283366222424084e-05,0.41349024893787645,0.08650975106212355,-0.1730195021242471,0.1730195021242471,dry_higher,1247,376,none,33,wst_order1_path0033,3.0,0.0272113042782809,435.3808684524944,S2_recording_mean/S1_parent_recording_mean,1e-08
149,156,wst_order2_path0156,2,2,0.0,7.0,0.2823095657737521,0.00068359375,4516.953052380034,10.9375,0.0021154019545088585,0.0018960168079687413,0.001985323194327488,0.001775501079249786,-0.00021938514654011717,-0.00020982211507770184,0.4135542322851439,0.08644576771485613,-0.17289153542971214,0.17289153542971214,dry_higher,1247,376,none,6,wst_order1_path0006,0.0,0.2823095657737521,4516.953052380034,S2_recording_mean/S1_parent_recording_mean,1e-08
150,454,wst_order2_path0454,2,2,4.0,10.0,0.0161799383281178,8.544921875e-05,258.87901324988485,1.3671875,0.00046220106764778573,0.0004244531371650991,0.00045103879251804724,0.0004100448292264691,-3.7747930482686645e-05,-4.099396329157814e-05,0.4137163234315549,0.0862836765684451,-0.1725673531368902,0.1725673531368902,dry_higher,1247,376,none,39,wst_order1_path0039,4.0,0.0161799383281178,258.87901324988485,S2_recording_mean/S1_parent_recording_mean,1e-08
151,220,wst_order2_path0220,2,2,1.0,7.0,0.1678622721257372,0.00068359375,2685.7963540117953,10.9375,0.0021951205373785232,0.0019900504893602526,0.002092536933379015,0.0018689556799215547,-0.0002050700480182707,-0.00022358125345746035,0.4146462147451757,0.08535378525482429,-0.1707075705096487,0.1707075705096487,dry_higher,1247,376,none,12,wst_order1_path0012,1.0,0.1678622721257372,2685.7963540117953,S2_recording_mean/S1_parent_recording_mean,1e-08
152,508,wst_order2_path0508,2,2,5.0,7.0,0.0074185344328431,0.00068359375,118.6965509254896,10.9375,0.001776191343858478,0.0016907202883866908,0.001780844838643399,0.0016796325367718083,-8.547105547178726e-05,-0.0001012123018715907,0.4156166288453992,0.08438337115460082,-0.16876674230920163,0.16876674230920163,dry_higher,1247,376,none,48,wst_order1_path0048,5.0,0.0074185344328431,118.6965509254896,S2_recording_mean/S1_parent_recording_mean,1e-08
153,309,wst_order2_path0309,2,2,2.0,9.0,0.0769651911204119,0.0001708984375,1231.4430579265904,2.734375,0.0008688702631694272,0.000802053126407784,0.000851559811576891,0.0007866955628684723,-6.681713676164318e-05,-6.486424870841864e-05,0.4159066866863451,0.08409331331365488,-0.16818662662730977,0.16818662662730977,dry_higher,1247,376,none,21,wst_order1_path0021,2.0,0.0769651911204119,1231.4430579265904,S2_recording_mean/S1_parent_recording_mean,1e-08
154,504,wst_order2_path0504,2,2,5.0,9.0,0.0080899691640589,0.0001708984375,129.43950662494242,2.734375,0.000968417379564345,0.0009026940463960754,0.0009597092605861574,0.0009033467238051827,-6.572333316826962e-05,-5.636253678097461e-05,0.416324711221826,0.08367528877817398,-0.16735057755634797,0.16735057755634797,dry_higher,1247,376,none,47,wst_order1_path0047,5.0,0.0080899691640589,129.43950662494242,S2_recording_mean/S1_parent_recording_mean,1e-08
155,516,wst_order2_path0516,2,2,5.0,9.0,0.0068028260695702,0.0001708984375,108.8452171131232,2.734375,0.0009418543603628853,0.0008794696028005737,0.000933683921076051,0.0008703668100410072,-6.238475756231157e-05,-6.331711103504381e-05,0.41641215512975827,0.08358784487024173,-0.16717568974048358,0.16717568974048358,dry_higher,1247,376,none,49,wst_order1_path0049,5.0,0.0068028260695702,108.8452171131232,S2_recording_mean/S1_parent_recording_mean,1e-08
156,351,wst_order2_path0351,2,2,2.0,6.0,0.0499057520881124,0.0013671875,798.4920334097983,21.875,0.0038680101934796375,0.0036329991394075207,0.0037403838158556668,0.003487483657190305,-0.00023501105407211682,-0.0002529001586653616,0.4167661963179716,0.08323380368202837,-0.16646760736405675,0.16646760736405675,dry_higher,1247,376,none,26,wst_order1_path0026,2.0,0.0499057520881124,798.4920334097983,S2_recording_mean/S1_parent_recording_mean,1e-08
157,120,wst_order2_path0120,2,2,0.0,4.0,0.3661102115517526,0.00546875,5857.763384828042,87.5,0.009566321352713644,0.009888137093337072,0.009320722158541015,0.009620804244467436,0.0003218157406234285,0.0003000820859264206,0.5827198041256463,0.08271980412564628,0.16543960825129256,0.16543960825129256,wet_higher,1247,376,none,3,wst_order1_path0003,0.0,0.3661102115517526,5857.763384828042,S2_recording_mean/S1_parent_recording_mean,1e-08
158,102,wst_order2_path0102,2,2,0.0,8.0,0.4353808684524956,0.000341796875,6966.093895239929,5.46875,0.0012619552658120986,0.0011621385775219067,0.0012016945598118927,0.0010906167091930328,-9.981668829019195e-05,-0.00011107785061885986,0.4173292497739255,0.08267075022607451,-0.16534150045214902,0.16534150045214902,dry_higher,1247,376,none,1,wst_order1_path0001,0.0,0.4353808684524956,6966.093895239929,S2_recording_mean/S1_parent_recording_mean,1e-08
159,540,wst_order2_path0540,2,2,6.0,7.0,0.0044110869652148,0.00068359375,70.57739144343681,10.9375,0.0009893944662250883,0.0009520913823646221,0.0009997865759044824,0.0009439641920999658,-3.730308386046613e-05,-5.5822383804516673e-05,0.41778566431776687,0.08221433568223313,-0.16442867136446626,0.16442867136446626,dry_higher,1247,376,none,54,wst_order1_path0054,6.0,0.0044110869652148,70.57739144343681,S2_recording_mean/S1_parent_recording_mean,1e-08
160,114,wst_order2_path0114,2,2,0.0,9.0,0.3992460167048995,0.0001708984375,6387.936267278392,2.734375,0.0009350224206617118,0.0008695358483754942,0.0009355248897241292,0.0008709242950573147,-6.548657228621767e-05,-6.460059466681454e-05,0.41825274275281954,0.08174725724718046,-0.16349451449436092,0.16349451449436092,dry_higher,1247,376,none,2,wst_order1_path0002,0.0,0.3992460167048995,6387.936267278392,S2_recording_mean/S1_parent_recording_mean,1e-08
161,270,wst_order2_path0270,2,2,1.0,7.0,0.1088452171131238,0.00068359375,1741.5234738099807,10.9375,0.002080851097078492,0.0019127330398840663,0.0019927510767463377,0.0018260269691068468,-0.0001681180571944255,-0.0001667241076394909,0.4185790578238837,0.08142094217611628,-0.16284188435223257,0.16284188435223257,dry_higher,1247,376,none,17,wst_order1_path0017,1.0,0.1088452171131238,1741.5234738099807,S2_recording_mean/S1_parent_recording_mean,1e-08
162,561,wst_order2_path0561,2,2,6.0,8.0,0.003119109505507,0.000341796875,49.905752088112,5.46875,0.0007962502221881772,0.0007640504906102321,0.0008016150145569995,0.0007637950153862245,-3.219973157794515e-05,-3.7819999170775006e-05,0.4190909246020236,0.08090907539797643,-0.16181815079595285,0.16181815079595285,dry_higher,1247,376,none,58,wst_order1_path0058,6.0,0.003119109505507,49.905752088112,S2_recording_mean/S1_parent_recording_mean,1e-08
163,123,wst_order2_path0123,2,2,0.0,7.0,0.3661102115517526,0.00068359375,5857.763384828042,10.9375,0.0019444931292922664,0.0017458931141592798,0.0018010207308734128,0.0016256912881815982,-0.0001986000151329866,-0.00017532944269181452,0.4193297957651555,0.0806702042348445,-0.161340408469689,0.161340408469689,dry_higher,1247,376,none,3,wst_order1_path0003,0.0,0.3661102115517526,5857.763384828042,S2_recording_mean/S1_parent_recording_mean,1e-08
164,471,wst_order2_path0471,2,2,4.0,6.0,0.012476438022028,0.0013671875,199.623008352448,21.875,0.00279488764572824,0.0026791806390485586,0.0028104835309579303,0.0026729795388367454,-0.0001157070066796816,-0.00013750399212118488,0.4194470985684792,0.08055290143152077,-0.16110580286304155,0.16110580286304155,dry_higher,1247,376,none,42,wst_order1_path0042,4.0,0.012476438022028,199.623008352448,S2_recording_mean/S1_parent_recording_mean,1e-08
165,565,wst_order2_path0565,2,2,7.0,8.0,0.002860236027748,0.000341796875,45.763776443968,5.46875,0.000717939093500116,0.0006888714002916219,0.0007205573710952043,0.0006881587240777262,-2.9067693208494104e-05,-3.239864701747811e-05,0.4194812230203552,0.08051877697964482,-0.16103755395928954,0.16103755395928954,dry_higher,1247,376,none,59,wst_order1_path0059,7.0,0.002860236027748,45.763776443968,S2_recording_mean/S1_parent_recording_mean,1e-08
166,443,wst_order2_path0443,2,2,4.0,6.0,0.0176443478608594,0.0013671875,282.30956577375036,21.875,0.0038000368032967764,0.0036134456131381412,0.003770503777925558,0.0036137002787640683,-0.0001865911901586352,-0.00015680349916148955,0.4198331314303264,0.08016686856967359,-0.16033373713934718,0.16033373713934718,dry_higher,1247,376,none,38,wst_order1_path0038,4.0,0.0176443478608594,282.30956577375036,S2_recording_mean/S1_parent_recording_mean,1e-08
167,103,wst_order2_path0103,2,2,0.0,9.0,0.4353808684524956,0.0001708984375,6966.093895239929,2.734375,0.0009299464321940747,0.0008661200582165402,0.0009294273227598418,0.000850169327103046,-6.38263739775345e-05,-7.925799565679573e-05,0.4201402514972103,0.0798597485027897,-0.1597194970055793,0.1597194970055793,dry_higher,1247,376,none,1,wst_order1_path0001,0.0,0.4353808684524956,6966.093895239929,S2_recording_mean/S1_parent_recording_mean,1e-08
168,200,wst_order2_path0200,2,2,0.0,7.0,0.1996230083524497,0.00068359375,3193.968133639195,10.9375,0.002149473865890884,0.001958907985153739,0.0020300707644908276,0.0018669635195591565,-0.00019056588073714485,-0.0001631072449316711,0.4201679776143596,0.07983202238564041,-0.15966404477128082,0.15966404477128082,dry_higher,1247,376,none,10,wst_order1_path0010,0.0,0.1996230083524497,3193.968133639195,S2_recording_mean/S1_parent_recording_mean,1e-08
169,290,wst_order2_path0290,2,2,2.0,8.0,0.0915275528879381,0.000341796875,1464.4408462070096,5.46875,0.0012938481636709522,0.0011992961184278267,0.0012365193215428101,0.0011636640496792833,-9.455204524312557e-05,-7.285527186352684e-05,0.420692641061953,0.07930735893804702,-0.15861471787609416,0.15861471787609416,dry_higher,1247,376,none,19,wst_order1_path0019,2.0,0.0915275528879381,1464.4408462070096,S2_recording_mean/S1_parent_recording_mean,1e-08
170,304,wst_order2_path0304,2,2,2.0,4.0,0.0769651911204119,0.00546875,1231.4430579265904,87.5,0.010176140325440683,0.010572753268461122,0.010293870984511082,0.010659578749389075,0.0003966129430204388,0.0003657077648779924,0.5783348120595813,0.07833481205958126,0.15666962411916252,0.15666962411916252,wet_higher,1247,376,none,21,wst_order1_path0021,2.0,0.0769651911204119,1231.4430579265904,S2_recording_mean/S1_parent_recording_mean,1e-08
171,477,wst_order2_path0477,2,2,5.0,6.0,0.0114409441109922,0.0013671875,183.0551057758752,21.875,0.002533882801656985,0.0024240255762810778,0.0025308575547480436,0.002443560683863619,-0.00010985722537590727,-8.729687088442463e-05,0.42176116296132,0.07823883703868001,-0.15647767407736013,0.15647767407736013,dry_higher,1247,376,none,43,wst_order1_path0043,5.0,0.0114409441109922,183.0551057758752,S2_recording_mean/S1_parent_recording_mean,1e-08
172,535,wst_order2_path0535,2,2,6.0,7.0,0.0048103244450257,0.00068359375,76.96519112041119,10.9375,0.0011108348332621077,0.0010698183106455782,0.0011202702287883843,0.0010736144383513592,-4.1016522616529535e-05,-4.6655790437025125e-05,0.42202136190687434,0.07797863809312566,-0.15595727618625121,0.15595727618625121,dry_higher,1247,376,none,53,wst_order1_path0053,6.0,0.0048103244450257,76.96519112041119,S2_recording_mean/S1_parent_recording_mean,1e-08
173,367,wst_order2_path0367,2,2,3.0,6.0,0.0419655680314342,0.0013671875,671.4490885029471,21.875,0.004101476844163101,0.0038862101697483688,0.003987537927471209,0.003727661549379444,-0.00021526667441473238,-0.0002598763780917654,0.4232391782831988,0.07676082171680121,-0.1535216434336023,0.1535216434336023,dry_higher,1247,376,none,28,wst_order1_path0028,3.0,0.0419655680314342,671.4490885029471,S2_recording_mean/S1_parent_recording_mean,1e-08
174,318,wst_order2_path0318,2,2,2.0,9.0,0.0705773914434379,0.0001708984375,1129.2382630950065,2.734375,0.000881692082612779,0.0008208265687891437,0.0008718259177863456,0.0008074656259572773,-6.086551382363534e-05,-6.436029182906836e-05,0.42338633998191405,0.07661366001808595,-0.1532273200361719,0.1532273200361719,dry_higher,1247,376,none,22,wst_order1_path0022,2.0,0.0705773914434379,1129.2382630950065,S2_recording_mean/S1_parent_recording_mean,1e-08
175,461,wst_order2_path0461,2,2,4.0,10.0,0.0148370688656862,8.544921875e-05,237.3931018509792,1.3671875,0.00046240883395502855,0.000427426041140224,0.0004536250972471304,0.0004148266649192184,-3.4982792814804555e-05,-3.879843232791201e-05,0.42348871333754196,0.07651128666245804,-0.15302257332491598,0.15302257332491598,dry_higher,1247,376,none,40,wst_order1_path0040,4.0,0.0148370688656862,237.3931018509792,S2_recording_mean/S1_parent_recording_mean,1e-08
176,112,wst_order2_path0112,2,2,0.0,7.0,0.3992460167048995,0.00068359375,6387.936267278392,10.9375,0.0018975881078601,0.0017292665517872636,0.001750704613776792,0.0015681128058660304,-0.00016832155607283635,-0.0001825918079107617,0.42387261342114696,0.07612738657885304,-0.1522547731577062,0.1522547731577062,dry_higher,1247,376,none,2,wst_order1_path0002,0.0,0.3992460167048995,6387.936267278392,S2_recording_mean/S1_parent_recording_mean,1e-08
177,207,wst_order2_path0207,2,2,1.0,4.0,0.1830551057758762,0.00546875,2928.881692414019,87.5,0.01103440193114258,0.011354655932516795,0.010965121788338405,0.011268072551021115,0.00032025400137421396,0.00030295076268271014,0.5758842498592367,0.0758842498592367,0.15176849971847317,0.15176849971847317,wet_higher,1247,376,none,11,wst_order1_path0011,1.0,0.1830551057758762,2928.881692414019,S2_recording_mean/S1_parent_recording_mean,1e-08
178,281,wst_order2_path0281,2,2,1.0,8.0,0.0998115041762248,0.000341796875,1596.9840668195966,5.46875,0.0012998556866555668,0.0012087072118068052,0.0012413154450512018,0.0011521703417332494,-9.114847484876154e-05,-8.91451033179524e-05,0.4246425463665989,0.07535745363340107,-0.15071490726680203,0.15071490726680203,dry_higher,1247,376,none,18,wst_order1_path0018,1.0,0.0998115041762248,1596.9840668195966,S2_recording_mean/S1_parent_recording_mean,1e-08
179,378,wst_order2_path0378,2,2,3.0,9.0,0.0384825955602059,0.0001708984375,615.7215289632943,2.734375,0.000882226416764487,0.000823869951809776,0.0008646906311756151,0.0008167723788433665,-5.8356464954710985e-05,-4.791825233224861e-05,0.42476198194816495,0.07523801805183505,-0.1504760361036701,0.1504760361036701,dry_higher,1247,376,none,29,wst_order1_path0029,3.0,0.0384825955602059,615.7215289632943,S2_recording_mean/S1_parent_recording_mean,1e-08
180,399,wst_order2_path0399,2,2,3.0,6.0,0.0296741377313725,0.0013671875,474.78620370196,21.875,0.004373951578855695,0.004163954025955595,0.004308525679988849,0.004104767007476652,-0.0002099975529000998,-0.00020375867251219704,0.42551271988943673,0.07448728011056327,-0.14897456022112643,0.14897456022112643,dry_higher,1247,376,none,32,wst_order1_path0032,3.0,0.0296741377313725,474.78620370196,S2_recording_mean/S1_parent_recording_mean,1e-08
181,383,wst_order2_path0383,2,2,3.0,6.0,0.0352886957217189,0.0013671875,564.6191315475024,21.875,0.004265830897423059,0.00406330045489842,0.0041783110787941315,0.003943069491587093,-0.0002025304425246387,-0.00023524158720703882,0.42556817212373527,0.07443182787626473,-0.14886365575252947,0.14886365575252947,dry_higher,1247,376,none,30,wst_order1_path0030,3.0,0.0352886957217189,564.6191315475024,S2_recording_mean/S1_parent_recording_mean,1e-08
182,489,wst_order2_path0489,2,2,5.0,6.0,0.0096206488900514,0.0013671875,153.93038224082238,21.875,0.0020636494290485886,0.0019843922196210242,0.0020598634490993977,0.001988143699764944,-7.925720942756438e-05,-7.17197493344539e-05,0.42642341619887736,0.07357658380112264,-0.1471531676022454,0.1471531676022454,dry_higher,1247,376,none,45,wst_order1_path0045,5.0,0.0096206488900514,153.93038224082238,S2_recording_mean/S1_parent_recording_mean,1e-08
183,530,wst_order2_path0530,2,2,6.0,7.0,0.0052456960039292,0.00068359375,83.9311360628672,10.9375,0.001244789187224402,0.0012013212098074607,0.0012513308994319863,0.001203235507474624,-4.346797741694138e-05,-4.809539195736235e-05,0.42720827859202515,0.07279172140797485,-0.14558344281594982,0.14558344281594982,dry_higher,1247,376,none,52,wst_order1_path0052,6.0,0.0052456960039292,83.9311360628672,S2_recording_mean/S1_parent_recording_mean,1e-08
184,280,wst_order2_path0280,2,2,1.0,7.0,0.0998115041762248,0.00068359375,1596.9840668195966,10.9375,0.0020792973855957835,0.0019437691830584984,0.0019691641717479147,0.0017902762732785568,-0.00013552820253728511,-0.0001788878984693579,0.4281616304663106,0.07183836953368938,-0.14367673906737877,0.14367673906737877,dry_higher,1247,376,none,18,wst_order1_path0018,1.0,0.0998115041762248,1596.9840668195966,S2_recording_mean/S1_parent_recording_mean,1e-08
185,370,wst_order2_path0370,2,2,3.0,9.0,0.0419655680314342,0.0001708984375,671.4490885029471,2.734375,0.0008797378259477725,0.0008225862295867917,0.0008584430346637484,0.0007991620123308857,-5.715159636098086e-05,-5.928102233286267e-05,0.42841116552065384,0.07158883447934616,-0.14317766895869233,0.14317766895869233,dry_higher,1247,376,none,28,wst_order1_path0028,3.0,0.0419655680314342,671.4490885029471,S2_recording_mean/S1_parent_recording_mean,1e-08
186,387,wst_order2_path0387,2,2,3.0,10.0,0.0352886957217189,8.544921875e-05,564.6191315475024,1.3671875,0.0004496989092143931,0.00041754508427008745,0.000431556993861116,0.000397767992260255,-3.215382494430567e-05,-3.378900160086099e-05,0.42934958794724365,0.07065041205275635,-0.1413008241055128,0.1413008241055128,dry_higher,1247,376,none,30,wst_order1_path0030,3.0,0.0352886957217189,564.6191315475024,S2_recording_mean/S1_parent_recording_mean,1e-08
187,144,wst_order2_path0144,2,2,0.0,6.0,0.3078607644816478,0.0013671875,4925.772231706364,21.875,0.0029296822143872387,0.0027013353191076526,0.0027138844194684957,0.002545952406529808,-0.00022834689527958607,-0.00016793201293868786,0.42972069136139507,0.07027930863860493,-0.14055861727720997,0.14055861727720997,dry_higher,1247,376,none,5,wst_order1_path0005,0.0,0.3078607644816478,4925.772231706364,S2_recording_mean/S1_parent_recording_mean,1e-08
188,447,wst_order2_path0447,2,2,4.0,10.0,0.0176443478608594,8.544921875e-05,282.30956577375036,1.3671875,0.000456802389918865,0.00042376676195226935,0.0004461127424244283,0.00040508290195149664,-3.303562796659566e-05,-4.102984047293164e-05,0.4297697452609667,0.07023025473903333,-0.14046050947806654,0.14046050947806654,dry_higher,1247,376,none,38,wst_order1_path0038,4.0,0.0176443478608594,282.30956577375036,S2_recording_mean/S1_parent_recording_mean,1e-08
189,197,wst_order2_path0197,2,2,0.0,4.0,0.1996230083524497,0.00546875,3193.968133639195,87.5,0.010827227537318166,0.011108860412921624,0.010726186312146242,0.011012158623707287,0.0002816328756034582,0.000285972311561045,0.5702217236260643,0.07022172362606427,0.14044344725212854,0.14044344725212854,wet_higher,1247,376,none,10,wst_order1_path0010,0.0,0.1996230083524497,3193.968133639195,S2_recording_mean/S1_parent_recording_mean,1e-08
190,545,wst_order2_path0545,2,2,6.0,7.0,0.0040449845820294,0.00068359375,64.7197533124704,10.9375,0.0008693683484126721,0.0008424993405694144,0.0008769293316793882,0.0008408587770905534,-2.686900784325773e-05,-3.607055458883484e-05,0.4301387158968759,0.06986128410312409,-0.13972256820624818,0.13972256820624818,dry_higher,1247,376,none,55,wst_order1_path0055,6.0,0.0040449845820294,64.7197533124704,S2_recording_mean/S1_parent_recording_mean,1e-08
191,301,wst_order2_path0301,2,2,2.0,10.0,0.0839311360628686,8.544921875e-05,1342.8981770058977,1.3671875,0.000467635948844115,0.00043237632783479566,0.0004558984890944081,0.0004181527244304709,-3.525962100931932e-05,-3.77457646639372e-05,0.43144610895937485,0.06855389104062515,-0.1371077820812503,0.1371077820812503,dry_higher,1247,376,none,20,wst_order1_path0020,2.0,0.0839311360628686,1342.8981770058977,S2_recording_mean/S1_parent_recording_mean,1e-08
192,292,wst_order2_path0292,2,2,2.0,10.0,0.0915275528879381,8.544921875e-05,1464.4408462070096,1.3671875,0.000461126843792758,0.00042578742074692174,0.0004452316618275664,0.00041183828290436214,-3.533942304583627e-05,-3.339337892320428e-05,0.4316913784572335,0.06830862154276651,-0.1366172430855329,0.1366172430855329,dry_higher,1247,376,none,19,wst_order1_path0019,2.0,0.0915275528879381,1464.4408462070096,S2_recording_mean/S1_parent_recording_mean,1e-08
193,315,wst_order2_path0315,2,2,2.0,6.0,0.0705773914434379,0.0013671875,1129.2382630950065,21.875,0.003340575952215635,0.003161613280491486,0.0032091351734145745,0.003076291866097955,-0.00017896267172414892,-0.0001328433073166193,0.4321221996621679,0.06787780033783208,-0.13575560067566417,0.13575560067566417,dry_higher,1247,376,none,22,wst_order1_path0022,2.0,0.0705773914434379,1129.2382630950065,S2_recording_mean/S1_parent_recording_mean,1e-08
194,396,wst_order2_path0396,2,2,3.0,11.0,0.0323598766562356,4.2724609375e-05,517.7580264997697,0.68359375,0.00023991479504710178,0.00021787179053072873,0.00023118263369816924,0.0002109808078982484,-2.2043004516373053e-05,-2.020182579992084e-05,0.43216058967052845,0.06783941032947155,-0.1356788206589432,0.1356788206589432,dry_higher,1247,376,none,31,wst_order1_path0031,3.0,0.0323598766562356,517.7580264997697,S2_recording_mean/S1_parent_recording_mean,1e-08
195,522,wst_order2_path0522,2,2,5.0,9.0,0.006238219011014,0.0001708984375,99.811504176224,2.734375,0.0009047658013760815,0.0008536489446828734,0.000891751448833544,0.000842706083146711,-5.111685669320805e-05,-4.9045365686832976e-05,0.43245704584620115,0.06754295415379885,-0.1350859083075978,0.1350859083075978,dry_higher,1247,376,none,50,wst_order1_path0050,5.0,0.006238219011014,99.811504176224,S2_recording_mean/S1_parent_recording_mean,1e-08
196,257,wst_order2_path0257,2,2,1.0,4.0,0.1186965509254903,0.00546875,1899.1448148078448,87.5,0.011150868372005957,0.011451513647443647,0.011137810833640346,0.01138056222915898,0.00030064527543769044,0.0002427513955186346,0.5674043235680527,0.0674043235680527,0.1348086471361054,0.1348086471361054,wet_higher,1247,376,none,16,wst_order1_path0016,1.0,0.1186965509254903,1899.1448148078448,S2_recording_mean/S1_parent_recording_mean,1e-08
197,354,wst_order2_path0354,2,2,2.0,9.0,0.0499057520881124,0.0001708984375,798.4920334097983,2.734375,0.0008721011358440663,0.0008164379773292505,0.0008554038949923922,0.0008033086549093659,-5.5663158514815815e-05,-5.209524008302632e-05,0.43270658090054426,0.06729341909945574,-0.13458683819891148,0.13458683819891148,dry_higher,1247,376,none,26,wst_order1_path0026,2.0,0.0499057520881124,798.4920334097983,S2_recording_mean/S1_parent_recording_mean,1e-08
198,328,wst_order2_path0328,2,2,2.0,10.0,0.0647197533124713,8.544921875e-05,1035.5160529995408,1.3671875,0.00046697373392796894,0.0004327837595356093,0.0004499621126328641,0.00041834829752661145,-3.418997439235961e-05,-3.161381510625267e-05,0.43279615758671874,0.06720384241328126,-0.1344076848265625,0.1344076848265625,dry_higher,1247,376,none,23,wst_order1_path0023,2.0,0.0647197533124713,1035.5160529995408,S2_recording_mean/S1_parent_recording_mean,1e-08
199,286,wst_order2_path0286,2,2,2.0,4.0,0.0915275528879381,0.00546875,1464.4408462070096,87.5,0.010654493071240015,0.010994126306329031,0.010697861037708672,0.010966008557577574,0.0003396332350890166,0.00026814751986890123,0.5671803818526164,0.06718038185261643,0.1343607637052331,0.1343607637052331,wet_higher,1247,376,none,19,wst_order1_path0019,2.0,0.0915275528879381,1464.4408462070096,S2_recording_mean/S1_parent_recording_mean,1e-08
200,273,wst_order2_path0273,2,2,1.0,10.0,0.1088452171131238,8.544921875e-05,1741.5234738099807,1.3671875,0.00046654811548590936,0.00043229853977720727,0.000450993643211307,0.000415385923820947,-3.4249575708702096e-05,-3.560771939036e-05,0.4332611032435292,0.06673889675647082,-0.13347779351294164,0.13347779351294164,dry_higher,1247,376,none,17,wst_order1_path0017,1.0,0.1088452171131238,1741.5234738099807,S2_recording_mean/S1_parent_recording_mean,1e-08
201,101,wst_order2_path0101,2,2,0.0,7.0,0.4353808684524956,0.00068359375,6966.093895239929,10.9375,0.0018935626772273264,0.001750342441467226,0.0017580875007464408,0.0015994570699792944,-0.00014322023576010035,-0.00015863043076714644,0.4338732105990547,0.0661267894009453,-0.13225357880189048,0.13225357880189048,dry_higher,1247,376,none,1,wst_order1_path0001,0.0,0.4353808684524956,6966.093895239929,S2_recording_mean/S1_parent_recording_mean,1e-08
202,283,wst_order2_path0283,2,2,1.0,10.0,0.0998115041762248,8.544921875e-05,1596.9840668195966,1.3671875,0.0004619657785537336,0.00042734496342112453,0.0004442804120991265,0.0004179510513095516,-3.462081513260905e-05,-2.6329360789574877e-05,0.43389880393796176,0.06610119606203824,-0.13220239212407647,0.13220239212407647,dry_higher,1247,376,none,18,wst_order1_path0018,1.0,0.0998115041762248,1596.9840668195966,S2_recording_mean/S1_parent_recording_mean,1e-08
203,230,wst_order2_path0230,2,2,1.0,7.0,0.1539303822408238,0.00068359375,2462.886115853181,10.9375,0.0022065358211961032,0.002039329744017461,0.002078812347395698,0.001928749268770812,-0.00016720607717864242,-0.00015006307862488587,0.4339841150676518,0.06601588493234822,-0.13203176986469656,0.13203176986469656,dry_higher,1247,376,none,13,wst_order1_path0013,1.0,0.1539303822408238,2462.886115853181,S2_recording_mean/S1_parent_recording_mean,1e-08
204,340,wst_order2_path0340,2,2,2.0,4.0,0.0544226085565619,0.00546875,870.7617369049904,87.5,0.008904452526329685,0.00920821544127392,0.009017696273283917,0.00924944232812318,0.0003037629149442358,0.00023174605483926303,0.5659497688068387,0.06594976880683867,0.13189953761367712,0.13189953761367712,wet_higher,1247,376,none,25,wst_order1_path0025,2.0,0.0544226085565619,870.7617369049904,S2_recording_mean/S1_parent_recording_mean,1e-08
205,288,wst_order2_path0288,2,2,2.0,6.0,0.0915275528879381,0.0013671875,1464.4408462070096,21.875,0.0033119585538695854,0.003170594175430564,0.0032049187855165764,0.0030268000205340238,-0.0001413643784390216,-0.00017811876498255268,0.4345663635277858,0.06543363647221417,-0.13086727294442835,0.13086727294442835,dry_higher,1247,376,none,19,wst_order1_path0019,2.0,0.0915275528879381,1464.4408462070096,S2_recording_mean/S1_parent_recording_mean,1e-08
206,324,wst_order2_path0324,2,2,2.0,6.0,0.0647197533124713,0.0013671875,1035.5160529995408,21.875,0.0034178585492255996,0.0032434772876281616,0.0033074769635299227,0.0031458128631075034,-0.00017438126159743808,-0.00016166410042241924,0.4346346124315378,0.06536538756846222,-0.13073077513692433,0.13073077513692433,dry_higher,1247,376,none,23,wst_order1_path0023,2.0,0.0647197533124713,1035.5160529995408,S2_recording_mean/S1_parent_recording_mean,1e-08
207,419,wst_order2_path0419,2,2,3.0,10.0,0.0249528760440561,8.544921875e-05,399.2460167048976,1.3671875,0.0004436731027296366,0.0004114396564386552,0.00042661322244385224,0.00040330972290417947,-3.2233446290981385e-05,-2.3303499539672774e-05,0.4349971847327202,0.0650028152672798,-0.1300056305345595,0.1300056305345595,dry_higher,1247,376,none,34,wst_order1_path0034,3.0,0.0249528760440561,399.2460167048976,S2_recording_mean/S1_parent_recording_mean,1e-08
208,391,wst_order2_path0391,2,2,3.0,6.0,0.0323598766562356,0.0013671875,517.7580264997697,21.875,0.004319265510711069,0.004151426790029062,0.004247719870601019,0.004008198699045042,-0.00016783872068200714,-0.00023952117155597724,0.43559436264055007,0.06440563735944993,-0.12881127471889986,0.12881127471889986,dry_higher,1247,376,none,31,wst_order1_path0031,3.0,0.0323598766562356,517.7580264997697,S2_recording_mean/S1_parent_recording_mean,1e-08
209,555,wst_order2_path0555,2,2,6.0,7.0,0.0034014130347851,0.00068359375,54.4226085565616,10.9375,0.0006731670193929417,0.0006569276683588432,0.0006763302557216282,0.0006550910582960698,-1.6239351034098523e-05,-2.123919742555837e-05,0.4359206777116142,0.06407932228838581,-0.1281586445767715,0.1281586445767715,dry_higher,1247,376,none,57,wst_order1_path0057,6.0,0.0034014130347851,54.4226085565616,S2_recording_mean/S1_parent_recording_mean,1e-08
210,223,wst_order2_path0223,2,2,1.0,10.0,0.1678622721257372,8.544921875e-05,2685.7963540117953,1.3671875,0.00047329059572657936,0.00043968549800961043,0.00045774718531726077,0.000422755409556588,-3.360509771696893e-05,-3.499177576067277e-05,0.43617661110068423,0.06382338889931577,-0.12764677779863165,0.12764677779863165,dry_higher,1247,376,none,12,wst_order1_path0012,1.0,0.1678622721257372,2685.7963540117953,S2_recording_mean/S1_parent_recording_mean,1e-08
211,297,wst_order2_path0297,2,2,2.0,6.0,0.0839311360628686,0.0013671875,1342.8981770058977,21.875,0.0033091115395289796,0.0031560314839585127,0.0031969142925488024,0.0030505715695122175,-0.00015308005557046695,-0.00014634272303658486,0.4365071917282329,0.06349280827176712,-0.12698561654353424,0.12698561654353424,dry_higher,1247,376,none,20,wst_order1_path0020,2.0,0.0839311360628686,1342.8981770058977,S2_recording_mean/S1_parent_recording_mean,1e-08
212,253,wst_order2_path0253,2,2,1.0,10.0,0.1294395066249428,8.544921875e-05,2071.0321059990847,1.3671875,0.00046879398604755536,0.0004353407108261393,0.0004549450229191092,0.0004236151332291371,-3.3453275221416044e-05,-3.132988968997211e-05,0.4365306522888976,0.06346934771110241,-0.12693869542220482,0.12693869542220482,dry_higher,1247,376,none,15,wst_order1_path0015,1.0,0.1294395066249428,2071.0321059990847,S2_recording_mean/S1_parent_recording_mean,1e-08
213,306,wst_order2_path0306,2,2,2.0,6.0,0.0769651911204119,0.0013671875,1231.4430579265904,21.875,0.003309300786192934,0.0031464203630091644,0.0031862206142900707,0.0030310419472377656,-0.0001628804231837695,-0.00015517866705230506,0.4365839717449539,0.06341602825504611,-0.12683205651009233,0.12683205651009233,dry_higher,1247,376,none,21,wst_order1_path0021,2.0,0.0769651911204119,1231.4430579265904,S2_recording_mean/S1_parent_recording_mean,1e-08
214,433,wst_order2_path0433,2,2,4.0,10.0,0.0209827840157171,8.544921875e-05,335.72454425147356,1.3671875,0.00045159033542586187,0.0004201890581487974,0.00043579669819048694,0.00040753955082183004,-3.140127727706445e-05,-2.8257147368656893e-05,0.4368782951423843,0.0631217048576157,-0.1262434097152314,0.1262434097152314,dry_higher,1247,376,none,36,wst_order1_path0036,4.0,0.0209827840157171,335.72454425147356,S2_recording_mean/S1_parent_recording_mean,1e-08
215,313,wst_order2_path0313,2,2,2.0,4.0,0.0705773914434379,0.00546875,1129.2382630950065,87.5,0.00991403467267284,0.010237664680574259,0.01002357517686226,0.010274683366257477,0.0003236300079014192,0.0002511081893952164,0.5630022692760497,0.06300226927604968,0.1260045385520996,0.1260045385520996,wet_higher,1247,376,none,22,wst_order1_path0022,2.0,0.0705773914434379,1129.2382630950065,S2_recording_mean/S1_parent_recording_mean,1e-08
216,495,wst_order2_path0495,2,2,5.0,6.0,0.0088221739304297,0.0013671875,141.15478288687518,21.875,0.001824122140225266,0.0017642059953888243,0.0018319369110164768,0.0017616801265245509,-5.991614483644159e-05,-7.025678449192594e-05,0.43704678462352203,0.06295321537647797,-0.12590643075295604,0.12590643075295604,dry_higher,1247,376,none,46,wst_order1_path0046,5.0,0.0088221739304297,141.15478288687518,S2_recording_mean/S1_parent_recording_mean,1e-08
217,109,wst_order2_path0109,2,2,0.0,4.0,0.3992460167048995,0.00546875,6387.936267278392,87.5,0.009400337400632877,0.009691578848821889,0.009187557299362848,0.009401993745741133,0.0002912414481890113,0.00021443644637828517,0.562927622037571,0.06292762203757096,0.12585524407514215,0.12585524407514215,wet_higher,1247,376,none,2,wst_order1_path0002,0.0,0.3992460167048995,6387.936267278392,S2_recording_mean/S1_parent_recording_mean,1e-08
218,404,wst_order2_path0404,2,2,3.0,11.0,0.0296741377313725,4.2724609375e-05,474.78620370196,0.68359375,0.0002378102328864022,0.0002166895944622522,0.00022840839438746413,0.0002122004828857295,-2.1120638424149986e-05,-1.620791150173462e-05,0.43722807077411313,0.06277192922588687,-0.12554385845177363,0.12554385845177363,dry_higher,1247,376,none,32,wst_order1_path0032,3.0,0.0296741377313725,474.78620370196,S2_recording_mean/S1_parent_recording_mean,1e-08
219,137,wst_order2_path0137,2,2,0.0,10.0,0.3357245442514747,8.544921875e-05,5371.592708023595,1.3671875,0.0004940511850795566,0.00046019458376763854,0.0004760530573313394,0.00044972808411181695,-3.385660131191809e-05,-2.6324973219522428e-05,0.4372941868996229,0.0627058131003771,-0.1254116262007542,0.1254116262007542,dry_higher,1247,376,none,4,wst_order1_path0004,0.0,0.3357245442514747,5371.592708023595,S2_recording_mean/S1_parent_recording_mean,1e-08
220,243,wst_order2_path0243,2,2,1.0,10.0,0.1411547828868759,8.544921875e-05,2258.4765261900147,1.3671875,0.0004726631087620637,0.00043792984521514184,0.00045902314903677866,0.0004319623328648218,-3.473326354692187e-05,-2.706081617195687e-05,0.43753732361923936,0.06246267638076064,-0.12492535276152128,0.12492535276152128,dry_higher,1247,376,none,14,wst_order1_path0014,1.0,0.1411547828868759,2258.4765261900147,S2_recording_mean/S1_parent_recording_mean,1e-08
221,569,wst_order2_path0569,2,2,7.0,8.0,0.0026228480019646,0.000341796875,41.9655680314336,5.46875,0.0006368179382978162,0.0006150145099669661,0.0006351965285825554,0.0006175099021198964,-2.18034283308501e-05,-1.768662646265903e-05,0.4375586514016619,0.06244134859833811,-0.12488269719667633,0.12488269719667633,dry_higher,1247,376,none,60,wst_order1_path0060,7.0,0.0026228480019646,41.9655680314336,S2_recording_mean/S1_parent_recording_mean,1e-08
222,362,wst_order2_path0362,2,2,3.0,9.0,0.045763776443969,0.0001708984375,732.220423103504,2.734375,0.0008717506838127855,0.0008187672668324189,0.0008582290760794505,0.0007890613100500553,-5.298341698036662e-05,-6.916776602939527e-05,0.4376802197614701,0.06231978023852991,-0.12463956047705982,0.12463956047705982,dry_higher,1247,376,none,27,wst_order1_path0027,3.0,0.045763776443969,732.220423103504,S2_recording_mean/S1_parent_recording_mean,1e-08
223,310,wst_order2_path0310,2,2,2.0,10.0,0.0769651911204119,8.544921875e-05,1231.4430579265904,1.3671875,0.0004737599954933228,0.0004393299589075513,0.00045483730839716727,0.0004317442463392623,-3.4430036585771475e-05,-2.3093062057904948e-05,0.43772714088279957,0.06227285911720043,-0.12454571823440086,0.12454571823440086,dry_higher,1247,376,none,21,wst_order1_path0021,2.0,0.0769651911204119,1231.4430579265904,S2_recording_mean/S1_parent_recording_mean,1e-08
224,126,wst_order2_path0126,2,2,0.0,10.0,0.3661102115517526,8.544921875e-05,5857.763384828042,1.3671875,0.0004927288206619679,0.0004610818320379841,0.0004784027815731965,0.0004457201395572719,-3.164698862398376e-05,-3.2682642015924605e-05,0.4379510825982358,0.062048917401764214,-0.12409783480352843,0.12409783480352843,dry_higher,1247,376,none,3,wst_order1_path0003,0.0,0.3661102115517526,5857.763384828042,S2_recording_mean/S1_parent_recording_mean,1e-08
225,440,wst_order2_path0440,2,2,4.0,10.0,0.0192412977801029,8.544921875e-05,307.8607644816464,1.3671875,0.0004517029885580985,0.00042120361074322025,0.00044004288134910353,0.0004052012379690032,-3.0499377814878254e-05,-3.484164338010031e-05,0.43801080038901874,0.06198919961098126,-0.12397839922196252,0.12397839922196252,dry_higher,1247,376,none,37,wst_order1_path0037,4.0,0.0192412977801029,307.8607644816464,S2_recording_mean/S1_parent_recording_mean,1e-08
226,217,wst_order2_path0217,2,2,1.0,4.0,0.1678622721257372,0.00546875,2685.7963540117953,87.5,0.011189244913502691,0.011470876667504388,0.011125276388743052,0.011294448782151901,0.0002816317540016971,0.00016917239340884932,0.5619102868160181,0.06191028681601807,0.12382057363203613,0.12382057363203613,wet_higher,1247,376,none,12,wst_order1_path0012,1.0,0.1678622721257372,2685.7963540117953,S2_recording_mean/S1_parent_recording_mean,1e-08
227,115,wst_order2_path0115,2,2,0.0,10.0,0.3992460167048995,8.544921875e-05,6387.936267278392,1.3671875,0.0004911341712953942,0.00045871603999531524,0.0004808684125773865,0.00044907182569852626,-3.241813130007892e-05,-3.179658687886024e-05,0.4382709993345732,0.0617290006654268,-0.1234580013308536,0.1234580013308536,dry_higher,1247,376,none,2,wst_order1_path0002,0.0,0.3992460167048995,6387.936267278392,S2_recording_mean/S1_parent_recording_mean,1e-08
228,532,wst_order2_path0532,2,2,6.0,9.0,0.0052456960039292,0.0001708984375,83.9311360628672,2.734375,0.000845044966082359,0.0007998413031826081,0.000834595092787839,0.0007845826362578923,-4.520366289975089e-05,-5.0012456529946654e-05,0.43880845945162006,0.06119154054837994,-0.12238308109675988,0.12238308109675988,dry_higher,1247,376,none,52,wst_order1_path0052,6.0,0.0052456960039292,83.9311360628672,S2_recording_mean/S1_parent_recording_mean,1e-08
229,295,wst_order2_path0295,2,2,2.0,4.0,0.0839311360628686,0.00546875,1342.8981770058977,87.5,0.010392014088307524,0.010712936100529697,0.010465494451741383,0.01074268820452772,0.00032092201222217245,0.00027719375278633697,0.5611382210923238,0.06113822109232381,0.1222764421846474,0.1222764421846474,wet_higher,1247,376,none,20,wst_order1_path0020,2.0,0.0839311360628686,1342.8981770058977,S2_recording_mean/S1_parent_recording_mean,1e-08
230,233,wst_order2_path0233,2,2,1.0,10.0,0.1539303822408238,8.544921875e-05,2462.886115853181,1.3671875,0.00047436318859129953,0.00043998051338420247,0.0004617430264928798,0.000431338096127586,-3.438267520709706e-05,-3.04049303652938e-05,0.4388916378030678,0.06110836219693222,-0.12221672439386444,0.12221672439386444,dry_higher,1247,376,none,13,wst_order1_path0013,1.0,0.1539303822408238,2462.886115853181,S2_recording_mean/S1_parent_recording_mean,1e-08
231,537,wst_order2_path0537,2,2,6.0,9.0,0.0048103244450257,0.0001708984375,76.96519112041119,2.734375,0.0008276270404619617,0.0007861565728642935,0.0008108382467548816,0.0007807458907623656,-4.147046759766821e-05,-3.0092355992516074e-05,0.438936426146155,0.06106357385384498,-0.12212714770768995,0.12212714770768995,dry_higher,1247,376,none,53,wst_order1_path0053,6.0,0.0048103244450257,76.96519112041119,S2_recording_mean/S1_parent_recording_mean,1e-08
232,166,wst_order2_path0166,2,2,0.0,6.0,0.2588790132498857,0.0013671875,4142.064211998171,21.875,0.0030603261674133097,0.002848344366311733,0.002868374963088094,0.002711532464964922,-0.00021198180110157654,-0.00015684249812317197,0.43946962070671736,0.06053037929328264,-0.12106075858656518,0.12106075858656518,dry_higher,1247,376,none,7,wst_order1_path0007,0.0,0.2588790132498857,4142.064211998171,S2_recording_mean/S1_parent_recording_mean,1e-08
233,527,wst_order2_path0527,2,2,6.0,9.0,0.0057204720554961,0.0001708984375,91.5275528879376,2.734375,0.0008711572344766232,0.0008256876613686058,0.0008574078451571578,0.0008175874962306851,-4.5469573108017445e-05,-3.9820348926472766e-05,0.4400667986145473,0.05993320138545272,-0.11986640277090554,0.11986640277090554,dry_higher,1247,376,none,51,wst_order1_path0051,6.0,0.0057204720554961,91.5275528879376,S2_recording_mean/S1_parent_recording_mean,1e-08
234,337,wst_order2_path0337,2,2,2.0,10.0,0.0593482754627451,8.544921875e-05,949.5724074039216,1.3671875,0.0004601698113948496,0.0004294990191051762,0.00043958483022144034,0.0004160374971550043,-3.067079228967338e-05,-2.354733306643604e-05,0.4400923919534543,0.05990760804654571,-0.11981521609309154,0.11981521609309154,dry_higher,1247,376,none,24,wst_order1_path0024,2.0,0.0593482754627451,949.5724074039216,S2_recording_mean/S1_parent_recording_mean,1e-08
235,468,wst_order2_path0468,2,2,4.0,10.0,0.0136056521391404,8.544921875e-05,217.6904342262464,1.3671875,0.0004622228871466464,0.0004352181530925565,0.0004542215955053654,0.00041911052655757596,-2.700473405408988e-05,-3.511106894778942e-05,0.4402160930915047,0.05978390690849528,-0.11956781381699055,0.11956781381699055,dry_higher,1247,376,none,41,wst_order1_path0041,4.0,0.0136056521391404,217.6904342262464,S2_recording_mean/S1_parent_recording_mean,1e-08
236,379,wst_order2_path0379,2,2,3.0,10.0,0.0384825955602059,8.544921875e-05,615.7215289632943,1.3671875,0.00045076525654763654,0.000421122891899831,0.0004311609028042201,0.0004047407130445639,-2.964236464780552e-05,-2.642018975965621e-05,0.44032486478185945,0.05967513521814055,-0.1193502704362811,0.1193502704362811,dry_higher,1247,376,none,29,wst_order1_path0029,3.0,0.0384825955602059,615.7215289632943,S2_recording_mean/S1_parent_recording_mean,1e-08
237,547,wst_order2_path0547,2,2,6.0,9.0,0.0040449845820294,0.0001708984375,64.7197533124704,2.734375,0.0007824354472855122,0.000743288675007739,0.0007679815387243532,0.0007303680265415575,-3.914677227777319e-05,-3.761351218279567e-05,0.4408729887901175,0.05912701120988251,-0.1182540224197649,0.1182540224197649,dry_higher,1247,376,none,55,wst_order1_path0055,6.0,0.0040449845820294,64.7197533124704,S2_recording_mean/S1_parent_recording_mean,1e-08
238,339,wst_order2_path0339,2,2,2.0,3.0,0.0544226085565619,0.0109375,870.7617369049904,175.0,0.008139409303192695,0.008393132337917815,0.008207412376286352,0.008431184696110232,0.00025372303472511945,0.00022377231982387974,0.5588796089337815,0.058879608933781524,0.11775921786756305,0.11775921786756305,wet_higher,1247,376,none,25,wst_order1_path0025,2.0,0.0544226085565619,870.7617369049904,S2_recording_mean/S1_parent_recording_mean,1e-08
239,333,wst_order2_path0333,2,2,2.0,6.0,0.0593482754627451,0.0013671875,949.5724074039216,21.875,0.0035800039330735516,0.003418909339726361,0.00346609410040405,0.003317762749883195,-0.00016109459334719047,-0.00014833135052085477,0.44118010885700154,0.05881989114299846,-0.11763978228599703,0.11763978228599703,dry_higher,1247,376,none,24,wst_order1_path0024,2.0,0.0593482754627451,949.5724074039216,S2_recording_mean/S1_parent_recording_mean,1e-08
240,319,wst_order2_path0319,2,2,2.0,10.0,0.0705773914434379,8.544921875e-05,1129.2382630950065,1.3671875,0.0004732422142133809,0.00044209753362728507,0.0004530744618192913,0.00042967865064570665,-3.114468058609582e-05,-2.339581117358463e-05,0.441286747769114,0.058713252230886026,-0.11742650446177205,0.11742650446177205,dry_higher,1247,376,none,22,wst_order1_path0022,2.0,0.0705773914434379,1129.2382630950065,S2_recording_mean/S1_parent_recording_mean,1e-08
241,346,wst_order2_path0346,2,2,2.0,10.0,0.0544226085565619,8.544921875e-05,870.7617369049904,1.3671875,0.0004537555608941012,0.00042435634685718444,0.0004341885884743027,0.0004028854514069794,-2.9399214036916765e-05,-3.130313706732331e-05,0.44134433278165464,0.058655667218345364,-0.11731133443669062,0.11731133443669062,dry_higher,1247,376,none,25,wst_order1_path0025,2.0,0.0544226085565619,870.7617369049904,S2_recording_mean/S1_parent_recording_mean,1e-08
242,331,wst_order2_path0331,2,2,2.0,4.0,0.0593482754627451,0.00546875,949.5724074039216,87.5,0.009292995606142367,0.009557303561635637,0.009363954783359597,0.009665145040822613,0.00026430795549326966,0.000301190257463016,0.5584957088501766,0.05849570885017663,0.11699141770035326,0.11699141770035326,wet_higher,1247,376,none,24,wst_order1_path0024,2.0,0.0593482754627451,949.5724074039216,S2_recording_mean/S1_parent_recording_mean,1e-08
243,188,wst_order2_path0188,2,2,0.0,6.0,0.2176904342262477,0.0013671875,3483.0469476199632,21.875,0.0031581890572131292,0.0029670414921291804,0.002991487640139329,0.0028418668754449585,-0.00019114756508394884,-0.00014962076469437037,0.4416279922878739,0.058372007712126084,-0.11674401542425228,0.11674401542425228,dry_higher,1247,376,none,9,wst_order1_path0009,0.0,0.2176904342262477,3483.0469476199632,S2_recording_mean/S1_parent_recording_mean,1e-08
244,342,wst_order2_path0342,2,2,2.0,6.0,0.0544226085565619,0.0013671875,870.7617369049904,21.875,0.00371128510852242,0.0035385227987139085,0.0035961658844514822,0.0034578908863680032,-0.00017276230980851166,-0.000138274998083479,0.4416898428568991,0.058310157143100894,-0.11662031428620179,0.11662031428620179,dry_higher,1247,376,none,25,wst_order1_path0025,2.0,0.0544226085565619,870.7617369049904,S2_recording_mean/S1_parent_recording_mean,1e-08
245,130,wst_order2_path0130,2,2,0.0,3.0,0.3357245442514747,0.0109375,5371.592708023595,175.0,0.022008205516511104,0.022467187406413267,0.02176801677269476,0.021943778084601885,0.00045898188990216304,0.0001757613119071251,0.5581565971096589,0.058156597109658925,0.11631319421931785,0.11631319421931785,wet_higher,1247,376,none,4,wst_order1_path0004,0.0,0.3357245442514747,5371.592708023595,S2_recording_mean/S1_parent_recording_mean,1e-08
246,133,wst_order2_path0133,2,2,0.0,6.0,0.3357245442514747,0.0013671875,5371.592708023595,21.875,0.002828180359118038,0.0026461914923803756,0.0026455214961631896,0.002496707533062777,-0.00018198886673766223,-0.0001488139631004126,0.44237873022914564,0.057621269770854355,-0.1152425395417086,0.1152425395417086,dry_higher,1247,376,none,4,wst_order1_path0004,0.0,0.3357245442514747,5371.592708023595,S2_recording_mean/S1_parent_recording_mean,1e-08
247,487,wst_order2_path0487,2,2,5.0,10.0,0.0104913920078585,8.544921875e-05,167.862272125736,1.3671875,0.0004823154459266228,0.00045599524675313106,0.00047140844918162303,0.00043805671700837166,-2.632019917349175e-05,-3.3351732173251376e-05,0.4427540991997816,0.05724590080021841,-0.11449180160043682,0.11449180160043682,dry_higher,1247,376,none,44,wst_order1_path0044,5.0,0.0104913920078585,167.862272125736,S2_recording_mean/S1_parent_recording_mean,1e-08
248,263,wst_order2_path0263,2,2,1.0,10.0,0.1186965509254903,8.544921875e-05,1899.1448148078448,1.3671875,0.00046733773491787375,0.0004371776966313469,0.0004540974897912701,0.00042754929585052745,-3.016003828652683e-05,-2.6548193940742633e-05,0.4428969953420123,0.05710300465798768,-0.11420600931597535,0.11420600931597535,dry_higher,1247,376,none,16,wst_order1_path0016,1.0,0.1186965509254903,1899.1448148078448,S2_recording_mean/S1_parent_recording_mean,1e-08
249,322,wst_order2_path0322,2,2,2.0,4.0,0.0647197533124713,0.00546875,1035.5160529995408,87.5,0.009598596508635782,0.009912464676963875,0.009705128676385111,0.009891616704139312,0.0003138681683280929,0.00018648802775420026,0.5571030046579877,0.05710300465798768,0.11420600931597535,0.11420600931597535,wet_higher,1247,376,none,23,wst_order1_path0023,2.0,0.0647197533124713,1035.5160529995408,S2_recording_mean/S1_parent_recording_mean,1e-08
250,104,wst_order2_path0104,2,2,0.0,10.0,0.4353808684524956,8.544921875e-05,6966.093895239929,1.3671875,0.0004883863971144301,0.0004574154788533706,0.00047545918833479564,0.00044184455209617145,-3.097091826105954e-05,-3.3614636238624184e-05,0.44315292873108225,0.05684707126891775,-0.1136941425378355,0.1136941425378355,dry_higher,1247,376,none,1,wst_order1_path0001,0.0,0.4353808684524956,6966.093895239929,S2_recording_mean/S1_parent_recording_mean,1e-08
251,426,wst_order2_path0426,2,2,4.0,10.0,0.0228818882219845,8.544921875e-05,366.110211551752,1.3671875,0.00044744111109521807,0.0004191101535484094,0.0004335401013832985,0.00040523835968614007,-2.8330957546808685e-05,-2.8301741697158442e-05,0.44320411540889626,0.05679588459110374,-0.11359176918220748,0.11359176918220748,dry_higher,1247,376,none,35,wst_order1_path0035,4.0,0.0228818882219845,366.110211551752,S2_recording_mean/S1_parent_recording_mean,1e-08
252,213,wst_order2_path0213,2,2,1.0,10.0,0.1830551057758762,8.544921875e-05,2928.881692414019,1.3671875,0.0004756202296449235,0.0004446962209566329,0.00046041792050542006,0.0004402518878942553,-3.092400868829064e-05,-2.0166032611164755e-05,0.4436008121619546,0.05639918783804537,-0.11279837567609075,0.11279837567609075,dry_higher,1247,376,none,11,wst_order1_path0011,1.0,0.1830551057758762,2928.881692414019,S2_recording_mean/S1_parent_recording_mean,1e-08
253,227,wst_order2_path0227,2,2,1.0,4.0,0.1539303822408238,0.00546875,2462.886115853181,87.5,0.011220640260455906,0.011524386932720823,0.011184179818019611,0.011357718135085793,0.0003037466722649179,0.00017353831706618146,0.5563437356037468,0.056343735603746836,0.11268747120749367,0.11268747120749367,wet_higher,1247,376,none,13,wst_order1_path0013,1.0,0.1539303822408238,2462.886115853181,S2_recording_mean/S1_parent_recording_mean,1e-08
254,153,wst_order2_path0153,2,2,0.0,4.0,0.2823095657737521,0.00546875,4516.953052380034,87.5,0.010146278923381057,0.010366531500805668,0.010035602407485411,0.01019599214819604,0.0002202525774246105,0.00016038974071062861,0.5558702588339675,0.05587025883396746,0.11174051766793491,0.11174051766793491,wet_higher,1247,376,none,6,wst_order1_path0006,0.0,0.2823095657737521,4516.953052380034,S2_recording_mean/S1_parent_recording_mean,1e-08
255,373,wst_order2_path0373,2,2,3.0,4.0,0.0384825955602059,0.00546875,615.7215289632943,87.5,0.006435292998171941,0.006636640576779043,0.006490428050924974,0.006728930175309273,0.00020134757860710163,0.00023850212438429955,0.5553114709344981,0.055311470934498064,0.11062294186899613,0.11062294186899613,wet_higher,1247,376,none,29,wst_order1_path0029,3.0,0.0384825955602059,615.7215289632943,S2_recording_mean/S1_parent_recording_mean,1e-08
256,148,wst_order2_path0148,2,2,0.0,10.0,0.3078607644816478,8.544921875e-05,4925.772231706364,1.3671875,0.0004943642529994761,0.00046480574010202404,0.00048183292314765485,0.00045334662381080106,-2.9558512897452107e-05,-2.848629933685379e-05,0.4449508607892985,0.05504913921070148,-0.11009827842140285,0.11009827842140285,dry_higher,1247,376,none,5,wst_order1_path0005,0.0,0.3078607644816478,4925.772231706364,S2_recording_mean/S1_parent_recording_mean,1e-08
257,141,wst_order2_path0141,2,2,0.0,3.0,0.3078607644816478,0.0109375,4925.772231706364,175.0,0.022178773888402444,0.02253768077236331,0.021988613587904365,0.02227480632830576,0.0003589068839608654,0.00028619274040139406,0.5550043508676142,0.05500435086761424,0.11000870173522848,0.11000870173522848,wet_higher,1247,376,none,5,wst_order1_path0005,0.0,0.3078607644816478,4925.772231706364,S2_recording_mean/S1_parent_recording_mean,1e-08
258,388,wst_order2_path0388,2,2,3.0,11.0,0.0352886957217189,4.2724609375e-05,564.6191315475024,0.68359375,0.00024091920700234634,0.00022226809390969612,0.000233384505654578,0.00022083583855600855,-1.8651113092650216e-05,-1.2548667098569448e-05,0.44510228804449825,0.05489771195550175,-0.10979542391100339,0.10979542391100339,dry_higher,1247,376,none,30,wst_order1_path0030,3.0,0.0352886957217189,564.6191315475024,S2_recording_mean/S1_parent_recording_mean,1e-08
259,570,wst_order2_path0570,2,2,7.0,9.0,0.0026228480019646,0.0001708984375,41.9655680314336,2.734375,0.0006188350677716055,0.0005952905786034855,0.0006125905291285268,0.0005913581859296995,-2.354448916811998e-05,-2.1232343198827257e-05,0.44511508471395184,0.054884915286048164,-0.10976983057209644,0.10976983057209644,dry_higher,1247,376,none,60,wst_order1_path0060,7.0,0.0026228480019646,41.9655680314336,S2_recording_mean/S1_parent_recording_mean,1e-08
260,203,wst_order2_path0203,2,2,0.0,10.0,0.1996230083524497,8.544921875e-05,3193.968133639195,1.3671875,0.0004741471755844742,0.00044485248254096625,0.0004614674815407353,0.00043621279522424795,-2.9294693043507966e-05,-2.5254686316487365e-05,0.44559495981845787,0.05440504018154213,-0.10881008036308415,0.10881008036308415,dry_higher,1247,376,none,10,wst_order1_path0010,0.0,0.1996230083524497,3193.968133639195,S2_recording_mean/S1_parent_recording_mean,1e-08
261,152,wst_order2_path0152,2,2,0.0,3.0,0.2823095657737521,0.0109375,4516.953052380034,175.0,0.022214501394415935,0.022599993580134266,0.022055296685843988,0.022451201770854835,0.00038549218571833077,0.00039590508501084754,0.5539123684075825,0.05391236840758251,0.1078247368151648,0.1078247368151648,wet_higher,1247,376,none,6,wst_order1_path0006,0.0,0.2823095657737521,4516.953052380034,S2_recording_mean/S1_parent_recording_mean,1e-08
262,155,wst_order2_path0155,2,2,0.0,6.0,0.2823095657737521,0.0013671875,4516.953052380034,21.875,0.002994378443163487,0.0028067441375737006,0.0028033604223222097,0.00264945271913813,-0.00018763430558978644,-0.00015390770318407954,0.4463201044208227,0.053679895579177295,-0.10735979115835448,0.10735979115835448,dry_higher,1247,376,none,6,wst_order1_path0006,0.0,0.2823095657737521,4516.953052380034,S2_recording_mean/S1_parent_recording_mean,1e-08
263,481,wst_order2_path0481,2,2,5.0,10.0,0.0114409441109922,8.544921875e-05,183.0551057758752,1.3671875,0.0004744936570168632,0.0004492265690347649,0.0004633420190262386,0.0004391881844722542,-2.526708798209832e-05,-2.4153834553984415e-05,0.4464395400023887,0.053560459997611276,-0.10712091999522255,0.10712091999522255,dry_higher,1247,376,none,43,wst_order1_path0043,5.0,0.0114409441109922,183.0551057758752,S2_recording_mean/S1_parent_recording_mean,1e-08
264,355,wst_order2_path0355,2,2,2.0,10.0,0.0499057520881124,8.544921875e-05,798.4920334097983,1.3671875,0.0004507781417426526,0.00042245772558921273,0.00042860611640709923,0.00040280700492839844,-2.832041615343986e-05,-2.5799111478700797e-05,0.4466016311487997,0.053398368851200306,-0.10679673770240061,0.10679673770240061,dry_higher,1247,376,none,26,wst_order1_path0026,2.0,0.0499057520881124,798.4920334097983,S2_recording_mean/S1_parent_recording_mean,1e-08
265,550,wst_order2_path0550,2,2,6.0,7.0,0.0037092672164215,0.00068359375,59.348275462744,10.9375,0.0007683235229350722,0.0007462806384868097,0.0007721710025808457,0.0007494417007646256,-2.204288444826246e-05,-2.2729301816220107e-05,0.44672106673036566,0.05327893326963434,-0.10655786653926869,0.10655786653926869,dry_higher,1247,376,none,56,wst_order1_path0056,6.0,0.0037092672164215,59.348275462744,S2_recording_mean/S1_parent_recording_mean,1e-08
266,237,wst_order2_path0237,2,2,1.0,4.0,0.1411547828868759,0.00546875,2258.4765261900147,87.5,0.011300205482963071,0.011531637713568856,0.011280087492499952,0.011500364204022381,0.00023143223060578463,0.00022027671152242967,0.5529952737634152,0.052995273763415174,0.10599054752683035,0.10599054752683035,wet_higher,1247,376,none,14,wst_order1_path0014,1.0,0.1411547828868759,2258.4765261900147,S2_recording_mean/S1_parent_recording_mean,1e-08
267,204,wst_order2_path0204,2,2,0.0,11.0,0.1996230083524497,4.2724609375e-05,3193.968133639195,0.68359375,0.00023950779570497863,0.0002219347975192135,0.00023106537227827266,0.00021866464445532518,-1.7572998185765124e-05,-1.2400727822947476e-05,0.447117763483424,0.052882236516575976,-0.10576447303315195,0.10576447303315195,dry_higher,1247,376,none,10,wst_order1_path0010,0.0,0.1996230083524497,3193.968133639195,S2_recording_mean/S1_parent_recording_mean,1e-08
268,219,wst_order2_path0219,2,2,1.0,6.0,0.1678622721257372,0.0013671875,2685.7963540117953,21.875,0.0032016562681135485,0.0030466271856551216,0.003042576799137102,0.0029161819616951743,-0.0001550290824584269,-0.0001263948374419276,0.4474120868808545,0.05258791311914551,-0.10517582623829103,0.10517582623829103,dry_higher,1247,376,none,12,wst_order1_path0012,1.0,0.1678622721257372,2685.7963540117953,S2_recording_mean/S1_parent_recording_mean,1e-08
269,131,wst_order2_path0131,2,2,0.0,4.0,0.3357245442514747,0.00546875,5371.592708023595,87.5,0.00981200021871898,0.010042788741703645,0.009663739954052895,0.00985747533918772,0.00023078852298466512,0.0001937353851348255,0.5525047347676979,0.0525047347676979,0.10500946953539558,0.10500946953539558,wet_higher,1247,376,none,4,wst_order1_path0004,0.0,0.3357245442514747,5371.592708023595,S2_recording_mean/S1_parent_recording_mean,1e-08
270,456,wst_order2_path0456,2,2,4.0,5.0,0.0148370688656862,0.002734375,237.3931018509792,43.75,0.0026820724324020176,0.002614390645753935,0.0026980237444277316,0.0025955540405920552,-6.76817866480826e-05,-0.00010246970383567637,0.4475357880189049,0.05246421198109508,-0.10492842396219015,0.10492842396219015,dry_higher,1247,376,none,40,wst_order1_path0040,4.0,0.0148370688656862,237.3931018509792,S2_recording_mean/S1_parent_recording_mean,1e-08
271,127,wst_order2_path0127,2,2,0.0,11.0,0.3661102115517526,4.2724609375e-05,5857.763384828042,0.68359375,0.00024798336616700315,0.00022924090527877408,0.00024006014062906712,0.0002268523662956577,-1.874246088822906e-05,-1.3207774333409429e-05,0.447561381357812,0.05243861864218802,-0.10487723728437615,0.10487723728437615,dry_higher,1247,376,none,3,wst_order1_path0003,0.0,0.3661102115517526,5857.763384828042,S2_recording_mean/S1_parent_recording_mean,1e-08
272,193,wst_order2_path0193,2,2,0.0,11.0,0.2176904342262477,4.2724609375e-05,3483.0469476199632,0.68359375,0.0002401521449332699,0.0002223553296488959,0.0002307520501257146,0.0002168392074010545,-1.779681528437402e-05,-1.3912842724660086e-05,0.44764882526574423,0.05235117473425577,-0.10470234946851165,0.10470234946851165,dry_higher,1247,376,none,9,wst_order1_path0009,0.0,0.2176904342262477,3483.0469476199632,S2_recording_mean/S1_parent_recording_mean,1e-08
273,475,wst_order2_path0475,2,2,4.0,10.0,0.012476438022028,8.544921875e-05,199.623008352448,1.3671875,0.00046636193247175795,0.00044168904045783965,0.0004564715129551568,0.00042934043284207154,-2.4672892013918293e-05,-2.7131080113085282e-05,0.4476808169393779,0.05231918306062211,-0.10463836612124422,0.10463836612124422,dry_higher,1247,376,none,42,wst_order1_path0042,4.0,0.012476438022028,199.623008352448,S2_recording_mean/S1_parent_recording_mean,1e-08
274,557,wst_order2_path0557,2,2,6.0,9.0,0.0034014130347851,0.0001708984375,54.4226085565616,2.734375,0.0007198882560666143,0.0006905093413944381,0.000709035932226401,0.000678724592451427,-2.937891467217626e-05,-3.0311339774973987e-05,0.44768934805234695,0.05231065194765305,-0.10462130389530622,0.10462130389530622,dry_higher,1247,376,none,57,wst_order1_path0057,6.0,0.0034014130347851,54.4226085565616,S2_recording_mean/S1_parent_recording_mean,1e-08
275,381,wst_order2_path0381,2,2,3.0,4.0,0.0352886957217189,0.00546875,564.6191315475024,87.5,0.005716720492326541,0.005892476606949579,0.005736888516280798,0.005900669040581664,0.00017575611462303763,0.0001637805243008654,0.5522893241652306,0.05228932416523058,0.10457864833046115,0.10457864833046115,wet_higher,1247,376,none,30,wst_order1_path0030,3.0,0.0352886957217189,564.6191315475024,S2_recording_mean/S1_parent_recording_mean,1e-08
276,119,wst_order2_path0119,2,2,0.0,3.0,0.3661102115517526,0.0109375,5857.763384828042,175.0,0.021797232729309206,0.02222421455063546,0.02155150196388096,0.02177442934328587,0.0004269818213262534,0.0002229273794049115,0.5521954819225716,0.05219548192257162,0.10439096384514324,0.10439096384514324,wet_higher,1247,376,none,3,wst_order1_path0003,0.0,0.3661102115517526,5857.763384828042,S2_recording_mean/S1_parent_recording_mean,1e-08
277,98,wst_order2_path0098,2,2,0.0,4.0,0.4353808684524956,0.00546875,6966.093895239929,87.5,0.009511215629667068,0.009727436416932241,0.009307288350904764,0.009458441451271123,0.0002162207872651728,0.00015115310036635868,0.552078179119248,0.05207817911924795,0.1041563582384959,0.1041563582384959,wet_higher,1247,376,none,1,wst_order1_path0001,0.0,0.4353808684524956,6966.093895239929,S2_recording_mean/S1_parent_recording_mean,1e-08
278,397,wst_order2_path0397,2,2,3.0,4.0,0.0296741377313725,0.00546875,474.78620370196,87.5,0.004739726066419337,0.0048785712086876565,0.004714542929870936,0.004855600612617106,0.0001388451422683198,0.00014105768274617035,0.551771059052364,0.05177105905236401,0.10354211810472802,0.10354211810472802,wet_higher,1247,376,none,32,wst_order1_path0032,3.0,0.0296741377313725,474.78620370196,S2_recording_mean/S1_parent_recording_mean,1e-08
279,247,wst_order2_path0247,2,2,1.0,4.0,0.1294395066249428,0.00546875,2071.0321059990847,87.5,0.011250590590841493,0.011488395878343077,0.011228072384778983,0.011390145265248834,0.00023780528750158396,0.00016207288046985076,0.551711341261581,0.051711341261580945,0.10342268252316189,0.10342268252316189,wet_higher,1247,376,none,15,wst_order1_path0015,1.0,0.1294395066249428,2071.0321059990847,S2_recording_mean/S1_parent_recording_mean,1e-08
280,573,wst_order2_path0573,2,2,7.0,8.0,0.0024051622225128,0.000341796875,38.4825955602048,5.46875,0.0005614988328899259,0.0005475775963452187,0.0005602732784911454,0.000545478926829273,-1.392123654470718e-05,-1.4794351661872414e-05,0.44845928099779897,0.05154071900220103,-0.10308143800440206,0.10308143800440206,dry_higher,1247,376,none,61,wst_order1_path0061,7.0,0.0024051622225128,38.4825955602048,S2_recording_mean/S1_parent_recording_mean,1e-08
281,482,wst_order2_path0482,2,2,5.0,11.0,0.0114409441109922,4.2724609375e-05,183.0551057758752,0.68359375,0.00023430153349137108,0.00021738239358115398,0.0002244603253563621,0.00020577388451099344,-1.6919139910217098e-05,-1.8686440845368664e-05,0.4484827415584637,0.05151725844153632,-0.10303451688307252,0.10303451688307252,dry_higher,1247,376,none,43,wst_order1_path0043,5.0,0.0114409441109922,183.0551057758752,S2_recording_mean/S1_parent_recording_mean,1e-08
282,357,wst_order2_path0357,2,2,3.0,4.0,0.045763776443969,0.00546875,732.220423103504,87.5,0.007834423302419548,0.007994784392921256,0.00787783677041133,0.00809616952745243,0.00016036109050170805,0.00021833275704109985,0.5512698561654353,0.051269856165435335,0.10253971233087067,0.10253971233087067,wet_higher,1247,376,none,27,wst_order1_path0027,3.0,0.045763776443969,732.220423103504,S2_recording_mean/S1_parent_recording_mean,1e-08
283,214,wst_order2_path0214,2,2,1.0,11.0,0.1830551057758762,4.2724609375e-05,2928.881692414019,0.68359375,0.00024141383507019756,0.00022387080059482932,0.00023373521686128503,0.00021899207320148572,-1.7543034475368244e-05,-1.4743143659799312e-05,0.4487877288471054,0.05121227115289462,-0.10242454230578923,0.10242454230578923,dry_higher,1247,376,none,11,wst_order1_path0011,1.0,0.1830551057758762,2928.881692414019,S2_recording_mean/S1_parent_recording_mean,1e-08
284,371,wst_order2_path0371,2,2,3.0,10.0,0.0419655680314342,8.544921875e-05,671.4490885029471,1.3671875,0.0004520080891692971,0.00042392969641077456,0.00043361922209804536,0.0004031121201694171,-2.8078392758522548e-05,-3.0507101928628228e-05,0.4487898616253476,0.05121013837465238,-0.10242027674930476,0.10242027674930476,dry_higher,1247,376,none,28,wst_order1_path0028,3.0,0.0419655680314342,671.4490885029471,S2_recording_mean/S1_parent_recording_mean,1e-08
285,160,wst_order2_path0160,2,2,0.0,11.0,0.2823095657737521,4.2724609375e-05,4516.953052380034,0.68359375,0.0002445123813356686,0.00022759253905532876,0.00023419158199699782,0.00022133538527188484,-1.6919842280339854e-05,-1.285619672511298e-05,0.44880052551655886,0.05119947448344114,-0.10239894896688218,0.10239894896688218,dry_higher,1247,376,none,6,wst_order1_path0006,0.0,0.2823095657737521,4516.953052380034,S2_recording_mean/S1_parent_recording_mean,1e-08
286,274,wst_order2_path0274,2,2,1.0,11.0,0.1088452171131238,4.2724609375e-05,1741.5234738099807,0.68359375,0.00023904903604162245,0.00022098505229391517,0.00023377655424724144,0.0002169353029690062,-1.8063983747707284e-05,-1.684125127823525e-05,0.4488325171901927,0.05116748280980732,-0.10233496561961475,0.10233496561961475,dry_higher,1247,376,none,17,wst_order1_path0017,1.0,0.1088452171131238,1741.5234738099807,S2_recording_mean/S1_parent_recording_mean,1e-08
287,138,wst_order2_path0138,2,2,0.0,11.0,0.3357245442514747,4.2724609375e-05,5371.592708023595,0.68359375,0.0002476157299956671,0.00022925748364084004,0.0002412069398400452,0.00022598252377198364,-1.8358246354827085e-05,-1.5224416068061557e-05,0.4489924755583613,0.051007524441638696,-0.10201504888327728,0.10201504888327728,dry_higher,1247,376,none,4,wst_order1_path0004,0.0,0.3357245442514747,5371.592708023595,S2_recording_mean/S1_parent_recording_mean,1e-08
288,574,wst_order2_path0574,2,2,7.0,9.0,0.0024051622225128,0.0001708984375,38.4825955602048,2.734375,0.0005794041303337449,0.000561096181754795,0.0005757504032883749,0.0005531304013476534,-1.830794857894994e-05,-2.2620001940721452e-05,0.4491758944871948,0.050824105512805196,-0.10164821102561039,0.10164821102561039,dry_higher,1247,376,none,61,wst_order1_path0061,7.0,0.0024051622225128,38.4825955602048,S2_recording_mean/S1_parent_recording_mean,1e-08
289,116,wst_order2_path0116,2,2,0.0,11.0,0.3992460167048995,4.2724609375e-05,6387.936267278392,0.68359375,0.00024775503722934147,0.00022944574315461589,0.0002389224657572922,0.0002260179762486283,-1.830929407472558e-05,-1.290448950866388e-05,0.44962804347455165,0.05037195652544835,-0.10074391305089658,0.10074391305089658,dry_higher,1247,376,none,2,wst_order1_path0002,0.0,0.3992460167048995,6387.936267278392,S2_recording_mean/S1_parent_recording_mean,1e-08
290,267,wst_order2_path0267,2,2,1.0,4.0,0.1088452171131238,0.00546875,1741.5234738099807,87.5,0.011046213473687455,0.011307386272979501,0.011058861326206378,0.011318300876142842,0.00026117279929204623,0.0002594395499364646,0.5500349775631729,0.05003497756317288,0.10006995512634576,0.10006995512634576,wet_higher,1247,376,none,17,wst_order1_path0017,1.0,0.1088452171131238,1741.5234738099807,S2_recording_mean/S1_parent_recording_mean,1e-08
291,501,wst_order2_path0501,2,2,5.0,6.0,0.0080899691640589,0.0013671875,129.43950662494242,21.875,0.0015901401315459541,0.001555775688636784,0.0016051260204992181,0.0015484198482069746,-3.436444290917011e-05,-5.6706172292243524e-05,0.4501527069221451,0.049847293077854904,-0.09969458615570992,0.09969458615570992,dry_higher,1247,376,none,47,wst_order1_path0047,5.0,0.0080899691640589,129.43950662494242,S2_recording_mean/S1_parent_recording_mean,1e-08
292,192,wst_order2_path0192,2,2,0.0,10.0,0.2176904342262477,8.544921875e-05,3483.0469476199632,1.3671875,0.0004747256360353221,0.00044752149796438846,0.0004590134461298283,0.0004305657027401607,-2.7204138070933666e-05,-2.8447743389667607e-05,0.45016976914808304,0.04983023085191696,-0.09966046170383391,0.09966046170383391,dry_higher,1247,376,none,9,wst_order1_path0009,0.0,0.2176904342262477,3483.0469476199632,S2_recording_mean/S1_parent_recording_mean,1e-08
293,269,wst_order2_path0269,2,2,1.0,6.0,0.1088452171131238,0.0013671875,1741.5234738099807,21.875,0.0032311948631505365,0.0031065540768545727,0.0031199765062676077,0.0030109281360072744,-0.00012464078629596375,-0.00010904837026033329,0.4503126652903138,0.049687334709686226,-0.09937466941937245,0.09937466941937245,dry_higher,1247,376,none,17,wst_order1_path0017,1.0,0.1088452171131238,1741.5234738099807,S2_recording_mean/S1_parent_recording_mean,1e-08
294,552,wst_order2_path0552,2,2,6.0,9.0,0.0037092672164215,0.0001708984375,59.348275462744,2.734375,0.0007468849155259301,0.0007156232187205003,0.000730516041862812,0.0007042153233207484,-3.1261696805429747e-05,-2.6300718542063566e-05,0.4504278353153953,0.04957216468460468,-0.09914432936920947,0.09914432936920947,dry_higher,1247,376,none,56,wst_order1_path0056,6.0,0.0037092672164215,59.348275462744,S2_recording_mean/S1_parent_recording_mean,1e-08
295,216,wst_order2_path0216,2,2,1.0,3.0,0.1678622721257372,0.0109375,2685.7963540117953,175.0,0.021844396890074964,0.022201265304886194,0.021925436681957476,0.022272274798510898,0.00035686841481123027,0.0003468381165534218,0.5494676585507345,0.04946765855073454,0.09893531710146908,0.09893531710146908,wet_higher,1247,376,none,12,wst_order1_path0012,1.0,0.1678622721257372,2685.7963540117953,S2_recording_mean/S1_parent_recording_mean,1e-08
296,159,wst_order2_path0159,2,2,0.0,10.0,0.2823095657737521,8.544921875e-05,4516.953052380034,1.3671875,0.0004912463693374815,0.0004635558637595478,0.00048020140730260904,0.00045760665623670793,-2.769050557793366e-05,-2.2594751065901117e-05,0.45065390980907366,0.04934609019092634,-0.09869218038185257,0.09869218038185257,dry_higher,1247,376,none,6,wst_order1_path0006,0.0,0.2823095657737521,4516.953052380034,S2_recording_mean/S1_parent_recording_mean,1e-08
297,586,wst_order2_path0586,2,2,7.0,9.0,0.0018546336082107,0.0001708984375,29.6741377313712,2.734375,0.0004655475825707732,0.0004504283190566398,0.000464478811036045,0.00044783088734623824,-1.5119263514133435e-05,-1.6647923689806776e-05,0.45069016703919196,0.04930983296080804,-0.09861966592161608,0.09861966592161608,dry_higher,1247,376,none,64,wst_order1_path0064,7.0,0.0018546336082107,29.6741377313712,S2_recording_mean/S1_parent_recording_mean,1e-08
298,105,wst_order2_path0105,2,2,0.0,11.0,0.4353808684524956,4.2724609375e-05,6966.093895239929,0.68359375,0.0002472883116119366,0.00022921224212951044,0.00023639422918880722,0.0002244852368908905,-1.807606948242614e-05,-1.1908992297916723e-05,0.4508309304031804,0.0491690695968196,-0.0983381391936392,0.0983381391936392,dry_higher,1247,376,none,1,wst_order1_path0001,0.0,0.4353808684524956,6966.093895239929,S2_recording_mean/S1_parent_recording_mean,1e-08
299,186,wst_order2_path0186,2,2,0.0,4.0,0.2176904342262477,0.00546875,3483.0469476199632,87.5,0.010731495552983533,0.01094464088827402,0.01068570214749964,0.010831678859528546,0.00021314533529048774,0.0001459767120289071,0.5490773601324028,0.049077360132402825,0.09815472026480565,0.09815472026480565,wet_higher,1247,376,none,9,wst_order1_path0009,0.0,0.2176904342262477,3483.0469476199632,S2_recording_mean/S1_parent_recording_mean,1e-08
300,505,wst_order2_path0505,2,2,5.0,10.0,0.0080899691640589,8.544921875e-05,129.43950662494242,1.3671875,0.0004861284975138942,0.0004633866120609128,0.0004808173390651478,0.00045226805220791423,-2.2741885452981394e-05,-2.854928685723355e-05,0.45095463154123094,0.049045368458769056,-0.09809073691753822,0.09809073691753822,dry_higher,1247,376,none,47,wst_order1_path0047,5.0,0.0080899691640589,129.43950662494242,S2_recording_mean/S1_parent_recording_mean,1e-08
301,170,wst_order2_path0170,2,2,0.0,10.0,0.2588790132498857,8.544921875e-05,4142.064211998171,1.3671875,0.00048306747661725527,0.0004559308908560908,0.00047083988661937744,0.00045147059005741096,-2.7136585761164487e-05,-1.9369296561966482e-05,0.4510058182190449,0.048994181780955104,-0.09798836356191032,0.09798836356191032,dry_higher,1247,376,none,7,wst_order1_path0007,0.0,0.2588790132498857,4142.064211998171,S2_recording_mean/S1_parent_recording_mean,1e-08
302,122,wst_order2_path0122,2,2,0.0,6.0,0.3661102115517526,0.0013671875,5857.763384828042,21.875,0.002761302733592198,0.0026152268501301607,0.0025877626749973705,0.0024762587132967605,-0.00014607588346203732,-0.00011150396170060998,0.45101861488849837,0.04898138511150163,-0.09796277022300326,0.09796277022300326,dry_higher,1247,376,none,3,wst_order1_path0003,0.0,0.3661102115517526,5857.763384828042,S2_recording_mean/S1_parent_recording_mean,1e-08
303,542,wst_order2_path0542,2,2,6.0,9.0,0.0044110869652148,0.0001708984375,70.57739144343681,2.734375,0.0008058167046777848,0.0007701717979757877,0.0007897832344867715,0.0007708414678694942,-3.564490670199705e-05,-1.894176661727733e-05,0.45112525380061075,0.04887474619938925,-0.09774949239877839,0.09774949239877839,dry_higher,1247,376,none,54,wst_order1_path0054,6.0,0.0044110869652148,70.57739144343681,S2_recording_mean/S1_parent_recording_mean,1e-08
304,363,wst_order2_path0363,2,2,3.0,10.0,0.045763776443969,8.544921875e-05,732.220423103504,1.3671875,0.00045046336158554434,0.000423679074035137,0.0004301260769877324,0.00040726509457818065,-2.6784287550407333e-05,-2.2860982409551747e-05,0.45118710436963605,0.04881289563036395,-0.0976257912607279,0.0976257912607279,dry_higher,1247,376,none,27,wst_order1_path0027,3.0,0.045763776443969,732.220423103504,S2_recording_mean/S1_parent_recording_mean,1e-08
305,356,wst_order2_path0356,2,2,2.0,11.0,0.0499057520881124,4.2724609375e-05,798.4920334097983,0.68359375,0.00023683644435531853,0.00021997598976585724,0.00022653788445475522,0.0002171113799723443,-1.6860454589461287e-05,-9.426504482410911e-06,0.45167977614359567,0.04832022385640433,-0.09664044771280866,0.09664044771280866,dry_higher,1247,376,none,26,wst_order1_path0026,2.0,0.0499057520881124,798.4920334097983,S2_recording_mean/S1_parent_recording_mean,1e-08
306,455,wst_order2_path0455,2,2,4.0,11.0,0.0161799383281178,4.2724609375e-05,258.87901324988485,0.68359375,0.00023953616968844455,0.00022255895707164715,0.00023347510988908782,0.00021890204928654738,-1.6977212616797402e-05,-1.457306060254044e-05,0.4516925728130492,0.0483074271869508,-0.0966148543739016,0.0966148543739016,dry_higher,1247,376,none,39,wst_order1_path0039,4.0,0.0161799383281178,258.87901324988485,S2_recording_mean/S1_parent_recording_mean,1e-08
307,284,wst_order2_path0284,2,2,1.0,11.0,0.0998115041762248,4.2724609375e-05,1596.9840668195966,0.68359375,0.00024051876495799146,0.00022309407971007612,0.00023147818671729876,0.00022158548287526516,-1.7424685247915337e-05,-9.892703842033599e-06,0.4517778839427392,0.04822211605726079,-0.09644423211452169,0.09644423211452169,dry_higher,1247,376,none,18,wst_order1_path0018,1.0,0.0998115041762248,1596.9840668195966,S2_recording_mean/S1_parent_recording_mean,1e-08
308,285,wst_order2_path0285,2,2,2.0,3.0,0.0915275528879381,0.0109375,1464.4408462070096,175.0,0.014939127864368176,0.015292717218178199,0.015070214159700246,0.015392658200206067,0.0003535893538100226,0.0003224440405058208,0.5481559999317511,0.048155999931751126,0.09631199986350225,0.09631199986350225,wet_higher,1247,376,none,19,wst_order1_path0019,2.0,0.0915275528879381,1464.4408462070096,S2_recording_mean/S1_parent_recording_mean,1e-08
309,595,wst_order2_path0595,2,2,7.0,10.0,0.0015595547527535,8.544921875e-05,24.952876044056,1.3671875,0.00032311667368592576,0.00030942740580857807,0.00031641625316882393,0.00029787203425662436,-1.3689267877347688e-05,-1.854421891219957e-05,0.45216391680458634,0.04783608319541366,-0.09567216639082732,0.09567216639082732,dry_higher,1247,376,none,66,wst_order1_path0066,7.0,0.0015595547527535,24.952876044056,S2_recording_mean/S1_parent_recording_mean,1e-08
310,259,wst_order2_path0259,2,2,1.0,6.0,0.1186965509254903,0.0013671875,1899.1448148078448,21.875,0.0031704208288737892,0.0030488942454682645,0.003018199122263807,0.002899711370415639,-0.00012152658340552468,-0.00011848775184816838,0.45234307017693526,0.04765692982306474,-0.09531385964612948,0.09531385964612948,dry_higher,1247,376,none,16,wst_order1_path0016,1.0,0.1186965509254903,1899.1448148078448,S2_recording_mean/S1_parent_recording_mean,1e-08
311,469,wst_order2_path0469,2,2,4.0,11.0,0.0136056521391404,4.2724609375e-05,217.6904342262464,0.68359375,0.00023427995153918913,0.0002184614943262131,0.0002220376527896323,0.000208812220692569,-1.581845721297602e-05,-1.3225432097063299e-05,0.45268644747393744,0.04731355252606256,-0.09462710505212513,0.09462710505212513,dry_higher,1247,376,none,41,wst_order1_path0041,4.0,0.0136056521391404,217.6904342262464,S2_recording_mean/S1_parent_recording_mean,1e-08
312,181,wst_order2_path0181,2,2,0.0,10.0,0.2373931018509808,8.544921875e-05,3798.289629615693,1.3671875,0.0004764921028615632,0.00044978895241885224,0.00046312648455759415,0.000440818915505218,-2.670315044271096e-05,-2.230756905237613e-05,0.4527312358170247,0.04726876418297532,-0.09453752836595064,0.09453752836595064,dry_higher,1247,376,none,8,wst_order1_path0008,0.0,0.2373931018509808,3798.289629615693,S2_recording_mean/S1_parent_recording_mean,1e-08
313,412,wst_order2_path0412,2,2,3.0,11.0,0.0272113042782809,4.2724609375e-05,435.3808684524944,0.68359375,0.00023526847685035137,0.0002183715803196189,0.00022508722434474136,0.0002109763443709991,-1.689689653073246e-05,-1.411087997374227e-05,0.4527610947124162,0.04723890528758379,-0.09447781057516769,0.09447781057516769,dry_higher,1247,376,none,33,wst_order1_path0033,3.0,0.0272113042782809,435.3808684524944,S2_recording_mean/S1_parent_recording_mean,1e-08
314,428,wst_order2_path0428,2,2,4.0,5.0,0.0209827840157171,0.002734375,335.72454425147356,43.75,0.004131138821091982,0.004036388672441398,0.004163161080342461,0.004073238456261824,-9.475014865058425e-05,-8.992262408063709e-05,0.45290399085464694,0.04709600914535306,-0.09419201829070623,0.09419201829070623,dry_higher,1247,376,none,36,wst_order1_path0036,4.0,0.0209827840157171,335.72454425147356,S2_recording_mean/S1_parent_recording_mean,1e-08
315,562,wst_order2_path0562,2,2,6.0,9.0,0.003119109505507,0.0001708984375,49.905752088112,2.734375,0.0006851306680820692,0.0006606690839719597,0.0006766304073500866,0.0006508864522974181,-2.446158411010949e-05,-2.5743955052668515e-05,0.45291252196761594,0.047087478032384056,-0.09417495606476822,0.09417495606476822,dry_higher,1247,376,none,58,wst_order1_path0058,6.0,0.003119109505507,49.905752088112,S2_recording_mean/S1_parent_recording_mean,1e-08
316,462,wst_order2_path0462,2,2,4.0,11.0,0.0148370688656862,4.2724609375e-05,237.3931018509792,0.68359375,0.00023699153990050165,0.0002208414208661522,0.0002256173274164269,0.0002135113351745252,-1.6150119034349448e-05,-1.21059922419017e-05,0.45305115255336215,0.046948847446637854,-0.09389769489327582,0.09389769489327582,dry_higher,1247,376,none,40,wst_order1_path0040,4.0,0.0148370688656862,237.3931018509792,S2_recording_mean/S1_parent_recording_mean,1e-08
317,177,wst_order2_path0177,2,2,0.0,6.0,0.2373931018509808,0.0013671875,3798.289629615693,21.875,0.00313525696034686,0.00295457086591304,0.0029219731869065593,0.002833293866738588,-0.00018068609443381992,-8.867932016797106e-05,0.4531577914654746,0.04684220853452542,-0.09368441706905084,0.09368441706905084,dry_higher,1247,376,none,8,wst_order1_path0008,0.0,0.2373931018509808,3798.289629615693,S2_recording_mean/S1_parent_recording_mean,1e-08
318,224,wst_order2_path0224,2,2,1.0,11.0,0.1678622721257372,4.2724609375e-05,2685.7963540117953,0.68359375,0.00024096587034688367,0.00022354589290444026,0.0002325342395739666,0.00021720731543751874,-1.7419977442443408e-05,-1.5326924136447863e-05,0.4535054343189613,0.04649456568103871,-0.09298913136207754,0.09298913136207754,dry_higher,1247,376,none,12,wst_order1_path0012,1.0,0.1678622721257372,2685.7963540117953,S2_recording_mean/S1_parent_recording_mean,1e-08
319,448,wst_order2_path0448,2,2,4.0,11.0,0.0176443478608594,4.2724609375e-05,282.30956577375036,0.68359375,0.00023992897224833152,0.00022415414699362786,0.00023358254459278412,0.00021983411112084096,-1.577482525470366e-05,-1.3748433471943159e-05,0.4539234588544421,0.046076541145557925,-0.09215308229111574,0.09215308229111574,dry_higher,1247,376,none,38,wst_order1_path0038,4.0,0.0176443478608594,282.30956577375036,S2_recording_mean/S1_parent_recording_mean,1e-08
320,476,wst_order2_path0476,2,2,4.0,11.0,0.012476438022028,4.2724609375e-05,199.623008352448,0.68359375,0.00023328127926731043,0.00021732175473757837,0.00022073673748952284,0.00020792467554603476,-1.5959524529732055e-05,-1.2812061943488084e-05,0.4539362555238956,0.046063744476104396,-0.09212748895220868,0.09212748895220868,dry_higher,1247,376,none,42,wst_order1_path0042,4.0,0.012476438022028,199.623008352448,S2_recording_mean/S1_parent_recording_mean,1e-08
321,182,wst_order2_path0182,2,2,0.0,11.0,0.2373931018509808,4.2724609375e-05,3798.289629615693,0.68359375,0.00024063159826973686,0.00022402548584318118,0.0002316165573927578,0.0002205715536876878,-1.6606112426555678e-05,-1.1045003705069997e-05,0.4541260727874558,0.045873927212544185,-0.09174785442508826,0.09174785442508826,dry_higher,1247,376,none,8,wst_order1_path0008,0.0,0.2373931018509808,3798.289629615693,S2_recording_mean/S1_parent_recording_mean,1e-08
322,171,wst_order2_path0171,2,2,0.0,11.0,0.2588790132498857,4.2724609375e-05,4142.064211998171,0.68359375,0.00024209429042103348,0.0002265220152762846,0.00023149793071360305,0.0002192929879445138,-1.5572275144748883e-05,-1.2204942769089257e-05,0.4541857905782388,0.045814209421761176,-0.09162841884352235,0.09162841884352235,dry_higher,1247,376,none,7,wst_order1_path0007,0.0,0.2588790132498857,4142.064211998171,S2_recording_mean/S1_parent_recording_mean,1e-08
323,277,wst_order2_path0277,2,2,1.0,4.0,0.0998115041762248,0.00546875,1596.9840668195966,87.5,0.010944998124067035,0.011189680217185666,0.011016435383370882,0.01115442148583545,0.0002446820931186304,0.00013798610246456774,0.545598798819294,0.04559879881929396,0.09119759763858792,0.09119759763858792,wet_higher,1247,376,none,18,wst_order1_path0018,1.0,0.0998115041762248,1596.9840668195966,S2_recording_mean/S1_parent_recording_mean,1e-08
324,560,wst_order2_path0560,2,2,6.0,7.0,0.003119109505507,0.00068359375,49.905752088112,10.9375,0.0005830691160042357,0.0005717939713026059,0.0005854219338377991,0.0005690477274876943,-1.1275144701629845e-05,-1.6374206350104853e-05,0.454597416778993,0.04540258322100699,-0.09080516644201397,0.09080516644201397,dry_higher,1247,376,none,58,wst_order1_path0058,6.0,0.003119109505507,49.905752088112,S2_recording_mean/S1_parent_recording_mean,1e-08
325,108,wst_order2_path0108,2,2,0.0,3.0,0.3992460167048995,0.0109375,6387.936267278392,175.0,0.02163964541058865,0.022032280151236892,0.0213203595854754,0.02147342417816177,0.00039263474064824347,0.0001530645926863701,0.5452042348444779,0.045204234844477886,0.09040846968895555,0.09040846968895555,wet_higher,1247,376,none,2,wst_order1_path0002,0.0,0.3992460167048995,6387.936267278392,S2_recording_mean/S1_parent_recording_mean,1e-08
326,420,wst_order2_path0420,2,2,3.0,11.0,0.0249528760440561,4.2724609375e-05,399.2460167048976,0.68359375,0.00023485958151800868,0.00021899778986460316,0.00022599135936401577,0.00021823009987295222,-1.5861791653405525e-05,-7.761259491063547e-06,0.4553097647119043,0.04469023528809568,-0.08938047057619136,0.08938047057619136,dry_higher,1247,376,none,34,wst_order1_path0034,3.0,0.0249528760440561,399.2460167048976,S2_recording_mean/S1_parent_recording_mean,1e-08
327,513,wst_order2_path0513,2,2,5.0,6.0,0.0068028260695702,0.0013671875,108.8452171131232,21.875,0.001277536761278526,0.0012451511699932082,0.0012846948828021802,0.0012556176986813945,-3.238559128531781e-05,-2.907718412078564e-05,0.4554164036240168,0.04458359637598319,-0.08916719275196638,0.08916719275196638,dry_higher,1247,376,none,49,wst_order1_path0049,5.0,0.0068028260695702,108.8452171131232,S2_recording_mean/S1_parent_recording_mean,1e-08
328,302,wst_order2_path0302,2,2,2.0,11.0,0.0839311360628686,4.2724609375e-05,1342.8981770058977,0.68359375,0.0002445717729705233,0.00022822739907955725,0.00023392865944001532,0.0002241941464976277,-1.634437389096607e-05,-9.734512942387606e-06,0.4554419969629238,0.04455800303707619,-0.08911600607415249,0.08911600607415249,dry_higher,1247,376,none,20,wst_order1_path0020,2.0,0.0839311360628686,1342.8981770058977,S2_recording_mean/S1_parent_recording_mean,1e-08
329,266,wst_order2_path0266,2,2,1.0,3.0,0.1088452171131238,0.0109375,1741.5234738099807,175.0,0.0175325062173149,0.017906880034851455,0.01763669405376972,0.017977628258862025,0.0003743738175365566,0.0003409342050923053,0.5441591735057757,0.044159173505775695,0.08831834701155117,0.08831834701155117,wet_higher,1247,376,none,17,wst_order1_path0017,1.0,0.1088452171131238,1741.5234738099807,S2_recording_mean/S1_parent_recording_mean,1e-08
330,618,wst_order2_path0618,2,2,8.0,9.0,0.0007797773763767,0.0001708984375,12.476438022027201,2.734375,0.0001422464448406933,0.00013730201100758634,0.0001409530037064027,0.00013529849029700675,-4.94443383310697e-06,-5.654513409395954e-06,0.4562311249125561,0.043768875087443926,-0.08753775017488785,0.08753775017488785,dry_higher,1247,376,none,74,wst_order1_path0074,8.0,0.0007797773763767,12.476438022027201,S2_recording_mean/S1_parent_recording_mean,1e-08
331,511,wst_order2_path0511,2,2,5.0,10.0,0.0074185344328431,8.544921875e-05,118.6965509254896,1.3671875,0.00048014820614388534,0.0004584102626957528,0.0004677281189745227,0.00045570892960096926,-2.1737943448132523e-05,-1.2019189373553454e-05,0.45636762272006004,0.04363237727993996,-0.08726475455987992,0.08726475455987992,dry_higher,1247,376,none,48,wst_order1_path0048,5.0,0.0074185344328431,118.6965509254896,S2_recording_mean/S1_parent_recording_mean,1e-08
332,149,wst_order2_path0149,2,2,0.0,11.0,0.3078607644816478,4.2724609375e-05,4925.772231706364,0.68359375,0.00024634731243570524,0.00023057927904644845,0.0002376906023295143,0.00021988490412591904,-1.576803338925679e-05,-1.780569820359525e-05,0.45638041938951357,0.04361958061048643,-0.08723916122097286,0.08723916122097286,dry_higher,1247,376,none,5,wst_order1_path0005,0.0,0.3078607644816478,4925.772231706364,S2_recording_mean/S1_parent_recording_mean,1e-08
333,619,wst_order2_path0619,2,2,8.0,10.0,0.0007797773763767,8.544921875e-05,12.476438022027201,1.3671875,0.00018721215353903657,0.00018108959357759935,0.00018903819065806758,0.00018197836766146454,-6.122559961437224e-06,-7.059822996603038e-06,0.45663848555682574,0.043361514443174265,-0.08672302888634853,0.08672302888634853,dry_higher,1247,376,none,74,wst_order1_path0074,8.0,0.0007797773763767,12.476438022027201,S2_recording_mean/S1_parent_recording_mean,1e-08
334,493,wst_order2_path0493,2,2,5.0,10.0,0.0096206488900514,8.544921875e-05,153.93038224082238,1.3671875,0.00048403209256887874,0.00046272180368741407,0.0004736605144867755,0.00045485721914951036,-2.1310288881464673e-05,-1.880329533726513e-05,0.45669393779112427,0.04330606220887573,-0.08661212441775157,0.08661212441775157,dry_higher,1247,376,none,45,wst_order1_path0045,5.0,0.0096206488900514,153.93038224082238,S2_recording_mean/S1_parent_recording_mean,1e-08
335,175,wst_order2_path0175,2,2,0.0,4.0,0.2373931018509808,0.00546875,3798.289629615693,87.5,0.010634477251744216,0.010808901048243613,0.010533438176100583,0.010673812372134005,0.00017442379649939763,0.00014037419603342254,0.5432250166356702,0.043225016635670244,0.08645003327134049,0.08645003327134049,wet_higher,1247,376,none,8,wst_order1_path0008,0.0,0.2373931018509808,3798.289629615693,S2_recording_mean/S1_parent_recording_mean,1e-08
336,499,wst_order2_path0499,2,2,5.0,10.0,0.0088221739304297,8.544921875e-05,141.15478288687518,1.3671875,0.0004869258103991224,0.00046574044111657,0.000477946858309754,0.00045814684969307067,-2.1185369282552408e-05,-1.9800008616683315e-05,0.4569264106195295,0.04307358938047051,-0.08614717876094113,0.08614717876094113,dry_higher,1247,376,none,46,wst_order1_path0046,5.0,0.0088221739304297,141.15478288687518,S2_recording_mean/S1_parent_recording_mean,1e-08
337,347,wst_order2_path0347,2,2,2.0,11.0,0.0544226085565619,4.2724609375e-05,870.7617369049904,0.68359375,0.00023692652255047486,0.00022164303552462322,0.00022788225857775963,0.0002187647839512052,-1.5283487025851637e-05,-9.117474626554422e-06,0.4570885017659404,0.0429114982340596,-0.0858229964681192,0.0858229964681192,dry_higher,1247,376,none,25,wst_order1_path0025,2.0,0.0544226085565619,870.7617369049904,S2_recording_mean/S1_parent_recording_mean,1e-08
338,389,wst_order2_path0389,2,2,3.0,4.0,0.0323598766562356,0.00546875,517.7580264997697,87.5,0.0051748697634577765,0.00529786393370156,0.005223694491423771,0.005341146642899665,0.00012299417024378388,0.00011745215147589399,0.5423569758910748,0.04235697589107479,0.08471395178214958,0.08471395178214958,wet_higher,1247,376,none,31,wst_order1_path0031,3.0,0.0323598766562356,517.7580264997697,S2_recording_mean/S1_parent_recording_mean,1e-08
339,311,wst_order2_path0311,2,2,2.0,11.0,0.0769651911204119,4.2724609375e-05,1231.4430579265904,0.68359375,0.0002460511295783738,0.00023023494748852238,0.00023554358360597502,0.00022574914689606326,-1.581618208985143e-05,-9.794436709911758e-06,0.45765368800013656,0.04234631199986344,-0.08469262399972699,0.08469262399972699,dry_higher,1247,376,none,21,wst_order1_path0021,2.0,0.0769651911204119,1231.4430579265904,S2_recording_mean/S1_parent_recording_mean,1e-08
340,234,wst_order2_path0234,2,2,1.0,11.0,0.1539303822408238,4.2724609375e-05,2462.886115853181,0.68359375,0.00024067317913610366,0.00022435534736510288,0.00023113258643538395,0.00022082849397978395,-1.6317831771000776e-05,-1.0304092455599995e-05,0.4577667252469757,0.0422332747530243,-0.0844665495060486,0.0844665495060486,dry_higher,1247,376,none,13,wst_order1_path0013,1.0,0.1539303822408238,2462.886115853181,S2_recording_mean/S1_parent_recording_mean,1e-08
341,254,wst_order2_path0254,2,2,1.0,11.0,0.1294395066249428,4.2724609375e-05,2071.0321059990847,0.68359375,0.00023867307496774857,0.0002231217157190338,0.0002295663222163455,0.00021573228857797535,-1.5551359248714775e-05,-1.3834033638370142e-05,0.45798640140592745,0.042013598594072554,-0.08402719718814522,0.08402719718814522,dry_higher,1247,376,none,15,wst_order1_path0015,1.0,0.1294395066249428,2071.0321059990847,S2_recording_mean/S1_parent_recording_mean,1e-08
342,279,wst_order2_path0279,2,2,1.0,6.0,0.0998115041762248,0.0013671875,1596.9840668195966,21.875,0.0032777854403097683,0.003182419557166892,0.003164330564538108,0.003063125534688969,-9.536588314287614e-05,-0.00010120502984913883,0.4580311897490147,0.04196881025098531,-0.08393762050197073,0.08393762050197073,dry_higher,1247,376,none,18,wst_order1_path0018,1.0,0.0998115041762248,1596.9840668195966,S2_recording_mean/S1_parent_recording_mean,1e-08
343,488,wst_order2_path0488,2,2,5.0,11.0,0.0104913920078585,4.2724609375e-05,167.862272125736,0.68359375,0.00023574525440889961,0.00022144839653677332,0.00022534099839213045,0.00021199827658349176,-1.4296857872126296e-05,-1.3342721808638693e-05,0.45822527256905937,0.04177472743094063,-0.08354945486188126,0.08354945486188126,dry_higher,1247,376,none,44,wst_order1_path0044,5.0,0.0104913920078585,167.862272125736,S2_recording_mean/S1_parent_recording_mean,1e-08
344,293,wst_order2_path0293,2,2,2.0,11.0,0.0915275528879381,4.2724609375e-05,1464.4408462070096,0.68359375,0.00024154762930154162,0.000226185875993408,0.0002328487842114381,0.00022200952307166433,-1.5361753308133622e-05,-1.0839261139773768e-05,0.4583553720418365,0.04164462795816348,-0.08328925591632685,0.08328925591632685,dry_higher,1247,376,none,19,wst_order1_path0019,2.0,0.0915275528879381,1464.4408462070096,S2_recording_mean/S1_parent_recording_mean,1e-08
345,332,wst_order2_path0332,2,2,2.0,5.0,0.0593482754627451,0.002734375,949.5724074039216,43.75,0.0059585199703736085,0.006065466768695215,0.005934857297837533,0.006036003881080909,0.00010694679832160686,0.00010114658324337535,0.5414590762510877,0.04145907625108769,0.08291815250217538,0.08291815250217538,wet_higher,1247,376,none,24,wst_order1_path0024,2.0,0.0593482754627451,949.5724074039216,S2_recording_mean/S1_parent_recording_mean,1e-08
346,427,wst_order2_path0427,2,2,4.0,11.0,0.0228818882219845,4.2724609375e-05,366.110211551752,0.68359375,0.00023589541100206692,0.00022111811137483052,0.0002259110244244684,0.00021573250780318774,-1.4777299627236404e-05,-1.017851662128065e-05,0.4585409237489123,0.04145907625108769,-0.08291815250217538,0.08291815250217538,dry_higher,1247,376,none,35,wst_order1_path0035,4.0,0.0228818882219845,366.110211551752,S2_recording_mean/S1_parent_recording_mean,1e-08
347,199,wst_order2_path0199,2,2,0.0,6.0,0.1996230083524497,0.0013671875,3193.968133639195,21.875,0.0031263234404346274,0.0029877712095431083,0.002947361155426857,0.002834659814292678,-0.00013855223089151913,-0.00011270134113417884,0.4586859526693853,0.04131404733061472,-0.08262809466122956,0.08262809466122956,dry_higher,1247,376,none,10,wst_order1_path0010,0.0,0.1996230083524497,3193.968133639195,S2_recording_mean/S1_parent_recording_mean,1e-08
348,264,wst_order2_path0264,2,2,1.0,11.0,0.1186965509254903,4.2724609375e-05,1899.1448148078448,0.68359375,0.00023780473278765287,0.0002222609265376346,0.00022895214133566261,0.0002203213308697787,-1.554380625001827e-05,-8.630810465883916e-06,0.4590037366274804,0.040996263372519604,-0.08199252674503921,0.08199252674503921,dry_higher,1247,376,none,16,wst_order1_path0016,1.0,0.1186965509254903,1899.1448148078448,S2_recording_mean/S1_parent_recording_mean,1e-08
349,590,wst_order2_path0590,2,2,7.0,9.0,0.0017007065173925,0.0001708984375,27.21130427828,2.734375,0.00042311951549471973,0.00041152802876725164,0.0004230132689196098,0.00041696963743719726,-1.1591486727468095e-05,-6.04363148241254e-06,0.45907198553123246,0.04092801446876754,-0.08185602893753519,0.08185602893753519,dry_higher,1247,376,none,65,wst_order1_path0065,7.0,0.0017007065173925,27.21130427828,S2_recording_mean/S1_parent_recording_mean,1e-08
350,320,wst_order2_path0320,2,2,2.0,11.0,0.0705773914434379,4.2724609375e-05,1129.2382630950065,0.68359375,0.0002447610519642837,0.00023008965399426963,0.0002365511999380671,0.000226549454183717,-1.4671397970014076e-05,-1.0001745754350107e-05,0.4594558856148373,0.0405441143851627,-0.0810882287703254,0.0810882287703254,dry_higher,1247,376,none,22,wst_order1_path0022,2.0,0.0705773914434379,1129.2382630950065,S2_recording_mean/S1_parent_recording_mean,1e-08
351,566,wst_order2_path0566,2,2,7.0,9.0,0.002860236027748,0.0001708984375,45.763776443968,2.734375,0.0006519080467894376,0.0006309286422698731,0.0006423438309197638,0.0006278113688075978,-2.097940451956451e-05,-1.4532462112166068e-05,0.45979499735535495,0.04020500264464505,-0.08041000528928999,0.08041000528928999,dry_higher,1247,376,none,59,wst_order1_path0059,7.0,0.002860236027748,45.763776443968,S2_recording_mean/S1_parent_recording_mean,1e-08
352,463,wst_order2_path0463,2,2,4.0,5.0,0.0136056521391404,0.002734375,217.6904342262464,43.75,0.0023582752863244858,0.002307398508681895,0.002364322070503726,0.0022939528205939714,-5.087677764259099e-05,-7.03692499097546e-05,0.4598675118155915,0.04013248818440851,-0.08026497636881713,0.08026497636881713,dry_higher,1247,376,none,41,wst_order1_path0041,4.0,0.0136056521391404,217.6904342262464,S2_recording_mean/S1_parent_recording_mean,1e-08
353,613,wst_order2_path0613,2,2,8.0,10.0,0.0009273168041053,8.544921875e-05,14.8370688656848,1.3671875,0.00022242070860678786,0.00021604910944489206,0.00022293488765886524,0.00021646213024096537,-6.371599161895795e-06,-6.472757417899872e-06,0.4599165657151632,0.040083434284836794,-0.08016686856967359,0.08016686856967359,dry_higher,1247,376,none,72,wst_order1_path0072,8.0,0.0009273168041053,14.8370688656848,S2_recording_mean/S1_parent_recording_mean,1e-08
354,585,wst_order2_path0585,2,2,7.0,8.0,0.0018546336082107,0.000341796875,29.6741377313712,5.46875,0.0003804769293561467,0.0003695358433389308,0.00037772991201047586,0.0003677044963569507,-1.0941086017215908e-05,-1.0025415653525148e-05,0.4599208312716477,0.04007916872835232,-0.08015833745670464,0.08015833745670464,dry_higher,1247,376,none,64,wst_order1_path0064,7.0,0.0018546336082107,29.6741377313712,S2_recording_mean/S1_parent_recording_mean,1e-08
355,244,wst_order2_path0244,2,2,1.0,11.0,0.1411547828868759,4.2724609375e-05,2258.4765261900147,0.68359375,0.00024050555618843582,0.0002253807678824852,0.0002318690636197457,0.0002251566629938244,-1.5124788305950613e-05,-6.712400625921299e-06,0.4599378934975857,0.04006210650241432,-0.08012421300482864,0.08012421300482864,dry_higher,1247,376,none,14,wst_order1_path0014,1.0,0.1411547828868759,2258.4765261900147,S2_recording_mean/S1_parent_recording_mean,1e-08
356,449,wst_order2_path0449,2,2,4.0,5.0,0.0161799383281178,0.002734375,258.87901324988485,43.75,0.0029951224196303715,0.002943638651572203,0.003002960476196174,0.0029383179285836954,-5.148376805816845e-05,-6.464254761247854e-05,0.46008505519630094,0.03991494480369906,-0.07982988960739823,0.07982988960739823,dry_higher,1247,376,none,39,wst_order1_path0039,4.0,0.0161799383281178,258.87901324988485,S2_recording_mean/S1_parent_recording_mean,1e-08
357,441,wst_order2_path0441,2,2,4.0,11.0,0.0192412977801029,4.2724609375e-05,307.8607644816464,0.68359375,0.00023858537395082404,0.00022446098512372319,0.00022953576030015755,0.00022068892528281724,-1.412438882710085e-05,-8.84683501734031e-06,0.4601916941084133,0.03980830589158668,-0.07961661178317325,0.07961661178317325,dry_higher,1247,376,none,37,wst_order1_path0037,4.0,0.0192412977801029,307.8607644816464,S2_recording_mean/S1_parent_recording_mean,1e-08
358,338,wst_order2_path0338,2,2,2.0,11.0,0.0593482754627451,4.2724609375e-05,949.5724074039216,0.68359375,0.0002374619951436198,0.00022251599623140884,0.00022635330150020712,0.00021706414055653022,-1.4945998912210964e-05,-9.289160943676896e-06,0.4604518930539678,0.039548106946032224,-0.07909621389206434,0.07909621389206434,dry_higher,1247,376,none,24,wst_order1_path0024,2.0,0.0593482754627451,949.5724074039216,S2_recording_mean/S1_parent_recording_mean,1e-08
359,329,wst_order2_path0329,2,2,2.0,11.0,0.0647197533124713,4.2724609375e-05,1035.5160529995408,0.68359375,0.00024119082258632353,0.00022624255417453694,0.00023150300984512624,0.00022641755891380003,-1.4948268411786592e-05,-5.085450931326211e-06,0.460496681397055,0.03950331860294498,-0.07900663720588985,0.07900663720588985,dry_higher,1247,376,none,23,wst_order1_path0023,2.0,0.0647197533124713,1035.5160529995408,S2_recording_mean/S1_parent_recording_mean,1e-08
360,604,wst_order2_path0604,2,2,8.0,10.0,0.0012025811112564,8.544921875e-05,19.2412977801024,1.3671875,0.0002740637115314195,0.0002657309126056437,0.0002734394655208324,0.0002643593373234497,-8.332798925775797e-06,-9.080128197382683e-06,0.46097229094507663,0.039027709054923365,-0.07805541810984662,0.07805541810984662,dry_higher,1247,376,none,69,wst_order1_path0069,8.0,0.0012025811112564,19.2412977801024,S2_recording_mean/S1_parent_recording_mean,1e-08
361,578,wst_order2_path0578,2,2,7.0,9.0,0.0022055434826074,0.0001708984375,35.288695721718405,2.734375,0.0005458374862484817,0.0005293692647977686,0.0005434085458122304,0.0005280510278944741,-1.646822145071308e-05,-1.535751791775623e-05,0.46101921206640617,0.03898078793359383,-0.07796157586718766,0.07796157586718766,dry_higher,1247,376,none,62,wst_order1_path0062,7.0,0.0022055434826074,35.288695721718405,S2_recording_mean/S1_parent_recording_mean,1e-08
362,365,wst_order2_path0365,2,2,3.0,4.0,0.0419655680314342,0.00546875,671.4490885029471,87.5,0.007158374624438071,0.0073035582413598895,0.007215104476248065,0.007403167584099245,0.00014518361692181844,0.00018806310785117984,0.538974389598867,0.03897438959886701,0.07794877919773424,0.07794877919773424,wet_higher,1247,376,none,28,wst_order1_path0028,3.0,0.0419655680314342,671.4490885029471,S2_recording_mean/S1_parent_recording_mean,1e-08
363,591,wst_order2_path0591,2,2,7.0,10.0,0.0017007065173925,8.544921875e-05,27.21130427828,1.3671875,0.0003355862929124222,0.00032282528242778423,0.0003267749547357263,0.00031280896325235573,-1.2761010484637974e-05,-1.3965991483370563e-05,0.4610277431793751,0.038972256820624884,-0.07794451364124966,0.07794451364124966,dry_higher,1247,376,none,65,wst_order1_path0065,7.0,0.0017007065173925,27.21130427828,S2_recording_mean/S1_parent_recording_mean,1e-08
364,579,wst_order2_path0579,2,2,7.0,10.0,0.0022055434826074,8.544921875e-05,35.288695721718405,1.3671875,0.00037073351070396397,0.0003562436759233518,0.0003603194281322196,0.0003479335044405279,-1.4489834780612165e-05,-1.2385923691691722e-05,0.46163985053490075,0.03836014946509925,-0.07672029893019838,0.07672029893019838,dry_higher,1247,376,none,62,wst_order1_path0062,7.0,0.0022055434826074,35.288695721718405,S2_recording_mean/S1_parent_recording_mean,1e-08
365,174,wst_order2_path0174,2,2,0.0,3.0,0.2373931018509808,0.0109375,3798.289629615693,175.0,0.022175832362461716,0.0223894595635597,0.022141780610772956,0.022326960973616382,0.00021362720109798297,0.0001851803628434255,0.5383046972308008,0.038304697230800766,0.07660939446160153,0.07660939446160153,wet_higher,1247,376,none,8,wst_order1_path0008,0.0,0.2373931018509808,3798.289629615693,S2_recording_mean/S1_parent_recording_mean,1e-08
366,607,wst_order2_path0607,2,2,8.0,10.0,0.0011027717413037,8.544921875e-05,17.644347860859202,1.3671875,0.0002560003706468682,0.00024813373039602864,0.0002568065364290387,0.0002479571652608202,-7.866640250839578e-06,-8.849371168218512e-06,0.4617934105683428,0.03820658943165722,-0.07641317886331456,0.07641317886331456,dry_higher,1247,376,none,70,wst_order1_path0070,8.0,0.0011027717413037,17.644347860859202,S2_recording_mean/S1_parent_recording_mean,1e-08
367,583,wst_order2_path0583,2,2,7.0,10.0,0.0020224922910147,8.544921875e-05,32.3598766562352,1.3671875,0.0003623412369439795,0.00034854742751719314,0.0003578850760640933,0.00034056618048341624,-1.3793809426786347e-05,-1.7318895580677055e-05,0.46220077121261244,0.03779922878738756,-0.07559845757477524,0.07559845757477524,dry_higher,1247,376,none,63,wst_order1_path0063,7.0,0.0020224922910147,32.3598766562352,S2_recording_mean/S1_parent_recording_mean,1e-08
368,312,wst_order2_path0312,2,2,2.0,3.0,0.0705773914434379,0.0109375,1129.2382630950065,175.0,0.01126674080829757,0.011509584503995257,0.011333342807945741,0.011659344280638254,0.0002428436956976865,0.000326001472692513,0.5376158098585542,0.03761580985855417,0.07523161971710834,0.07523161971710834,wet_higher,1247,376,none,22,wst_order1_path0022,2.0,0.0705773914434379,1129.2382630950065,S2_recording_mean/S1_parent_recording_mean,1e-08
369,209,wst_order2_path0209,2,2,1.0,6.0,0.1830551057758762,0.0013671875,2928.881692414019,21.875,0.0031266798665637355,0.0029982028824710825,0.0029936060082757818,0.0028873031609048224,-0.00012847698409265305,-0.00010630284737095938,0.4623905884761726,0.03760941152382741,-0.07521882304765481,0.07521882304765481,dry_higher,1247,376,none,11,wst_order1_path0011,1.0,0.1830551057758762,2928.881692414019,S2_recording_mean/S1_parent_recording_mean,1e-08
370,196,wst_order2_path0196,2,2,0.0,3.0,0.1996230083524497,0.0109375,3193.968133639195,175.0,0.02234976274765018,0.02259663182737818,0.022264849784562696,0.022502905109222232,0.00024686907972799876,0.00023805532465953627,0.5375774198501937,0.037577419850193694,0.07515483970038739,0.07515483970038739,wet_higher,1247,376,none,10,wst_order1_path0010,0.0,0.1996230083524497,3193.968133639195,S2_recording_mean/S1_parent_recording_mean,1e-08
371,97,wst_order2_path0097,2,2,0.0,3.0,0.4353808684524956,0.0109375,6966.093895239929,175.0,0.02186906597787447,0.022121105991568104,0.02147711299658433,0.021743133675376478,0.000252040013693635,0.0002660206787921497,0.5375731542937092,0.03757315429370922,0.07514630858741822,0.07514630858741822,wet_higher,1247,376,none,1,wst_order1_path0001,0.0,0.4353808684524956,6966.093895239929,S2_recording_mean/S1_parent_recording_mean,1e-08
372,587,wst_order2_path0587,2,2,7.0,10.0,0.0018546336082107,8.544921875e-05,29.6741377313712,1.3671875,0.0003495057193807758,0.00033575226483826675,0.00033960832398316016,0.00033427524727744324,-1.3753454542509075e-05,-5.333076705716917e-06,0.4626038663003975,0.037396133699602485,-0.07479226739920486,0.07479226739920486,dry_higher,1247,376,none,64,wst_order1_path0064,7.0,0.0018546336082107,29.6741377313712,S2_recording_mean/S1_parent_recording_mean,1e-08
373,519,wst_order2_path0519,2,2,5.0,6.0,0.006238219011014,0.0013671875,99.811504176224,21.875,0.0011133495487385488,0.0010919998413859882,0.0011141962974749928,0.0010964876803466225,-2.1349707352560574e-05,-1.7708617128370284e-05,0.4626123974133665,0.037387602586633484,-0.07477520517326686,0.07477520517326686,dry_higher,1247,376,none,50,wst_order1_path0050,5.0,0.006238219011014,99.811504176224,S2_recording_mean/S1_parent_recording_mean,1e-08
374,558,wst_order2_path0558,2,2,6.0,10.0,0.0034014130347851,8.544921875e-05,54.4226085565616,1.3671875,0.00041116304516410724,0.00039341589018304234,0.0004006130655562666,0.00039101440877419133,-1.7747154981064906e-05,-9.598656782075271e-06,0.46265931853469605,0.03734068146530395,-0.0746813629306079,0.0746813629306079,dry_higher,1247,376,none,57,wst_order1_path0057,6.0,0.0034014130347851,54.4226085565616,S2_recording_mean/S1_parent_recording_mean,1e-08
375,256,wst_order2_path0256,2,2,1.0,3.0,0.1186965509254903,0.0109375,1899.1448148078448,175.0,0.019071258573120906,0.01934943198230121,0.019184466836006674,0.019511728811363108,0.00027817340918030384,0.00032726197535643334,0.5373364159088194,0.03733641590881942,0.07467283181763884,0.07467283181763884,wet_higher,1247,376,none,16,wst_order1_path0016,1.0,0.1186965509254903,1899.1448148078448,S2_recording_mean/S1_parent_recording_mean,1e-08
376,638,wst_order2_path0638,2,2,10.0,11.0,0.0003278560002455,4.2724609375e-05,5.245696003928,0.68359375,5.148379561503219e-05,5.359641856402171e-05,4.948382778435649e-05,5.145885901542847e-05,2.1126229489895214e-06,1.9750312310719826e-06,0.537315088126397,0.037315088126396945,0.07463017625279389,0.07463017625279389,wet_higher,1247,376,none,84,wst_order1_path0084,10.0,0.0003278560002455,5.245696003928,S2_recording_mean/S1_parent_recording_mean,1e-08
377,380,wst_order2_path0380,2,2,3.0,11.0,0.0384825955602059,4.2724609375e-05,615.7215289632943,0.68359375,0.00023921630553032784,0.00022540426205515274,0.00023119611395339146,0.00022575810810247695,-1.3812043475175102e-05,-5.438005850914504e-06,0.46327995700319063,0.036720042996809366,-0.07344008599361873,0.07344008599361873,dry_higher,1247,376,none,29,wst_order1_path0029,3.0,0.0384825955602059,615.7215289632943,S2_recording_mean/S1_parent_recording_mean,1e-08
378,582,wst_order2_path0582,2,2,7.0,9.0,0.0020224922910147,0.0001708984375,32.3598766562352,2.734375,0.0005061704336324388,0.0004936709278258028,0.0005024175421643905,0.0004977074670990848,-1.2499505806635959e-05,-4.7100750653057515e-06,0.4632842225596751,0.03671577744032489,-0.07343155488064967,0.07343155488064967,dry_higher,1247,376,none,63,wst_order1_path0063,7.0,0.0020224922910147,32.3598766562352,S2_recording_mean/S1_parent_recording_mean,1e-08
379,364,wst_order2_path0364,2,2,3.0,11.0,0.045763776443969,4.2724609375e-05,732.220423103504,0.68359375,0.00023703654116618734,0.00022321485249818758,0.00022739849572015375,0.00021858326856892942,-1.3821688667999758e-05,-8.815227151224333e-06,0.4633865959153031,0.03661340408469688,-0.07322680816939375,0.07322680816939375,dry_higher,1247,376,none,27,wst_order1_path0027,3.0,0.045763776443969,732.220423103504,S2_recording_mean/S1_parent_recording_mean,1e-08
380,205,wst_order2_path0205,2,2,1.0,2.0,0.1830551057758762,0.021875,2928.881692414019,350.0,0.030937752764906037,0.030454748599422057,0.031029109572289642,0.030423875556103153,-0.00048300416548397937,-0.0006052340161864893,0.4635614837311675,0.03643851626883249,-0.07287703253766487,0.07287703253766487,dry_higher,1247,376,none,11,wst_order1_path0011,1.0,0.1830551057758762,2928.881692414019,S2_recording_mean/S1_parent_recording_mean,1e-08
381,500,wst_order2_path0500,2,2,5.0,11.0,0.0088221739304297,4.2724609375e-05,141.15478288687518,0.68359375,0.0002346659229603909,0.00022235570517021894,0.00022477651661919164,0.00021591941193974262,-1.231021779017196e-05,-8.857104679449028e-06,0.46374063710351654,0.03625936289648346,-0.07251872579296692,0.07251872579296692,dry_higher,1247,376,none,46,wst_order1_path0046,5.0,0.0088221739304297,141.15478288687518,S2_recording_mean/S1_parent_recording_mean,1e-08
382,507,wst_order2_path0507,2,2,5.0,6.0,0.0074185344328431,0.0013671875,118.6965509254896,21.875,0.0014029497083409778,0.001374927953692418,0.0014089007312152611,0.0013770102192568055,-2.8021754648559823e-05,-3.189051195845558e-05,0.4638152843419952,0.036184715658004796,-0.07236943131600948,0.07236943131600948,dry_higher,1247,376,none,48,wst_order1_path0048,5.0,0.0074185344328431,118.6965509254896,S2_recording_mean/S1_parent_recording_mean,1e-08
383,265,wst_order2_path0265,2,2,1.0,2.0,0.1088452171131238,0.021875,1741.5234738099807,350.0,0.015984223473215757,0.01633054767101191,0.015941224142239606,0.016201249754688042,0.000346324197796153,0.00026002561244843625,0.536127130645464,0.03612713064546402,0.07225426129092805,0.07225426129092805,wet_higher,1247,376,none,17,wst_order1_path0017,1.0,0.1088452171131238,1741.5234738099807,S2_recording_mean/S1_parent_recording_mean,1e-08
384,239,wst_order2_path0239,2,2,1.0,6.0,0.1411547828868759,0.0013671875,2258.4765261900147,21.875,0.0031912277267677276,0.003081142207195486,0.003027190189936044,0.002962592270400578,-0.00011008551957224178,-6.4597919535466e-05,0.4642525038816564,0.0357474961183436,-0.0714949922366872,0.0714949922366872,dry_higher,1247,376,none,14,wst_order1_path0014,1.0,0.1411547828868759,2258.4765261900147,S2_recording_mean/S1_parent_recording_mean,1e-08
385,248,wst_order2_path0248,2,2,1.0,5.0,0.1294395066249428,0.002734375,2071.0321059990847,43.75,0.005472528263993207,0.005536999445756264,0.005349067288059056,0.005401155376554712,6.44711817630577e-05,5.20880884956566e-05,0.5355555460765411,0.0355555460765411,0.0711110921530822,0.0711110921530822,wet_higher,1247,376,none,15,wst_order1_path0015,1.0,0.1294395066249428,2071.0321059990847,S2_recording_mean/S1_parent_recording_mean,1e-08
386,321,wst_order2_path0321,2,2,2.0,3.0,0.0647197533124713,0.0109375,1035.5160529995408,175.0,0.010095565634336381,0.010310513260380199,0.01018296978013554,0.010370253208642998,0.00021494762604381754,0.00018728342850745858,0.5353678615912232,0.03536786159122318,0.07073572318244636,0.07073572318244636,wet_higher,1247,376,none,23,wst_order1_path0023,2.0,0.0647197533124713,1035.5160529995408,S2_recording_mean/S1_parent_recording_mean,1e-08
387,434,wst_order2_path0434,2,2,4.0,11.0,0.0209827840157171,4.2724609375e-05,335.72454425147356,0.68359375,0.0002378061950687087,0.00022469673093437708,0.00022594596765024408,0.0002186872348772417,-1.3109464134331635e-05,-7.2587327730023825e-06,0.4647046528690133,0.0352953471309867,-0.0705906942619734,0.0705906942619734,dry_higher,1247,376,none,36,wst_order1_path0036,4.0,0.0209827840157171,335.72454425147356,S2_recording_mean/S1_parent_recording_mean,1e-08
388,575,wst_order2_path0575,2,2,7.0,10.0,0.0024051622225128,8.544921875e-05,38.4825955602048,1.3671875,0.00037800348028906977,0.0003649317389392326,0.0003639805687821157,0.00035355404106019275,-1.3071741349837175e-05,-1.0426527721922975e-05,0.4648240884505792,0.03517591154942079,-0.07035182309884147,0.07035182309884147,dry_higher,1247,376,none,61,wst_order1_path0061,7.0,0.0024051622225128,38.4825955602048,S2_recording_mean/S1_parent_recording_mean,1e-08
389,208,wst_order2_path0208,2,2,1.0,5.0,0.1830551057758762,0.002734375,2928.881692414019,43.75,0.005318516864417621,0.00537458618118848,0.0051667455376427735,0.005272045563084341,5.606931677085841e-05,0.00010530002544156727,0.5349946253988295,0.03499462539882947,0.06998925079765916,0.06998925079765916,wet_higher,1247,376,none,11,wst_order1_path0011,1.0,0.1830551057758762,2928.881692414019,S2_recording_mean/S1_parent_recording_mean,1e-08
390,597,wst_order2_path0597,2,2,8.0,9.0,0.001430118013874,0.0001708984375,22.881888221984,2.734375,0.00034222623937867855,0.0003346576244572997,0.0003435461495700178,0.0003354365783267129,-7.568614921378851e-06,-8.109571243304897e-06,0.46502030404886624,0.03497969595113376,-0.06995939190226752,0.06995939190226752,dry_higher,1247,376,none,67,wst_order1_path0067,8.0,0.001430118013874,22.881888221984,S2_recording_mean/S1_parent_recording_mean,1e-08
391,249,wst_order2_path0249,2,2,1.0,6.0,0.1294395066249428,0.0013671875,2071.0321059990847,21.875,0.0031778689152334133,0.003066425503026683,0.0030124507801318596,0.002931780465833214,-0.00011144341220673025,-8.06703142986454e-05,0.4650373662748042,0.03496263372519581,-0.06992526745039163,0.06992526745039163,dry_higher,1247,376,none,15,wst_order1_path0015,1.0,0.1294395066249428,2071.0321059990847,S2_recording_mean/S1_parent_recording_mean,1e-08
392,601,wst_order2_path0601,2,2,8.0,10.0,0.0013114240009823,8.544921875e-05,20.9827840157168,1.3671875,0.0002901331983071369,0.0002823515913774171,0.0002858706625312179,0.0002761169364144618,-7.781606929719805e-06,-9.753726116756118e-06,0.4651013496220717,0.034898650377928275,-0.06979730075585666,0.06979730075585666,dry_higher,1247,376,none,68,wst_order1_path0068,8.0,0.0013114240009823,20.9827840157168,S2_recording_mean/S1_parent_recording_mean,1e-08
393,228,wst_order2_path0228,2,2,1.0,5.0,0.1539303822408238,0.002734375,2462.886115853181,43.75,0.005451080865819988,0.005540443854536366,0.0053098070613505684,0.005416843746047063,8.936298871637782e-05,0.0001070366846964944,0.5346789742189767,0.0346789742189767,0.06935794843795318,0.06935794843795318,wet_higher,1247,376,none,13,wst_order1_path0013,1.0,0.1539303822408238,2462.886115853181,S2_recording_mean/S1_parent_recording_mean,1e-08
394,229,wst_order2_path0229,2,2,1.0,6.0,0.1539303822408238,0.0013671875,2462.886115853181,21.875,0.0032211622428608864,0.003110385020553276,0.003079917660637266,0.002973933963213976,-0.00011077722230761053,-0.00010598369742329016,0.46538714190653313,0.03461285809346687,-0.06922571618693374,0.06922571618693374,dry_higher,1247,376,none,13,wst_order1_path0013,1.0,0.1539303822408238,2462.886115853181,S2_recording_mean/S1_parent_recording_mean,1e-08
395,598,wst_order2_path0598,2,2,8.0,10.0,0.001430118013874,8.544921875e-05,22.881888221984,1.3671875,0.0003055148969332622,0.0002977407369114536,0.0003020433131032338,0.0002892299585282752,-7.774160021808627e-06,-1.2813354574958615e-05,0.4654425941408316,0.03455740585916839,-0.06911481171833678,0.06911481171833678,dry_higher,1247,376,none,67,wst_order1_path0067,8.0,0.001430118013874,22.881888221984,S2_recording_mean/S1_parent_recording_mean,1e-08
396,164,wst_order2_path0164,2,2,0.0,4.0,0.2588790132498857,0.00546875,4142.064211998171,87.5,0.010317650328345768,0.010433167407379866,0.010189380484728318,0.010335113568196103,0.00011551707903409772,0.0001457330834677851,0.5344720947294784,0.03447209472947843,0.06894418945895686,0.06894418945895686,wet_higher,1247,376,none,7,wst_order1_path0007,0.0,0.2588790132498857,4142.064211998171,S2_recording_mean/S1_parent_recording_mean,1e-08
397,577,wst_order2_path0577,2,2,7.0,8.0,0.0022055434826074,0.000341796875,35.288695721718405,5.46875,0.000493984343401184,0.0004846359197596635,0.0004954937270858094,0.0004848492706693494,-9.348423641520579e-06,-1.0644456416459994e-05,0.46580516644201403,0.03419483355798597,-0.06838966711597194,0.06838966711597194,dry_higher,1247,376,none,62,wst_order1_path0062,7.0,0.0022055434826074,35.288695721718405,S2_recording_mean/S1_parent_recording_mean,1e-08
398,610,wst_order2_path0610,2,2,8.0,10.0,0.0010112461455073,8.544921875e-05,16.179938328116798,1.3671875,0.00023867668848730588,0.0002325030590022737,0.00023807978376310152,0.00023258373960701907,-6.1736294850321845e-06,-5.496044156082453e-06,0.4659139381323688,0.03408606186763119,-0.06817212373526249,0.06817212373526249,dry_higher,1247,376,none,71,wst_order1_path0071,8.0,0.0010112461455073,16.179938328116798,S2_recording_mean/S1_parent_recording_mean,1e-08
399,435,wst_order2_path0435,2,2,4.0,5.0,0.0192412977801029,0.002734375,307.8607644816464,43.75,0.0037589566128402693,0.0036881689241823807,0.003754715878553942,0.0037004201430038647,-7.078768865788863e-05,-5.429573555007722e-05,0.46605256871811496,0.03394743128188504,-0.06789486256377009,0.06789486256377009,dry_higher,1247,376,none,37,wst_order1_path0037,4.0,0.0192412977801029,307.8607644816464,S2_recording_mean/S1_parent_recording_mean,1e-08
400,294,wst_order2_path0294,2,2,2.0,3.0,0.0839311360628686,0.0109375,1342.8981770058977,175.0,0.01362944904430944,0.01390618821782572,0.013744437060453243,0.01386437880784792,0.0002767391735162793,0.00011994174739467754,0.5336339128802744,0.0336339128802744,0.0672678257605488,0.0672678257605488,wet_higher,1247,376,none,20,wst_order1_path0020,2.0,0.0839311360628686,1342.8981770058977,S2_recording_mean/S1_parent_recording_mean,1e-08
401,226,wst_order2_path0226,2,2,1.0,3.0,0.1539303822408238,0.0109375,2462.886115853181,175.0,0.021528789701931637,0.02180513520064251,0.021639771488665867,0.02190287740374882,0.00027634549871087197,0.00026310591508295345,0.5335955228719138,0.03359552287191381,0.06719104574382784,0.06719104574382784,wet_higher,1247,376,none,13,wst_order1_path0013,1.0,0.1539303822408238,2462.886115853181,S2_recording_mean/S1_parent_recording_mean,1e-08
402,349,wst_order2_path0349,2,2,2.0,4.0,0.0499057520881124,0.00546875,798.4920334097983,87.5,0.008405158177832566,0.008563197571965142,0.008502124204344692,0.0085760551754627,0.00015803939413257598,7.393097111800875e-05,0.533151904997526,0.03315190499752596,0.06630380999505192,0.06630380999505192,wet_higher,1247,376,none,26,wst_order1_path0026,2.0,0.0499057520881124,798.4920334097983,S2_recording_mean/S1_parent_recording_mean,1e-08
403,142,wst_order2_path0142,2,2,0.0,4.0,0.3078607644816478,0.00546875,4925.772231706364,87.5,0.010014741437542713,0.010146658990506085,0.009839383897106448,0.010025850672716826,0.00013191755296337176,0.00018646677561037772,0.5328021293657971,0.03280212936579707,0.06560425873159415,0.06560425873159415,wet_higher,1247,376,none,5,wst_order1_path0005,0.0,0.3078607644816478,4925.772231706364,S2_recording_mean/S1_parent_recording_mean,1e-08
404,643,wst_order2_path0643,2,2,10.0,11.0,0.0001896086522826,4.2724609375e-05,3.0337384365216,0.68359375,3.156639338903291e-05,3.332485941346504e-05,2.9297541940005283e-05,3.029345155551425e-05,1.7584660244321306e-06,9.95909615508966e-07,0.5324160965039499,0.03241609650394994,0.06483219300789989,0.06483219300789989,wet_higher,1247,376,none,89,wst_order1_path0089,10.0,0.0001896086522826,3.0337384365216,S2_recording_mean/S1_parent_recording_mean,1e-08
405,303,wst_order2_path0303,2,2,2.0,3.0,0.0769651911204119,0.0109375,1231.4430579265904,175.0,0.012454795841289551,0.01273288440893283,0.012588464092555915,0.012696517773760699,0.00027808856764327886,0.00010805368120478387,0.5323179887048064,0.0323179887048064,0.0646359774096128,0.0646359774096128,wet_higher,1247,376,none,21,wst_order1_path0021,2.0,0.0769651911204119,1231.4430579265904,S2_recording_mean/S1_parent_recording_mean,1e-08
406,100,wst_order2_path0100,2,2,0.0,6.0,0.4353808684524956,0.0013671875,6966.093895239929,21.875,0.002710517591268048,0.0026233356814668284,0.0025483776749990355,0.0024328356092809854,-8.718190980121958e-05,-0.00011554206571805009,0.46787182855875376,0.032128171441246245,-0.06425634288249249,0.06425634288249249,dry_higher,1247,376,none,1,wst_order1_path0001,0.0,0.4353808684524956,6966.093895239929,S2_recording_mean/S1_parent_recording_mean,1e-08
407,111,wst_order2_path0111,2,2,0.0,6.0,0.3992460167048995,0.0013671875,6387.936267278392,21.875,0.002693311056558828,0.0026084765236123746,0.002520908575190592,0.002432459645122902,-8.483453294645324e-05,-8.844893006769005e-05,0.467933679127779,0.032066320872221,-0.064132641744442,0.064132641744442,dry_higher,1247,376,none,2,wst_order1_path0002,0.0,0.3992460167048995,6387.936267278392,S2_recording_mean/S1_parent_recording_mean,1e-08
408,372,wst_order2_path0372,2,2,3.0,11.0,0.0419655680314342,4.2724609375e-05,671.4490885029471,0.68359375,0.00023874522583433794,0.0002258648494748939,0.00022766000704754446,0.00022192406971599412,-1.2880376359444042e-05,-5.735937331550334e-06,0.46810430138715897,0.03189569861284103,-0.06379139722568206,0.06379139722568206,dry_higher,1247,376,none,28,wst_order1_path0028,3.0,0.0419655680314342,671.4490885029471,S2_recording_mean/S1_parent_recording_mean,1e-08
409,640,wst_order2_path0640,2,2,10.0,11.0,0.0002756929353259,4.2724609375e-05,4.4110869652144,0.68359375,3.977146523614952e-05,4.128952191078102e-05,3.844742814941135e-05,3.998657149086687e-05,1.5180566746315013e-06,1.5391433414555197e-06,0.5309508778515245,0.030950877851524505,0.06190175570304901,0.06190175570304901,wet_higher,1247,376,none,86,wst_order1_path0086,10.0,0.0002756929353259,4.4110869652144,S2_recording_mean/S1_parent_recording_mean,1e-08
410,215,wst_order2_path0215,2,2,1.0,2.0,0.1678622721257372,0.021875,2685.7963540117953,350.0,0.02843390746588856,0.028949757988351362,0.02853626082010542,0.0289780498919553,0.0005158505224628004,0.00044178907184988167,0.5305776416591308,0.030577641659130794,0.06115528331826181,0.06115528331826181,wet_higher,1247,376,none,12,wst_order1_path0012,1.0,0.1678622721257372,2685.7963540117953,S2_recording_mean/S1_parent_recording_mean,1e-08
411,110,wst_order2_path0110,2,2,0.0,5.0,0.3992460167048995,0.002734375,6387.936267278392,43.75,0.004393454300664744,0.004501498726913917,0.004224562869810043,0.004317610853281716,0.00010804442624917296,9.304798347167277e-05,0.5302939821529117,0.03029398215291168,0.06058796430582336,0.06058796430582336,wet_higher,1247,376,none,2,wst_order1_path0002,0.0,0.3992460167048995,6387.936267278392,S2_recording_mean/S1_parent_recording_mean,1e-08
412,609,wst_order2_path0609,2,2,8.0,9.0,0.0010112461455073,0.0001708984375,16.179938328116798,2.734375,0.0002098095976748532,0.00020536517595013822,0.00020811412855449782,0.0002033668984704759,-4.444421724714978e-06,-4.747230084021917e-06,0.470173096282141,0.02982690371785901,-0.05965380743571802,0.05965380743571802,dry_higher,1247,376,none,71,wst_order1_path0071,8.0,0.0010112461455073,16.179938328116798,S2_recording_mean/S1_parent_recording_mean,1e-08
413,538,wst_order2_path0538,2,2,6.0,10.0,0.0048103244450257,8.544921875e-05,76.96519112041119,1.3671875,0.000436500677913967,0.0004232503881735929,0.00042515000567308343,0.00040926684980558173,-1.3250289740374132e-05,-1.5883155867501696e-05,0.4702797351942535,0.02972026480574652,-0.059440529611493154,0.059440529611493154,dry_higher,1247,376,none,53,wst_order1_path0053,6.0,0.0048103244450257,76.96519112041119,S2_recording_mean/S1_parent_recording_mean,1e-08
414,330,wst_order2_path0330,2,2,2.0,3.0,0.0593482754627451,0.0109375,949.5724074039216,175.0,0.009147233097031696,0.00928080516320516,0.009187037783373764,0.009353077820503573,0.00013357206617346448,0.0001660400371298089,0.5295624392158201,0.029562439215820135,0.05912487843164027,0.05912487843164027,wet_higher,1247,376,none,24,wst_order1_path0024,2.0,0.0593482754627451,949.5724074039216,S2_recording_mean/S1_parent_recording_mean,1e-08
415,599,wst_order2_path0599,2,2,8.0,11.0,0.001430118013874,4.2724609375e-05,22.881888221984,0.68359375,0.00019610402706667654,0.000188155818073722,0.00018792884807144154,0.000184833049759651,-7.948208992954533e-06,-3.0957983117905574e-06,0.47048234912726716,0.029517650872732837,-0.059035301745465674,0.059035301745465674,dry_higher,1247,376,none,67,wst_order1_path0067,8.0,0.001430118013874,22.881888221984,S2_recording_mean/S1_parent_recording_mean,1e-08
416,581,wst_order2_path0581,2,2,7.0,8.0,0.0020224922910147,0.000341796875,32.3598766562352,5.46875,0.00043433886200466517,0.00042745989932704604,0.0004314478787080255,0.0004274147690310102,-6.878962677619137e-06,-4.03310967701532e-06,0.4705505980310191,0.02944940196898088,-0.05889880393796176,0.05889880393796176,dry_higher,1247,376,none,63,wst_order1_path0063,7.0,0.0020224922910147,32.3598766562352,S2_recording_mean/S1_parent_recording_mean,1e-08
417,603,wst_order2_path0603,2,2,8.0,9.0,0.0012025811112564,0.0001708984375,19.2412977801024,2.734375,0.00027124264167045363,0.000266507777268993,0.00026847808490740863,0.0002638040721286742,-4.734864401460619e-06,-4.674012778734427e-06,0.47069562695149214,0.02930437304850786,-0.05860874609701583,0.05860874609701583,dry_higher,1247,376,none,69,wst_order1_path0069,8.0,0.0012025811112564,19.2412977801024,S2_recording_mean/S1_parent_recording_mean,1e-08
418,608,wst_order2_path0608,2,2,8.0,11.0,0.0011027717413037,4.2724609375e-05,17.644347860859202,0.68359375,0.0001787442046352205,0.00017210306779307161,0.00017225463918563405,0.0001682703963424467,-6.641136842148879e-06,-3.984242843187353e-06,0.47077027418997086,0.02922972581002914,-0.05845945162005839,0.05845945162005839,dry_higher,1247,376,none,70,wst_order1_path0070,8.0,0.0011027717413037,17.644347860859202,S2_recording_mean/S1_parent_recording_mean,1e-08
419,494,wst_order2_path0494,2,2,5.0,11.0,0.0096206488900514,4.2724609375e-05,153.93038224082238,0.68359375,0.0002340011985452098,0.00022360072021841644,0.00022682794744200314,0.000215281601912193,-1.0400478326793357e-05,-1.1546345529810141e-05,0.4711115187087308,0.028888481291269197,-0.057776962582538505,0.057776962582538505,dry_higher,1247,376,none,45,wst_order1_path0045,5.0,0.0096206488900514,153.93038224082238,S2_recording_mean/S1_parent_recording_mean,1e-08
420,592,wst_order2_path0592,2,2,7.0,11.0,0.0017007065173925,4.2724609375e-05,27.21130427828,0.68359375,0.00020406537069280048,0.00019552573268405305,0.00019333938099920945,0.0001921811237877853,-8.53963800874743e-06,-1.1582572114241614e-06,0.4717513521814056,0.028248647818594375,-0.05649729563718886,0.05649729563718886,dry_higher,1247,376,none,65,wst_order1_path0065,7.0,0.0017007065173925,27.21130427828,S2_recording_mean/S1_parent_recording_mean,1e-08
421,198,wst_order2_path0198,2,2,0.0,5.0,0.1996230083524497,0.002734375,3193.968133639195,43.75,0.005203488609482997,0.0052682959464161565,0.005064471157752636,0.005121950253151741,6.480733693315938e-05,5.747909539910532e-05,0.5279393949734682,0.0279393949734682,0.0558787899469364,0.0558787899469364,wet_higher,1247,376,none,10,wst_order1_path0010,0.0,0.1996230083524497,3193.968133639195,S2_recording_mean/S1_parent_recording_mean,1e-08
422,341,wst_order2_path0341,2,2,2.0,5.0,0.0544226085565619,0.002734375,870.7617369049904,43.75,0.006063791129922644,0.006133414702496946,0.006018301034607366,0.006128309569648781,6.962357257430263e-05,0.0001100085350414148,0.5279329966387415,0.027932996638741492,0.055865993277482984,0.055865993277482984,wet_higher,1247,376,none,25,wst_order1_path0025,2.0,0.0544226085565619,870.7617369049904,S2_recording_mean/S1_parent_recording_mean,1e-08
423,517,wst_order2_path0517,2,2,5.0,10.0,0.0068028260695702,8.544921875e-05,108.8452171131232,1.3671875,0.000471716056380424,0.00045649398442506337,0.00045974867011106197,0.00044762110388490506,-1.5222071955360626e-05,-1.2127566226156905e-05,0.4724466378883789,0.027553362111621127,-0.05510672422324214,0.05510672422324214,dry_higher,1247,376,none,49,wst_order1_path0049,5.0,0.0068028260695702,108.8452171131232,S2_recording_mean/S1_parent_recording_mean,1e-08
424,605,wst_order2_path0605,2,2,8.0,11.0,0.0012025811112564,4.2724609375e-05,19.2412977801024,0.68359375,0.0001867404631816039,0.00017965049247996447,0.00018042545220965642,0.00018065059764408458,-7.08997070163943e-06,2.2514543442816418e-07,0.47278148407241216,0.02721851592758784,-0.05443703185517579,0.05443703185517579,dry_higher,1247,376,none,69,wst_order1_path0069,8.0,0.0012025811112564,19.2412977801024,S2_recording_mean/S1_parent_recording_mean,1e-08
425,163,wst_order2_path0163,2,2,0.0,3.0,0.2588790132498857,0.0109375,4142.064211998171,175.0,0.022053550338453583,0.02222549160604103,0.021930120140017644,0.02214086434697684,0.0001719412675874471,0.00021074420695919513,0.5272078520363767,0.027207852036376656,0.05441570407275331,0.05441570407275331,wet_higher,1247,376,none,7,wst_order1_path0007,0.0,0.2588790132498857,4142.064211998171,S2_recording_mean/S1_parent_recording_mean,1e-08
426,617,wst_order2_path0617,2,2,8.0,11.0,0.0008503532586962,4.2724609375e-05,13.605652139139199,0.68359375,0.0001594714292480294,0.0001542838981059969,0.0001547064744885135,0.00014972114875630118,-5.187531142032513e-06,-4.985325732212328e-06,0.4732293675032845,0.02677063249671552,-0.05354126499343104,0.05354126499343104,dry_higher,1247,376,none,73,wst_order1_path0073,8.0,0.0008503532586962,13.605652139139199,S2_recording_mean/S1_parent_recording_mean,1e-08
427,506,wst_order2_path0506,2,2,5.0,11.0,0.0080899691640589,4.2724609375e-05,129.43950662494242,0.68359375,0.0002333777431937055,0.00022333993282294722,0.00022322995107747575,0.0002195226049942417,-1.0037810370758276e-05,-3.7073460832340484e-06,0.47326989028988725,0.02673010971011275,-0.05346021942022561,0.05346021942022561,dry_higher,1247,376,none,47,wst_order1_path0047,5.0,0.0080899691640589,129.43950662494242,S2_recording_mean/S1_parent_recording_mean,1e-08
428,305,wst_order2_path0305,2,2,2.0,5.0,0.0769651911204119,0.002734375,1231.4430579265904,43.75,0.005741811049848777,0.005821431377496368,0.005691981998623547,0.005813617234011904,7.962032764759035e-05,0.00012163523538835652,0.5267194458189015,0.02671944581890151,0.05343889163780302,0.05343889163780302,wet_higher,1247,376,none,21,wst_order1_path0021,2.0,0.0769651911204119,1231.4430579265904,S2_recording_mean/S1_parent_recording_mean,1e-08
429,544,wst_order2_path0544,2,2,6.0,11.0,0.0044110869652148,4.2724609375e-05,70.57739144343681,0.68359375,0.00022403099570325008,0.00021389478834843263,0.00021429086069003678,0.00020949093183818957,-1.0136207354817452e-05,-4.799928851847209e-06,0.47336373253254616,0.026636267467453845,-0.05327253493490758,0.05327253493490758,dry_higher,1247,376,none,54,wst_order1_path0054,6.0,0.0044110869652148,70.57739144343681,S2_recording_mean/S1_parent_recording_mean,1e-08
430,572,wst_order2_path0572,2,2,7.0,11.0,0.0026228480019646,4.2724609375e-05,41.9655680314336,0.68359375,0.0002139723768872686,0.00020469582913067196,0.00020631335119298394,0.0001968732769605721,-9.276547756596629e-06,-9.440074232411848e-06,0.4733935914279377,0.026606408572062312,-0.053212817144124624,0.053212817144124624,dry_higher,1247,376,none,60,wst_order1_path0060,7.0,0.0026228480019646,41.9655680314336,S2_recording_mean/S1_parent_recording_mean,1e-08
431,614,wst_order2_path0614,2,2,8.0,11.0,0.0009273168041053,4.2724609375e-05,14.8370688656848,0.68359375,0.00016777492398837232,0.00016198737631317853,0.00016267421342749683,0.000158680497915619,-5.787547675193788e-06,-3.9937155118778425e-06,0.4734277158798137,0.026572284120186307,-0.053144568240372614,0.053144568240372614,dry_higher,1247,376,none,72,wst_order1_path0072,8.0,0.0009273168041053,14.8370688656848,S2_recording_mean/S1_parent_recording_mean,1e-08
432,602,wst_order2_path0602,2,2,8.0,11.0,0.0013114240009823,4.2724609375e-05,20.9827840157168,0.68359375,0.000191513452955284,0.00018460132564736582,0.00018121159734239055,0.00017562444289806518,-6.912127307918172e-06,-5.58715444432537e-06,0.47360686925216267,0.026393130747837334,-0.05278626149567478,0.05278626149567478,dry_higher,1247,376,none,68,wst_order1_path0068,8.0,0.0013114240009823,20.9827840157168,S2_recording_mean/S1_parent_recording_mean,1e-08
433,185,wst_order2_path0185,2,2,0.0,3.0,0.2176904342262477,0.0109375,3483.0469476199632,175.0,0.02227362031244351,0.022444940404965693,0.02221414446304692,0.02241469004854147,0.00017132009252218347,0.00020054558549455204,0.5262203757102152,0.026220375710215182,0.052440751420430365,0.052440751420430365,wet_higher,1247,376,none,9,wst_order1_path0009,0.0,0.2176904342262477,3483.0469476199632,S2_recording_mean/S1_parent_recording_mean,1e-08
434,571,wst_order2_path0571,2,2,7.0,10.0,0.0026228480019646,8.544921875e-05,41.9655680314336,1.3671875,0.0003861202570842522,0.00037540548402668417,0.00037654748295277225,0.00036428852361275173,-1.071477305756804e-05,-1.2258959340020526e-05,0.4738180142981453,0.026181985701854704,-0.0523639714037093,0.0523639714037093,dry_higher,1247,376,none,60,wst_order1_path0060,7.0,0.0026228480019646,41.9655680314336,S2_recording_mean/S1_parent_recording_mean,1e-08
435,183,wst_order2_path0183,2,2,0.0,1.0,0.2176904342262477,0.04375,3483.0469476199632,700.0,0.03125249192768394,0.031769488808478144,0.030986542620694533,0.03139183407137891,0.0005169968807942071,0.0004052914506843773,0.5260646828985309,0.026064682898530922,0.052129365797061844,0.052129365797061844,wet_higher,1247,376,none,9,wst_order1_path0009,0.0,0.2176904342262477,3483.0469476199632,S2_recording_mean/S1_parent_recording_mean,1e-08
436,539,wst_order2_path0539,2,2,6.0,11.0,0.0048103244450257,4.2724609375e-05,76.96519112041119,0.68359375,0.00022523426727282,0.00021569865872630262,0.00021237241739115802,0.00021234221063542335,-9.535608546517373e-06,-3.020675573466914e-08,0.4739417154361958,0.026058284563804213,-0.052116569127608425,0.052116569127608425,dry_higher,1247,376,none,53,wst_order1_path0053,6.0,0.0048103244450257,76.96519112041119,S2_recording_mean/S1_parent_recording_mean,1e-08
437,576,wst_order2_path0576,2,2,7.0,11.0,0.0024051622225128,4.2724609375e-05,38.4825955602048,0.68359375,0.00021160802186722584,0.0002021419543048776,0.00019935306142074229,0.00019667515970571225,-9.466067562348234e-06,-2.677901715030038e-06,0.4741357982562405,0.025864201743759474,-0.05172840348751895,0.05172840348751895,dry_higher,1247,376,none,61,wst_order1_path0061,7.0,0.0024051622225128,38.4825955602048,S2_recording_mean/S1_parent_recording_mean,1e-08
438,553,wst_order2_path0553,2,2,6.0,10.0,0.0037092672164215,8.544921875e-05,59.348275462744,1.3671875,0.00041570299634394046,0.0004028124121338144,0.0004049380266117842,0.0003934344519820451,-1.289058421012607e-05,-1.1503574629739084e-05,0.47420404715999254,0.025795952840007463,-0.05159190568001504,0.05159190568001504,dry_higher,1247,376,none,56,wst_order1_path0056,6.0,0.0037092672164215,59.348275462744,S2_recording_mean/S1_parent_recording_mean,1e-08
439,596,wst_order2_path0596,2,2,7.0,11.0,0.0015595547527535,4.2724609375e-05,24.952876044056,0.68359375,0.00020112625437990528,0.00019325133543265647,0.00018902560432698505,0.00018699311098013404,-7.874918947248807e-06,-2.032493346851012e-06,0.4744258560971864,0.025574143902813595,-0.05114828780562708,0.05114828780562708,dry_higher,1247,376,none,66,wst_order1_path0066,7.0,0.0015595547527535,24.952876044056,S2_recording_mean/S1_parent_recording_mean,1e-08
440,258,wst_order2_path0258,2,2,1.0,5.0,0.1186965509254903,0.002734375,1899.1448148078448,43.75,0.0055080373839662845,0.005567679013745878,0.005394326379986138,0.005499747979295299,5.964162977959396e-05,0.00010542159930916097,0.5254035216434336,0.025403521643433624,0.05080704328686725,0.05080704328686725,wet_higher,1247,376,none,16,wst_order1_path0016,1.0,0.1186965509254903,1899.1448148078448,S2_recording_mean/S1_parent_recording_mean,1e-08
441,129,wst_order2_path0129,2,2,0.0,2.0,0.3357245442514747,0.021875,5371.592708023595,350.0,0.04262620049201339,0.04309399005268721,0.042782513909274456,0.042939791960874316,0.0004677895606738161,0.00015727805159986008,0.5253821938610111,0.02538219386101115,0.0507643877220223,0.0507643877220223,wet_higher,1247,376,none,4,wst_order1_path0004,0.0,0.3357245442514747,5371.592708023595,S2_recording_mean/S1_parent_recording_mean,1e-08
442,533,wst_order2_path0533,2,2,6.0,10.0,0.0052456960039292,8.544921875e-05,83.9311360628672,1.3671875,0.00044218820532456447,0.000430913319309993,0.0004270597135045715,0.0004194831515562765,-1.1274886014571472e-05,-7.576561948294995e-06,0.4746604617038339,0.025339538296166086,-0.050679076592332284,0.050679076592332284,dry_higher,1247,376,none,52,wst_order1_path0052,6.0,0.0052456960039292,83.9311360628672,S2_recording_mean/S1_parent_recording_mean,1e-08
443,543,wst_order2_path0543,2,2,6.0,10.0,0.0044110869652148,8.544921875e-05,70.57739144343681,1.3671875,0.0004299782894949727,0.00041689209541861196,0.00041652439235217537,0.0004085771468011207,-1.3086194076360766e-05,-7.947245551054652e-06,0.4746817894862564,0.02531821051374361,-0.05063642102748722,0.05063642102748722,dry_higher,1247,376,none,54,wst_order1_path0054,6.0,0.0044110869652148,70.57739144343681,S2_recording_mean/S1_parent_recording_mean,1e-08
444,523,wst_order2_path0523,2,2,5.0,10.0,0.006238219011014,8.544921875e-05,99.811504176224,1.3671875,0.0004599812765550592,0.00044600119008339977,0.000446326168743076,0.0004329091343685588,-1.3980086471659448e-05,-1.3417034374517227e-05,0.47578230305925706,0.02421769694074294,-0.048435393881485767,0.048435393881485767,dry_higher,1247,376,none,50,wst_order1_path0050,5.0,0.006238219011014,99.811504176224,S2_recording_mean/S1_parent_recording_mean,1e-08
445,630,wst_order2_path0630,2,2,9.0,11.0,0.0005056230727536,4.2724609375e-05,8.0899691640576,0.68359375,9.861207816695277e-05,9.685482611976373e-05,9.990698090071581e-05,9.669145386886748e-05,-1.7572520471890318e-06,-3.2155270318483275e-06,0.4760446347830538,0.02395536521694619,-0.04791073043389238,0.04791073043389238,dry_higher,1247,376,none,79,wst_order1_path0079,9.0,0.0005056230727536,8.0899691640576,S2_recording_mean/S1_parent_recording_mean,1e-08
446,358,wst_order2_path0358,2,2,3.0,5.0,0.045763776443969,0.002734375,732.220423103504,43.75,0.006135802196560742,0.006157018629308329,0.006122744327381002,0.00622471451908337,2.1216432747587013e-05,0.00010197019170236823,0.523953232438704,0.023953232438703953,0.047906464877407906,0.047906464877407906,wet_higher,1247,376,none,27,wst_order1_path0027,3.0,0.045763776443969,732.220423103504,S2_recording_mean/S1_parent_recording_mean,1e-08
447,184,wst_order2_path0184,2,2,0.0,2.0,0.2176904342262477,0.021875,3483.0469476199632,350.0,0.034484169544238066,0.03490710348287228,0.03455490589191022,0.03511544189107414,0.00042293393863421236,0.0005605359991639192,0.5237292907232678,0.023729290723267793,0.047458581446535586,0.047458581446535586,wet_higher,1247,376,none,9,wst_order1_path0009,0.0,0.2176904342262477,3483.0469476199632,S2_recording_mean/S1_parent_recording_mean,1e-08
448,588,wst_order2_path0588,2,2,7.0,11.0,0.0018546336082107,4.2724609375e-05,29.6741377313712,0.68359375,0.0002070470539777073,0.00019912374473541,0.00019663053795393714,0.00019649621151441183,-7.923309242297309e-06,-1.343264395253091e-07,0.47648825265744166,0.023511747342558342,-0.047023494685116574,0.047023494685116574,dry_higher,1247,376,none,64,wst_order1_path0064,7.0,0.0018546336082107,29.6741377313712,S2_recording_mean/S1_parent_recording_mean,1e-08
449,584,wst_order2_path0584,2,2,7.0,11.0,0.0020224922910147,4.2724609375e-05,32.3598766562352,0.68359375,0.00020943847885806176,0.00020144477111965078,0.00020029090940563112,0.00019674491939425167,-7.993707738410984e-06,-3.5459900113794427e-06,0.47676764660717635,0.023232353392823646,-0.04646470678564729,0.04646470678564729,dry_higher,1247,376,none,63,wst_order1_path0063,7.0,0.0020224922910147,32.3598766562352,S2_recording_mean/S1_parent_recording_mean,1e-08
450,406,wst_order2_path0406,2,2,3.0,5.0,0.0272113042782809,0.002734375,435.3808684524944,43.75,0.005159372549054132,0.0051078283270455235,0.005184050863999406,0.005150457744875151,-5.154422200860827e-05,-3.3593119124254896e-05,0.4771920694773841,0.022807930522615927,-0.045615861045231965,0.045615861045231965,dry_higher,1247,376,none,33,wst_order1_path0033,3.0,0.0272113042782809,435.3808684524944,S2_recording_mean/S1_parent_recording_mean,1e-08
451,594,wst_order2_path0594,2,2,7.0,9.0,0.0015595547527535,0.0001708984375,24.952876044056,2.734375,0.0003823551965781154,0.0003764401263792313,0.00038229153722224595,0.0003786602325130139,-5.915070198884086e-06,-3.631304709232055e-06,0.477448002866454,0.022551997133545998,-0.04510399426709211,0.04510399426709211,dry_higher,1247,376,none,66,wst_order1_path0066,7.0,0.0015595547527535,24.952876044056,S2_recording_mean/S1_parent_recording_mean,1e-08
452,564,wst_order2_path0564,2,2,6.0,11.0,0.003119109505507,4.2724609375e-05,49.905752088112,0.68359375,0.0002171431978147057,0.00020804707283888748,0.00020751589469255257,0.0002053553683015694,-9.09612497581821e-06,-2.1605263909831767e-06,0.4774501356446962,0.022549864355303817,-0.045099728710607634,0.045099728710607634,dry_higher,1247,376,none,58,wst_order1_path0058,6.0,0.003119109505507,49.905752088112,S2_recording_mean/S1_parent_recording_mean,1e-08
453,568,wst_order2_path0568,2,2,7.0,11.0,0.002860236027748,4.2724609375e-05,45.763776443968,0.68359375,0.0002158929972891235,0.00020748052448709336,0.0002064783002207238,0.00020005465878642528,-8.412472802030125e-06,-6.423641434298528e-06,0.4774693306488765,0.022530669351123522,-0.045061338702247045,0.045061338702247045,dry_higher,1247,376,none,59,wst_order1_path0059,7.0,0.002860236027748,45.763776443968,S2_recording_mean/S1_parent_recording_mean,1e-08
454,470,wst_order2_path0470,2,2,4.0,5.0,0.012476438022028,0.002734375,199.623008352448,43.75,0.002080174269945601,0.0020614853797246476,0.0020824092651708964,0.002056405272010025,-1.868889022095359e-05,-2.600399316087139e-05,0.47765701513419445,0.02234298486580555,-0.04468596973161121,0.04468596973161121,dry_higher,1247,376,none,42,wst_order1_path0042,4.0,0.012476438022028,199.623008352448,S2_recording_mean/S1_parent_recording_mean,1e-08
455,255,wst_order2_path0255,2,2,1.0,2.0,0.1186965509254903,0.021875,1899.1448148078448,350.0,0.018765383497905432,0.018924916967382008,0.018792782689313895,0.01904057131792171,0.00015953346947657557,0.0002477886286078139,0.5220422631336484,0.022042263133648432,0.044084526267296864,0.044084526267296864,wet_higher,1247,376,none,16,wst_order1_path0016,1.0,0.1186965509254903,1899.1448148078448,S2_recording_mean/S1_parent_recording_mean,1e-08
456,559,wst_order2_path0559,2,2,6.0,11.0,0.0034014130347851,4.2724609375e-05,54.4226085565616,0.68359375,0.00021874648523739028,0.00020908494841371706,0.0002060904768466713,0.00020611535836250302,-9.661536823673216e-06,2.488151583170963e-08,0.4782136702554216,0.021786329744578392,-0.043572659489157006,0.043572659489157006,dry_higher,1247,376,none,57,wst_order1_path0057,6.0,0.0034014130347851,54.4226085565616,S2_recording_mean/S1_parent_recording_mean,1e-08
457,96,wst_order2_path0096,2,2,0.0,2.0,0.4353808684524956,0.021875,6966.093895239929,350.0,0.04420907120744757,0.044479318559557196,0.04393021856158298,0.04432281046800301,0.0002702473521096274,0.000392591906420027,0.52164556638059,0.02164556638059001,0.04329113276118002,0.04329113276118002,wet_higher,1247,376,none,1,wst_order1_path0001,0.0,0.4353808684524956,6966.093895239929,S2_recording_mean/S1_parent_recording_mean,1e-08
458,548,wst_order2_path0548,2,2,6.0,10.0,0.0040449845820294,8.544921875e-05,64.7197533124704,1.3671875,0.0004242889541969665,0.00041220915383588064,0.0004096651596900919,0.00040085143338593925,-1.2079800361085855e-05,-8.813726304152656e-06,0.4785762425566039,0.021423757443396085,-0.04284751488679217,0.04284751488679217,dry_higher,1247,376,none,55,wst_order1_path0055,6.0,0.0040449845820294,64.7197533124704,S2_recording_mean/S1_parent_recording_mean,1e-08
459,121,wst_order2_path0121,2,2,0.0,5.0,0.3661102115517526,0.002734375,5857.763384828042,43.75,0.004488101987952857,0.004545147194494708,0.004319896229735517,0.004368841803492012,5.704520654185082e-05,4.8945573756494463e-05,0.5213341807572216,0.0213341807572216,0.0426683615144432,0.0426683615144432,wet_higher,1247,376,none,3,wst_order1_path0003,0.0,0.3661102115517526,5857.763384828042,S2_recording_mean/S1_parent_recording_mean,1e-08
460,235,wst_order2_path0235,2,2,1.0,2.0,0.1411547828868759,0.021875,2258.4765261900147,350.0,0.024364964011648716,0.0240694431683664,0.024493591844446782,0.024265463981306502,-0.000295520843282316,-0.00022812786314027958,0.4787575287071951,0.021242471292804876,-0.04248494258560975,0.04248494258560975,dry_higher,1247,376,none,14,wst_order1_path0014,1.0,0.1411547828868759,2258.4765261900147,S2_recording_mean/S1_parent_recording_mean,1e-08
461,549,wst_order2_path0549,2,2,6.0,11.0,0.0040449845820294,4.2724609375e-05,64.7197533124704,0.68359375,0.00022259350031972333,0.00021296656494648882,0.00021229020095529517,0.00021103927165093764,-9.626935373234507e-06,-1.2509293043575366e-06,0.4788023170502824,0.021197682949717578,-0.04239536589943527,0.04239536589943527,dry_higher,1247,376,none,55,wst_order1_path0055,6.0,0.0040449845820294,64.7197533124704,S2_recording_mean/S1_parent_recording_mean,1e-08
462,563,wst_order2_path0563,2,2,6.0,10.0,0.003119109505507,8.544921875e-05,49.905752088112,1.3671875,0.0004005573801745548,0.0003910917655558721,0.000391839973842107,0.0003805273066706091,-9.465614618682722e-06,-1.1312667171497874e-05,0.4788129809414937,0.021187019058506285,-0.04237403811701279,0.04237403811701279,dry_higher,1247,376,none,58,wst_order1_path0058,6.0,0.003119109505507,49.905752088112,S2_recording_mean/S1_parent_recording_mean,1e-08
463,620,wst_order2_path0620,2,2,8.0,11.0,0.0007797773763767,4.2724609375e-05,12.476438022027201,0.68359375,0.00015119802366991676,0.00014720778760614423,0.00014702166885011763,0.00014387408884017897,-3.9902360637725275e-06,-3.147580009938653e-06,0.47895161152723986,0.021048388472760138,-0.042096776945520276,0.042096776945520276,dry_higher,1247,376,none,74,wst_order1_path0074,8.0,0.0007797773763767,12.476438022027201,S2_recording_mean/S1_parent_recording_mean,1e-08
464,611,wst_order2_path0611,2,2,8.0,11.0,0.0010112461455073,4.2724609375e-05,16.179938328116798,0.68359375,0.00017329327701956694,0.00016822789112350624,0.00016697764325415546,0.00016013159977921353,-5.065385896060691e-06,-6.84604347494193e-06,0.4789622754184511,0.0210377245815489,-0.0420754491630978,0.0420754491630978,dry_higher,1247,376,none,71,wst_order1_path0071,8.0,0.0010112461455073,16.179938328116798,S2_recording_mean/S1_parent_recording_mean,1e-08
465,528,wst_order2_path0528,2,2,6.0,10.0,0.0057204720554961,8.544921875e-05,91.5275528879376,1.3671875,0.0004501552066770593,0.0004381504759117072,0.0004378973112726515,0.00042729691133072526,-1.2004730765352123e-05,-1.0600399941926243e-05,0.47913716323431554,0.020862836765684456,-0.04172567353136891,0.04172567353136891,dry_higher,1247,376,none,51,wst_order1_path0051,6.0,0.0057204720554961,91.5275528879376,S2_recording_mean/S1_parent_recording_mean,1e-08
466,276,wst_order2_path0276,2,2,1.0,3.0,0.0998115041762248,0.0109375,1596.9840668195966,175.0,0.016331170217092073,0.016534426292655773,0.016480862867833474,0.016667749793852486,0.0002032560755637,0.00018688692601901216,0.5205471855858316,0.020547185585831573,0.04109437117166315,0.04109437117166315,wet_higher,1247,376,none,18,wst_order1_path0018,1.0,0.0998115041762248,1596.9840668195966,S2_recording_mean/S1_parent_recording_mean,1e-08
467,238,wst_order2_path0238,2,2,1.0,5.0,0.1411547828868759,0.002734375,2258.4765261900147,43.75,0.005478124027132052,0.0055345967151930525,0.005353487141855879,0.005377517504524197,5.6472688061000656e-05,2.4030362668317658e-05,0.52051732669044,0.02051732669044004,0.04103465338088008,0.04103465338088008,wet_higher,1247,376,none,14,wst_order1_path0014,1.0,0.1411547828868759,2258.4765261900147,S2_recording_mean/S1_parent_recording_mean,1e-08
468,580,wst_order2_path0580,2,2,7.0,11.0,0.0022055434826074,4.2724609375e-05,35.288695721718405,0.68359375,0.00021137684621051932,0.0002037167938448803,0.00019895265723747526,0.00019929757886723575,-7.660052365639024e-06,3.449216297604868e-07,0.48004146120902935,0.019958538790970648,-0.039917077581941296,0.039917077581941296,dry_higher,1247,376,none,62,wst_order1_path0062,7.0,0.0022055434826074,35.288695721718405,S2_recording_mean/S1_parent_recording_mean,1e-08
469,236,wst_order2_path0236,2,2,1.0,3.0,0.1411547828868759,0.0109375,2258.4765261900147,175.0,0.021171268107572683,0.02129055685210562,0.02128563940144976,0.021489984889048033,0.00011928874453293742,0.0002043454875982724,0.5197090037366275,0.01970900373662754,0.03941800747325486,0.03941800747325486,wet_higher,1247,376,none,14,wst_order1_path0014,1.0,0.1411547828868759,2258.4765261900147,S2_recording_mean/S1_parent_recording_mean,1e-08
470,621,wst_order2_path0621,2,2,9.0,10.0,0.000715059006937,8.544921875e-05,11.440944110992,1.3671875,0.00016517910113529388,0.00016750890755625142,0.00016668617595107392,0.00016921401307593793,2.329806420957542e-06,2.527837124864001e-06,0.519636489276391,0.019636489276390945,0.03927297855278189,0.03927297855278189,wet_higher,1247,376,none,75,wst_order1_path0075,9.0,0.000715059006937,11.440944110992,S2_recording_mean/S1_parent_recording_mean,1e-08
471,641,wst_order2_path0641,2,2,10.0,11.0,0.0002528115363768,4.2724609375e-05,4.0449845820288,0.68359375,3.790815538516147e-05,3.8661817263012556e-05,3.5364918812213164e-05,3.62526193620402e-05,7.536618778510883e-07,8.877005498270381e-07,0.5192014025149722,0.019201402514972155,0.03840280502994431,0.03840280502994431,wet_higher,1247,376,none,87,wst_order1_path0087,10.0,0.0002528115363768,4.0449845820288,S2_recording_mean/S1_parent_recording_mean,1e-08
472,567,wst_order2_path0567,2,2,7.0,10.0,0.002860236027748,8.544921875e-05,45.763776443968,1.3671875,0.00039157615512427186,0.0003837062613900734,0.0003805878619019874,0.0003758239856094041,-7.86989373419844e-06,-4.763876292583277e-06,0.48112917811257655,0.01887082188742345,-0.0377416437748469,0.0377416437748469,dry_higher,1247,376,none,59,wst_order1_path0059,7.0,0.002860236027748,45.763776443968,S2_recording_mean/S1_parent_recording_mean,1e-08
473,631,wst_order2_path0631,2,2,9.0,10.0,0.0004636584020526,8.544921875e-05,7.4185344328416,1.3671875,8.372916948398996e-05,8.573626059893686e-05,8.299929761276054e-05,8.305887146593566e-05,2.007091114946896e-06,5.957385317512337e-08,0.5187001996280436,0.01870019962804359,0.03740039925608696,0.03740039925608696,wet_higher,1247,376,none,80,wst_order1_path0080,9.0,0.0004636584020526,7.4185344328416,S2_recording_mean/S1_parent_recording_mean,1e-08
474,625,wst_order2_path0625,2,2,9.0,10.0,0.0006012905556282,8.544921875e-05,9.6206488900512,1.3671875,0.0001332204283366665,0.0001355805729366809,0.00013455511293873602,0.00013662561925995392,2.3601446000143874e-06,2.070506321217902e-06,0.5184229384565511,0.018422938456551075,0.03684587691310215,0.03684587691310215,wet_higher,1247,376,none,77,wst_order1_path0077,9.0,0.0006012905556282,9.6206488900512,S2_recording_mean/S1_parent_recording_mean,1e-08
475,421,wst_order2_path0421,2,2,4.0,5.0,0.0228818882219845,0.002734375,366.110211551752,43.75,0.004519419209422572,0.004491964918209115,0.004556287397218895,0.004459412867176193,-2.7454291213457535e-05,-9.687453004270184e-05,0.48176474602876695,0.018235253971233045,-0.0364705079424662,0.0364705079424662,dry_higher,1247,376,none,35,wst_order1_path0035,4.0,0.0228818882219845,366.110211551752,S2_recording_mean/S1_parent_recording_mean,1e-08
476,629,wst_order2_path0629,2,2,9.0,10.0,0.0005056230727536,8.544921875e-05,8.0899691640576,1.3671875,9.807625540720819e-05,9.708242789843255e-05,9.90148790656532e-05,9.705734301228289e-05,-9.938275087756365e-07,-1.9575360533703073e-06,0.4819950860789298,0.018004913921070176,-0.03600982784214024,0.03600982784214024,dry_higher,1247,376,none,79,wst_order1_path0079,9.0,0.0005056230727536,8.0899691640576,S2_recording_mean/S1_parent_recording_mean,1e-08
477,623,wst_order2_path0623,2,2,9.0,10.0,0.0006557120004911,8.544921875e-05,10.4913920078576,1.3671875,0.00015012808000084086,0.0001478232442926543,0.00015175370173629868,0.0001499723898098991,-2.3048357081865555e-06,-1.7813119263995747e-06,0.48233206504120524,0.017667934958794762,-0.03533586991758941,0.03533586991758941,dry_higher,1247,376,none,76,wst_order1_path0076,9.0,0.0006557120004911,10.4913920078576,S2_recording_mean/S1_parent_recording_mean,1e-08
478,642,wst_order2_path0642,2,2,10.0,11.0,0.0002212100943297,4.2724609375e-05,3.5393615092752,0.68359375,3.151097049499626e-05,3.2220507971938906e-05,3.104978211992809e-05,3.148215969726951e-05,7.095374769426483e-07,4.3237757734142094e-07,0.5164693135866505,0.01646931358665049,0.03293862717330098,0.03293862717330098,wet_higher,1247,376,none,88,wst_order1_path0088,10.0,0.0002212100943297,3.5393615092752,S2_recording_mean/S1_parent_recording_mean,1e-08
479,512,wst_order2_path0512,2,2,5.0,11.0,0.0074185344328431,4.2724609375e-05,118.6965509254896,0.68359375,0.00023113223874375602,0.00022433203538661572,0.00022147888188500946,0.00022054820936192958,-6.800203357140293e-06,-9.30672523079875e-07,0.48361599754303947,0.016384002456960534,-0.03276800491392107,0.03276800491392107,dry_higher,1247,376,none,48,wst_order1_path0048,5.0,0.0074185344328431,118.6965509254896,S2_recording_mean/S1_parent_recording_mean,1e-08
480,348,wst_order2_path0348,2,2,2.0,3.0,0.0499057520881124,0.0109375,798.4920334097983,175.0,0.0072195350487630474,0.007296447935508595,0.007247467885829757,0.007260763685097486,7.691288674554781e-05,1.3295799267728364e-05,0.5163669402310225,0.016366940231022475,0.03273388046204517,0.03273388046204517,wet_higher,1247,376,none,26,wst_order1_path0026,2.0,0.0499057520881124,798.4920334097983,S2_recording_mean/S1_parent_recording_mean,1e-08
481,314,wst_order2_path0314,2,2,2.0,5.0,0.0705773914434379,0.002734375,1129.2382630950065,43.75,0.00577958899220603,0.005811016710407832,0.005720978648408349,0.005754583726034407,3.142771820180239e-05,3.360507762605741e-05,0.5160576873858964,0.016057687385896413,0.032115374771792826,0.032115374771792826,wet_higher,1247,376,none,22,wst_order1_path0022,2.0,0.0705773914434379,1129.2382630950065,S2_recording_mean/S1_parent_recording_mean,1e-08
482,398,wst_order2_path0398,2,2,3.0,5.0,0.0296741377313725,0.002734375,474.78620370196,43.75,0.005414567834302487,0.005452509894066481,0.005411967891622346,0.00545084627102304,3.794205976399411e-05,3.8878379400694024e-05,0.5157228412018632,0.01572284120186318,0.03144568240372636,0.03144568240372636,wet_higher,1247,376,none,32,wst_order1_path0032,3.0,0.0296741377313725,474.78620370196,S2_recording_mean/S1_parent_recording_mean,1e-08
483,612,wst_order2_path0612,2,2,8.0,9.0,0.0009273168041053,0.0001708984375,14.8370688656848,2.734375,0.0001842994217206628,0.00018182344959713788,0.00018266615743868563,0.00018115616500091676,-2.475972123524927e-06,-1.5099924377688623e-06,0.4843326110324353,0.0156673889675647,-0.0313347779351294,0.0313347779351294,dry_higher,1247,376,none,72,wst_order1_path0072,8.0,0.0009273168041053,14.8370688656848,S2_recording_mean/S1_parent_recording_mean,1e-08
484,633,wst_order2_path0633,2,2,9.0,10.0,0.0004251766293481,8.544921875e-05,6.8028260695695995,1.3671875,8.397602478853366e-05,8.316464621668836e-05,8.30643400542891e-05,8.209356512820759e-05,-8.113785718453023e-07,-9.707749260815142e-07,0.484373133819038,0.015626866180961985,-0.03125373236192397,0.03125373236192397,dry_higher,1247,376,none,81,wst_order1_path0081,9.0,0.0004251766293481,6.8028260695695995,S2_recording_mean/S1_parent_recording_mean,1e-08
485,634,wst_order2_path0634,2,2,9.0,11.0,0.0004251766293481,4.2724609375e-05,6.8028260695695995,0.68359375,8.854838098532668e-05,8.739172553959728e-05,8.869948495663632e-05,8.720426381479615e-05,-1.1566554457294033e-06,-1.4952211418401627e-06,0.4843837977102493,0.015616202289750691,-0.031232404579501494,0.031232404579501494,dry_higher,1247,376,none,81,wst_order1_path0081,9.0,0.0004251766293481,6.8028260695695995,S2_recording_mean/S1_parent_recording_mean,1e-08
486,206,wst_order2_path0206,2,2,1.0,3.0,0.1830551057758762,0.0109375,2928.881692414019,175.0,0.02223795709850747,0.022352366927237934,0.022277414483948002,0.02228556955002102,0.00011440982873046554,8.155066073017858e-06,0.5146799126414032,0.014679912641403225,0.02935982528280645,0.02935982528280645,wet_higher,1247,376,none,11,wst_order1_path0011,1.0,0.1830551057758762,2928.881692414019,S2_recording_mean/S1_parent_recording_mean,1e-08
487,99,wst_order2_path0099,2,2,0.0,5.0,0.4353808684524956,0.002734375,6966.093895239929,43.75,0.004444009068527591,0.004484630573720443,0.004280560857935848,0.0042984855483151245,4.0621505192852195e-05,1.7924690379276208e-05,0.5146393898548005,0.01463938985480051,0.02927877970960102,0.02927877970960102,wet_higher,1247,376,none,1,wst_order1_path0001,0.0,0.4353808684524956,6966.093895239929,S2_recording_mean/S1_parent_recording_mean,1e-08
488,374,wst_order2_path0374,2,2,3.0,5.0,0.0384825955602059,0.002734375,615.7215289632943,43.75,0.00594601709352928,0.005989745742905715,0.005966509592005565,0.006040577329412297,4.372864937643439e-05,7.406773740673174e-05,0.5145050248255387,0.014505024825538726,0.029010049651077452,0.029010049651077452,wet_higher,1247,376,none,29,wst_order1_path0029,3.0,0.0384825955602059,615.7215289632943,S2_recording_mean/S1_parent_recording_mean,1e-08
489,589,wst_order2_path0589,2,2,7.0,8.0,0.0017007065173925,0.000341796875,27.21130427828,5.46875,0.0003287994320295069,0.00032610358172292076,0.00032770377009198166,0.00032351734199609296,-2.6958503065861424e-06,-4.186428095888698e-06,0.4855205685133683,0.014479431486631722,-0.028958862973263444,0.028958862973263444,dry_higher,1247,376,none,65,wst_order1_path0065,7.0,0.0017007065173925,27.21130427828,S2_recording_mean/S1_parent_recording_mean,1e-08
490,117,wst_order2_path0117,2,2,0.0,1.0,0.3661102115517526,0.04375,5857.763384828042,700.0,0.06124194754065015,0.060911659709892825,0.061286141453936405,0.06127734885304138,-0.0003302878307573226,-8.792600895021763e-06,0.4856165435342695,0.014383456465730526,-0.028766912931461053,0.028766912931461053,dry_higher,1247,376,none,3,wst_order1_path0003,0.0,0.3661102115517526,5857.763384828042,S2_recording_mean/S1_parent_recording_mean,1e-08
491,140,wst_order2_path0140,2,2,0.0,2.0,0.3078607644816478,0.021875,4925.772231706364,350.0,0.04159785214445518,0.04196499008048915,0.041579964645035626,0.041877581019229976,0.0003671379360339691,0.00029761637419434966,0.5141637803067788,0.014163780306778784,0.028327560613557567,0.028327560613557567,wet_higher,1247,376,none,5,wst_order1_path0005,0.0,0.3078607644816478,4925.772231706364,S2_recording_mean/S1_parent_recording_mean,1e-08
492,128,wst_order2_path0128,2,2,0.0,1.0,0.3357245442514747,0.04375,5371.592708023595,700.0,0.05537853519054765,0.055020060071248864,0.05584678839029355,0.05531742954788638,-0.0003584751192987831,-0.0005293588424071655,0.4865485676261325,0.013451432373867478,-0.026902864747734956,0.026902864747734956,dry_higher,1247,376,none,4,wst_order1_path0004,0.0,0.3357245442514747,5371.592708023595,S2_recording_mean/S1_parent_recording_mean,1e-08
493,323,wst_order2_path0323,2,2,2.0,5.0,0.0647197533124713,0.002734375,1035.5160529995408,43.75,0.005861671631476832,0.005902677553891301,0.005827658873147153,0.005807210053499122,4.10059224144688e-05,-2.044881964803104e-05,0.5132488184408539,0.013248818440853904,0.026497636881707587,0.026497636881707587,wet_higher,1247,376,none,23,wst_order1_path0023,2.0,0.0647197533124713,1035.5160529995408,S2_recording_mean/S1_parent_recording_mean,1e-08
494,278,wst_order2_path0278,2,2,1.0,5.0,0.0998115041762248,0.002734375,1596.9840668195966,43.75,0.0057193262534180455,0.005763232939056734,0.00565308903962578,0.005727189420702043,4.390668563868886e-05,7.410038107626311e-05,0.5124703543824327,0.012470354382432713,0.024940708764865427,0.024940708764865427,wet_higher,1247,376,none,18,wst_order1_path0018,1.0,0.0998115041762248,1596.9840668195966,S2_recording_mean/S1_parent_recording_mean,1e-08
495,632,wst_order2_path0632,2,2,9.0,11.0,0.0004636584020526,4.2724609375e-05,7.4185344328416,0.68359375,8.802809180302664e-05,8.89028094110046e-05,8.76970136050887e-05,8.877849863265965e-05,8.747176079779557e-07,1.0814850275709482e-06,0.5124511593782526,0.012451159378252585,0.02490231875650495,0.02490231875650495,wet_higher,1247,376,none,80,wst_order1_path0080,9.0,0.0004636584020526,7.4185344328416,S2_recording_mean/S1_parent_recording_mean,1e-08
496,414,wst_order2_path0414,2,2,3.0,5.0,0.0249528760440561,0.002734375,399.2460167048976,43.75,0.004857366521853244,0.004825571152720949,0.004875128898044965,0.004870586381765938,-3.1795369132295304e-05,-4.542516279027083e-06,0.487698135098705,0.012301864901294979,-0.02460372980259007,0.02460372980259007,dry_higher,1247,376,none,34,wst_order1_path0034,3.0,0.0249528760440561,399.2460167048976,S2_recording_mean/S1_parent_recording_mean,1e-08
497,246,wst_order2_path0246,2,2,1.0,3.0,0.1294395066249428,0.0109375,2071.0321059990847,175.0,0.02022969407493789,0.020264965994387114,0.020292761980291927,0.020419680847041165,3.5271919449225e-05,0.00012691886674923852,0.5121227115289461,0.012122711528946062,0.024245423057892124,0.024245423057892124,wet_higher,1247,376,none,15,wst_order1_path0015,1.0,0.1294395066249428,2071.0321059990847,S2_recording_mean/S1_parent_recording_mean,1e-08
498,615,wst_order2_path0615,2,2,8.0,9.0,0.0008503532586962,0.0001708984375,13.605652139139199,2.734375,0.0001608519616722001,0.00016224770686108008,0.00015871004305486908,0.00016040619103862723,1.395745188879986e-06,1.6961479837581468e-06,0.5119648859390196,0.011964885939019565,0.02392977187803913,0.02392977187803913,wet_higher,1247,376,none,73,wst_order1_path0073,8.0,0.0008503532586962,13.605652139139199,S2_recording_mean/S1_parent_recording_mean,1e-08
499,554,wst_order2_path0554,2,2,6.0,11.0,0.0037092672164215,4.2724609375e-05,59.348275462744,0.68359375,0.0002195412348238357,0.0002127391672714932,0.0002077902633302977,0.00021296767266597172,-6.8020675523424974e-06,5.177409335674007e-06,0.48816094797727316,0.011839052022726837,-0.023678104045453785,0.023678104045453785,dry_higher,1247,376,none,56,wst_order1_path0056,6.0,0.0037092672164215,59.348275462744,S2_recording_mean/S1_parent_recording_mean,1e-08
500,616,wst_order2_path0616,2,2,8.0,10.0,0.0008503532586962,8.544921875e-05,13.605652139139199,1.3671875,0.0002025743983391916,0.00020108311342386805,0.00020627413404303578,0.00020063425812908288,-1.491284915323542e-06,-5.6398759139529055e-06,0.4881694790902421,0.011830520909757891,-0.023661041819515782,0.023661041819515782,dry_higher,1247,376,none,73,wst_order1_path0073,8.0,0.0008503532586962,13.605652139139199,S2_recording_mean/S1_parent_recording_mean,1e-08
501,413,wst_order2_path0413,2,2,3.0,4.0,0.0249528760440561,0.00546875,399.2460167048976,87.5,0.00384231822459398,0.003857730414103038,0.0038312039079459004,0.0038454698961934448,1.541218950905799e-05,1.4265988247544412e-05,0.511608711972564,0.011608711972563968,0.023217423945127935,0.023217423945127935,wet_higher,1247,376,none,34,wst_order1_path0034,3.0,0.0249528760440561,399.2460167048976,S2_recording_mean/S1_parent_recording_mean,1e-08
502,176,wst_order2_path0176,2,2,0.0,5.0,0.2373931018509808,0.002734375,3798.289629615693,43.75,0.005125438918282015,0.0051350311073536615,0.004985777554229237,0.0049942774512075905,9.592189071646468e-06,8.499896978353058e-06,0.511378371922401,0.011378371922400987,0.022756743844801974,0.022756743844801974,wet_higher,1247,376,none,8,wst_order1_path0008,0.0,0.2373931018509808,3798.289629615693,S2_recording_mean/S1_parent_recording_mean,1e-08
503,637,wst_order2_path0637,2,2,10.0,11.0,0.0003575295034685,4.2724609375e-05,5.720472055496,0.68359375,6.17293881072691e-05,6.09421794751313e-05,6.073171419817141e-05,5.986291287964105e-05,-7.872086321378087e-07,-8.68801318530362e-07,0.48898846593526596,0.011011534064734041,-0.022023068129468193,0.022023068129468193,dry_higher,1247,376,none,83,wst_order1_path0083,10.0,0.0003575295034685,5.720472055496,S2_recording_mean/S1_parent_recording_mean,1e-08
504,529,wst_order2_path0529,2,2,6.0,11.0,0.0057204720554961,4.2724609375e-05,91.5275528879376,0.68359375,0.00022709130102772657,0.00022178317854174305,0.0002162530205449203,0.00021406419429196948,-5.308122485983525e-06,-2.188826252950824e-06,0.48902472316538415,0.010975276834615855,-0.02195055366923171,0.02195055366923171,dry_higher,1247,376,none,51,wst_order1_path0051,6.0,0.0057204720554961,91.5275528879376,S2_recording_mean/S1_parent_recording_mean,1e-08
505,518,wst_order2_path0518,2,2,5.0,11.0,0.0068028260695702,4.2724609375e-05,108.8452171131232,0.68359375,0.00022991600874636348,0.0002241085467374968,0.00021831659148802284,0.00021624639698910756,-5.807462008866691e-06,-2.070194498915277e-06,0.48907590984319815,0.010924090156801847,-0.021848180313603693,0.021848180313603693,dry_higher,1247,376,none,49,wst_order1_path0049,5.0,0.0068028260695702,108.8452171131232,S2_recording_mean/S1_parent_recording_mean,1e-08
506,268,wst_order2_path0268,2,2,1.0,5.0,0.1088452171131238,0.002734375,1741.5234738099807,43.75,0.005618818063802519,0.005664232589710784,0.005561659225106576,0.00553564241915192,4.541452590826455e-05,-2.6016805954655678e-05,0.5106233684246446,0.01062336842464462,0.02124673684928946,0.02124673684928946,wet_higher,1247,376,none,17,wst_order1_path0017,1.0,0.1088452171131238,1741.5234738099807,S2_recording_mean/S1_parent_recording_mean,1e-08
507,162,wst_order2_path0162,2,2,0.0,2.0,0.2588790132498857,0.021875,4142.064211998171,350.0,0.03878924852354517,0.038896311096456186,0.039126178031284514,0.039352801300220994,0.00010706257291101529,0.00022662326893647944,0.5105081983995633,0.010508198399563295,0.02101639679912637,0.02101639679912637,wet_higher,1247,376,none,7,wst_order1_path0007,0.0,0.2588790132498857,4142.064211998171,S2_recording_mean/S1_parent_recording_mean,1e-08
508,382,wst_order2_path0382,2,2,3.0,5.0,0.0352886957217189,0.002734375,564.6191315475024,43.75,0.005763372213397814,0.005804433867574119,0.005762848621133169,0.005791923599817185,4.1061654176304495e-05,2.9074978684015367e-05,0.5104015594874507,0.010401559487450696,0.02080311897490139,0.02080311897490139,wet_higher,1247,376,none,30,wst_order1_path0030,3.0,0.0352886957217189,564.6191315475024,S2_recording_mean/S1_parent_recording_mean,1e-08
509,524,wst_order2_path0524,2,2,5.0,11.0,0.006238219011014,4.2724609375e-05,99.811504176224,0.68359375,0.00022761222113980268,0.00022174077405674313,0.00021699407445316385,0.00021303715634973873,-5.871447083059551e-06,-3.956918103425127e-06,0.48980958555853193,0.010190414441468065,-0.02038082888293602,0.02038082888293602,dry_higher,1247,376,none,50,wst_order1_path0050,5.0,0.006238219011014,99.811504176224,S2_recording_mean/S1_parent_recording_mean,1e-08
510,151,wst_order2_path0151,2,2,0.0,2.0,0.2823095657737521,0.021875,4516.953052380034,350.0,0.04045324266158917,0.04077559571229601,0.04059670573619279,0.04061708944370368,0.00032235305070683895,2.038370751088897e-05,0.5101669538808032,0.010166953880803242,0.020333907761606484,0.020333907761606484,wet_higher,1247,376,none,6,wst_order1_path0006,0.0,0.2823095657737521,4516.953052380034,S2_recording_mean/S1_parent_recording_mean,1e-08
511,218,wst_order2_path0218,2,2,1.0,5.0,0.1678622721257372,0.002734375,2685.7963540117953,43.75,0.005415243694063357,0.005428889257982147,0.005264734904017253,0.0053000502349449825,1.3645563918789766e-05,3.5315330927729836e-05,0.5101264310942005,0.010126431094200528,0.020252862188401055,0.020252862188401055,wet_higher,1247,376,none,12,wst_order1_path0012,1.0,0.1678622721257372,2685.7963540117953,S2_recording_mean/S1_parent_recording_mean,1e-08
512,245,wst_order2_path0245,2,2,1.0,2.0,0.1294395066249428,0.021875,2071.0321059990847,350.0,0.021503873324636123,0.021310977793234008,0.021437983272912877,0.021494203987460325,-0.00019289553140211524,5.6220714547448175e-05,0.4899780750396697,0.010021924960330275,-0.02004384992066066,0.02004384992066066,dry_higher,1247,376,none,15,wst_order1_path0015,1.0,0.1294395066249428,2071.0321059990847,S2_recording_mean/S1_parent_recording_mean,1e-08
513,143,wst_order2_path0143,2,2,0.0,5.0,0.3078607644816478,0.002734375,4925.772231706364,43.75,0.004746077452033719,0.00468438901967672,0.00456070277568143,0.004555261915136612,-6.168843235699901e-05,-5.440860544818349e-06,0.49025746898940437,0.009742531010595634,-0.01948506202119127,0.01948506202119127,dry_higher,1247,376,none,5,wst_order1_path0005,0.0,0.3078607644816478,4925.772231706364,S2_recording_mean/S1_parent_recording_mean,1e-08
514,107,wst_order2_path0107,2,2,0.0,2.0,0.3992460167048995,0.021875,6387.936267278392,350.0,0.04411755840966056,0.04429104084057666,0.043940471787053216,0.043989069394189215,0.000173482430916104,4.8597607135998644e-05,0.5095057926257059,0.009505792625705944,0.01901158525141189,0.01901158525141189,wet_higher,1247,376,none,2,wst_order1_path0002,0.0,0.3992460167048995,6387.936267278392,S2_recording_mean/S1_parent_recording_mean,1e-08
515,154,wst_order2_path0154,2,2,0.0,5.0,0.2823095657737521,0.002734375,4516.953052380034,43.75,0.004860635990264392,0.004851707370788321,0.004681830101679862,0.004735030431738176,-8.928619476070328e-06,5.320033005831379e-05,0.5094759337303145,0.009475933730314523,0.018951867460628824,0.018951867460628824,wet_higher,1247,376,none,6,wst_order1_path0006,0.0,0.2823095657737521,4516.953052380034,S2_recording_mean/S1_parent_recording_mean,1e-08
516,118,wst_order2_path0118,2,2,0.0,2.0,0.3661102115517526,0.021875,5857.763384828042,350.0,0.04363039881941275,0.04390100823532483,0.043576119331546044,0.04382467728747608,0.0002706094159120806,0.000248557955930033,0.5092306642324558,0.009230664232455776,0.018461328464911553,0.018461328464911553,wet_higher,1247,376,none,3,wst_order1_path0003,0.0,0.3661102115517526,5857.763384828042,S2_recording_mean/S1_parent_recording_mean,1e-08
517,534,wst_order2_path0534,2,2,6.0,11.0,0.0052456960039292,4.2724609375e-05,83.9311360628672,0.68359375,0.00022494956085781167,0.00021975799762837976,0.00021409079732634612,0.00021810042348114242,-5.19156322943191e-06,4.009626154796302e-06,0.4908674435666877,0.009132556433312289,-0.018265112866624578,0.018265112866624578,dry_higher,1247,376,none,52,wst_order1_path0052,6.0,0.0052456960039292,83.9311360628672,S2_recording_mean/S1_parent_recording_mean,1e-08
518,95,wst_order2_path0095,2,2,0.0,1.0,0.4353808684524956,0.04375,6966.093895239929,700.0,0.06406883188584915,0.06441494202006308,0.06407211057956713,0.06476080139079073,0.00034611013421392833,0.000688690811223594,0.5089619341739323,0.008961934173932318,0.017923868347864635,0.017923868347864635,wet_higher,1247,376,none,1,wst_order1_path0001,0.0,0.4353808684524956,6966.093895239929,S2_recording_mean/S1_parent_recording_mean,1e-08
519,593,wst_order2_path0593,2,2,7.0,8.0,0.0015595547527535,0.000341796875,24.952876044056,5.46875,0.000287977893123699,0.00028513046615822143,0.00028693137864199957,0.0002855842928992042,-2.8474269654775626e-06,-1.3470857427953634e-06,0.49115536862939146,0.008844631370608536,-0.017689262741217182,0.017689262741217182,dry_higher,1247,376,none,66,wst_order1_path0066,7.0,0.0015595547527535,24.952876044056,S2_recording_mean/S1_parent_recording_mean,1e-08
520,600,wst_order2_path0600,2,2,8.0,9.0,0.0013114240009823,0.0001708984375,20.9827840157168,2.734375,0.0003055630842235953,0.0003043875265352134,0.0003059894008868497,0.00030479844799494963,-1.1755576883818722e-06,-1.1909528919000771e-06,0.4912428125373236,0.008757187462676397,-0.017514374925352794,0.017514374925352794,dry_higher,1247,376,none,68,wst_order1_path0068,8.0,0.0013114240009823,20.9827840157168,S2_recording_mean/S1_parent_recording_mean,1e-08
521,390,wst_order2_path0390,2,2,3.0,5.0,0.0323598766562356,0.002734375,517.7580264997697,43.75,0.0055748675190434235,0.005620292745341612,0.005624632606143795,0.005654736398218398,4.54252262981885e-05,3.010379207460303e-05,0.5080640345339453,0.00806403453394533,0.01612806906789066,0.01612806906789066,wet_higher,1247,376,none,31,wst_order1_path0031,3.0,0.0323598766562356,517.7580264997697,S2_recording_mean/S1_parent_recording_mean,1e-08
522,442,wst_order2_path0442,2,2,4.0,5.0,0.0176443478608594,0.002734375,282.30956577375036,43.75,0.003350760232664833,0.0033304631518782366,0.00336324846523235,0.00332563392280393,-2.0297080786596446e-05,-3.761454242841994e-05,0.4919444965790236,0.008055503420976384,-0.016111006841952547,0.016111006841952547,dry_higher,1247,376,none,38,wst_order1_path0038,4.0,0.0176443478608594,282.30956577375036,S2_recording_mean/S1_parent_recording_mean,1e-08
523,366,wst_order2_path0366,2,2,3.0,5.0,0.0419655680314342,0.002734375,671.4490885029471,43.75,0.006050360881698337,0.006074910231253123,0.0060636389515190325,0.006144611308452882,2.4549349554785736e-05,8.097235693384913e-05,0.5078017028101486,0.007801702810148581,0.015603405620297162,0.015603405620297162,wet_higher,1247,376,none,28,wst_order1_path0028,3.0,0.0419655680314342,671.4490885029471,S2_recording_mean/S1_parent_recording_mean,1e-08
524,194,wst_order2_path0194,2,2,0.0,1.0,0.1996230083524497,0.04375,3193.968133639195,700.0,0.029159536908496216,0.02884800079046398,0.02894430603312714,0.02921020582335921,-0.00031153611803223444,0.00026589979023207075,0.4922004299680936,0.0077995700319064,-0.015599140063812689,0.015599140063812689,dry_higher,1247,376,none,10,wst_order1_path0010,0.0,0.1996230083524497,3193.968133639195,S2_recording_mean/S1_parent_recording_mean,1e-08
525,628,wst_order2_path0628,2,2,9.0,11.0,0.0005513858706518,4.2724609375e-05,8.8221739304288,0.68359375,0.00011278810411962168,0.00011257997442047171,0.0001137647216426914,0.00011136767079417074,-2.0812969914996127e-07,-2.39705084852065e-06,0.49276348342404747,0.007236516575952534,-0.014473033151904957,0.014473033151904957,dry_higher,1247,376,none,78,wst_order1_path0078,9.0,0.0005513858706518,8.8221739304288,S2_recording_mean/S1_parent_recording_mean,1e-08
526,622,wst_order2_path0622,2,2,9.0,11.0,0.000715059006937,4.2724609375e-05,11.440944110992,0.68359375,0.00013963560933803515,0.00013899710733006248,0.00013757740186646705,0.00013544480062851067,-6.3850200797267e-07,-2.1326012379563797e-06,0.4933222713235169,0.006677728676483086,-0.013355457352966282,0.013355457352966282,dry_higher,1247,376,none,75,wst_order1_path0075,9.0,0.000715059006937,11.440944110992,S2_recording_mean/S1_parent_recording_mean,1e-08
527,225,wst_order2_path0225,2,2,1.0,2.0,0.1539303822408238,0.021875,2462.886115853181,350.0,0.026577433532517146,0.026638363160279465,0.026679155004464328,0.026869289371299294,6.0929627762319055e-05,0.0001901343668349667,0.506325820266512,0.006325820266511961,0.012651640533023922,0.012651640533023922,wet_higher,1247,376,none,13,wst_order1_path0013,1.0,0.1539303822408238,2462.886115853181,S2_recording_mean/S1_parent_recording_mean,1e-08
528,173,wst_order2_path0173,2,2,0.0,2.0,0.2373931018509808,0.021875,3798.289629615693,350.0,0.03588493998839745,0.03598227591416171,0.0361737481935921,0.03629394144874133,9.733592576426087e-05,0.00012019325514923268,0.5058480779402481,0.005848077940248109,0.011696155880496217,0.011696155880496217,wet_higher,1247,376,none,8,wst_order1_path0008,0.0,0.2373931018509808,3798.289629615693,S2_recording_mean/S1_parent_recording_mean,1e-08
529,132,wst_order2_path0132,2,2,0.0,5.0,0.3357245442514747,0.002734375,5371.592708023595,43.75,0.0045994727716127115,0.004603286014260666,0.0044479883839529085,0.004455490065954888,3.8132426479547607e-06,7.501682001979232e-06,0.5050973399989762,0.005097339998976214,0.010194679997952427,0.010194679997952427,wet_higher,1247,376,none,4,wst_order1_path0004,0.0,0.3357245442514747,5371.592708023595,S2_recording_mean/S1_parent_recording_mean,1e-08
530,287,wst_order2_path0287,2,2,2.0,5.0,0.0915275528879381,0.002734375,1464.4408462070096,43.75,0.0057562697143024935,0.005768653005361198,0.005665746299927429,0.005679345360007436,1.2383291058704407e-05,1.3599060080006498e-05,0.49599890801754,0.004001091982460014,-0.008002183964920029,0.008002183964920029,dry_higher,1247,376,none,19,wst_order1_path0019,2.0,0.0915275528879381,1464.4408462070096,S2_recording_mean/S1_parent_recording_mean,1e-08
531,624,wst_order2_path0624,2,2,9.0,11.0,0.0006557120004911,4.2724609375e-05,10.4913920078576,0.68359375,0.0001309053089864474,0.00013075518148504848,0.0001301927941102275,0.0001286681075563977,-1.5012750139892814e-07,-1.5246865538297999e-06,0.4961375386032862,0.003862461396713812,-0.007724922793427624,0.007724922793427624,dry_higher,1247,376,none,76,wst_order1_path0076,9.0,0.0006557120004911,10.4913920078576,S2_recording_mean/S1_parent_recording_mean,1e-08
532,627,wst_order2_path0627,2,2,9.0,10.0,0.0005513858706518,8.544921875e-05,8.8221739304288,1.3671875,0.00011966843306751397,0.00012009280276360635,0.00012027920361683257,0.00012120223270969155,4.2436969609237814e-07,9.230290928589723e-07,0.5035169513214695,0.0035169513214694526,0.007033902642938905,0.007033902642938905,wet_higher,1247,376,none,78,wst_order1_path0078,9.0,0.0005513858706518,8.8221739304288,S2_recording_mean/S1_parent_recording_mean,1e-08
533,275,wst_order2_path0275,2,2,1.0,2.0,0.0998115041762248,0.021875,1596.9840668195966,350.0,0.014088212271672331,0.014099249208993324,0.01399112147850432,0.014033402382701794,1.1036937320992382e-05,4.228090419747428e-05,0.5034998890955314,0.00349988909553145,0.0069997781910629,0.0069997781910629,wet_higher,1247,376,none,18,wst_order1_path0018,1.0,0.0998115041762248,1596.9840668195966,S2_recording_mean/S1_parent_recording_mean,1e-08
534,639,wst_order2_path0639,2,2,10.0,11.0,0.0003006452778141,4.2724609375e-05,4.8103244450256,0.68359375,4.431349251411402e-05,4.4330498606231956e-05,4.3395051380646476e-05,4.350766003402041e-05,1.700609211793629e-08,1.1260865337393237e-07,0.5034529679742019,0.003452967974201915,0.00690593594840383,0.00690593594840383,wet_higher,1247,376,none,85,wst_order1_path0085,10.0,0.0003006452778141,4.8103244450256,S2_recording_mean/S1_parent_recording_mean,1e-08
535,606,wst_order2_path0606,2,2,8.0,9.0,0.0011027717413037,0.0001708984375,17.644347860859202,2.734375,0.00023892257062033297,0.00023893781827151247,0.0002368890991756187,0.00023758364972587432,1.5247651179503682e-08,6.945505502556164e-07,0.4965747581429474,0.003425241857052619,-0.006850483714105349,0.006850483714105349,dry_higher,1247,376,none,70,wst_order1_path0070,8.0,0.0011027717413037,17.644347860859202,S2_recording_mean/S1_parent_recording_mean,1e-08
536,195,wst_order2_path0195,2,2,0.0,2.0,0.1996230083524497,0.021875,3193.968133639195,350.0,0.033530621492063734,0.03347871732614527,0.03384094560601724,0.033877349461593195,-5.190416591846492e-05,3.640385557595466e-05,0.4966515381596683,0.003348461840331718,-0.006696923680663325,0.006696923680663325,dry_higher,1247,376,none,10,wst_order1_path0010,0.0,0.1996230083524497,3193.968133639195,S2_recording_mean/S1_parent_recording_mean,1e-08
537,106,wst_order2_path0106,2,2,0.0,1.0,0.3992460167048995,0.04375,6387.936267278392,700.0,0.06496012527800869,0.0648740384405011,0.06472249029531739,0.06456059763190802,-8.608683750759016e-05,-0.00016189266340936592,0.4969096043269805,0.003090395673019497,-0.006180791346038994,0.006180791346038994,dry_higher,1247,376,none,2,wst_order1_path0002,0.0,0.3992460167048995,6387.936267278392,S2_recording_mean/S1_parent_recording_mean,1e-08
538,150,wst_order2_path0150,2,2,0.0,1.0,0.2823095657737521,0.04375,4516.953052380034,700.0,0.0463263287958432,0.04659105883375503,0.046204601987631246,0.046041293619441856,0.00026473003791183114,-0.0001633083681893896,0.5030477401081745,0.003047740108174546,0.006095480216349092,0.006095480216349092,wet_higher,1247,376,none,6,wst_order1_path0006,0.0,0.2823095657737521,4516.953052380034,S2_recording_mean/S1_parent_recording_mean,1e-08
539,626,wst_order2_path0626,2,2,9.0,11.0,0.0006012905556282,4.2724609375e-05,9.6206488900512,0.68359375,0.00012174293863584376,0.00012169945618270985,0.00012038212939567878,0.0001202555569227308,-4.348245313390688e-08,-1.2657247294798474e-07,0.4977541845109113,0.0022458154890886983,-0.004491630978177397,0.004491630978177397,dry_higher,1247,376,none,77,wst_order1_path0077,9.0,0.0006012905556282,9.6206488900512,S2_recording_mean/S1_parent_recording_mean,1e-08
540,635,wst_order2_path0635,2,2,9.0,10.0,0.0003898886881883,8.544921875e-05,6.2382190110127995,1.3671875,6.248067688658783e-05,6.271390005453353e-05,6.094068603796169e-05,6.045750591045402e-05,2.332231679456941e-07,-4.831801275076721e-07,0.5021157160163114,0.002115716016311442,0.004231432032622884,0.004231432032622884,wet_higher,1247,376,none,82,wst_order1_path0082,9.0,0.0003898886881883,6.2382190110127995,S2_recording_mean/S1_parent_recording_mean,1e-08
541,139,wst_order2_path0139,2,2,0.0,1.0,0.3078607644816478,0.04375,4925.772231706364,700.0,0.05078095456619474,0.05096879733639586,0.05107274213500393,0.050715547976899436,0.00018784277020111873,-0.00035719415810449295,0.5020922554556467,0.00209225545564673,0.00418451091129346,0.00418451091129346,wet_higher,1247,376,none,5,wst_order1_path0005,0.0,0.3078607644816478,4925.772231706364,S2_recording_mean/S1_parent_recording_mean,1e-08
542,161,wst_order2_path0161,2,2,0.0,1.0,0.2588790132498857,0.04375,4142.064211998171,700.0,0.042603847511435367,0.042451395772975464,0.04212122335472839,0.04236990444980346,-0.00015245173845990223,0.00024868109507506647,0.4986115613642956,0.0013884386357044254,-0.0027768772714088508,0.0027768772714088508,dry_higher,1247,376,none,7,wst_order1_path0007,0.0,0.2588790132498857,4142.064211998171,S2_recording_mean/S1_parent_recording_mean,1e-08
543,165,wst_order2_path0165,2,2,0.0,5.0,0.2588790132498857,0.002734375,4142.064211998171,43.75,0.004957086275344434,0.004922376170341237,0.004797877202362082,0.004811337363193625,-3.4710105003197406e-05,1.3460160831543257e-05,0.49876725417597984,0.001232745824020165,-0.002465491648040441,0.002465491648040441,dry_higher,1247,376,none,7,wst_order1_path0007,0.0,0.2588790132498857,4142.064211998171,S2_recording_mean/S1_parent_recording_mean,1e-08
544,636,wst_order2_path0636,2,2,9.0,11.0,0.0003898886881883,4.2724609375e-05,6.2382190110127995,0.68359375,7.191909827899973e-05,7.139819201844884e-05,7.039014535892221e-05,7.058213062177302e-05,-5.209062605508855e-07,1.9198526285081e-07,0.49878858195840237,0.0012114180415976339,-0.002422836083195379,0.002422836083195379,dry_higher,1247,376,none,82,wst_order1_path0082,9.0,0.0003898886881883,6.2382190110127995,S2_recording_mean/S1_parent_recording_mean,1e-08
545,405,wst_order2_path0405,2,2,3.0,4.0,0.0272113042782809,0.00546875,435.3808684524944,87.5,0.004274311687557493,0.004279643470731182,0.004292762567595066,0.004276448452889771,5.331783173689007e-06,-1.6314114705294654e-05,0.5010578580081557,0.001057858008155721,0.002115716016311442,0.002115716016311442,wet_higher,1247,376,none,33,wst_order1_path0033,3.0,0.0272113042782809,435.3808684524944,S2_recording_mean/S1_parent_recording_mean,1e-08
546,187,wst_order2_path0187,2,2,0.0,5.0,0.2176904342262477,0.002734375,3483.0469476199632,43.75,0.005194880707483305,0.00517285423748298,0.005052445582902275,0.005063422458773602,-2.2026470000325628e-05,1.097687587132707e-05,0.499238598167517,0.0007614018324830218,-0.0015228036649661547,0.0015228036649661547,dry_higher,1247,376,none,9,wst_order1_path0009,0.0,0.2176904342262477,3483.0469476199632,S2_recording_mean/S1_parent_recording_mean,1e-08
547,296,wst_order2_path0296,2,2,2.0,5.0,0.0839311360628686,0.002734375,1342.8981770058977,43.75,0.005749078196556649,0.00576731047705382,0.005695895573090607,0.00566936729389943,1.8232280497171467e-05,-2.652827919117761e-05,0.49928551928884646,0.0007144807111535423,-0.0014289614223071956,0.0014289614223071956,dry_higher,1247,376,none,20,wst_order1_path0020,2.0,0.0839311360628686,1342.8981770058977,S2_recording_mean/S1_parent_recording_mean,1e-08
548,350,wst_order2_path0350,2,2,2.0,5.0,0.0499057520881124,0.002734375,798.4920334097983,43.75,0.006133882452242395,0.006124469789201112,0.0060990630168625895,0.006148494296653038,-9.412663041282777e-06,4.9431279790448576e-05,0.5002687300585235,0.00026873005852345866,0.0005374601170469173,0.0005374601170469173,wet_higher,1247,376,none,26,wst_order1_path0026,2.0,0.0499057520881124,798.4920334097983,S2_recording_mean/S1_parent_recording_mean,1e-08
549,172,wst_order2_path0172,2,2,0.0,1.0,0.2373931018509808,0.04375,3798.289629615693,700.0,0.034978284775414877,0.03485984995222248,0.0346092867068722,0.03465445064399648,-0.00011843482319239679,4.5163937124274856e-05,0.5002516678325855,0.000251667832585456,0.000503335665170912,0.000503335665170912,wet_higher,1247,376,none,8,wst_order1_path0008,0.0,0.2373931018509808,3798.289629615693,S2_recording_mean/S1_parent_recording_mean,1e-08
